SI analysis is not enabled, so delta delays are unavailable.
****************************************
Report : timing
        -path_type full_clock_expanded
        -delay_type max
        -nworst 1
        -max_paths 1
        -report_by group
        -input_pins
        -nets
        -include_hierarchical_pins
        -transition_time
        -capacitance
        -crosstalk_delta
        -derate
        -attributes
        -physical
Design : openMSP430
Version: O-2018.06-SP1
Date   : Sat Sep 26 03:06:49 2026
****************************************

  Startpoint: frontend_0/inst_so_reg[7] (rising edge-triggered flip-flop clocked by dco_clk)
  Endpoint: clock_module_0/sync_cell_dco_wkup/data_sync_reg[1] (recovery check against rising-edge clock clocked by dco_clk')
  Mode: func
  Corner: fast
  Scenario: func_fast
  Path Group: dco_clk
  Path Type: max


Attributes
    b - black-box (unknown)
    s - size_only
    d - dont_touch
    u - dont_use
    g - generic
    h - hierarchical
    i - ideal
    n - noncombinational
    E - extracted timing model
    Q - Quick timing model


  Point                                          Fanout     Cap        Trans      Derate    Delta       Incr        Path           Location       Attributes
  ----------------------------------------------------------------------------------------------------------------------------------------------------------------
  clock dco_clk (rise edge)                                                                            0.0000      0.0000
  source latency                                                                                       0.0000      0.0000
  dco_clk (in)                                                         0.0000      1.0000              0.0000      0.0000 r    (157.77,211.12)
  dco_clk (net)                                     4     22.7212                                                                                d
  clock_module_0/p_abuf15 (omsp_clock_module)                          0.0000      1.0000              0.0000      0.0000 r    (hierarchical)    h
  clock_module_0/p_abuf15 (net)                     4     22.7212                                                                                d
  clock_module_0/clock_gate_mclk/clk (omsp_clock_gate_0)               0.0000      1.0000              0.0000      0.0000 r    (hierarchical)    h
  clock_module_0/clock_gate_mclk/clk (net)          4     22.7212                                                                                d
  clock_module_0/clock_gate_mclk/U3/A2 (AND2X4_RVT)                    0.0000      1.0000              0.0000      0.0000 r    (71.46,64.59)     s
  clock_module_0/clock_gate_mclk/U3/Y (AND2X4_RVT)                     0.0000      1.0000              0.0000      0.0000 r    (72.28,64.67)     s
  clock_module_0/clock_gate_mclk/gclk (net)         1     10.9986                                                                                d
  clock_module_0/clock_gate_mclk/cts_inv_8313204/A (INVX16_RVT)        0.0000      1.0000              0.0000      0.0000 r    (73.83,69.78)
  clock_module_0/clock_gate_mclk/cts_inv_8313204/Y (INVX16_RVT)        0.0000      1.0000              0.0000      0.0000 f    (73.96,69.68)
  clock_module_0/clock_gate_mclk/ctsbuf_net_1335 (net)
                                                    1     10.6234                                                                                d
  clock_module_0/clock_gate_mclk/cts_inv_8263199/A (INVX16_RVT)        0.0000      1.0000              0.0000      0.0000 f    (73.83,67.91)
  clock_module_0/clock_gate_mclk/cts_inv_8263199/Y (INVX16_RVT)        0.0000      1.0000              0.0000      0.0000 r    (73.96,68.02)
  clock_module_0/clock_gate_mclk/p_abuf5 (net)      3     25.4039                                                                                d
  clock_module_0/clock_gate_mclk/p_abuf5 (omsp_clock_gate_0)           0.0000      1.0000              0.0000      0.0000 r    (hierarchical)    h
  clock_module_0/p_abuf12 (net)                     3     25.4039                                                                                d
  clock_module_0/p_abuf12 (omsp_clock_module)                          0.0000      1.0000              0.0000      0.0000 r    (hierarchical)    h
  p_abuf9 (net)                                     3     25.4039                                                                                d
  frontend_0/p_abuf5 (omsp_frontend)                                   0.0000      1.0000              0.0000      0.0000 r    (hierarchical)    h
  frontend_0/p_abuf5 (net)                          3     25.4039                                                                                d
  frontend_0/clock_gate_decode/clk (omsp_clock_gate_25)                0.0000      1.0000              0.0000      0.0000 r    (hierarchical)    h
  frontend_0/clock_gate_decode/clk (net)            3     25.4039                                                                                d
  frontend_0/clock_gate_decode/U3/A2 (AND2X1_RVT)                      0.0000      1.0000              0.0000      0.0000 r    (64.47,37.84)     s
  frontend_0/clock_gate_decode/U3/Y (AND2X1_RVT)                       0.0000      1.0000              0.0000      0.0000 r    (65.14,37.92)     s
  frontend_0/clock_gate_decode/ctsbuf_net_426 (net)
                                                    1      1.8364                                                                                d
  frontend_0/clock_gate_decode/cts_inv_7443117/A (INVX2_RVT)           0.0000      1.0000              0.0000      0.0000 r    (65.77,43.03)
  frontend_0/clock_gate_decode/cts_inv_7443117/Y (INVX2_RVT)           0.0000      1.0000              0.0000      0.0000 f    (65.90,42.93)
  frontend_0/clock_gate_decode/ctsbuf_net_527 (net)
                                                    1      5.8459                                                                                d
  frontend_0/clock_gate_decode/cts_inv_7393112/A (INVX8_RVT)           0.0000      1.0000              0.0000      0.0000 f    (63.19,41.16)
  frontend_0/clock_gate_decode/cts_inv_7393112/Y (INVX8_RVT)           0.0000      1.0000              0.0000      0.0000 r    (63.31,41.26)
  frontend_0/clock_gate_decode/gclk (net)          49     55.5535                                                                                d
  frontend_0/clock_gate_decode/gclk (omsp_clock_gate_25)               0.0000      1.0000              0.0000      0.0000 r    (hierarchical)    h
  frontend_0/mclk_decode (net)                     49     55.5535                                                                                d
  frontend_0/inst_so_reg[7]/CLK (DFFARX1_RVT)                          0.0000      1.0000              0.0000      0.0000 r    (66.45,28.55)     s, n

  frontend_0/inst_so_reg[7]/CLK (DFFARX1_RVT)                          0.0000      1.0000              0.0000      0.0000 r    (66.45,28.55)     s, n
  frontend_0/inst_so_reg[7]/QN (DFFARX1_RVT)                           0.0659      1.0000              0.1427      0.1427 r    (69.84,27.90)     s, n
  frontend_0/n379 (net)                             3      3.8083
  frontend_0/U203/A2 (NAND3X0_RVT)                                     0.0659      1.0000              0.0000      0.1427 r    (67.14,26.14)
  frontend_0/U203/Y (NAND3X0_RVT)                                      0.1342      1.0000              0.1157      0.2584 f    (67.27,26.22)
  frontend_0/n142 (net)                             2      3.4592
  frontend_0/U200/A1 (NOR3X0_RVT)                                      0.1342      1.0000              0.0002      0.2586 f    (98.67,24.43)
  frontend_0/U200/Y (NOR3X0_RVT)                                       0.0423      1.0000              0.1560      0.4145 r    (99.79,24.54)
  frontend_0/n138 (net)                             4      3.3395
  frontend_0/U199/A3 (AND3X1_RVT)                                      0.0423      1.0000              0.0001      0.4146 r    (104.90,21.12)
  frontend_0/U199/Y (AND3X1_RVT)                                       0.0505      1.0000              0.0899      0.5045 r    (105.72,21.19)
  frontend_0/n139 (net)                             4      3.2533
  frontend_0/U191/A1 (AO222X1_RVT)                                     0.0505      1.0000              0.0000      0.5045 r    (106.36,24.62)
  frontend_0/U191/Y (AO222X1_RVT)                                      0.0897      1.0000              0.1779      0.6824 r    (105.01,24.55)
  frontend_0/inst_dest[0] (net)                     2      5.9672
  frontend_0/inst_dest[0] (omsp_frontend)                              0.0897      1.0000              0.0000      0.6824 r    (hierarchical)    h
  inst_dest[0] (net)                                       5.9672
  execution_unit_0/inst_dest[0] (omsp_execution_unit)                  0.0897      1.0000              0.0000      0.6824 r    (hierarchical)    h
  execution_unit_0/inst_dest[0] (net)                      5.9672
  execution_unit_0/register_file_0/inst_dest[0] (omsp_register_file)   0.0897      1.0000              0.0000      0.6824 r    (hierarchical)    h
  execution_unit_0/register_file_0/inst_dest[0] (net)      5.9672
  execution_unit_0/register_file_0/placeHFSINV_797_165/A (INVX4_RVT)   0.0897      1.0000              0.0001      0.6825 r    (114.56,29.65)
  execution_unit_0/register_file_0/placeHFSINV_797_165/Y (INVX4_RVT)   0.0797      1.0000              0.0671      0.7496 f    (114.69,29.55)
  execution_unit_0/register_file_0/placeHFSNET_129 (net)
                                                   16     23.0090
  execution_unit_0/register_file_0/U363/A2 (OA22X1_RVT)                0.0796      1.0000              0.0005      0.7502 f    (147.01,25.53)
  execution_unit_0/register_file_0/U363/Y (OA22X1_RVT)                 0.0410      1.0000              0.0998      0.8500 f    (147.84,26.24)
  execution_unit_0/register_file_0/n578 (net)       1      1.6992
  execution_unit_0/register_file_0/U362/A5 (OA221X1_RVT)               0.0410      1.0000              0.0000      0.8500 f    (154.75,19.69)
  execution_unit_0/register_file_0/U362/Y (OA221X1_RVT)                0.0408      1.0000              0.0737      0.9238 f    (155.29,19.55)
  execution_unit_0/register_file_0/n577 (net)       1      0.8877
  execution_unit_0/register_file_0/U361/A4 (NAND4X0_RVT)               0.0408      1.0000              0.0000      0.9238 f    (157.95,21.12)
  execution_unit_0/register_file_0/U361/Y (NAND4X0_RVT)                0.0710      1.0000              0.0672      0.9910 r    (158.24,21.20)
  execution_unit_0/register_file_0/reg_dest[0] (net)
                                                    1      2.0344
  execution_unit_0/register_file_0/reg_dest[0] (omsp_register_file)    0.0710      1.0000              0.0000      0.9910 r    (hierarchical)    h
  execution_unit_0/dbg_reg_din[0] (net)                    2.0344
  execution_unit_0/dbg_reg_din[0] (omsp_execution_unit)                0.0710      1.0000              0.0000      0.9910 r    (hierarchical)    h
  dbg_reg_din[0] (net)                                     2.0344
  placeZBUF_inst_490/A (NBUFFX4_RVT)                                   0.0710      1.0000              0.0000      0.9910 r    (148.91,27.78)
  placeZBUF_inst_490/Y (NBUFFX4_RVT)                                   0.0547      1.0000              0.0828      1.0738 r    (148.25,27.89)
  placeZBUF_97 (net)                                3     16.0446
  execution_unit_0/placeZBUF_48 (omsp_execution_unit)                  0.0547      1.0000              0.0000      1.0738 r    (hierarchical)    h
  execution_unit_0/placeZBUF_48 (net)                     16.0446
  execution_unit_0/U87/A1 (AO222X1_RVT)                                0.0550      1.0000              0.0026      1.0764 r    (52.01,49.54)
  execution_unit_0/U87/Y (AO222X1_RVT)                                 0.0553      1.0000              0.1446      1.2210 r    (53.35,49.61)
  execution_unit_0/n79 (net)                        1      1.6751
  execution_unit_0/U86/A2 (OR2X1_RVT)                                  0.0553      1.0000              0.0000      1.2210 r    (53.01,59.76)
  execution_unit_0/U86/Y (OR2X1_RVT)                                   0.0729      1.0000              0.0955      1.3165 r    (53.44,59.62)
  execution_unit_0/op_src[0] (net)                  3      6.7294
  execution_unit_0/alu_0/op_src[0] (omsp_alu)                          0.0729      1.0000              0.0000      1.3165 r    (hierarchical)    h
  execution_unit_0/alu_0/op_src[0] (net)                   6.7294
  execution_unit_0/alu_0/U26/A1 (XOR2X2_RVT)                           0.0729      1.0000              0.0001      1.3166 r    (60.68,59.85)
  execution_unit_0/alu_0/U26/Y (XOR2X2_RVT)                            0.0616      1.0000              0.1359      1.4526 f    (61.95,59.64)
  execution_unit_0/alu_0/op_src_inv[0] (net)        6      8.2087
  execution_unit_0/alu_0/add_1_root_add_100_2_C185/U1_0/A (FADDX1_RVT)
                                                                       0.0616      1.0000              0.0002      1.4528 f    (76.76,64.88)
  execution_unit_0/alu_0/add_1_root_add_100_2_C185/U1_0/CO (FADDX1_RVT)
                                                                       0.0444      1.0000              0.1096      1.5624 f    (75.29,64.56)
  execution_unit_0/alu_0/add_1_root_add_100_2_C185/carry[1] (net)
                                                    1      2.1733
  execution_unit_0/alu_0/add_1_root_add_100_2_C185/U1_1/CI (FADDX1_RVT)
                                                                       0.0444      1.0000              0.0000      1.5624 f    (69.47,66.57)
  execution_unit_0/alu_0/add_1_root_add_100_2_C185/U1_1/CO (FADDX1_RVT)
                                                                       0.0449      1.0000              0.0895      1.6519 f    (70.92,66.45)
  execution_unit_0/alu_0/add_1_root_add_100_2_C185/carry[2] (net)
                                                    1      1.9171
  execution_unit_0/alu_0/add_1_root_add_100_2_C185/U1_2/CI (FADDX1_RVT)
                                                                       0.0449      1.0000              0.0000      1.6520 f    (70.83,71.13)
  execution_unit_0/alu_0/add_1_root_add_100_2_C185/U1_2/CO (FADDX1_RVT)
                                                                       0.0448      1.0000              0.0895      1.7414 f    (72.28,71.24)
  execution_unit_0/alu_0/add_1_root_add_100_2_C185/carry[3] (net)
                                                    1      1.8903
  execution_unit_0/alu_0/add_1_root_add_100_2_C185/U1_3/CI (FADDX1_RVT)
                                                                       0.0448      1.0000              0.0000      1.7414 f    (74.03,74.47)
  execution_unit_0/alu_0/add_1_root_add_100_2_C185/U1_3/S (FADDX1_RVT)
                                                                       0.0532      1.0000              0.1616      1.9030 r    (75.16,74.66)
  execution_unit_0/alu_0/N13 (net)                  3      2.8100
  execution_unit_0/alu_0/U143/A3 (OA21X1_RVT)                          0.0532      1.0000              0.0000      1.9030 r    (76.93,74.76)
  execution_unit_0/alu_0/U143/Y (OA21X1_RVT)                           0.0310      1.0000              0.0694      1.9724 r    (77.46,74.67)
  execution_unit_0/alu_0/n9 (net)                   1      0.8684
  execution_unit_0/alu_0/U7/A2 (OR2X1_RVT)                             0.0310      1.0000              0.0000      1.9724 r    (78.25,74.59)
  execution_unit_0/alu_0/U7/Y (OR2X1_RVT)                              0.0529      1.0000              0.0737      2.0461 r    (78.67,74.74)
  execution_unit_0/alu_0/n4 (net)                   3      4.2734
  execution_unit_0/alu_0/U106/A1 (AND2X1_RVT)                          0.0529      1.0000              0.0000      2.0461 r    (79.97,71.43)
  execution_unit_0/alu_0/U106/Y (AND2X1_RVT)                           0.0337      1.0000              0.0628      2.1090 r    (80.49,71.36)
  execution_unit_0/alu_0/add_102_C185_aco/carry[2] (net)
                                                    1      1.8328
  execution_unit_0/alu_0/add_102_C185_aco/U1_2/CI (FADDX1_RVT)         0.0337      1.0000              0.0000      2.1090 r    (80.41,74.47)
  execution_unit_0/alu_0/add_102_C185_aco/U1_2/CO (FADDX1_RVT)         0.0519      1.0000              0.0986      2.2075 r    (81.86,74.59)
  execution_unit_0/alu_0/add_102_C185_aco/carry[3] (net)
                                                    2      2.1143
  execution_unit_0/alu_0/U104/A1 (AND2X1_RVT)                          0.0519      1.0000              0.0000      2.2076 r    (80.37,76.30)
  execution_unit_0/alu_0/U104/Y (AND2X1_RVT)                           0.0293      1.0000              0.0584      2.2660 r    (79.85,76.37)
  execution_unit_0/alu_0/add_102_C185_aco/carry[4] (net)
                                                    1      1.2412
  execution_unit_0/alu_0/U103/A2 (XOR2X1_RVT)                          0.0293      1.0000              0.0000      2.2660 r    (78.23,77.98)
  execution_unit_0/alu_0/U103/Y (XOR2X1_RVT)                           0.0483      1.0000              0.1294      2.3954 f    (76.96,78.06)
  execution_unit_0/alu_0/alu_dadd0[4]1 (net)        1      1.9298
  execution_unit_0/alu_0/add_1_root_add_100_2_C186/U1_0/CI (FADDX1_RVT)
                                                                       0.0483      1.0000              0.0000      2.3954 f    (73.11,81.16)
  execution_unit_0/alu_0/add_1_root_add_100_2_C186/U1_0/S (FADDX1_RVT)
                                                                       0.0403      1.0000              0.1491      2.5445 r    (74.25,81.35)
  execution_unit_0/alu_0/alu_dadd1[0] (net)         1      1.0928
  execution_unit_0/alu_0/U17/A1 (AO222X1_RVT)                          0.0403      1.0000              0.0000      2.5445 r    (79.21,79.64)
  execution_unit_0/alu_0/U17/Y (AO222X1_RVT)                           0.0514      1.0000              0.1354      2.6799 r    (80.56,79.71)
  execution_unit_0/alu_0/aps_rename_20_ (net)       1      1.2212
  execution_unit_0/alu_0/clockcopt_h_inst_5229/A (NBUFFX4_RVT)         0.0514      1.0000              0.0000      2.6799 r    (84.69,81.29)
  execution_unit_0/alu_0/clockcopt_h_inst_5229/Y (NBUFFX4_RVT)         0.0737      1.0000              0.0905      2.7704 r    (85.36,81.39)
  execution_unit_0/alu_0/alu_out[4] (net)          19     26.0970
  execution_unit_0/alu_0/alu_out[4] (omsp_alu)                         0.0737      1.0000              0.0000      2.7704 r    (hierarchical)    h
  execution_unit_0/placeHFSNET_68 (net)                   26.0970
  execution_unit_0/register_file_0/placeHFSNET_68 (omsp_register_file)
                                                                       0.0737      1.0000              0.0000      2.7704 r    (hierarchical)    h
  execution_unit_0/register_file_0/placeHFSNET_68 (net)   26.0970
  execution_unit_0/register_file_0/U399/A1 (AO21X2_RVT)                0.0738      1.0000              0.0024      2.7728 r    (105.14,41.34)
  execution_unit_0/register_file_0/U399/Y (AO21X2_RVT)                 0.0715      1.0000              0.1334      2.9062 r    (105.79,41.28)
  execution_unit_0/register_file_0/cpuoff (net)     5      8.2089
  execution_unit_0/register_file_0/cpuoff (omsp_register_file)         0.0715      1.0000              0.0000      2.9062 r    (hierarchical)    h
  execution_unit_0/cpuoff (net)                            8.2089
  execution_unit_0/cpuoff (omsp_execution_unit)                        0.0715      1.0000              0.0000      2.9062 r    (hierarchical)    h
  cpuoff (net)                                             8.2089
  frontend_0/cpuoff (omsp_frontend)                                    0.0715      1.0000              0.0000      2.9062 r    (hierarchical)    h
  frontend_0/cpuoff (net)                                  8.2089
  frontend_0/U69/A2 (NAND2X0_RVT)                                      0.0715      1.0000              0.0006      2.9068 r    (69.19,24.46)
  frontend_0/U69/Y (NAND2X0_RVT)                                       0.0653      1.0000              0.0545      2.9613 f    (69.32,24.53)
  frontend_0/n74 (net)                              1      1.1296
  frontend_0/U68/A4 (AO22X2_RVT)                                       0.0653      1.0000              0.0000      2.9613 f    (73.43,24.31)
  frontend_0/U68/Y (AO22X2_RVT)                                        0.0745      1.0000              0.1158      3.0771 f    (74.02,24.52)
  frontend_0/mclk_enable (net)                      4     12.0379
  frontend_0/mclk_enable (omsp_frontend)                               0.0745      1.0000              0.0000      3.0771 f    (hierarchical)    h
  placeHFSNET_62 (net)                                    12.0379
  clock_module_0/placeHFSNET_62 (omsp_clock_module)                    0.0745      1.0000              0.0000      3.0771 f    (hierarchical)    h
  clock_module_0/placeHFSNET_62 (net)                     12.0379
  clock_module_0/and_cpuoff_mclk_en/b (omsp_and_gate_0)                0.0745      1.0000              0.0000      3.0771 f    (hierarchical)    h
  clock_module_0/and_cpuoff_mclk_en/b (net)               12.0379
  clock_module_0/and_cpuoff_mclk_en/U1/A1 (AND2X2_RVT)                 0.0745      1.0000              0.0004      3.0775 f    (81.19,39.51)
  clock_module_0/and_cpuoff_mclk_en/U1/Y (AND2X2_RVT)                  0.0551      1.0000              0.1066      3.1841 f    (81.71,39.59)
  clock_module_0/and_cpuoff_mclk_en/y (net)         1      7.8017
  clock_module_0/and_cpuoff_mclk_en/y (omsp_and_gate_0)                0.0551      1.0000              0.0000      3.1841 f    (hierarchical)    h
  clock_module_0/cpuoff_and_mclk_enable (net)              7.8017
  clock_module_0/and_dco_dis1/b (omsp_and_gate_21)                     0.0551      1.0000              0.0000      3.1841 f    (hierarchical)    h
  clock_module_0/and_dco_dis1/b (net)                      7.8017
  clock_module_0/and_dco_dis1/U1/A1 (AND2X1_RVT)                       0.0551      1.0000              0.0006      3.1847 f    (87.12,119.77)
  clock_module_0/and_dco_dis1/U1/Y (AND2X1_RVT)                        0.0252      1.0000              0.0637      3.2484 f    (87.64,119.84)
  clock_module_0/and_dco_dis1/y (net)               1      0.8397
  clock_module_0/and_dco_dis1/y (omsp_and_gate_21)                     0.0252      1.0000              0.0000      3.2484 f    (hierarchical)    h
  clock_module_0/cpu_enabled_with_dco (net)                0.8397
  clock_module_0/U55/A2 (NOR2X0_RVT)                                   0.0252      1.0000              0.0000      3.2484 f    (88.12,121.32)
  clock_module_0/U55/Y (NOR2X0_RVT)                                    0.0222      1.0000              0.0702      3.3186 r    (88.85,121.52)
  clock_module_0/n117 (net)                         1      0.9311
  clock_module_0/and_dco_dis2/b (omsp_and_gate_20)                     0.0222      1.0000              0.0000      3.3186 r    (hierarchical)    h
  clock_module_0/and_dco_dis2/b (net)                      0.9311
  clock_module_0/and_dco_dis2/U1/A1 (AND2X1_RVT)                       0.0222      1.0000              0.0000      3.3186 r    (91.53,121.59)
  clock_module_0/and_dco_dis2/U1/Y (AND2X1_RVT)                        0.0259      1.0000              0.0485      3.3672 r    (92.04,121.52)
  clock_module_0/and_dco_dis2/y (net)               1      0.8721
  clock_module_0/and_dco_dis2/y (omsp_and_gate_20)                     0.0259      1.0000              0.0000      3.3672 r    (hierarchical)    h
  clock_module_0/dco_not_enabled_by_dbg (net)              0.8721
  clock_module_0/and_dco_dis3/b (omsp_and_gate_19)                     0.0259      1.0000              0.0000      3.3672 r    (hierarchical)    h
  clock_module_0/and_dco_dis3/b (net)                      0.8721
  clock_module_0/and_dco_dis3/U1/A1 (AND2X1_RVT)                       0.0259      1.0000              0.0000      3.3672 r    (92.68,119.77)
  clock_module_0/and_dco_dis3/U1/Y (AND2X1_RVT)                        0.0262      1.0000              0.0505      3.4177 r    (92.17,119.84)
  clock_module_0/and_dco_dis3/y (net)               1      0.9875
  clock_module_0/and_dco_dis3/y (omsp_and_gate_19)                     0.0262      1.0000              0.0000      3.4177 r    (hierarchical)    h
  clock_module_0/dco_disable_by_scg0 (net)                 0.9875
  clock_module_0/U45/A (INVX0_RVT)                                     0.0262      1.0000              0.0000      3.4177 r    (91.46,123.28)
  clock_module_0/U45/Y (INVX0_RVT)                                     0.0297      1.0000              0.0286      3.4462 f    (91.25,123.23)
  clock_module_0/n23 (net)                          1      1.3641
  clock_module_0/and_dco_dis5/a (omsp_and_gate_17)                     0.0297      1.0000              0.0000      3.4462 f    (hierarchical)    h
  clock_module_0/and_dco_dis5/a (net)                      1.3641
  clock_module_0/and_dco_dis5/U1/A2 (AND2X1_RVT)                       0.0297      1.0000              0.0000      3.4463 f    (87.57,128.13)
  clock_module_0/and_dco_dis5/U1/Y (AND2X1_RVT)                        0.0367      1.0000              0.0670      3.5133 f    (88.24,128.21)
  clock_module_0/and_dco_dis5/y (net)               2      2.5565
  clock_module_0/and_dco_dis5/y (omsp_and_gate_17)                     0.0367      1.0000              0.0000      3.5133 f    (hierarchical)    h
  clock_module_0/dco_enable_nxt (net)                      2.5565
  clock_module_0/and_dco_en_wkup/b (omsp_and_gate_15)                  0.0367      1.0000              0.0000      3.5133 f    (hierarchical)    h
  clock_module_0/and_dco_en_wkup/b (net)                   2.5565
  clock_module_0/and_dco_en_wkup/U1/A1 (AND2X1_RVT)                    0.0367      1.0000              0.0000      3.5133 f    (92.83,123.11)
  clock_module_0/and_dco_en_wkup/U1/Y (AND2X1_RVT)                     0.0327      1.0000              0.0628      3.5762 f    (92.32,123.19)
  clock_module_0/and_dco_en_wkup/y (net)            1      1.9173
  clock_module_0/and_dco_en_wkup/y (omsp_and_gate_15)                  0.0327      1.0000              0.0000      3.5762 f    (hierarchical)    h
  clock_module_0/dco_en_wkup (net)                         1.9173
  clock_module_0/U120/A3 (OR3X1_RVT)                                   0.0327      1.0000              0.0000      3.5762 f    (89.85,133.41)
  clock_module_0/U120/Y (OR3X1_RVT)                                    0.0350      1.0000              0.0678      3.6440 f    (89.43,133.22)
  clock_module_0/N169 (net)                         2      1.7403
  clock_module_0/U112/A1 (OR2X1_RVT)                                   0.0350      1.0000              0.0000      3.6440 f    (88.74,133.25)
  clock_module_0/U112/Y (OR2X1_RVT)                                    0.0299      1.0000              0.0614      3.7054 f    (88.06,133.18)
  clock_module_0/_9_net_ (net)                      1      0.9244
  clock_module_0/scan_mux_dco_wkup/data_in_func (omsp_scan_mux_1)      0.0299      1.0000              0.0000      3.7054 f    (hierarchical)    h
  clock_module_0/scan_mux_dco_wkup/data_in_func (net)      0.9244
  clock_module_0/scan_mux_dco_wkup/U2/A3 (AO22X1_RVT)                  0.0299      1.0000              0.0000      3.7054 f    (86.66,130.56)
  clock_module_0/scan_mux_dco_wkup/U2/Y (AO22X1_RVT)                   0.0329      1.0000              0.0556      3.7611 f    (87.09,129.86)
  clock_module_0/scan_mux_dco_wkup/data_out (net)
                                                    1      1.1865
  clock_module_0/scan_mux_dco_wkup/data_out (omsp_scan_mux_1)          0.0329      1.0000              0.0000      3.7611 f    (hierarchical)    h
  clock_module_0/dco_wkup_set_scan (net)                   1.1865
  clock_module_0/sync_cell_dco_wkup/rst (omsp_sync_cell_0)             0.0329      1.0000              0.0000      3.7611 f    (hierarchical)    h
  clock_module_0/sync_cell_dco_wkup/rst (net)              1.1865
  clock_module_0/sync_cell_dco_wkup/U3/A (INVX1_RVT)                   0.0329      1.0000              0.0000      3.7611 f    (86.82,126.63)
  clock_module_0/sync_cell_dco_wkup/U3/Y (INVX1_RVT)                   0.0381      1.0000              0.0390      3.8000 r    (86.95,126.53)
  clock_module_0/sync_cell_dco_wkup/n1 (net)        2      3.0604
  clock_module_0/sync_cell_dco_wkup/data_sync_reg[1]/RSTB (DFFARX1_RVT)
                                                                       0.0381      1.0000              0.0001      3.8001 r    (96.52,120.84)    s, n
  data arrival time                                                                                                3.8001

  clock dco_clk' (rise edge)                                                                          20.0000     20.0000
  source latency                                                                                       0.0000     20.0000
  dco_clk (in)                                                         0.0000      1.0000              0.0000     20.0000 f    (157.77,211.12)
  dco_clk (net)                                     4     22.1315                                                                                d
  cts_inv_8993272/A (IBUFFX2_RVT)                                      0.0000      1.0000              0.0000     20.0000 f    (155.37,196.85)
  cts_inv_8993272/Y (IBUFFX2_RVT)                                      0.0000      1.0000              0.0000     20.0000 r    (156.19,196.75)
  ctsbuf_net_1941 (net)                             1      0.6682                                                                                d
  cts_inv_8943267/A (IBUFFX8_RVT)                                      0.0000      1.0000              0.0000     20.0000 r    (155.07,198.34)
  cts_inv_8943267/Y (IBUFFX8_RVT)                                      0.0000      1.0000              0.0000     20.0000 f    (156.49,198.43)
  ctsbuf_net_1840 (net)                            17     26.4793                                                                                d
  clock_module_0/dco_clk (omsp_clock_module)                           0.0000      1.0000              0.0000     20.0000 f    (hierarchical)    h
  clock_module_0/dco_clk (net)                     17     26.4793                                                                                d
  clock_module_0/clock_gate_smclk/p_abuf1 (omsp_clock_gate_31)         0.0000      1.0000              0.0000     20.0000 f    (hierarchical)    h
  clock_module_0/clock_gate_smclk/p_abuf1 (net)    17     26.4793                                                                                d
  clock_module_0/clock_gate_smclk/U2/A (INVX2_RVT)                     0.0000      1.0000              0.0000     20.0000 f    (115.47,134.79)
  clock_module_0/clock_gate_smclk/U2/Y (INVX2_RVT)                     0.0000      1.0000              0.0000     20.0000 r    (115.60,134.90)
  clock_module_0/clock_gate_smclk/n2 (net)          6      9.6743                                                                                d
  clock_module_0/clock_gate_smclk/n2 (omsp_clock_gate_31)              0.0000      1.0000              0.0000     20.0000 r    (hierarchical)    h
  clock_module_0/cts0 (net)                         6      9.6743                                                                                d
  clock_module_0/sync_cell_dco_wkup/clk (omsp_sync_cell_0)             0.0000      1.0000              0.0000     20.0000 r    (hierarchical)    h
  clock_module_0/sync_cell_dco_wkup/clk (net)       6      9.6743                                                                                d
  clock_module_0/sync_cell_dco_wkup/data_sync_reg[1]/CLK (DFFARX1_RVT)
                                                                       0.0000      1.0000              0.0000     20.0000 r    (94.87,122.18)    s, n

  library setup time                                                               1.0000              0.0355     20.0355
  data required time                                                                                              20.0355
  ----------------------------------------------------------------------------------------------------------------------------------------------------------------
  data required time                                                                                              20.0355
  data arrival time                                                                                               -3.8001
  ----------------------------------------------------------------------------------------------------------------------------------------------------------------
  slack (MET)                                                                                                     16.2354



  Startpoint: frontend_0/inst_so_reg[7] (rising edge-triggered flip-flop clocked by dco_clk)
  Endpoint: clock_module_0/sync_cell_lfxt_wkup/data_sync_reg[1] (recovery check against rising-edge clock clocked by lfxt_clk')
  Mode: func
  Corner: fast
  Scenario: func_fast
  Path Group: lfxt_clk
  Path Type: max


Attributes
    b - black-box (unknown)
    s - size_only
    d - dont_touch
    u - dont_use
    g - generic
    h - hierarchical
    i - ideal
    n - noncombinational
    E - extracted timing model
    Q - Quick timing model


  Point                                          Fanout     Cap        Trans      Derate    Delta       Incr        Path           Location       Attributes
  ----------------------------------------------------------------------------------------------------------------------------------------------------------------
  clock dco_clk (rise edge)                                                                            0.0000      0.0000
  source latency                                                                                       0.0000      0.0000
  dco_clk (in)                                                         0.0000      1.0000              0.0000      0.0000 r    (157.77,211.12)
  dco_clk (net)                                     4     22.7212                                                                                d
  clock_module_0/p_abuf15 (omsp_clock_module)                          0.0000      1.0000              0.0000      0.0000 r    (hierarchical)    h
  clock_module_0/p_abuf15 (net)                     4     22.7212                                                                                d
  clock_module_0/clock_gate_mclk/clk (omsp_clock_gate_0)               0.0000      1.0000              0.0000      0.0000 r    (hierarchical)    h
  clock_module_0/clock_gate_mclk/clk (net)          4     22.7212                                                                                d
  clock_module_0/clock_gate_mclk/U3/A2 (AND2X4_RVT)                    0.0000      1.0000              0.0000      0.0000 r    (71.46,64.59)     s
  clock_module_0/clock_gate_mclk/U3/Y (AND2X4_RVT)                     0.0000      1.0000              0.0000      0.0000 r    (72.28,64.67)     s
  clock_module_0/clock_gate_mclk/gclk (net)         1     10.9986                                                                                d
  clock_module_0/clock_gate_mclk/cts_inv_8313204/A (INVX16_RVT)        0.0000      1.0000              0.0000      0.0000 r    (73.83,69.78)
  clock_module_0/clock_gate_mclk/cts_inv_8313204/Y (INVX16_RVT)        0.0000      1.0000              0.0000      0.0000 f    (73.96,69.68)
  clock_module_0/clock_gate_mclk/ctsbuf_net_1335 (net)
                                                    1     10.6234                                                                                d
  clock_module_0/clock_gate_mclk/cts_inv_8263199/A (INVX16_RVT)        0.0000      1.0000              0.0000      0.0000 f    (73.83,67.91)
  clock_module_0/clock_gate_mclk/cts_inv_8263199/Y (INVX16_RVT)        0.0000      1.0000              0.0000      0.0000 r    (73.96,68.02)
  clock_module_0/clock_gate_mclk/p_abuf5 (net)      3     25.4039                                                                                d
  clock_module_0/clock_gate_mclk/p_abuf5 (omsp_clock_gate_0)           0.0000      1.0000              0.0000      0.0000 r    (hierarchical)    h
  clock_module_0/p_abuf12 (net)                     3     25.4039                                                                                d
  clock_module_0/p_abuf12 (omsp_clock_module)                          0.0000      1.0000              0.0000      0.0000 r    (hierarchical)    h
  p_abuf9 (net)                                     3     25.4039                                                                                d
  frontend_0/p_abuf5 (omsp_frontend)                                   0.0000      1.0000              0.0000      0.0000 r    (hierarchical)    h
  frontend_0/p_abuf5 (net)                          3     25.4039                                                                                d
  frontend_0/clock_gate_decode/clk (omsp_clock_gate_25)                0.0000      1.0000              0.0000      0.0000 r    (hierarchical)    h
  frontend_0/clock_gate_decode/clk (net)            3     25.4039                                                                                d
  frontend_0/clock_gate_decode/U3/A2 (AND2X1_RVT)                      0.0000      1.0000              0.0000      0.0000 r    (64.47,37.84)     s
  frontend_0/clock_gate_decode/U3/Y (AND2X1_RVT)                       0.0000      1.0000              0.0000      0.0000 r    (65.14,37.92)     s
  frontend_0/clock_gate_decode/ctsbuf_net_426 (net)
                                                    1      1.8364                                                                                d
  frontend_0/clock_gate_decode/cts_inv_7443117/A (INVX2_RVT)           0.0000      1.0000              0.0000      0.0000 r    (65.77,43.03)
  frontend_0/clock_gate_decode/cts_inv_7443117/Y (INVX2_RVT)           0.0000      1.0000              0.0000      0.0000 f    (65.90,42.93)
  frontend_0/clock_gate_decode/ctsbuf_net_527 (net)
                                                    1      5.8459                                                                                d
  frontend_0/clock_gate_decode/cts_inv_7393112/A (INVX8_RVT)           0.0000      1.0000              0.0000      0.0000 f    (63.19,41.16)
  frontend_0/clock_gate_decode/cts_inv_7393112/Y (INVX8_RVT)           0.0000      1.0000              0.0000      0.0000 r    (63.31,41.26)
  frontend_0/clock_gate_decode/gclk (net)          49     55.5535                                                                                d
  frontend_0/clock_gate_decode/gclk (omsp_clock_gate_25)               0.0000      1.0000              0.0000      0.0000 r    (hierarchical)    h
  frontend_0/mclk_decode (net)                     49     55.5535                                                                                d
  frontend_0/inst_so_reg[7]/CLK (DFFARX1_RVT)                          0.0000      1.0000              0.0000      0.0000 r    (66.45,28.55)     s, n

  frontend_0/inst_so_reg[7]/CLK (DFFARX1_RVT)                          0.0000      1.0000              0.0000      0.0000 r    (66.45,28.55)     s, n
  frontend_0/inst_so_reg[7]/QN (DFFARX1_RVT)                           0.0659      1.0000              0.1427      0.1427 r    (69.84,27.90)     s, n
  frontend_0/n379 (net)                             3      3.8083
  frontend_0/U203/A2 (NAND3X0_RVT)                                     0.0659      1.0000              0.0000      0.1427 r    (67.14,26.14)
  frontend_0/U203/Y (NAND3X0_RVT)                                      0.1342      1.0000              0.1157      0.2584 f    (67.27,26.22)
  frontend_0/n142 (net)                             2      3.4592
  frontend_0/U200/A1 (NOR3X0_RVT)                                      0.1342      1.0000              0.0002      0.2586 f    (98.67,24.43)
  frontend_0/U200/Y (NOR3X0_RVT)                                       0.0423      1.0000              0.1560      0.4145 r    (99.79,24.54)
  frontend_0/n138 (net)                             4      3.3395
  frontend_0/U199/A3 (AND3X1_RVT)                                      0.0423      1.0000              0.0001      0.4146 r    (104.90,21.12)
  frontend_0/U199/Y (AND3X1_RVT)                                       0.0505      1.0000              0.0899      0.5045 r    (105.72,21.19)
  frontend_0/n139 (net)                             4      3.2533
  frontend_0/U191/A1 (AO222X1_RVT)                                     0.0505      1.0000              0.0000      0.5045 r    (106.36,24.62)
  frontend_0/U191/Y (AO222X1_RVT)                                      0.0897      1.0000              0.1779      0.6824 r    (105.01,24.55)
  frontend_0/inst_dest[0] (net)                     2      5.9672
  frontend_0/inst_dest[0] (omsp_frontend)                              0.0897      1.0000              0.0000      0.6824 r    (hierarchical)    h
  inst_dest[0] (net)                                       5.9672
  execution_unit_0/inst_dest[0] (omsp_execution_unit)                  0.0897      1.0000              0.0000      0.6824 r    (hierarchical)    h
  execution_unit_0/inst_dest[0] (net)                      5.9672
  execution_unit_0/register_file_0/inst_dest[0] (omsp_register_file)   0.0897      1.0000              0.0000      0.6824 r    (hierarchical)    h
  execution_unit_0/register_file_0/inst_dest[0] (net)      5.9672
  execution_unit_0/register_file_0/placeHFSINV_797_165/A (INVX4_RVT)   0.0897      1.0000              0.0001      0.6825 r    (114.56,29.65)
  execution_unit_0/register_file_0/placeHFSINV_797_165/Y (INVX4_RVT)   0.0797      1.0000              0.0671      0.7496 f    (114.69,29.55)
  execution_unit_0/register_file_0/placeHFSNET_129 (net)
                                                   16     23.0090
  execution_unit_0/register_file_0/U363/A2 (OA22X1_RVT)                0.0796      1.0000              0.0005      0.7502 f    (147.01,25.53)
  execution_unit_0/register_file_0/U363/Y (OA22X1_RVT)                 0.0410      1.0000              0.0998      0.8500 f    (147.84,26.24)
  execution_unit_0/register_file_0/n578 (net)       1      1.6992
  execution_unit_0/register_file_0/U362/A5 (OA221X1_RVT)               0.0410      1.0000              0.0000      0.8500 f    (154.75,19.69)
  execution_unit_0/register_file_0/U362/Y (OA221X1_RVT)                0.0408      1.0000              0.0737      0.9238 f    (155.29,19.55)
  execution_unit_0/register_file_0/n577 (net)       1      0.8877
  execution_unit_0/register_file_0/U361/A4 (NAND4X0_RVT)               0.0408      1.0000              0.0000      0.9238 f    (157.95,21.12)
  execution_unit_0/register_file_0/U361/Y (NAND4X0_RVT)                0.0710      1.0000              0.0672      0.9910 r    (158.24,21.20)
  execution_unit_0/register_file_0/reg_dest[0] (net)
                                                    1      2.0344
  execution_unit_0/register_file_0/reg_dest[0] (omsp_register_file)    0.0710      1.0000              0.0000      0.9910 r    (hierarchical)    h
  execution_unit_0/dbg_reg_din[0] (net)                    2.0344
  execution_unit_0/dbg_reg_din[0] (omsp_execution_unit)                0.0710      1.0000              0.0000      0.9910 r    (hierarchical)    h
  dbg_reg_din[0] (net)                                     2.0344
  placeZBUF_inst_490/A (NBUFFX4_RVT)                                   0.0710      1.0000              0.0000      0.9910 r    (148.91,27.78)
  placeZBUF_inst_490/Y (NBUFFX4_RVT)                                   0.0547      1.0000              0.0828      1.0738 r    (148.25,27.89)
  placeZBUF_97 (net)                                3     16.0446
  execution_unit_0/placeZBUF_48 (omsp_execution_unit)                  0.0547      1.0000              0.0000      1.0738 r    (hierarchical)    h
  execution_unit_0/placeZBUF_48 (net)                     16.0446
  execution_unit_0/U87/A1 (AO222X1_RVT)                                0.0550      1.0000              0.0026      1.0764 r    (52.01,49.54)
  execution_unit_0/U87/Y (AO222X1_RVT)                                 0.0553      1.0000              0.1446      1.2210 r    (53.35,49.61)
  execution_unit_0/n79 (net)                        1      1.6751
  execution_unit_0/U86/A2 (OR2X1_RVT)                                  0.0553      1.0000              0.0000      1.2210 r    (53.01,59.76)
  execution_unit_0/U86/Y (OR2X1_RVT)                                   0.0729      1.0000              0.0955      1.3165 r    (53.44,59.62)
  execution_unit_0/op_src[0] (net)                  3      6.7294
  execution_unit_0/alu_0/op_src[0] (omsp_alu)                          0.0729      1.0000              0.0000      1.3165 r    (hierarchical)    h
  execution_unit_0/alu_0/op_src[0] (net)                   6.7294
  execution_unit_0/alu_0/U26/A1 (XOR2X2_RVT)                           0.0729      1.0000              0.0001      1.3166 r    (60.68,59.85)
  execution_unit_0/alu_0/U26/Y (XOR2X2_RVT)                            0.0616      1.0000              0.1359      1.4526 f    (61.95,59.64)
  execution_unit_0/alu_0/op_src_inv[0] (net)        6      8.2087
  execution_unit_0/alu_0/add_1_root_add_100_2_C185/U1_0/A (FADDX1_RVT)
                                                                       0.0616      1.0000              0.0002      1.4528 f    (76.76,64.88)
  execution_unit_0/alu_0/add_1_root_add_100_2_C185/U1_0/CO (FADDX1_RVT)
                                                                       0.0444      1.0000              0.1096      1.5624 f    (75.29,64.56)
  execution_unit_0/alu_0/add_1_root_add_100_2_C185/carry[1] (net)
                                                    1      2.1733
  execution_unit_0/alu_0/add_1_root_add_100_2_C185/U1_1/CI (FADDX1_RVT)
                                                                       0.0444      1.0000              0.0000      1.5624 f    (69.47,66.57)
  execution_unit_0/alu_0/add_1_root_add_100_2_C185/U1_1/CO (FADDX1_RVT)
                                                                       0.0449      1.0000              0.0895      1.6519 f    (70.92,66.45)
  execution_unit_0/alu_0/add_1_root_add_100_2_C185/carry[2] (net)
                                                    1      1.9171
  execution_unit_0/alu_0/add_1_root_add_100_2_C185/U1_2/CI (FADDX1_RVT)
                                                                       0.0449      1.0000              0.0000      1.6520 f    (70.83,71.13)
  execution_unit_0/alu_0/add_1_root_add_100_2_C185/U1_2/CO (FADDX1_RVT)
                                                                       0.0448      1.0000              0.0895      1.7414 f    (72.28,71.24)
  execution_unit_0/alu_0/add_1_root_add_100_2_C185/carry[3] (net)
                                                    1      1.8903
  execution_unit_0/alu_0/add_1_root_add_100_2_C185/U1_3/CI (FADDX1_RVT)
                                                                       0.0448      1.0000              0.0000      1.7414 f    (74.03,74.47)
  execution_unit_0/alu_0/add_1_root_add_100_2_C185/U1_3/S (FADDX1_RVT)
                                                                       0.0532      1.0000              0.1616      1.9030 r    (75.16,74.66)
  execution_unit_0/alu_0/N13 (net)                  3      2.8100
  execution_unit_0/alu_0/U143/A3 (OA21X1_RVT)                          0.0532      1.0000              0.0000      1.9030 r    (76.93,74.76)
  execution_unit_0/alu_0/U143/Y (OA21X1_RVT)                           0.0310      1.0000              0.0694      1.9724 r    (77.46,74.67)
  execution_unit_0/alu_0/n9 (net)                   1      0.8684
  execution_unit_0/alu_0/U7/A2 (OR2X1_RVT)                             0.0310      1.0000              0.0000      1.9724 r    (78.25,74.59)
  execution_unit_0/alu_0/U7/Y (OR2X1_RVT)                              0.0529      1.0000              0.0737      2.0461 r    (78.67,74.74)
  execution_unit_0/alu_0/n4 (net)                   3      4.2734
  execution_unit_0/alu_0/U106/A1 (AND2X1_RVT)                          0.0529      1.0000              0.0000      2.0461 r    (79.97,71.43)
  execution_unit_0/alu_0/U106/Y (AND2X1_RVT)                           0.0337      1.0000              0.0628      2.1090 r    (80.49,71.36)
  execution_unit_0/alu_0/add_102_C185_aco/carry[2] (net)
                                                    1      1.8328
  execution_unit_0/alu_0/add_102_C185_aco/U1_2/CI (FADDX1_RVT)         0.0337      1.0000              0.0000      2.1090 r    (80.41,74.47)
  execution_unit_0/alu_0/add_102_C185_aco/U1_2/CO (FADDX1_RVT)         0.0519      1.0000              0.0986      2.2075 r    (81.86,74.59)
  execution_unit_0/alu_0/add_102_C185_aco/carry[3] (net)
                                                    2      2.1143
  execution_unit_0/alu_0/U104/A1 (AND2X1_RVT)                          0.0519      1.0000              0.0000      2.2076 r    (80.37,76.30)
  execution_unit_0/alu_0/U104/Y (AND2X1_RVT)                           0.0293      1.0000              0.0584      2.2660 r    (79.85,76.37)
  execution_unit_0/alu_0/add_102_C185_aco/carry[4] (net)
                                                    1      1.2412
  execution_unit_0/alu_0/U103/A2 (XOR2X1_RVT)                          0.0293      1.0000              0.0000      2.2660 r    (78.23,77.98)
  execution_unit_0/alu_0/U103/Y (XOR2X1_RVT)                           0.0483      1.0000              0.1294      2.3954 f    (76.96,78.06)
  execution_unit_0/alu_0/alu_dadd0[4]1 (net)        1      1.9298
  execution_unit_0/alu_0/add_1_root_add_100_2_C186/U1_0/CI (FADDX1_RVT)
                                                                       0.0483      1.0000              0.0000      2.3954 f    (73.11,81.16)
  execution_unit_0/alu_0/add_1_root_add_100_2_C186/U1_0/S (FADDX1_RVT)
                                                                       0.0403      1.0000              0.1491      2.5445 r    (74.25,81.35)
  execution_unit_0/alu_0/alu_dadd1[0] (net)         1      1.0928
  execution_unit_0/alu_0/U17/A1 (AO222X1_RVT)                          0.0403      1.0000              0.0000      2.5445 r    (79.21,79.64)
  execution_unit_0/alu_0/U17/Y (AO222X1_RVT)                           0.0514      1.0000              0.1354      2.6799 r    (80.56,79.71)
  execution_unit_0/alu_0/aps_rename_20_ (net)       1      1.2212
  execution_unit_0/alu_0/clockcopt_h_inst_5229/A (NBUFFX4_RVT)         0.0514      1.0000              0.0000      2.6799 r    (84.69,81.29)
  execution_unit_0/alu_0/clockcopt_h_inst_5229/Y (NBUFFX4_RVT)         0.0737      1.0000              0.0905      2.7704 r    (85.36,81.39)
  execution_unit_0/alu_0/alu_out[4] (net)          19     26.0970
  execution_unit_0/alu_0/alu_out[4] (omsp_alu)                         0.0737      1.0000              0.0000      2.7704 r    (hierarchical)    h
  execution_unit_0/placeHFSNET_68 (net)                   26.0970
  execution_unit_0/register_file_0/placeHFSNET_68 (omsp_register_file)
                                                                       0.0737      1.0000              0.0000      2.7704 r    (hierarchical)    h
  execution_unit_0/register_file_0/placeHFSNET_68 (net)   26.0970
  execution_unit_0/register_file_0/U399/A1 (AO21X2_RVT)                0.0738      1.0000              0.0024      2.7728 r    (105.14,41.34)
  execution_unit_0/register_file_0/U399/Y (AO21X2_RVT)                 0.0715      1.0000              0.1334      2.9062 r    (105.79,41.28)
  execution_unit_0/register_file_0/cpuoff (net)     5      8.2089
  execution_unit_0/register_file_0/cpuoff (omsp_register_file)         0.0715      1.0000              0.0000      2.9062 r    (hierarchical)    h
  execution_unit_0/cpuoff (net)                            8.2089
  execution_unit_0/cpuoff (omsp_execution_unit)                        0.0715      1.0000              0.0000      2.9062 r    (hierarchical)    h
  cpuoff (net)                                             8.2089
  frontend_0/cpuoff (omsp_frontend)                                    0.0715      1.0000              0.0000      2.9062 r    (hierarchical)    h
  frontend_0/cpuoff (net)                                  8.2089
  frontend_0/U69/A2 (NAND2X0_RVT)                                      0.0715      1.0000              0.0006      2.9068 r    (69.19,24.46)
  frontend_0/U69/Y (NAND2X0_RVT)                                       0.0653      1.0000              0.0545      2.9613 f    (69.32,24.53)
  frontend_0/n74 (net)                              1      1.1296
  frontend_0/U68/A4 (AO22X2_RVT)                                       0.0653      1.0000              0.0000      2.9613 f    (73.43,24.31)
  frontend_0/U68/Y (AO22X2_RVT)                                        0.0745      1.0000              0.1158      3.0771 f    (74.02,24.52)
  frontend_0/mclk_enable (net)                      4     12.0379
  frontend_0/mclk_enable (omsp_frontend)                               0.0745      1.0000              0.0000      3.0771 f    (hierarchical)    h
  placeHFSNET_62 (net)                                    12.0379
  clock_module_0/placeHFSNET_62 (omsp_clock_module)                    0.0745      1.0000              0.0000      3.0771 f    (hierarchical)    h
  clock_module_0/placeHFSNET_62 (net)                     12.0379
  clock_module_0/and_lfxt_dis4/placeHFSNET_62 (omsp_and_gate_10)       0.0745      1.0000              0.0000      3.0771 f    (hierarchical)    h
  clock_module_0/and_lfxt_dis4/placeHFSNET_62 (net)       12.0379
  clock_module_0/and_lfxt_dis4/placeHFSINV_8_76/A (INVX0_RVT)          0.0743      1.0000              0.0014      3.0785 f    (81.04,123.28)
  clock_module_0/and_lfxt_dis4/placeHFSINV_8_76/Y (INVX0_RVT)          0.0435      1.0000              0.0433      3.1219 r    (81.25,123.23)
  clock_module_0/and_lfxt_dis4/placeHFSNET_61 (net)
                                                    1      0.9663
  clock_module_0/and_lfxt_dis4/U1/A1 (AND2X1_RVT)                      0.0435      1.0000              0.0000      3.1219 r    (82.04,126.46)
  clock_module_0/and_lfxt_dis4/U1/Y (AND2X1_RVT)                       0.0265      1.0000              0.0533      3.1752 r    (81.53,126.53)
  clock_module_0/and_lfxt_dis4/y (net)              1      0.8089
  clock_module_0/and_lfxt_dis4/y (omsp_and_gate_10)                    0.0265      1.0000              0.0000      3.1752 r    (hierarchical)    h
  clock_module_0/lfxt_disable_by_cpu_en (net)              0.8089
  clock_module_0/U48/A (INVX0_RVT)                                     0.0265      1.0000              0.0000      3.1752 r    (80.37,124.77)
  clock_module_0/U48/Y (INVX0_RVT)                                     0.0237      1.0000              0.0235      3.1986 f    (80.16,124.82)
  clock_module_0/n29 (net)                          1      0.8368
  clock_module_0/and_lfxt_dis5/b (omsp_and_gate_9)                     0.0237      1.0000              0.0000      3.1986 f    (hierarchical)    h
  clock_module_0/and_lfxt_dis5/b (net)                     0.8368
  clock_module_0/and_lfxt_dis5/U1/A1 (AND2X1_RVT)                      0.0237      1.0000              0.0000      3.1986 f    (80.07,126.46)
  clock_module_0/and_lfxt_dis5/U1/Y (AND2X1_RVT)                       0.0404      1.0000              0.0635      3.2621 f    (79.55,126.53)
  clock_module_0/and_lfxt_dis5/y (net)              2      3.0311
  clock_module_0/and_lfxt_dis5/y (omsp_and_gate_9)                     0.0404      1.0000              0.0000      3.2621 f    (hierarchical)    h
  clock_module_0/lfxt_enable_nxt (net)                     3.0311
  clock_module_0/and_lfxt_en_wkup/b (omsp_and_gate_7)                  0.0404      1.0000              0.0000      3.2621 f    (hierarchical)    h
  clock_module_0/and_lfxt_en_wkup/b (net)                  3.0311
  clock_module_0/and_lfxt_en_wkup/U1/A1 (AND2X1_RVT)                   0.0404      1.0000              0.0000      3.2622 f    (73.59,133.14)
  clock_module_0/and_lfxt_en_wkup/U1/Y (AND2X1_RVT)                    0.0295      1.0000              0.0628      3.3250 f    (74.11,133.22)
  clock_module_0/and_lfxt_en_wkup/y (net)           1      1.6547
  clock_module_0/and_lfxt_en_wkup/y (omsp_and_gate_7)                  0.0295      1.0000              0.0000      3.3250 f    (hierarchical)    h
  clock_module_0/lfxt_en_wkup (net)                        1.6547
  clock_module_0/U119/A3 (OR3X1_RVT)                                   0.0295      1.0000              0.0000      3.3250 f    (76.73,140.10)
  clock_module_0/U119/Y (OR3X1_RVT)                                    0.0339      1.0000              0.0660      3.3910 f    (77.15,139.91)
  clock_module_0/N173 (net)                         2      1.6172
  clock_module_0/U114/A1 (OR2X1_RVT)                                   0.0339      1.0000              0.0000      3.3910 f    (79.36,139.94)
  clock_module_0/U114/Y (OR2X1_RVT)                                    0.0287      1.0000              0.0594      3.4504 f    (80.04,139.87)
  clock_module_0/_21_net_ (net)                     1      0.7400
  clock_module_0/scan_mux_lfxt_wkup/data_in_func (omsp_scan_mux_11)    0.0287      1.0000              0.0000      3.4504 f    (hierarchical)    h
  clock_module_0/scan_mux_lfxt_wkup/data_in_func (net)     0.7400
  clock_module_0/scan_mux_lfxt_wkup/U2/A3 (AO22X1_RVT)                 0.0287      1.0000              0.0000      3.4504 f    (78.25,140.59)
  clock_module_0/scan_mux_lfxt_wkup/U2/Y (AO22X1_RVT)                  0.0317      1.0000              0.0539      3.5043 f    (77.81,139.89)
  clock_module_0/scan_mux_lfxt_wkup/data_out (net)
                                                    1      1.0109
  clock_module_0/scan_mux_lfxt_wkup/data_out (omsp_scan_mux_11)        0.0317      1.0000              0.0000      3.5043 f    (hierarchical)    h
  clock_module_0/lfxt_wkup_set_scan (net)                  1.0109
  clock_module_0/sync_cell_lfxt_wkup/rst (omsp_sync_cell_14)           0.0317      1.0000              0.0000      3.5043 f    (hierarchical)    h
  clock_module_0/sync_cell_lfxt_wkup/rst (net)             1.0109
  clock_module_0/sync_cell_lfxt_wkup/U3/A (INVX1_RVT)                  0.0317      1.0000              0.0000      3.5043 f    (75.66,140.01)
  clock_module_0/sync_cell_lfxt_wkup/U3/Y (INVX1_RVT)                  0.0346      1.0000              0.0362      3.5405 r    (75.52,139.90)
  clock_module_0/sync_cell_lfxt_wkup/n1 (net)       2      2.6552
  clock_module_0/sync_cell_lfxt_wkup/data_sync_reg[1]/RSTB (DFFARX1_RVT)
                                                                       0.0346      1.0000              0.0000      3.5406 r    (69.77,134.21)    s, n
  data arrival time                                                                                                3.5406

  clock lfxt_clk' (rise edge)                                                                         20.0000     20.0000
  source latency                                                                                       0.0000     20.0000
  lfxt_clk (in)                                                        0.0000      1.0000              0.0000     20.0000 f    (57.60,211.12)
  lfxt_clk (net)                                    1      1.4548                                                                                d
  cto_buf_drc_3447/A (NBUFFX4_RVT)                                     0.0000      1.0000              0.0000     20.0000 f    (59.16,198.33)
  cto_buf_drc_3447/Y (NBUFFX4_RVT)                                     0.0000      1.0000              0.0000     20.0000 f    (59.82,198.43)
  cts4 (net)                                        2      5.2875                                                                                d
  cts_inv_9453318/A (INVX8_RVT)                                        0.0000      1.0000              0.0000     20.0000 f    (55.28,194.99)
  cts_inv_9453318/Y (INVX8_RVT)                                        0.0000      1.0000              0.0000     20.0000 r    (55.41,195.09)
  ctsbuf_net_2143 (net)                             1      8.2030                                                                                d
  cts_inv_9403313/A (INVX16_RVT)                                       0.0000      1.0000              0.0000     20.0000 r    (55.89,196.85)
  cts_inv_9403313/Y (INVX16_RVT)                                       0.0000      1.0000              0.0000     20.0000 f    (56.02,196.75)
  ctsbuf_net_2042 (net)                            16     25.1888                                                                                d
  clock_module_0/lfxt_clk (omsp_clock_module)                          0.0000      1.0000              0.0000     20.0000 f    (hierarchical)    h
  clock_module_0/lfxt_clk (net)                    16     25.1888                                                                                d
  clock_module_0/clock_gate_aclk/p_abuf0 (omsp_clock_gate_32)          0.0000      1.0000              0.0000     20.0000 f    (hierarchical)    h
  clock_module_0/clock_gate_aclk/p_abuf0 (net)     16     25.1888                                                                                d
  clock_module_0/clock_gate_aclk/U2/A (INVX8_RVT)                      0.0000      1.0000              0.0000     20.0000 f    (83.55,144.83)
  clock_module_0/clock_gate_aclk/U2/Y (INVX8_RVT)                      0.0000      1.0000              0.0000     20.0000 r    (83.68,144.93)
  clock_module_0/clock_gate_aclk/n2 (net)           5      7.2784                                                                                d
  clock_module_0/clock_gate_aclk/n2 (omsp_clock_gate_32)               0.0000      1.0000              0.0000     20.0000 r    (hierarchical)    h
  clock_module_0/cts2 (net)                         5      7.2784                                                                                d
  clock_module_0/sync_cell_lfxt_wkup/clk (omsp_sync_cell_14)           0.0000      1.0000              0.0000     20.0000 r    (hierarchical)    h
  clock_module_0/sync_cell_lfxt_wkup/clk (net)      5      7.2784                                                                                d
  clock_module_0/sync_cell_lfxt_wkup/data_sync_reg[1]/CLK (DFFARX1_RVT)
                                                                       0.0000      1.0000              0.0000     20.0000 r    (68.12,135.56)    s, n

  library setup time                                                               1.0000              0.0355     20.0355
  data required time                                                                                              20.0355
  ----------------------------------------------------------------------------------------------------------------------------------------------------------------
  data required time                                                                                              20.0355
  data arrival time                                                                                               -3.5406
  ----------------------------------------------------------------------------------------------------------------------------------------------------------------
  slack (MET)                                                                                                     16.4949



  Startpoint: dmem_dout[8] (input port clocked by dco_clk)
  Endpoint: pmem_addr[7] (output port clocked by dco_clk)
  Mode: func
  Corner: fast
  Scenario: func_fast
  Path Group: FEEDTHROUGH
  Path Type: max


Attributes
    b - black-box (unknown)
    s - size_only
    d - dont_touch
    u - dont_use
    g - generic
    h - hierarchical
    i - ideal
    n - noncombinational
    E - extracted timing model
    Q - Quick timing model


  Point                                          Fanout     Cap        Trans      Derate    Delta       Incr        Path           Location       Attributes
  ----------------------------------------------------------------------------------------------------------------------------------------------------------------
  clock dco_clk (rise edge)                                                                            0.0000      0.0000
  clock network delay (ideal)                                                                          0.0000      0.0000
  input external delay                                                                                 2.2500      2.2500

  dmem_dout[8] (in)                                                    0.0264      1.0000              0.0088      2.2588 r    (131.93,211.12)
  dmem_dout[8] (net)                                1      2.2454
  mem_backbone_0/dmem_dout[8] (omsp_mem_backbone)                      0.0264      1.0000              0.0088      2.2588 r    (hierarchical)    h
  mem_backbone_0/dmem_dout[8] (net)                        2.2454
  mem_backbone_0/placeZBUF_inst_193/A (NBUFFX4_RVT)                    0.0264      1.0000              0.0001      2.2588 r    (125.51,194.98)
  mem_backbone_0/placeZBUF_inst_193/Y (NBUFFX4_RVT)                    0.0518      1.0000              0.0687      2.3275 r    (124.85,195.09)
  mem_backbone_0/placeZBUF_1 (net)                  2     16.0005
  mem_backbone_0/U101/A3 (AO222X1_RVT)                                 0.0523      1.0000              0.0029      2.3305 r    (31.78,110.50)
  mem_backbone_0/U101/Y (AO222X1_RVT)                                  0.0889      1.0000              0.1550      2.4855 r    (32.68,109.80)
  mem_backbone_0/eu_mdb_in[8] (net)                 4      5.8620
  mem_backbone_0/eu_mdb_in[8] (omsp_mem_backbone)                      0.0889      1.0000              0.0000      2.4855 r    (hierarchical)    h
  eu_mdb_in[8] (net)                                       5.8620
  execution_unit_0/mdb_in[8] (omsp_execution_unit)                     0.0889      1.0000              0.0000      2.4855 r    (hierarchical)    h
  execution_unit_0/mdb_in[8] (net)                         5.8620
  execution_unit_0/U177/A2 (AO22X1_RVT)                                0.0889      1.0000              0.0002      2.4857 r    (38.32,98.31)
  execution_unit_0/U177/Y (AO22X1_RVT)                                 0.0743      1.0000              0.1366      2.6223 r    (39.06,98.13)
  execution_unit_0/mdb_in_bw[0] (net)               3      5.8714
  execution_unit_0/U90/A4 (AO222X1_RVT)                                0.0743      1.0000              0.0004      2.6226 r    (47.29,61.47)
  execution_unit_0/U90/Y (AO222X1_RVT)                                 0.0506      1.0000              0.1294      2.7520 r    (48.34,61.33)
  execution_unit_0/n78 (net)                        1      1.1309
  execution_unit_0/U86/A1 (OR2X1_RVT)                                  0.0506      1.0000              0.0000      2.7521 r    (52.76,59.68)
  execution_unit_0/U86/Y (OR2X1_RVT)                                   0.0729      1.0000              0.1013      2.8534 r    (53.44,59.62)
  execution_unit_0/op_src[0] (net)                  3      6.7294
  execution_unit_0/alu_0/op_src[0] (omsp_alu)                          0.0729      1.0000              0.0000      2.8534 r    (hierarchical)    h
  execution_unit_0/alu_0/op_src[0] (net)                   6.7294
  execution_unit_0/alu_0/U26/A1 (XOR2X2_RVT)                           0.0729      1.0000              0.0001      2.8535 r    (60.68,59.85)
  execution_unit_0/alu_0/U26/Y (XOR2X2_RVT)                            0.0636      1.0000              0.1033      2.9568 r    (61.95,59.64)
  execution_unit_0/alu_0/op_src_inv[0] (net)        6      8.2327
  execution_unit_0/alu_0/add_1_root_add_100_2_C185/U1_0/A (FADDX1_RVT)
                                                                       0.0636      1.0000              0.0002      2.9570 r    (76.76,64.88)
  execution_unit_0/alu_0/add_1_root_add_100_2_C185/U1_0/CO (FADDX1_RVT)
                                                                       0.0528      1.0000              0.1200      3.0769 r    (75.29,64.56)
  execution_unit_0/alu_0/add_1_root_add_100_2_C185/carry[1] (net)
                                                    1      2.1778
  execution_unit_0/alu_0/add_1_root_add_100_2_C185/U1_1/CI (FADDX1_RVT)
                                                                       0.0528      1.0000              0.0000      3.0770 r    (69.47,66.57)
  execution_unit_0/alu_0/add_1_root_add_100_2_C185/U1_1/CO (FADDX1_RVT)
                                                                       0.0516      1.0000              0.1028      3.1798 r    (70.92,66.45)
  execution_unit_0/alu_0/add_1_root_add_100_2_C185/carry[2] (net)
                                                    1      1.9216
  execution_unit_0/alu_0/add_1_root_add_100_2_C185/U1_2/CI (FADDX1_RVT)
                                                                       0.0516      1.0000              0.0000      3.1798 r    (70.83,71.13)
  execution_unit_0/alu_0/add_1_root_add_100_2_C185/U1_2/CO (FADDX1_RVT)
                                                                       0.0513      1.0000              0.1022      3.2820 r    (72.28,71.24)
  execution_unit_0/alu_0/add_1_root_add_100_2_C185/carry[3] (net)
                                                    1      1.8949
  execution_unit_0/alu_0/add_1_root_add_100_2_C185/U1_3/CI (FADDX1_RVT)
                                                                       0.0513      1.0000              0.0000      3.2820 r    (74.03,74.47)
  execution_unit_0/alu_0/add_1_root_add_100_2_C185/U1_3/S (FADDX1_RVT)
                                                                       0.0544      1.0000              0.1603      3.4422 f    (75.16,74.66)
  execution_unit_0/alu_0/N13 (net)                  3      2.7991
  execution_unit_0/alu_0/U143/A3 (OA21X1_RVT)                          0.0544      1.0000              0.0000      3.4423 f    (76.93,74.76)
  execution_unit_0/alu_0/U143/Y (OA21X1_RVT)                           0.0296      1.0000              0.0727      3.5150 f    (77.46,74.67)
  execution_unit_0/alu_0/n9 (net)                   1      0.8615
  execution_unit_0/alu_0/U7/A2 (OR2X1_RVT)                             0.0296      1.0000              0.0000      3.5150 f    (78.25,74.59)
  execution_unit_0/alu_0/U7/Y (OR2X1_RVT)                              0.0502      1.0000              0.0722      3.5872 f    (78.67,74.74)
  execution_unit_0/alu_0/n4 (net)                   3      4.2608
  execution_unit_0/alu_0/U106/A1 (AND2X1_RVT)                          0.0502      1.0000              0.0000      3.5872 f    (79.97,71.43)
  execution_unit_0/alu_0/U106/Y (AND2X1_RVT)                           0.0329      1.0000              0.0686      3.6558 f    (80.49,71.36)
  execution_unit_0/alu_0/add_102_C185_aco/carry[2] (net)
                                                    1      1.8283
  execution_unit_0/alu_0/add_102_C185_aco/U1_2/CI (FADDX1_RVT)         0.0329      1.0000              0.0000      3.6558 f    (80.41,74.47)
  execution_unit_0/alu_0/add_102_C185_aco/U1_2/CO (FADDX1_RVT)         0.0434      1.0000              0.0870      3.7428 f    (81.86,74.59)
  execution_unit_0/alu_0/add_102_C185_aco/carry[3] (net)
                                                    2      2.1126
  execution_unit_0/alu_0/U104/A1 (AND2X1_RVT)                          0.0434      1.0000              0.0000      3.7428 f    (80.37,76.30)
  execution_unit_0/alu_0/U104/Y (AND2X1_RVT)                           0.0282      1.0000              0.0613      3.8041 f    (79.85,76.37)
  execution_unit_0/alu_0/add_102_C185_aco/carry[4] (net)
                                                    1      1.2405
  execution_unit_0/alu_0/U103/A2 (XOR2X1_RVT)                          0.0282      1.0000              0.0000      3.8041 f    (78.23,77.98)
  execution_unit_0/alu_0/U103/Y (XOR2X1_RVT)                           0.0494      1.0000              0.1287      3.9329 r    (76.96,78.06)
  execution_unit_0/alu_0/alu_dadd0[4]1 (net)        1      1.9343
  execution_unit_0/alu_0/add_1_root_add_100_2_C186/U1_0/CI (FADDX1_RVT)
                                                                       0.0494      1.0000              0.0000      3.9329 r    (73.11,81.16)
  execution_unit_0/alu_0/add_1_root_add_100_2_C186/U1_0/CO (FADDX1_RVT)
                                                                       0.0520      1.0000              0.1025      4.0354 r    (74.56,81.28)
  execution_unit_0/alu_0/add_1_root_add_100_2_C186/carry[1] (net)
                                                    1      1.9951
  execution_unit_0/alu_0/add_1_root_add_100_2_C186/U1_1/CI (FADDX1_RVT)
                                                                       0.0520      1.0000              0.0000      4.0354 r    (72.51,84.50)
  execution_unit_0/alu_0/add_1_root_add_100_2_C186/U1_1/CO (FADDX1_RVT)
                                                                       0.0517      1.0000              0.1034      4.1388 r    (73.96,84.62)
  execution_unit_0/alu_0/add_1_root_add_100_2_C186/carry[2] (net)
                                                    1      2.0006
  execution_unit_0/alu_0/add_1_root_add_100_2_C186/U1_2/CI (FADDX1_RVT)
                                                                       0.0517      1.0000              0.0000      4.1388 r    (71.90,87.85)
  execution_unit_0/alu_0/add_1_root_add_100_2_C186/U1_2/CO (FADDX1_RVT)
                                                                       0.0495      1.0000              0.1006      4.2394 r    (73.35,87.96)
  execution_unit_0/alu_0/add_1_root_add_100_2_C186/carry[3] (net)
                                                    1      1.7401
  execution_unit_0/alu_0/add_1_root_add_100_2_C186/U1_3/CI (FADDX1_RVT)
                                                                       0.0495      1.0000              0.0000      4.2394 r    (74.79,91.19)
  execution_unit_0/alu_0/add_1_root_add_100_2_C186/U1_3/S (FADDX1_RVT)
                                                                       0.0545      1.0000              0.1601      4.3995 f    (75.92,91.38)
  execution_unit_0/alu_0/N26 (net)                  3      2.8569
  execution_unit_0/alu_0/U162/A3 (OA21X1_RVT)                          0.0545      1.0000              0.0000      4.3995 f    (77.54,88.14)
  execution_unit_0/alu_0/U162/Y (OA21X1_RVT)                           0.0294      1.0000              0.0730      4.4725 f    (78.07,88.05)
  execution_unit_0/alu_0/n10 (net)                  1      0.8890
  execution_unit_0/alu_0/U6/A2 (OR2X1_RVT)                             0.0294      1.0000              0.0000      4.4725 f    (78.70,89.86)
  execution_unit_0/alu_0/U6/Y (OR2X1_RVT)                              0.0502      1.0000              0.0722      4.5447 f    (79.12,89.71)
  execution_unit_0/alu_0/n3 (net)                   3      4.2648
  execution_unit_0/alu_0/U91/A1 (AND2X1_RVT)                           0.0502      1.0000              0.0000      4.5448 f    (78.91,86.33)
  execution_unit_0/alu_0/U91/Y (AND2X1_RVT)                            0.0310      1.0000              0.0671      4.6119 f    (79.43,86.40)
  execution_unit_0/alu_0/add_102_C186_aco/carry[2] (net)
                                                    1      1.6218
  execution_unit_0/alu_0/add_102_C186_aco/U1_2/CI (FADDX1_RVT)         0.0310      1.0000              0.0000      4.6119 f    (81.78,86.63)
  execution_unit_0/alu_0/add_102_C186_aco/U1_2/CO (FADDX1_RVT)         0.0472      1.0000              0.0901      4.7020 f    (83.23,86.52)
  execution_unit_0/alu_0/add_102_C186_aco/carry[3] (net)
                                                    2      2.5866
  execution_unit_0/alu_0/U89/A1 (AND2X1_RVT)                           0.0472      1.0000              0.0000      4.7020 f    (78.39,91.50)
  execution_unit_0/alu_0/U89/Y (AND2X1_RVT)                            0.0313      1.0000              0.0660      4.7680 f    (77.88,91.42)
  execution_unit_0/alu_0/add_102_C186_aco/carry[4] (net)
                                                    1      1.6701
  execution_unit_0/alu_0/U88/A2 (XOR2X1_RVT)                           0.0313      1.0000              0.0000      4.7680 f    (78.39,98.04)
  execution_unit_0/alu_0/U88/Y (XOR2X1_RVT)                            0.0469      1.0000              0.1273      4.8954 r    (77.12,98.12)
  execution_unit_0/alu_0/alu_dadd1[4]1 (net)        1      1.6353
  execution_unit_0/alu_0/add_1_root_add_100_2_C187/U1_0/CI (FADDX1_RVT)
                                                                       0.0469      1.0000              0.0000      4.8954 r    (75.07,97.88)
  execution_unit_0/alu_0/add_1_root_add_100_2_C187/U1_0/CO (FADDX1_RVT)
                                                                       0.0615      1.0000              0.1104      5.0058 r    (73.62,98.00)
  execution_unit_0/alu_0/add_1_root_add_100_2_C187/carry[1] (net)
                                                    1      3.0266
  execution_unit_0/alu_0/add_1_root_add_100_2_C187/U1_1/CI (FADDX1_RVT)
                                                                       0.0615      1.0000              0.0001      5.0059 r    (69.45,110.04)
  execution_unit_0/alu_0/add_1_root_add_100_2_C187/U1_1/CO (FADDX1_RVT)
                                                                       0.0593      1.0000              0.1131      5.1190 r    (68.00,109.93)
  execution_unit_0/alu_0/add_1_root_add_100_2_C187/carry[2] (net)
                                                    1      2.8022
  execution_unit_0/alu_0/add_1_root_add_100_2_C187/U1_2/CI (FADDX1_RVT)
                                                                       0.0593      1.0000              0.0001      5.1191 r    (63.69,121.29)
  execution_unit_0/alu_0/add_1_root_add_100_2_C187/U1_2/CO (FADDX1_RVT)
                                                                       0.0499      1.0000              0.1022      5.2213 r    (65.14,121.40)
  execution_unit_0/alu_0/add_1_root_add_100_2_C187/carry[3] (net)
                                                    1      1.6603
  execution_unit_0/alu_0/add_1_root_add_100_2_C187/U1_3/CI (FADDX1_RVT)
                                                                       0.0499      1.0000              0.0000      5.2213 r    (66.73,121.29)
  execution_unit_0/alu_0/add_1_root_add_100_2_C187/U1_3/S (FADDX1_RVT)
                                                                       0.0594      1.0000              0.1643      5.3856 f    (67.86,121.48)
  execution_unit_0/alu_0/N39 (net)                  3      3.4161
  execution_unit_0/alu_0/U168/A3 (OA21X1_RVT)                          0.0594      1.0000              0.0000      5.3857 f    (71.26,123.13)
  execution_unit_0/alu_0/U168/Y (OA21X1_RVT)                           0.0300      1.0000              0.0756      5.4613 f    (70.72,123.22)
  execution_unit_0/alu_0/n11 (net)                  1      0.9063
  execution_unit_0/alu_0/U5/A2 (OR2X1_RVT)                             0.0300      1.0000              0.0000      5.4613 f    (72.17,124.75)
  execution_unit_0/alu_0/U5/Y (OR2X1_RVT)                              0.0510      1.0000              0.0729      5.5342 f    (72.59,124.90)
  execution_unit_0/alu_0/n2 (net)                   3      4.3500
  execution_unit_0/alu_0/U86/A1 (AND2X1_RVT)                           0.0510      1.0000              0.0000      5.5342 f    (75.20,121.59)
  execution_unit_0/alu_0/U86/Y (AND2X1_RVT)                            0.0323      1.0000              0.0681      5.6023 f    (74.68,121.52)
  execution_unit_0/alu_0/add_102_C187_aco/carry[2] (net)
                                                    1      1.7081
  execution_unit_0/alu_0/add_102_C187_aco/U1_2/CI (FADDX1_RVT)         0.0323      1.0000              0.0000      5.6023 f    (73.27,123.42)
  execution_unit_0/alu_0/add_102_C187_aco/U1_2/CO (FADDX1_RVT)         0.0472      1.0000              0.0906      5.6928 f    (74.71,123.30)
  execution_unit_0/alu_0/add_102_C187_aco/carry[3] (net)
                                                    2      2.5925
  execution_unit_0/alu_0/U84/A1 (AND2X1_RVT)                           0.0472      1.0000              0.0000      5.6929 f    (68.36,128.28)
  execution_unit_0/alu_0/U84/Y (AND2X1_RVT)                            0.0301      1.0000              0.0646      5.7574 f    (67.85,128.21)
  execution_unit_0/alu_0/add_102_C187_aco/carry[4] (net)
                                                    1      1.4576
  execution_unit_0/alu_0/U83/A2 (XOR2X1_RVT)                           0.0301      1.0000              0.0000      5.7575 f    (70.10,124.79)
  execution_unit_0/alu_0/U83/Y (XOR2X1_RVT)                            0.0511      1.0000              0.1313      5.8887 r    (71.37,124.87)
  execution_unit_0/alu_0/alu_dadd2[4]1 (net)        1      2.1230
  execution_unit_0/alu_0/add_1_root_add_100_2_C188/U1_0/CI (FADDX1_RVT)
                                                                       0.0511      1.0000              0.0000      5.8887 r    (70.07,120.07)
  execution_unit_0/alu_0/add_1_root_add_100_2_C188/U1_0/CO (FADDX1_RVT)
                                                                       0.0491      1.0000              0.0991      5.9878 r    (71.52,119.96)
  execution_unit_0/alu_0/add_1_root_add_100_2_C188/carry[1] (net)
                                                    1      1.6116
  execution_unit_0/alu_0/add_1_root_add_100_2_C188/U1_1/CI (FADDX1_RVT)
                                                                       0.0491      1.0000              0.0000      5.9878 r    (73.11,120.07)
  execution_unit_0/alu_0/add_1_root_add_100_2_C188/U1_1/CO (FADDX1_RVT)
                                                                       0.0480      1.0000              0.0983      6.0862 r    (74.56,119.96)
  execution_unit_0/alu_0/add_1_root_add_100_2_C188/carry[2] (net)
                                                    1      1.6001
  execution_unit_0/alu_0/add_1_root_add_100_2_C188/U1_2/CI (FADDX1_RVT)
                                                                       0.0480      1.0000              0.0000      6.0862 r    (76.00,120.07)
  execution_unit_0/alu_0/add_1_root_add_100_2_C188/U1_2/CO (FADDX1_RVT)
                                                                       0.0533      1.0000              0.1018      6.1880 r    (77.45,119.96)
  execution_unit_0/alu_0/add_1_root_add_100_2_C188/carry[3] (net)
                                                    1      1.9729
  execution_unit_0/alu_0/add_1_root_add_100_2_C188/U1_3/CI (FADDX1_RVT)
                                                                       0.0533      1.0000              0.0000      6.1880 r    (80.26,116.73)
  execution_unit_0/alu_0/add_1_root_add_100_2_C188/U1_3/S (FADDX1_RVT)
                                                                       0.0564      1.0000              0.1631      6.3511 f    (81.39,116.54)
  execution_unit_0/alu_0/N52 (net)                  3      3.1105
  execution_unit_0/alu_0/U173/A3 (OA21X1_RVT)                          0.0564      1.0000              0.0000      6.3511 f    (84.22,119.78)
  execution_unit_0/alu_0/U173/Y (OA21X1_RVT)                           0.0297      1.0000              0.0742      6.4253 f    (84.75,119.87)
  execution_unit_0/alu_0/n12 (net)                  1      0.9106
  execution_unit_0/alu_0/U4/A2 (OR2X1_RVT)                             0.0297      1.0000              0.0000      6.4253 f    (82.86,119.95)
  execution_unit_0/alu_0/U4/Y (OR2X1_RVT)                              0.0520      1.0000              0.0735      6.4988 f    (82.44,119.81)
  execution_unit_0/alu_0/n1 (net)                   3      4.4652
  execution_unit_0/alu_0/U81/A1 (AND2X1_RVT)                           0.0520      1.0000              0.0000      6.4988 f    (81.95,123.11)
  execution_unit_0/alu_0/U81/Y (AND2X1_RVT)                            0.0310      1.0000              0.0677      6.5665 f    (82.47,123.19)
  execution_unit_0/alu_0/add_102_C188_aco/carry[2] (net)
                                                    1      1.5898
  execution_unit_0/alu_0/add_102_C188_aco/U1_2/CI (FADDX1_RVT)         0.0310      1.0000              0.0000      6.5665 f    (84.67,123.42)
  execution_unit_0/alu_0/add_102_C188_aco/U1_2/CO (FADDX1_RVT)         0.0472      1.0000              0.0901      6.6567 f    (86.11,123.30)
  execution_unit_0/alu_0/add_102_C188_aco/carry[3] (net)
                                                    2      2.5942
  execution_unit_0/alu_0/U62/A2 (XOR2X1_RVT)                           0.0472      1.0000              0.0000      6.6567 f    (84.47,113.22)
  execution_unit_0/alu_0/U62/Y (XOR2X1_RVT)                            0.0492      1.0000              0.1210      6.7777 f    (83.20,113.14)
  execution_unit_0/alu_0/alu_dadd3[3] (net)         1      2.0407
  execution_unit_0/alu_0/U198/A1 (AO222X1_RVT)                         0.0492      1.0000              0.0000      6.7777 f    (82.10,101.53)
  execution_unit_0/alu_0/U198/Y (AO222X1_RVT)                          0.0721      1.0000              0.1427      6.9205 f    (83.45,101.46)
  execution_unit_0/alu_0/alu_out[15] (net)          6      5.9621
  execution_unit_0/alu_0/alu_out[15] (omsp_alu)                        0.0721      1.0000              0.0000      6.9205 f    (hierarchical)    h
  execution_unit_0/alu_out[15] (net)                       5.9621
  execution_unit_0/register_file_0/reg_dest_val[15] (omsp_register_file)
                                                                       0.0721      1.0000              0.0000      6.9205 f    (hierarchical)    h
  execution_unit_0/register_file_0/reg_dest_val[15] (net)
                                                           5.9621
  execution_unit_0/register_file_0/U56/A1 (AND2X4_RVT)                 0.0721      1.0000              0.0001      6.9206 f    (89.94,88.00)
  execution_unit_0/register_file_0/U56/Y (AND2X4_RVT)                  0.0819      1.0000              0.1361      7.0567 f    (90.52,88.08)
  execution_unit_0/register_file_0/pc_sw[15] (net)
                                                   15     23.4788
  execution_unit_0/register_file_0/pc_sw[15] (omsp_register_file)      0.0819      1.0000              0.0000      7.0567 f    (hierarchical)    h
  execution_unit_0/pc_sw[15] (net)                        23.4788
  execution_unit_0/pc_sw[15] (omsp_execution_unit)                     0.0819      1.0000              0.0000      7.0567 f    (hierarchical)    h
  pc_sw[15] (net)                                         23.4788
  frontend_0/pc_sw[15] (omsp_frontend)                                 0.0819      1.0000              0.0000      7.0567 f    (hierarchical)    h
  frontend_0/pc_sw[15] (net)                              23.4788
  frontend_0/U23/A3 (AO221X1_RVT)                                      0.0819      1.0000              0.0000      7.0567 f    (89.54,80.40)
  frontend_0/U23/Y (AO221X1_RVT)                                       0.0525      1.0000              0.1262      7.1829 f    (90.29,79.70)
  frontend_0/mab[15] (net)                          3      3.3231
  frontend_0/mab[15] (omsp_frontend)                                   0.0525      1.0000              0.0000      7.1829 f    (hierarchical)    h
  fe_mab[15] (net)                                         3.3231
  mem_backbone_0/fe_mab[14] (omsp_mem_backbone)                        0.0525      1.0000              0.0000      7.1829 f    (hierarchical)    h
  mem_backbone_0/fe_mab[14] (net)                          3.3231
  mem_backbone_0/U24/A3 (AND4X1_RVT)                                   0.0525      1.0000              0.0000      7.1829 f    (90.25,82.83)
  mem_backbone_0/U24/Y (AND4X1_RVT)                                    0.0459      1.0000              0.1094      7.2923 f    (89.43,83.06)
  mem_backbone_0/fe_pmem_sel (net)                  1      1.4767
  mem_backbone_0/U179/A1 (NAND2X2_RVT)                                 0.0459      1.0000              0.0000      7.2923 f    (84.46,79.64)
  mem_backbone_0/U179/Y (NAND2X2_RVT)                                  0.0505      1.0000              0.1054      7.3977 r    (85.28,79.72)
  mem_backbone_0/n11 (net)                          3      7.9592
  mem_backbone_0/U174/A2 (NAND4X0_RVT)                                 0.0505      1.0000              0.0002      7.3979 r    (91.31,114.75)
  mem_backbone_0/U174/Y (NAND4X0_RVT)                                  0.1921      1.0000              0.1453      7.5432 f    (91.32,114.83)
  mem_backbone_0/n14 (net)                          3      4.5533
  mem_backbone_0/U39/A1 (AND2X2_RVT)                                   0.1921      1.0000              0.0000      7.5433 f    (93.96,114.90)
  mem_backbone_0/U39/Y (AND2X2_RVT)                                    0.0930      1.0000              0.1702      7.7135 f    (94.47,114.83)
  mem_backbone_0/n10 (net)                         12     14.0377
  mem_backbone_0/U30/A4 (AO222X1_RVT)                                  0.0930      1.0000              0.0006      7.7142 f    (105.97,96.29)
  mem_backbone_0/U30/Y (AO222X1_RVT)                                   0.0817      1.0000              0.1536      7.8678 f    (107.01,96.43)
  mem_backbone_0/pmem_addr[7] (net)                 1      6.8499
  mem_backbone_0/pmem_addr[7] (omsp_mem_backbone)                      0.0817      1.0000              0.0000      7.8678 f    (hierarchical)    h
  pmem_addr[7] (net)                                       6.8499
  pmem_addr[7] (out)                                                   0.0817      1.0000              0.0006      7.8684 f    (211.88,100.77)
  data arrival time                                                                                                7.8684

  clock dco_clk (rise edge)                                                                           40.0000     40.0000
  clock network delay (ideal)                                                                          0.0000     40.0000
  output external delay                                                                               -0.6400     39.3600
  data required time                                                                                              39.3600
  ----------------------------------------------------------------------------------------------------------------------------------------------------------------
  data required time                                                                                              39.3600
  data arrival time                                                                                               -7.8684
  ----------------------------------------------------------------------------------------------------------------------------------------------------------------
  slack (MET)                                                                                                     31.4916



  Startpoint: dmem_dout[8] (input port clocked by dco_clk)
  Endpoint: clock_module_0/sync_cell_dco_wkup/data_sync_reg[1] (recovery check against rising-edge clock clocked by dco_clk')
  Mode: func
  Corner: fast
  Scenario: func_fast
  Path Group: REGIN
  Path Type: max


Attributes
    b - black-box (unknown)
    s - size_only
    d - dont_touch
    u - dont_use
    g - generic
    h - hierarchical
    i - ideal
    n - noncombinational
    E - extracted timing model
    Q - Quick timing model


  Point                                          Fanout     Cap        Trans      Derate    Delta       Incr        Path           Location       Attributes
  ----------------------------------------------------------------------------------------------------------------------------------------------------------------
  clock dco_clk (rise edge)                                                                            0.0000      0.0000
  clock network delay (ideal)                                                                          0.0000      0.0000
  input external delay                                                                                 2.2500      2.2500

  dmem_dout[8] (in)                                                    0.0264      1.0000              0.0088      2.2588 r    (131.93,211.12)
  dmem_dout[8] (net)                                1      2.2454
  mem_backbone_0/dmem_dout[8] (omsp_mem_backbone)                      0.0264      1.0000              0.0088      2.2588 r    (hierarchical)    h
  mem_backbone_0/dmem_dout[8] (net)                        2.2454
  mem_backbone_0/placeZBUF_inst_193/A (NBUFFX4_RVT)                    0.0264      1.0000              0.0001      2.2588 r    (125.51,194.98)
  mem_backbone_0/placeZBUF_inst_193/Y (NBUFFX4_RVT)                    0.0518      1.0000              0.0687      2.3275 r    (124.85,195.09)
  mem_backbone_0/placeZBUF_1 (net)                  2     16.0005
  mem_backbone_0/U101/A3 (AO222X1_RVT)                                 0.0523      1.0000              0.0029      2.3305 r    (31.78,110.50)
  mem_backbone_0/U101/Y (AO222X1_RVT)                                  0.0889      1.0000              0.1550      2.4855 r    (32.68,109.80)
  mem_backbone_0/eu_mdb_in[8] (net)                 4      5.8620
  mem_backbone_0/eu_mdb_in[8] (omsp_mem_backbone)                      0.0889      1.0000              0.0000      2.4855 r    (hierarchical)    h
  eu_mdb_in[8] (net)                                       5.8620
  execution_unit_0/mdb_in[8] (omsp_execution_unit)                     0.0889      1.0000              0.0000      2.4855 r    (hierarchical)    h
  execution_unit_0/mdb_in[8] (net)                         5.8620
  execution_unit_0/U177/A2 (AO22X1_RVT)                                0.0889      1.0000              0.0002      2.4857 r    (38.32,98.31)
  execution_unit_0/U177/Y (AO22X1_RVT)                                 0.0743      1.0000              0.1366      2.6223 r    (39.06,98.13)
  execution_unit_0/mdb_in_bw[0] (net)               3      5.8714
  execution_unit_0/U90/A4 (AO222X1_RVT)                                0.0743      1.0000              0.0004      2.6226 r    (47.29,61.47)
  execution_unit_0/U90/Y (AO222X1_RVT)                                 0.0506      1.0000              0.1294      2.7520 r    (48.34,61.33)
  execution_unit_0/n78 (net)                        1      1.1309
  execution_unit_0/U86/A1 (OR2X1_RVT)                                  0.0506      1.0000              0.0000      2.7521 r    (52.76,59.68)
  execution_unit_0/U86/Y (OR2X1_RVT)                                   0.0729      1.0000              0.1013      2.8534 r    (53.44,59.62)
  execution_unit_0/op_src[0] (net)                  3      6.7294
  execution_unit_0/alu_0/op_src[0] (omsp_alu)                          0.0729      1.0000              0.0000      2.8534 r    (hierarchical)    h
  execution_unit_0/alu_0/op_src[0] (net)                   6.7294
  execution_unit_0/alu_0/U26/A1 (XOR2X2_RVT)                           0.0729      1.0000              0.0001      2.8535 r    (60.68,59.85)
  execution_unit_0/alu_0/U26/Y (XOR2X2_RVT)                            0.0616      1.0000              0.1359      2.9894 f    (61.95,59.64)
  execution_unit_0/alu_0/op_src_inv[0] (net)        6      8.2087
  execution_unit_0/alu_0/add_1_root_add_100_2_C185/U1_0/A (FADDX1_RVT)
                                                                       0.0616      1.0000              0.0002      2.9896 f    (76.76,64.88)
  execution_unit_0/alu_0/add_1_root_add_100_2_C185/U1_0/CO (FADDX1_RVT)
                                                                       0.0444      1.0000              0.1096      3.0992 f    (75.29,64.56)
  execution_unit_0/alu_0/add_1_root_add_100_2_C185/carry[1] (net)
                                                    1      2.1733
  execution_unit_0/alu_0/add_1_root_add_100_2_C185/U1_1/CI (FADDX1_RVT)
                                                                       0.0444      1.0000              0.0000      3.0992 f    (69.47,66.57)
  execution_unit_0/alu_0/add_1_root_add_100_2_C185/U1_1/CO (FADDX1_RVT)
                                                                       0.0449      1.0000              0.0895      3.1888 f    (70.92,66.45)
  execution_unit_0/alu_0/add_1_root_add_100_2_C185/carry[2] (net)
                                                    1      1.9171
  execution_unit_0/alu_0/add_1_root_add_100_2_C185/U1_2/CI (FADDX1_RVT)
                                                                       0.0449      1.0000              0.0000      3.1888 f    (70.83,71.13)
  execution_unit_0/alu_0/add_1_root_add_100_2_C185/U1_2/CO (FADDX1_RVT)
                                                                       0.0448      1.0000              0.0895      3.2782 f    (72.28,71.24)
  execution_unit_0/alu_0/add_1_root_add_100_2_C185/carry[3] (net)
                                                    1      1.8903
  execution_unit_0/alu_0/add_1_root_add_100_2_C185/U1_3/CI (FADDX1_RVT)
                                                                       0.0448      1.0000              0.0000      3.2783 f    (74.03,74.47)
  execution_unit_0/alu_0/add_1_root_add_100_2_C185/U1_3/S (FADDX1_RVT)
                                                                       0.0532      1.0000              0.1616      3.4398 r    (75.16,74.66)
  execution_unit_0/alu_0/N13 (net)                  3      2.8100
  execution_unit_0/alu_0/U143/A3 (OA21X1_RVT)                          0.0532      1.0000              0.0000      3.4398 r    (76.93,74.76)
  execution_unit_0/alu_0/U143/Y (OA21X1_RVT)                           0.0310      1.0000              0.0694      3.5092 r    (77.46,74.67)
  execution_unit_0/alu_0/n9 (net)                   1      0.8684
  execution_unit_0/alu_0/U7/A2 (OR2X1_RVT)                             0.0310      1.0000              0.0000      3.5092 r    (78.25,74.59)
  execution_unit_0/alu_0/U7/Y (OR2X1_RVT)                              0.0529      1.0000              0.0737      3.5829 r    (78.67,74.74)
  execution_unit_0/alu_0/n4 (net)                   3      4.2734
  execution_unit_0/alu_0/U106/A1 (AND2X1_RVT)                          0.0529      1.0000              0.0000      3.5830 r    (79.97,71.43)
  execution_unit_0/alu_0/U106/Y (AND2X1_RVT)                           0.0337      1.0000              0.0628      3.6458 r    (80.49,71.36)
  execution_unit_0/alu_0/add_102_C185_aco/carry[2] (net)
                                                    1      1.8328
  execution_unit_0/alu_0/add_102_C185_aco/U1_2/CI (FADDX1_RVT)         0.0337      1.0000              0.0000      3.6458 r    (80.41,74.47)
  execution_unit_0/alu_0/add_102_C185_aco/U1_2/CO (FADDX1_RVT)         0.0519      1.0000              0.0986      3.7444 r    (81.86,74.59)
  execution_unit_0/alu_0/add_102_C185_aco/carry[3] (net)
                                                    2      2.1143
  execution_unit_0/alu_0/U104/A1 (AND2X1_RVT)                          0.0519      1.0000              0.0000      3.7444 r    (80.37,76.30)
  execution_unit_0/alu_0/U104/Y (AND2X1_RVT)                           0.0293      1.0000              0.0584      3.8028 r    (79.85,76.37)
  execution_unit_0/alu_0/add_102_C185_aco/carry[4] (net)
                                                    1      1.2412
  execution_unit_0/alu_0/U103/A2 (XOR2X1_RVT)                          0.0293      1.0000              0.0000      3.8028 r    (78.23,77.98)
  execution_unit_0/alu_0/U103/Y (XOR2X1_RVT)                           0.0483      1.0000              0.1294      3.9322 f    (76.96,78.06)
  execution_unit_0/alu_0/alu_dadd0[4]1 (net)        1      1.9298
  execution_unit_0/alu_0/add_1_root_add_100_2_C186/U1_0/CI (FADDX1_RVT)
                                                                       0.0483      1.0000              0.0000      3.9322 f    (73.11,81.16)
  execution_unit_0/alu_0/add_1_root_add_100_2_C186/U1_0/S (FADDX1_RVT)
                                                                       0.0403      1.0000              0.1491      4.0813 r    (74.25,81.35)
  execution_unit_0/alu_0/alu_dadd1[0] (net)         1      1.0928
  execution_unit_0/alu_0/U17/A1 (AO222X1_RVT)                          0.0403      1.0000              0.0000      4.0813 r    (79.21,79.64)
  execution_unit_0/alu_0/U17/Y (AO222X1_RVT)                           0.0514      1.0000              0.1354      4.2167 r    (80.56,79.71)
  execution_unit_0/alu_0/aps_rename_20_ (net)       1      1.2212
  execution_unit_0/alu_0/clockcopt_h_inst_5229/A (NBUFFX4_RVT)         0.0514      1.0000              0.0000      4.2167 r    (84.69,81.29)
  execution_unit_0/alu_0/clockcopt_h_inst_5229/Y (NBUFFX4_RVT)         0.0737      1.0000              0.0905      4.3072 r    (85.36,81.39)
  execution_unit_0/alu_0/alu_out[4] (net)          19     26.0970
  execution_unit_0/alu_0/alu_out[4] (omsp_alu)                         0.0737      1.0000              0.0000      4.3072 r    (hierarchical)    h
  execution_unit_0/placeHFSNET_68 (net)                   26.0970
  execution_unit_0/register_file_0/placeHFSNET_68 (omsp_register_file)
                                                                       0.0737      1.0000              0.0000      4.3072 r    (hierarchical)    h
  execution_unit_0/register_file_0/placeHFSNET_68 (net)   26.0970
  execution_unit_0/register_file_0/U399/A1 (AO21X2_RVT)                0.0738      1.0000              0.0024      4.3097 r    (105.14,41.34)
  execution_unit_0/register_file_0/U399/Y (AO21X2_RVT)                 0.0715      1.0000              0.1334      4.4431 r    (105.79,41.28)
  execution_unit_0/register_file_0/cpuoff (net)     5      8.2089
  execution_unit_0/register_file_0/cpuoff (omsp_register_file)         0.0715      1.0000              0.0000      4.4431 r    (hierarchical)    h
  execution_unit_0/cpuoff (net)                            8.2089
  execution_unit_0/cpuoff (omsp_execution_unit)                        0.0715      1.0000              0.0000      4.4431 r    (hierarchical)    h
  cpuoff (net)                                             8.2089
  frontend_0/cpuoff (omsp_frontend)                                    0.0715      1.0000              0.0000      4.4431 r    (hierarchical)    h
  frontend_0/cpuoff (net)                                  8.2089
  frontend_0/U69/A2 (NAND2X0_RVT)                                      0.0715      1.0000              0.0006      4.4436 r    (69.19,24.46)
  frontend_0/U69/Y (NAND2X0_RVT)                                       0.0653      1.0000              0.0545      4.4982 f    (69.32,24.53)
  frontend_0/n74 (net)                              1      1.1296
  frontend_0/U68/A4 (AO22X2_RVT)                                       0.0653      1.0000              0.0000      4.4982 f    (73.43,24.31)
  frontend_0/U68/Y (AO22X2_RVT)                                        0.0745      1.0000              0.1158      4.6139 f    (74.02,24.52)
  frontend_0/mclk_enable (net)                      4     12.0379
  frontend_0/mclk_enable (omsp_frontend)                               0.0745      1.0000              0.0000      4.6139 f    (hierarchical)    h
  placeHFSNET_62 (net)                                    12.0379
  clock_module_0/placeHFSNET_62 (omsp_clock_module)                    0.0745      1.0000              0.0000      4.6139 f    (hierarchical)    h
  clock_module_0/placeHFSNET_62 (net)                     12.0379
  clock_module_0/and_cpuoff_mclk_en/b (omsp_and_gate_0)                0.0745      1.0000              0.0000      4.6139 f    (hierarchical)    h
  clock_module_0/and_cpuoff_mclk_en/b (net)               12.0379
  clock_module_0/and_cpuoff_mclk_en/U1/A1 (AND2X2_RVT)                 0.0745      1.0000              0.0004      4.6143 f    (81.19,39.51)
  clock_module_0/and_cpuoff_mclk_en/U1/Y (AND2X2_RVT)                  0.0551      1.0000              0.1066      4.7209 f    (81.71,39.59)
  clock_module_0/and_cpuoff_mclk_en/y (net)         1      7.8017
  clock_module_0/and_cpuoff_mclk_en/y (omsp_and_gate_0)                0.0551      1.0000              0.0000      4.7209 f    (hierarchical)    h
  clock_module_0/cpuoff_and_mclk_enable (net)              7.8017
  clock_module_0/and_dco_dis1/b (omsp_and_gate_21)                     0.0551      1.0000              0.0000      4.7209 f    (hierarchical)    h
  clock_module_0/and_dco_dis1/b (net)                      7.8017
  clock_module_0/and_dco_dis1/U1/A1 (AND2X1_RVT)                       0.0551      1.0000              0.0006      4.7215 f    (87.12,119.77)
  clock_module_0/and_dco_dis1/U1/Y (AND2X1_RVT)                        0.0252      1.0000              0.0637      4.7852 f    (87.64,119.84)
  clock_module_0/and_dco_dis1/y (net)               1      0.8397
  clock_module_0/and_dco_dis1/y (omsp_and_gate_21)                     0.0252      1.0000              0.0000      4.7852 f    (hierarchical)    h
  clock_module_0/cpu_enabled_with_dco (net)                0.8397
  clock_module_0/U55/A2 (NOR2X0_RVT)                                   0.0252      1.0000              0.0000      4.7852 f    (88.12,121.32)
  clock_module_0/U55/Y (NOR2X0_RVT)                                    0.0222      1.0000              0.0702      4.8554 r    (88.85,121.52)
  clock_module_0/n117 (net)                         1      0.9311
  clock_module_0/and_dco_dis2/b (omsp_and_gate_20)                     0.0222      1.0000              0.0000      4.8554 r    (hierarchical)    h
  clock_module_0/and_dco_dis2/b (net)                      0.9311
  clock_module_0/and_dco_dis2/U1/A1 (AND2X1_RVT)                       0.0222      1.0000              0.0000      4.8554 r    (91.53,121.59)
  clock_module_0/and_dco_dis2/U1/Y (AND2X1_RVT)                        0.0259      1.0000              0.0485      4.9040 r    (92.04,121.52)
  clock_module_0/and_dco_dis2/y (net)               1      0.8721
  clock_module_0/and_dco_dis2/y (omsp_and_gate_20)                     0.0259      1.0000              0.0000      4.9040 r    (hierarchical)    h
  clock_module_0/dco_not_enabled_by_dbg (net)              0.8721
  clock_module_0/and_dco_dis3/b (omsp_and_gate_19)                     0.0259      1.0000              0.0000      4.9040 r    (hierarchical)    h
  clock_module_0/and_dco_dis3/b (net)                      0.8721
  clock_module_0/and_dco_dis3/U1/A1 (AND2X1_RVT)                       0.0259      1.0000              0.0000      4.9040 r    (92.68,119.77)
  clock_module_0/and_dco_dis3/U1/Y (AND2X1_RVT)                        0.0262      1.0000              0.0505      4.9545 r    (92.17,119.84)
  clock_module_0/and_dco_dis3/y (net)               1      0.9875
  clock_module_0/and_dco_dis3/y (omsp_and_gate_19)                     0.0262      1.0000              0.0000      4.9545 r    (hierarchical)    h
  clock_module_0/dco_disable_by_scg0 (net)                 0.9875
  clock_module_0/U45/A (INVX0_RVT)                                     0.0262      1.0000              0.0000      4.9545 r    (91.46,123.28)
  clock_module_0/U45/Y (INVX0_RVT)                                     0.0297      1.0000              0.0286      4.9831 f    (91.25,123.23)
  clock_module_0/n23 (net)                          1      1.3641
  clock_module_0/and_dco_dis5/a (omsp_and_gate_17)                     0.0297      1.0000              0.0000      4.9831 f    (hierarchical)    h
  clock_module_0/and_dco_dis5/a (net)                      1.3641
  clock_module_0/and_dco_dis5/U1/A2 (AND2X1_RVT)                       0.0297      1.0000              0.0000      4.9831 f    (87.57,128.13)
  clock_module_0/and_dco_dis5/U1/Y (AND2X1_RVT)                        0.0367      1.0000              0.0670      5.0501 f    (88.24,128.21)
  clock_module_0/and_dco_dis5/y (net)               2      2.5565
  clock_module_0/and_dco_dis5/y (omsp_and_gate_17)                     0.0367      1.0000              0.0000      5.0501 f    (hierarchical)    h
  clock_module_0/dco_enable_nxt (net)                      2.5565
  clock_module_0/and_dco_en_wkup/b (omsp_and_gate_15)                  0.0367      1.0000              0.0000      5.0501 f    (hierarchical)    h
  clock_module_0/and_dco_en_wkup/b (net)                   2.5565
  clock_module_0/and_dco_en_wkup/U1/A1 (AND2X1_RVT)                    0.0367      1.0000              0.0000      5.0502 f    (92.83,123.11)
  clock_module_0/and_dco_en_wkup/U1/Y (AND2X1_RVT)                     0.0327      1.0000              0.0628      5.1130 f    (92.32,123.19)
  clock_module_0/and_dco_en_wkup/y (net)            1      1.9173
  clock_module_0/and_dco_en_wkup/y (omsp_and_gate_15)                  0.0327      1.0000              0.0000      5.1130 f    (hierarchical)    h
  clock_module_0/dco_en_wkup (net)                         1.9173
  clock_module_0/U120/A3 (OR3X1_RVT)                                   0.0327      1.0000              0.0000      5.1130 f    (89.85,133.41)
  clock_module_0/U120/Y (OR3X1_RVT)                                    0.0350      1.0000              0.0678      5.1809 f    (89.43,133.22)
  clock_module_0/N169 (net)                         2      1.7403
  clock_module_0/U112/A1 (OR2X1_RVT)                                   0.0350      1.0000              0.0000      5.1809 f    (88.74,133.25)
  clock_module_0/U112/Y (OR2X1_RVT)                                    0.0299      1.0000              0.0614      5.2422 f    (88.06,133.18)
  clock_module_0/_9_net_ (net)                      1      0.9244
  clock_module_0/scan_mux_dco_wkup/data_in_func (omsp_scan_mux_1)      0.0299      1.0000              0.0000      5.2422 f    (hierarchical)    h
  clock_module_0/scan_mux_dco_wkup/data_in_func (net)      0.9244
  clock_module_0/scan_mux_dco_wkup/U2/A3 (AO22X1_RVT)                  0.0299      1.0000              0.0000      5.2422 f    (86.66,130.56)
  clock_module_0/scan_mux_dco_wkup/U2/Y (AO22X1_RVT)                   0.0329      1.0000              0.0556      5.2979 f    (87.09,129.86)
  clock_module_0/scan_mux_dco_wkup/data_out (net)
                                                    1      1.1865
  clock_module_0/scan_mux_dco_wkup/data_out (omsp_scan_mux_1)          0.0329      1.0000              0.0000      5.2979 f    (hierarchical)    h
  clock_module_0/dco_wkup_set_scan (net)                   1.1865
  clock_module_0/sync_cell_dco_wkup/rst (omsp_sync_cell_0)             0.0329      1.0000              0.0000      5.2979 f    (hierarchical)    h
  clock_module_0/sync_cell_dco_wkup/rst (net)              1.1865
  clock_module_0/sync_cell_dco_wkup/U3/A (INVX1_RVT)                   0.0329      1.0000              0.0000      5.2979 f    (86.82,126.63)
  clock_module_0/sync_cell_dco_wkup/U3/Y (INVX1_RVT)                   0.0381      1.0000              0.0390      5.3369 r    (86.95,126.53)
  clock_module_0/sync_cell_dco_wkup/n1 (net)        2      3.0604
  clock_module_0/sync_cell_dco_wkup/data_sync_reg[1]/RSTB (DFFARX1_RVT)
                                                                       0.0381      1.0000              0.0001      5.3369 r    (96.52,120.84)    s, n
  data arrival time                                                                                                5.3369

  clock dco_clk' (rise edge)                                                                          20.0000     20.0000
  source latency                                                                                       0.0000     20.0000
  dco_clk (in)                                                         0.0000      1.0000              0.0000     20.0000 f    (157.77,211.12)
  dco_clk (net)                                     4     22.1315                                                                                d
  cts_inv_8993272/A (IBUFFX2_RVT)                                      0.0000      1.0000              0.0000     20.0000 f    (155.37,196.85)
  cts_inv_8993272/Y (IBUFFX2_RVT)                                      0.0000      1.0000              0.0000     20.0000 r    (156.19,196.75)
  ctsbuf_net_1941 (net)                             1      0.6682                                                                                d
  cts_inv_8943267/A (IBUFFX8_RVT)                                      0.0000      1.0000              0.0000     20.0000 r    (155.07,198.34)
  cts_inv_8943267/Y (IBUFFX8_RVT)                                      0.0000      1.0000              0.0000     20.0000 f    (156.49,198.43)
  ctsbuf_net_1840 (net)                            17     26.4793                                                                                d
  clock_module_0/dco_clk (omsp_clock_module)                           0.0000      1.0000              0.0000     20.0000 f    (hierarchical)    h
  clock_module_0/dco_clk (net)                     17     26.4793                                                                                d
  clock_module_0/clock_gate_smclk/p_abuf1 (omsp_clock_gate_31)         0.0000      1.0000              0.0000     20.0000 f    (hierarchical)    h
  clock_module_0/clock_gate_smclk/p_abuf1 (net)    17     26.4793                                                                                d
  clock_module_0/clock_gate_smclk/U2/A (INVX2_RVT)                     0.0000      1.0000              0.0000     20.0000 f    (115.47,134.79)
  clock_module_0/clock_gate_smclk/U2/Y (INVX2_RVT)                     0.0000      1.0000              0.0000     20.0000 r    (115.60,134.90)
  clock_module_0/clock_gate_smclk/n2 (net)          6      9.6743                                                                                d
  clock_module_0/clock_gate_smclk/n2 (omsp_clock_gate_31)              0.0000      1.0000              0.0000     20.0000 r    (hierarchical)    h
  clock_module_0/cts0 (net)                         6      9.6743                                                                                d
  clock_module_0/sync_cell_dco_wkup/clk (omsp_sync_cell_0)             0.0000      1.0000              0.0000     20.0000 r    (hierarchical)    h
  clock_module_0/sync_cell_dco_wkup/clk (net)       6      9.6743                                                                                d
  clock_module_0/sync_cell_dco_wkup/data_sync_reg[1]/CLK (DFFARX1_RVT)
                                                                       0.0000      1.0000              0.0000     20.0000 r    (94.87,122.18)    s, n

  library setup time                                                               1.0000              0.0355     20.0355
  data required time                                                                                              20.0355
  ----------------------------------------------------------------------------------------------------------------------------------------------------------------
  data required time                                                                                              20.0355
  data arrival time                                                                                               -5.3369
  ----------------------------------------------------------------------------------------------------------------------------------------------------------------
  slack (MET)                                                                                                     14.6986



  Startpoint: frontend_0/inst_so_reg[7] (rising edge-triggered flip-flop clocked by dco_clk)
  Endpoint: pmem_addr[7] (output port clocked by dco_clk)
  Mode: func
  Corner: fast
  Scenario: func_fast
  Path Group: REGOUT
  Path Type: max


Attributes
    b - black-box (unknown)
    s - size_only
    d - dont_touch
    u - dont_use
    g - generic
    h - hierarchical
    i - ideal
    n - noncombinational
    E - extracted timing model
    Q - Quick timing model


  Point                                          Fanout     Cap        Trans      Derate    Delta       Incr        Path           Location       Attributes
  ----------------------------------------------------------------------------------------------------------------------------------------------------------------
  clock dco_clk (rise edge)                                                                            0.0000      0.0000
  source latency                                                                                       0.0000      0.0000
  dco_clk (in)                                                         0.0000      1.0000              0.0000      0.0000 r    (157.77,211.12)
  dco_clk (net)                                     4     22.7212                                                                                d
  clock_module_0/p_abuf15 (omsp_clock_module)                          0.0000      1.0000              0.0000      0.0000 r    (hierarchical)    h
  clock_module_0/p_abuf15 (net)                     4     22.7212                                                                                d
  clock_module_0/clock_gate_mclk/clk (omsp_clock_gate_0)               0.0000      1.0000              0.0000      0.0000 r    (hierarchical)    h
  clock_module_0/clock_gate_mclk/clk (net)          4     22.7212                                                                                d
  clock_module_0/clock_gate_mclk/U3/A2 (AND2X4_RVT)                    0.0000      1.0000              0.0000      0.0000 r    (71.46,64.59)     s
  clock_module_0/clock_gate_mclk/U3/Y (AND2X4_RVT)                     0.0000      1.0000              0.0000      0.0000 r    (72.28,64.67)     s
  clock_module_0/clock_gate_mclk/gclk (net)         1     10.9986                                                                                d
  clock_module_0/clock_gate_mclk/cts_inv_8313204/A (INVX16_RVT)        0.0000      1.0000              0.0000      0.0000 r    (73.83,69.78)
  clock_module_0/clock_gate_mclk/cts_inv_8313204/Y (INVX16_RVT)        0.0000      1.0000              0.0000      0.0000 f    (73.96,69.68)
  clock_module_0/clock_gate_mclk/ctsbuf_net_1335 (net)
                                                    1     10.6234                                                                                d
  clock_module_0/clock_gate_mclk/cts_inv_8263199/A (INVX16_RVT)        0.0000      1.0000              0.0000      0.0000 f    (73.83,67.91)
  clock_module_0/clock_gate_mclk/cts_inv_8263199/Y (INVX16_RVT)        0.0000      1.0000              0.0000      0.0000 r    (73.96,68.02)
  clock_module_0/clock_gate_mclk/p_abuf5 (net)      3     25.4039                                                                                d
  clock_module_0/clock_gate_mclk/p_abuf5 (omsp_clock_gate_0)           0.0000      1.0000              0.0000      0.0000 r    (hierarchical)    h
  clock_module_0/p_abuf12 (net)                     3     25.4039                                                                                d
  clock_module_0/p_abuf12 (omsp_clock_module)                          0.0000      1.0000              0.0000      0.0000 r    (hierarchical)    h
  p_abuf9 (net)                                     3     25.4039                                                                                d
  frontend_0/p_abuf5 (omsp_frontend)                                   0.0000      1.0000              0.0000      0.0000 r    (hierarchical)    h
  frontend_0/p_abuf5 (net)                          3     25.4039                                                                                d
  frontend_0/clock_gate_decode/clk (omsp_clock_gate_25)                0.0000      1.0000              0.0000      0.0000 r    (hierarchical)    h
  frontend_0/clock_gate_decode/clk (net)            3     25.4039                                                                                d
  frontend_0/clock_gate_decode/U3/A2 (AND2X1_RVT)                      0.0000      1.0000              0.0000      0.0000 r    (64.47,37.84)     s
  frontend_0/clock_gate_decode/U3/Y (AND2X1_RVT)                       0.0000      1.0000              0.0000      0.0000 r    (65.14,37.92)     s
  frontend_0/clock_gate_decode/ctsbuf_net_426 (net)
                                                    1      1.8364                                                                                d
  frontend_0/clock_gate_decode/cts_inv_7443117/A (INVX2_RVT)           0.0000      1.0000              0.0000      0.0000 r    (65.77,43.03)
  frontend_0/clock_gate_decode/cts_inv_7443117/Y (INVX2_RVT)           0.0000      1.0000              0.0000      0.0000 f    (65.90,42.93)
  frontend_0/clock_gate_decode/ctsbuf_net_527 (net)
                                                    1      5.8459                                                                                d
  frontend_0/clock_gate_decode/cts_inv_7393112/A (INVX8_RVT)           0.0000      1.0000              0.0000      0.0000 f    (63.19,41.16)
  frontend_0/clock_gate_decode/cts_inv_7393112/Y (INVX8_RVT)           0.0000      1.0000              0.0000      0.0000 r    (63.31,41.26)
  frontend_0/clock_gate_decode/gclk (net)          49     55.5535                                                                                d
  frontend_0/clock_gate_decode/gclk (omsp_clock_gate_25)               0.0000      1.0000              0.0000      0.0000 r    (hierarchical)    h
  frontend_0/mclk_decode (net)                     49     55.5535                                                                                d
  frontend_0/inst_so_reg[7]/CLK (DFFARX1_RVT)                          0.0000      1.0000              0.0000      0.0000 r    (66.45,28.55)     s, n

  frontend_0/inst_so_reg[7]/CLK (DFFARX1_RVT)                          0.0000      1.0000              0.0000      0.0000 r    (66.45,28.55)     s, n
  frontend_0/inst_so_reg[7]/QN (DFFARX1_RVT)                           0.0659      1.0000              0.1427      0.1427 r    (69.84,27.90)     s, n
  frontend_0/n379 (net)                             3      3.8083
  frontend_0/U203/A2 (NAND3X0_RVT)                                     0.0659      1.0000              0.0000      0.1427 r    (67.14,26.14)
  frontend_0/U203/Y (NAND3X0_RVT)                                      0.1342      1.0000              0.1157      0.2584 f    (67.27,26.22)
  frontend_0/n142 (net)                             2      3.4592
  frontend_0/U200/A1 (NOR3X0_RVT)                                      0.1342      1.0000              0.0002      0.2586 f    (98.67,24.43)
  frontend_0/U200/Y (NOR3X0_RVT)                                       0.0423      1.0000              0.1560      0.4145 r    (99.79,24.54)
  frontend_0/n138 (net)                             4      3.3395
  frontend_0/U199/A3 (AND3X1_RVT)                                      0.0423      1.0000              0.0001      0.4146 r    (104.90,21.12)
  frontend_0/U199/Y (AND3X1_RVT)                                       0.0505      1.0000              0.0899      0.5045 r    (105.72,21.19)
  frontend_0/n139 (net)                             4      3.2533
  frontend_0/U191/A1 (AO222X1_RVT)                                     0.0505      1.0000              0.0000      0.5045 r    (106.36,24.62)
  frontend_0/U191/Y (AO222X1_RVT)                                      0.0897      1.0000              0.1779      0.6824 r    (105.01,24.55)
  frontend_0/inst_dest[0] (net)                     2      5.9672
  frontend_0/inst_dest[0] (omsp_frontend)                              0.0897      1.0000              0.0000      0.6824 r    (hierarchical)    h
  inst_dest[0] (net)                                       5.9672
  execution_unit_0/inst_dest[0] (omsp_execution_unit)                  0.0897      1.0000              0.0000      0.6824 r    (hierarchical)    h
  execution_unit_0/inst_dest[0] (net)                      5.9672
  execution_unit_0/register_file_0/inst_dest[0] (omsp_register_file)   0.0897      1.0000              0.0000      0.6824 r    (hierarchical)    h
  execution_unit_0/register_file_0/inst_dest[0] (net)      5.9672
  execution_unit_0/register_file_0/placeHFSINV_797_165/A (INVX4_RVT)   0.0897      1.0000              0.0001      0.6825 r    (114.56,29.65)
  execution_unit_0/register_file_0/placeHFSINV_797_165/Y (INVX4_RVT)   0.0797      1.0000              0.0671      0.7496 f    (114.69,29.55)
  execution_unit_0/register_file_0/placeHFSNET_129 (net)
                                                   16     23.0090
  execution_unit_0/register_file_0/U363/A2 (OA22X1_RVT)                0.0796      1.0000              0.0005      0.7502 f    (147.01,25.53)
  execution_unit_0/register_file_0/U363/Y (OA22X1_RVT)                 0.0410      1.0000              0.0998      0.8500 f    (147.84,26.24)
  execution_unit_0/register_file_0/n578 (net)       1      1.6992
  execution_unit_0/register_file_0/U362/A5 (OA221X1_RVT)               0.0410      1.0000              0.0000      0.8500 f    (154.75,19.69)
  execution_unit_0/register_file_0/U362/Y (OA221X1_RVT)                0.0408      1.0000              0.0737      0.9238 f    (155.29,19.55)
  execution_unit_0/register_file_0/n577 (net)       1      0.8877
  execution_unit_0/register_file_0/U361/A4 (NAND4X0_RVT)               0.0408      1.0000              0.0000      0.9238 f    (157.95,21.12)
  execution_unit_0/register_file_0/U361/Y (NAND4X0_RVT)                0.0710      1.0000              0.0672      0.9910 r    (158.24,21.20)
  execution_unit_0/register_file_0/reg_dest[0] (net)
                                                    1      2.0344
  execution_unit_0/register_file_0/reg_dest[0] (omsp_register_file)    0.0710      1.0000              0.0000      0.9910 r    (hierarchical)    h
  execution_unit_0/dbg_reg_din[0] (net)                    2.0344
  execution_unit_0/dbg_reg_din[0] (omsp_execution_unit)                0.0710      1.0000              0.0000      0.9910 r    (hierarchical)    h
  dbg_reg_din[0] (net)                                     2.0344
  placeZBUF_inst_490/A (NBUFFX4_RVT)                                   0.0710      1.0000              0.0000      0.9910 r    (148.91,27.78)
  placeZBUF_inst_490/Y (NBUFFX4_RVT)                                   0.0547      1.0000              0.0828      1.0738 r    (148.25,27.89)
  placeZBUF_97 (net)                                3     16.0446
  execution_unit_0/placeZBUF_48 (omsp_execution_unit)                  0.0547      1.0000              0.0000      1.0738 r    (hierarchical)    h
  execution_unit_0/placeZBUF_48 (net)                     16.0446
  execution_unit_0/U87/A1 (AO222X1_RVT)                                0.0550      1.0000              0.0026      1.0764 r    (52.01,49.54)
  execution_unit_0/U87/Y (AO222X1_RVT)                                 0.0553      1.0000              0.1446      1.2210 r    (53.35,49.61)
  execution_unit_0/n79 (net)                        1      1.6751
  execution_unit_0/U86/A2 (OR2X1_RVT)                                  0.0553      1.0000              0.0000      1.2210 r    (53.01,59.76)
  execution_unit_0/U86/Y (OR2X1_RVT)                                   0.0729      1.0000              0.0955      1.3165 r    (53.44,59.62)
  execution_unit_0/op_src[0] (net)                  3      6.7294
  execution_unit_0/alu_0/op_src[0] (omsp_alu)                          0.0729      1.0000              0.0000      1.3165 r    (hierarchical)    h
  execution_unit_0/alu_0/op_src[0] (net)                   6.7294
  execution_unit_0/alu_0/U26/A1 (XOR2X2_RVT)                           0.0729      1.0000              0.0001      1.3166 r    (60.68,59.85)
  execution_unit_0/alu_0/U26/Y (XOR2X2_RVT)                            0.0636      1.0000              0.1033      1.4200 r    (61.95,59.64)
  execution_unit_0/alu_0/op_src_inv[0] (net)        6      8.2327
  execution_unit_0/alu_0/add_1_root_add_100_2_C185/U1_0/A (FADDX1_RVT)
                                                                       0.0636      1.0000              0.0002      1.4202 r    (76.76,64.88)
  execution_unit_0/alu_0/add_1_root_add_100_2_C185/U1_0/CO (FADDX1_RVT)
                                                                       0.0528      1.0000              0.1200      1.5401 r    (75.29,64.56)
  execution_unit_0/alu_0/add_1_root_add_100_2_C185/carry[1] (net)
                                                    1      2.1778
  execution_unit_0/alu_0/add_1_root_add_100_2_C185/U1_1/CI (FADDX1_RVT)
                                                                       0.0528      1.0000              0.0000      1.5401 r    (69.47,66.57)
  execution_unit_0/alu_0/add_1_root_add_100_2_C185/U1_1/CO (FADDX1_RVT)
                                                                       0.0516      1.0000              0.1028      1.6430 r    (70.92,66.45)
  execution_unit_0/alu_0/add_1_root_add_100_2_C185/carry[2] (net)
                                                    1      1.9216
  execution_unit_0/alu_0/add_1_root_add_100_2_C185/U1_2/CI (FADDX1_RVT)
                                                                       0.0516      1.0000              0.0000      1.6430 r    (70.83,71.13)
  execution_unit_0/alu_0/add_1_root_add_100_2_C185/U1_2/CO (FADDX1_RVT)
                                                                       0.0513      1.0000              0.1022      1.7451 r    (72.28,71.24)
  execution_unit_0/alu_0/add_1_root_add_100_2_C185/carry[3] (net)
                                                    1      1.8949
  execution_unit_0/alu_0/add_1_root_add_100_2_C185/U1_3/CI (FADDX1_RVT)
                                                                       0.0513      1.0000              0.0000      1.7452 r    (74.03,74.47)
  execution_unit_0/alu_0/add_1_root_add_100_2_C185/U1_3/S (FADDX1_RVT)
                                                                       0.0544      1.0000              0.1603      1.9054 f    (75.16,74.66)
  execution_unit_0/alu_0/N13 (net)                  3      2.7991
  execution_unit_0/alu_0/U143/A3 (OA21X1_RVT)                          0.0544      1.0000              0.0000      1.9054 f    (76.93,74.76)
  execution_unit_0/alu_0/U143/Y (OA21X1_RVT)                           0.0296      1.0000              0.0727      1.9781 f    (77.46,74.67)
  execution_unit_0/alu_0/n9 (net)                   1      0.8615
  execution_unit_0/alu_0/U7/A2 (OR2X1_RVT)                             0.0296      1.0000              0.0000      1.9781 f    (78.25,74.59)
  execution_unit_0/alu_0/U7/Y (OR2X1_RVT)                              0.0502      1.0000              0.0722      2.0504 f    (78.67,74.74)
  execution_unit_0/alu_0/n4 (net)                   3      4.2608
  execution_unit_0/alu_0/U106/A1 (AND2X1_RVT)                          0.0502      1.0000              0.0000      2.0504 f    (79.97,71.43)
  execution_unit_0/alu_0/U106/Y (AND2X1_RVT)                           0.0329      1.0000              0.0686      2.1189 f    (80.49,71.36)
  execution_unit_0/alu_0/add_102_C185_aco/carry[2] (net)
                                                    1      1.8283
  execution_unit_0/alu_0/add_102_C185_aco/U1_2/CI (FADDX1_RVT)         0.0329      1.0000              0.0000      2.1190 f    (80.41,74.47)
  execution_unit_0/alu_0/add_102_C185_aco/U1_2/CO (FADDX1_RVT)         0.0434      1.0000              0.0870      2.2060 f    (81.86,74.59)
  execution_unit_0/alu_0/add_102_C185_aco/carry[3] (net)
                                                    2      2.1126
  execution_unit_0/alu_0/U104/A1 (AND2X1_RVT)                          0.0434      1.0000              0.0000      2.2060 f    (80.37,76.30)
  execution_unit_0/alu_0/U104/Y (AND2X1_RVT)                           0.0282      1.0000              0.0613      2.2673 f    (79.85,76.37)
  execution_unit_0/alu_0/add_102_C185_aco/carry[4] (net)
                                                    1      1.2405
  execution_unit_0/alu_0/U103/A2 (XOR2X1_RVT)                          0.0282      1.0000              0.0000      2.2673 f    (78.23,77.98)
  execution_unit_0/alu_0/U103/Y (XOR2X1_RVT)                           0.0494      1.0000              0.1287      2.3960 r    (76.96,78.06)
  execution_unit_0/alu_0/alu_dadd0[4]1 (net)        1      1.9343
  execution_unit_0/alu_0/add_1_root_add_100_2_C186/U1_0/CI (FADDX1_RVT)
                                                                       0.0494      1.0000              0.0000      2.3960 r    (73.11,81.16)
  execution_unit_0/alu_0/add_1_root_add_100_2_C186/U1_0/CO (FADDX1_RVT)
                                                                       0.0520      1.0000              0.1025      2.4986 r    (74.56,81.28)
  execution_unit_0/alu_0/add_1_root_add_100_2_C186/carry[1] (net)
                                                    1      1.9951
  execution_unit_0/alu_0/add_1_root_add_100_2_C186/U1_1/CI (FADDX1_RVT)
                                                                       0.0520      1.0000              0.0000      2.4986 r    (72.51,84.50)
  execution_unit_0/alu_0/add_1_root_add_100_2_C186/U1_1/CO (FADDX1_RVT)
                                                                       0.0517      1.0000              0.1034      2.6019 r    (73.96,84.62)
  execution_unit_0/alu_0/add_1_root_add_100_2_C186/carry[2] (net)
                                                    1      2.0006
  execution_unit_0/alu_0/add_1_root_add_100_2_C186/U1_2/CI (FADDX1_RVT)
                                                                       0.0517      1.0000              0.0000      2.6019 r    (71.90,87.85)
  execution_unit_0/alu_0/add_1_root_add_100_2_C186/U1_2/CO (FADDX1_RVT)
                                                                       0.0495      1.0000              0.1006      2.7026 r    (73.35,87.96)
  execution_unit_0/alu_0/add_1_root_add_100_2_C186/carry[3] (net)
                                                    1      1.7401
  execution_unit_0/alu_0/add_1_root_add_100_2_C186/U1_3/CI (FADDX1_RVT)
                                                                       0.0495      1.0000              0.0000      2.7026 r    (74.79,91.19)
  execution_unit_0/alu_0/add_1_root_add_100_2_C186/U1_3/S (FADDX1_RVT)
                                                                       0.0545      1.0000              0.1601      2.8627 f    (75.92,91.38)
  execution_unit_0/alu_0/N26 (net)                  3      2.8569
  execution_unit_0/alu_0/U162/A3 (OA21X1_RVT)                          0.0545      1.0000              0.0000      2.8627 f    (77.54,88.14)
  execution_unit_0/alu_0/U162/Y (OA21X1_RVT)                           0.0294      1.0000              0.0730      2.9357 f    (78.07,88.05)
  execution_unit_0/alu_0/n10 (net)                  1      0.8890
  execution_unit_0/alu_0/U6/A2 (OR2X1_RVT)                             0.0294      1.0000              0.0000      2.9357 f    (78.70,89.86)
  execution_unit_0/alu_0/U6/Y (OR2X1_RVT)                              0.0502      1.0000              0.0722      3.0079 f    (79.12,89.71)
  execution_unit_0/alu_0/n3 (net)                   3      4.2648
  execution_unit_0/alu_0/U91/A1 (AND2X1_RVT)                           0.0502      1.0000              0.0000      3.0079 f    (78.91,86.33)
  execution_unit_0/alu_0/U91/Y (AND2X1_RVT)                            0.0310      1.0000              0.0671      3.0750 f    (79.43,86.40)
  execution_unit_0/alu_0/add_102_C186_aco/carry[2] (net)
                                                    1      1.6218
  execution_unit_0/alu_0/add_102_C186_aco/U1_2/CI (FADDX1_RVT)         0.0310      1.0000              0.0000      3.0751 f    (81.78,86.63)
  execution_unit_0/alu_0/add_102_C186_aco/U1_2/CO (FADDX1_RVT)         0.0472      1.0000              0.0901      3.1651 f    (83.23,86.52)
  execution_unit_0/alu_0/add_102_C186_aco/carry[3] (net)
                                                    2      2.5866
  execution_unit_0/alu_0/U89/A1 (AND2X1_RVT)                           0.0472      1.0000              0.0000      3.1652 f    (78.39,91.50)
  execution_unit_0/alu_0/U89/Y (AND2X1_RVT)                            0.0313      1.0000              0.0660      3.2312 f    (77.88,91.42)
  execution_unit_0/alu_0/add_102_C186_aco/carry[4] (net)
                                                    1      1.6701
  execution_unit_0/alu_0/U88/A2 (XOR2X1_RVT)                           0.0313      1.0000              0.0000      3.2312 f    (78.39,98.04)
  execution_unit_0/alu_0/U88/Y (XOR2X1_RVT)                            0.0469      1.0000              0.1273      3.3586 r    (77.12,98.12)
  execution_unit_0/alu_0/alu_dadd1[4]1 (net)        1      1.6353
  execution_unit_0/alu_0/add_1_root_add_100_2_C187/U1_0/CI (FADDX1_RVT)
                                                                       0.0469      1.0000              0.0000      3.3586 r    (75.07,97.88)
  execution_unit_0/alu_0/add_1_root_add_100_2_C187/U1_0/CO (FADDX1_RVT)
                                                                       0.0615      1.0000              0.1104      3.4690 r    (73.62,98.00)
  execution_unit_0/alu_0/add_1_root_add_100_2_C187/carry[1] (net)
                                                    1      3.0266
  execution_unit_0/alu_0/add_1_root_add_100_2_C187/U1_1/CI (FADDX1_RVT)
                                                                       0.0615      1.0000              0.0001      3.4691 r    (69.45,110.04)
  execution_unit_0/alu_0/add_1_root_add_100_2_C187/U1_1/CO (FADDX1_RVT)
                                                                       0.0593      1.0000              0.1131      3.5822 r    (68.00,109.93)
  execution_unit_0/alu_0/add_1_root_add_100_2_C187/carry[2] (net)
                                                    1      2.8022
  execution_unit_0/alu_0/add_1_root_add_100_2_C187/U1_2/CI (FADDX1_RVT)
                                                                       0.0593      1.0000              0.0001      3.5823 r    (63.69,121.29)
  execution_unit_0/alu_0/add_1_root_add_100_2_C187/U1_2/CO (FADDX1_RVT)
                                                                       0.0499      1.0000              0.1022      3.6845 r    (65.14,121.40)
  execution_unit_0/alu_0/add_1_root_add_100_2_C187/carry[3] (net)
                                                    1      1.6603
  execution_unit_0/alu_0/add_1_root_add_100_2_C187/U1_3/CI (FADDX1_RVT)
                                                                       0.0499      1.0000              0.0000      3.6845 r    (66.73,121.29)
  execution_unit_0/alu_0/add_1_root_add_100_2_C187/U1_3/S (FADDX1_RVT)
                                                                       0.0594      1.0000              0.1643      3.8488 f    (67.86,121.48)
  execution_unit_0/alu_0/N39 (net)                  3      3.4161
  execution_unit_0/alu_0/U168/A3 (OA21X1_RVT)                          0.0594      1.0000              0.0000      3.8488 f    (71.26,123.13)
  execution_unit_0/alu_0/U168/Y (OA21X1_RVT)                           0.0300      1.0000              0.0756      3.9244 f    (70.72,123.22)
  execution_unit_0/alu_0/n11 (net)                  1      0.9063
  execution_unit_0/alu_0/U5/A2 (OR2X1_RVT)                             0.0300      1.0000              0.0000      3.9244 f    (72.17,124.75)
  execution_unit_0/alu_0/U5/Y (OR2X1_RVT)                              0.0510      1.0000              0.0729      3.9973 f    (72.59,124.90)
  execution_unit_0/alu_0/n2 (net)                   3      4.3500
  execution_unit_0/alu_0/U86/A1 (AND2X1_RVT)                           0.0510      1.0000              0.0000      3.9973 f    (75.20,121.59)
  execution_unit_0/alu_0/U86/Y (AND2X1_RVT)                            0.0323      1.0000              0.0681      4.0654 f    (74.68,121.52)
  execution_unit_0/alu_0/add_102_C187_aco/carry[2] (net)
                                                    1      1.7081
  execution_unit_0/alu_0/add_102_C187_aco/U1_2/CI (FADDX1_RVT)         0.0323      1.0000              0.0000      4.0655 f    (73.27,123.42)
  execution_unit_0/alu_0/add_102_C187_aco/U1_2/CO (FADDX1_RVT)         0.0472      1.0000              0.0906      4.1560 f    (74.71,123.30)
  execution_unit_0/alu_0/add_102_C187_aco/carry[3] (net)
                                                    2      2.5925
  execution_unit_0/alu_0/U84/A1 (AND2X1_RVT)                           0.0472      1.0000              0.0000      4.1561 f    (68.36,128.28)
  execution_unit_0/alu_0/U84/Y (AND2X1_RVT)                            0.0301      1.0000              0.0646      4.2206 f    (67.85,128.21)
  execution_unit_0/alu_0/add_102_C187_aco/carry[4] (net)
                                                    1      1.4576
  execution_unit_0/alu_0/U83/A2 (XOR2X1_RVT)                           0.0301      1.0000              0.0000      4.2206 f    (70.10,124.79)
  execution_unit_0/alu_0/U83/Y (XOR2X1_RVT)                            0.0511      1.0000              0.1313      4.3519 r    (71.37,124.87)
  execution_unit_0/alu_0/alu_dadd2[4]1 (net)        1      2.1230
  execution_unit_0/alu_0/add_1_root_add_100_2_C188/U1_0/CI (FADDX1_RVT)
                                                                       0.0511      1.0000              0.0000      4.3519 r    (70.07,120.07)
  execution_unit_0/alu_0/add_1_root_add_100_2_C188/U1_0/CO (FADDX1_RVT)
                                                                       0.0491      1.0000              0.0991      4.4510 r    (71.52,119.96)
  execution_unit_0/alu_0/add_1_root_add_100_2_C188/carry[1] (net)
                                                    1      1.6116
  execution_unit_0/alu_0/add_1_root_add_100_2_C188/U1_1/CI (FADDX1_RVT)
                                                                       0.0491      1.0000              0.0000      4.4510 r    (73.11,120.07)
  execution_unit_0/alu_0/add_1_root_add_100_2_C188/U1_1/CO (FADDX1_RVT)
                                                                       0.0480      1.0000              0.0983      4.5494 r    (74.56,119.96)
  execution_unit_0/alu_0/add_1_root_add_100_2_C188/carry[2] (net)
                                                    1      1.6001
  execution_unit_0/alu_0/add_1_root_add_100_2_C188/U1_2/CI (FADDX1_RVT)
                                                                       0.0480      1.0000              0.0000      4.5494 r    (76.00,120.07)
  execution_unit_0/alu_0/add_1_root_add_100_2_C188/U1_2/CO (FADDX1_RVT)
                                                                       0.0533      1.0000              0.1018      4.6512 r    (77.45,119.96)
  execution_unit_0/alu_0/add_1_root_add_100_2_C188/carry[3] (net)
                                                    1      1.9729
  execution_unit_0/alu_0/add_1_root_add_100_2_C188/U1_3/CI (FADDX1_RVT)
                                                                       0.0533      1.0000              0.0000      4.6512 r    (80.26,116.73)
  execution_unit_0/alu_0/add_1_root_add_100_2_C188/U1_3/S (FADDX1_RVT)
                                                                       0.0564      1.0000              0.1631      4.8143 f    (81.39,116.54)
  execution_unit_0/alu_0/N52 (net)                  3      3.1105
  execution_unit_0/alu_0/U173/A3 (OA21X1_RVT)                          0.0564      1.0000              0.0000      4.8143 f    (84.22,119.78)
  execution_unit_0/alu_0/U173/Y (OA21X1_RVT)                           0.0297      1.0000              0.0742      4.8885 f    (84.75,119.87)
  execution_unit_0/alu_0/n12 (net)                  1      0.9106
  execution_unit_0/alu_0/U4/A2 (OR2X1_RVT)                             0.0297      1.0000              0.0000      4.8885 f    (82.86,119.95)
  execution_unit_0/alu_0/U4/Y (OR2X1_RVT)                              0.0520      1.0000              0.0735      4.9619 f    (82.44,119.81)
  execution_unit_0/alu_0/n1 (net)                   3      4.4652
  execution_unit_0/alu_0/U81/A1 (AND2X1_RVT)                           0.0520      1.0000              0.0000      4.9620 f    (81.95,123.11)
  execution_unit_0/alu_0/U81/Y (AND2X1_RVT)                            0.0310      1.0000              0.0677      5.0297 f    (82.47,123.19)
  execution_unit_0/alu_0/add_102_C188_aco/carry[2] (net)
                                                    1      1.5898
  execution_unit_0/alu_0/add_102_C188_aco/U1_2/CI (FADDX1_RVT)         0.0310      1.0000              0.0000      5.0297 f    (84.67,123.42)
  execution_unit_0/alu_0/add_102_C188_aco/U1_2/CO (FADDX1_RVT)         0.0472      1.0000              0.0901      5.1198 f    (86.11,123.30)
  execution_unit_0/alu_0/add_102_C188_aco/carry[3] (net)
                                                    2      2.5942
  execution_unit_0/alu_0/U62/A2 (XOR2X1_RVT)                           0.0472      1.0000              0.0000      5.1199 f    (84.47,113.22)
  execution_unit_0/alu_0/U62/Y (XOR2X1_RVT)                            0.0492      1.0000              0.1210      5.2409 f    (83.20,113.14)
  execution_unit_0/alu_0/alu_dadd3[3] (net)         1      2.0407
  execution_unit_0/alu_0/U198/A1 (AO222X1_RVT)                         0.0492      1.0000              0.0000      5.2409 f    (82.10,101.53)
  execution_unit_0/alu_0/U198/Y (AO222X1_RVT)                          0.0721      1.0000              0.1427      5.3836 f    (83.45,101.46)
  execution_unit_0/alu_0/alu_out[15] (net)          6      5.9621
  execution_unit_0/alu_0/alu_out[15] (omsp_alu)                        0.0721      1.0000              0.0000      5.3836 f    (hierarchical)    h
  execution_unit_0/alu_out[15] (net)                       5.9621
  execution_unit_0/register_file_0/reg_dest_val[15] (omsp_register_file)
                                                                       0.0721      1.0000              0.0000      5.3836 f    (hierarchical)    h
  execution_unit_0/register_file_0/reg_dest_val[15] (net)
                                                           5.9621
  execution_unit_0/register_file_0/U56/A1 (AND2X4_RVT)                 0.0721      1.0000              0.0001      5.3838 f    (89.94,88.00)
  execution_unit_0/register_file_0/U56/Y (AND2X4_RVT)                  0.0819      1.0000              0.1361      5.5199 f    (90.52,88.08)
  execution_unit_0/register_file_0/pc_sw[15] (net)
                                                   15     23.4788
  execution_unit_0/register_file_0/pc_sw[15] (omsp_register_file)      0.0819      1.0000              0.0000      5.5199 f    (hierarchical)    h
  execution_unit_0/pc_sw[15] (net)                        23.4788
  execution_unit_0/pc_sw[15] (omsp_execution_unit)                     0.0819      1.0000              0.0000      5.5199 f    (hierarchical)    h
  pc_sw[15] (net)                                         23.4788
  frontend_0/pc_sw[15] (omsp_frontend)                                 0.0819      1.0000              0.0000      5.5199 f    (hierarchical)    h
  frontend_0/pc_sw[15] (net)                              23.4788
  frontend_0/U23/A3 (AO221X1_RVT)                                      0.0819      1.0000              0.0000      5.5199 f    (89.54,80.40)
  frontend_0/U23/Y (AO221X1_RVT)                                       0.0525      1.0000              0.1262      5.6461 f    (90.29,79.70)
  frontend_0/mab[15] (net)                          3      3.3231
  frontend_0/mab[15] (omsp_frontend)                                   0.0525      1.0000              0.0000      5.6461 f    (hierarchical)    h
  fe_mab[15] (net)                                         3.3231
  mem_backbone_0/fe_mab[14] (omsp_mem_backbone)                        0.0525      1.0000              0.0000      5.6461 f    (hierarchical)    h
  mem_backbone_0/fe_mab[14] (net)                          3.3231
  mem_backbone_0/U24/A3 (AND4X1_RVT)                                   0.0525      1.0000              0.0000      5.6461 f    (90.25,82.83)
  mem_backbone_0/U24/Y (AND4X1_RVT)                                    0.0459      1.0000              0.1094      5.7555 f    (89.43,83.06)
  mem_backbone_0/fe_pmem_sel (net)                  1      1.4767
  mem_backbone_0/U179/A1 (NAND2X2_RVT)                                 0.0459      1.0000              0.0000      5.7555 f    (84.46,79.64)
  mem_backbone_0/U179/Y (NAND2X2_RVT)                                  0.0505      1.0000              0.1054      5.8609 r    (85.28,79.72)
  mem_backbone_0/n11 (net)                          3      7.9592
  mem_backbone_0/U174/A2 (NAND4X0_RVT)                                 0.0505      1.0000              0.0002      5.8611 r    (91.31,114.75)
  mem_backbone_0/U174/Y (NAND4X0_RVT)                                  0.1921      1.0000              0.1453      6.0064 f    (91.32,114.83)
  mem_backbone_0/n14 (net)                          3      4.5533
  mem_backbone_0/U39/A1 (AND2X2_RVT)                                   0.1921      1.0000              0.0000      6.0065 f    (93.96,114.90)
  mem_backbone_0/U39/Y (AND2X2_RVT)                                    0.0930      1.0000              0.1702      6.1767 f    (94.47,114.83)
  mem_backbone_0/n10 (net)                         12     14.0377
  mem_backbone_0/U30/A4 (AO222X1_RVT)                                  0.0930      1.0000              0.0006      6.1773 f    (105.97,96.29)
  mem_backbone_0/U30/Y (AO222X1_RVT)                                   0.0817      1.0000              0.1536      6.3309 f    (107.01,96.43)
  mem_backbone_0/pmem_addr[7] (net)                 1      6.8499
  mem_backbone_0/pmem_addr[7] (omsp_mem_backbone)                      0.0817      1.0000              0.0000      6.3309 f    (hierarchical)    h
  pmem_addr[7] (net)                                       6.8499
  pmem_addr[7] (out)                                                   0.0817      1.0000              0.0006      6.3316 f    (211.88,100.77)
  data arrival time                                                                                                6.3316

  clock dco_clk (rise edge)                                                                           40.0000     40.0000
  clock network delay (ideal)                                                                          0.0000     40.0000
  output external delay                                                                               -0.6400     39.3600
  data required time                                                                                              39.3600
  ----------------------------------------------------------------------------------------------------------------------------------------------------------------
  data required time                                                                                              39.3600
  data arrival time                                                                                               -6.3316
  ----------------------------------------------------------------------------------------------------------------------------------------------------------------
  slack (MET)                                                                                                     33.0284



  Startpoint: frontend_0/inst_so_reg[7] (rising edge-triggered flip-flop clocked by dco_clk)
  Endpoint: clock_module_0/sync_cell_dco_wkup/data_sync_reg[1] (recovery check against rising-edge clock clocked by dco_clk')
  Mode: func
  Corner: slow
  Scenario: func_slow
  Path Group: dco_clk
  Path Type: max


Attributes
    b - black-box (unknown)
    s - size_only
    d - dont_touch
    u - dont_use
    g - generic
    h - hierarchical
    i - ideal
    n - noncombinational
    E - extracted timing model
    Q - Quick timing model


  Point                                          Fanout     Cap        Trans      Derate    Delta       Incr        Path           Location       Attributes
  ----------------------------------------------------------------------------------------------------------------------------------------------------------------
  clock dco_clk (rise edge)                                                                            0.0000      0.0000
  source latency                                                                                       0.0000      0.0000
  dco_clk (in)                                                         0.0000      1.0000              0.0000      0.0000 r    (157.77,211.12)
  dco_clk (net)                                     4     25.9996                                                                                d
  clock_module_0/p_abuf15 (omsp_clock_module)                          0.0000      1.0000              0.0000      0.0000 r    (hierarchical)    h
  clock_module_0/p_abuf15 (net)                     4     25.9996                                                                                d
  clock_module_0/clock_gate_mclk/clk (omsp_clock_gate_0)               0.0000      1.0000              0.0000      0.0000 r    (hierarchical)    h
  clock_module_0/clock_gate_mclk/clk (net)          4     25.9996                                                                                d
  clock_module_0/clock_gate_mclk/U3/A2 (AND2X4_RVT)                    0.0000      1.0000              0.0000      0.0000 r    (71.46,64.59)     s
  clock_module_0/clock_gate_mclk/U3/Y (AND2X4_RVT)                     0.0000      1.0000              0.0000      0.0000 r    (72.28,64.67)     s
  clock_module_0/clock_gate_mclk/gclk (net)         1     11.0737                                                                                d
  clock_module_0/clock_gate_mclk/cts_inv_8313204/A (INVX16_RVT)        0.0000      1.0000              0.0000      0.0000 r    (73.83,69.78)
  clock_module_0/clock_gate_mclk/cts_inv_8313204/Y (INVX16_RVT)        0.0000      1.0000              0.0000      0.0000 f    (73.96,69.68)
  clock_module_0/clock_gate_mclk/ctsbuf_net_1335 (net)
                                                    1     10.6404                                                                                d
  clock_module_0/clock_gate_mclk/cts_inv_8263199/A (INVX16_RVT)        0.0000      1.0000              0.0000      0.0000 f    (73.83,67.91)
  clock_module_0/clock_gate_mclk/cts_inv_8263199/Y (INVX16_RVT)        0.0000      1.0000              0.0000      0.0000 r    (73.96,68.02)
  clock_module_0/clock_gate_mclk/p_abuf5 (net)      3     27.9986                                                                                d
  clock_module_0/clock_gate_mclk/p_abuf5 (omsp_clock_gate_0)           0.0000      1.0000              0.0000      0.0000 r    (hierarchical)    h
  clock_module_0/p_abuf12 (net)                     3     27.9986                                                                                d
  clock_module_0/p_abuf12 (omsp_clock_module)                          0.0000      1.0000              0.0000      0.0000 r    (hierarchical)    h
  p_abuf9 (net)                                     3     27.9986                                                                                d
  frontend_0/p_abuf5 (omsp_frontend)                                   0.0000      1.0000              0.0000      0.0000 r    (hierarchical)    h
  frontend_0/p_abuf5 (net)                          3     27.9986                                                                                d
  frontend_0/clock_gate_decode/clk (omsp_clock_gate_25)                0.0000      1.0000              0.0000      0.0000 r    (hierarchical)    h
  frontend_0/clock_gate_decode/clk (net)            3     27.9986                                                                                d
  frontend_0/clock_gate_decode/U3/A2 (AND2X1_RVT)                      0.0000      1.0000              0.0000      0.0000 r    (64.47,37.84)     s
  frontend_0/clock_gate_decode/U3/Y (AND2X1_RVT)                       0.0000      1.0000              0.0000      0.0000 r    (65.14,37.92)     s
  frontend_0/clock_gate_decode/ctsbuf_net_426 (net)
                                                    1      1.9003                                                                                d
  frontend_0/clock_gate_decode/cts_inv_7443117/A (INVX2_RVT)           0.0000      1.0000              0.0000      0.0000 r    (65.77,43.03)
  frontend_0/clock_gate_decode/cts_inv_7443117/Y (INVX2_RVT)           0.0000      1.0000              0.0000      0.0000 f    (65.90,42.93)
  frontend_0/clock_gate_decode/ctsbuf_net_527 (net)
                                                    1      5.9302                                                                                d
  frontend_0/clock_gate_decode/cts_inv_7393112/A (INVX8_RVT)           0.0000      1.0000              0.0000      0.0000 f    (63.19,41.16)
  frontend_0/clock_gate_decode/cts_inv_7393112/Y (INVX8_RVT)           0.0000      1.0000              0.0000      0.0000 r    (63.31,41.26)
  frontend_0/clock_gate_decode/gclk (net)          49     58.7816                                                                                d
  frontend_0/clock_gate_decode/gclk (omsp_clock_gate_25)               0.0000      1.0000              0.0000      0.0000 r    (hierarchical)    h
  frontend_0/mclk_decode (net)                     49     58.7816                                                                                d
  frontend_0/inst_so_reg[7]/CLK (DFFARX1_RVT)                          0.0000      1.0000              0.0000      0.0000 r    (66.45,28.55)     s, n

  frontend_0/inst_so_reg[7]/CLK (DFFARX1_RVT)                          0.0000      1.0000              0.0000      0.0000 r    (66.45,28.55)     s, n
  frontend_0/inst_so_reg[7]/QN (DFFARX1_RVT)                           0.0681      1.0000              0.1448      0.1448 r    (69.84,27.90)     s, n
  frontend_0/n379 (net)                             3      4.0760
  frontend_0/U203/A2 (NAND3X0_RVT)                                     0.0681      1.0000              0.0000      0.1449 r    (67.14,26.14)
  frontend_0/U203/Y (NAND3X0_RVT)                                      0.1417      1.0000              0.1215      0.2663 f    (67.27,26.22)
  frontend_0/n142 (net)                             2      3.7185
  frontend_0/U200/A1 (NOR3X0_RVT)                                      0.1417      1.0000              0.0002      0.2665 f    (98.67,24.43)
  frontend_0/U200/Y (NOR3X0_RVT)                                       0.0438      1.0000              0.1589      0.4253 r    (99.79,24.54)
  frontend_0/n138 (net)                             4      3.5310
  frontend_0/U199/A3 (AND3X1_RVT)                                      0.0438      1.0000              0.0001      0.4254 r    (104.90,21.12)
  frontend_0/U199/Y (AND3X1_RVT)                                       0.0517      1.0000              0.0912      0.5166 r    (105.72,21.19)
  frontend_0/n139 (net)                             4      3.3928
  frontend_0/U191/A1 (AO222X1_RVT)                                     0.0517      1.0000              0.0000      0.5166 r    (106.36,24.62)
  frontend_0/U191/Y (AO222X1_RVT)                                      0.0923      1.0000              0.1806      0.6972 r    (105.01,24.55)
  frontend_0/inst_dest[0] (net)                     2      6.2959
  frontend_0/inst_dest[0] (omsp_frontend)                              0.0923      1.0000              0.0000      0.6972 r    (hierarchical)    h
  inst_dest[0] (net)                                       6.2959
  execution_unit_0/inst_dest[0] (omsp_execution_unit)                  0.0923      1.0000              0.0000      0.6972 r    (hierarchical)    h
  execution_unit_0/inst_dest[0] (net)                      6.2959
  execution_unit_0/register_file_0/inst_dest[0] (omsp_register_file)   0.0923      1.0000              0.0000      0.6972 r    (hierarchical)    h
  execution_unit_0/register_file_0/inst_dest[0] (net)      6.2959
  execution_unit_0/register_file_0/placeHFSINV_797_165/A (INVX4_RVT)   0.0923      1.0000              0.0001      0.6973 r    (114.56,29.65)
  execution_unit_0/register_file_0/placeHFSINV_797_165/Y (INVX4_RVT)   0.0841      1.0000              0.0711      0.7684 f    (114.69,29.55)
  execution_unit_0/register_file_0/placeHFSNET_129 (net)
                                                   16     24.9365
  execution_unit_0/register_file_0/U363/A2 (OA22X1_RVT)                0.0840      1.0000              0.0005      0.7690 f    (147.01,25.53)
  execution_unit_0/register_file_0/U363/Y (OA22X1_RVT)                 0.0425      1.0000              0.1026      0.8716 f    (147.84,26.24)
  execution_unit_0/register_file_0/n578 (net)       1      1.8384
  execution_unit_0/register_file_0/U362/A5 (OA221X1_RVT)               0.0425      1.0000              0.0000      0.8716 f    (154.75,19.69)
  execution_unit_0/register_file_0/U362/Y (OA221X1_RVT)                0.0413      1.0000              0.0749      0.9465 f    (155.29,19.55)
  execution_unit_0/register_file_0/n577 (net)       1      0.9284
  execution_unit_0/register_file_0/U361/A4 (NAND4X0_RVT)               0.0413      1.0000              0.0000      0.9465 f    (157.95,21.12)
  execution_unit_0/register_file_0/U361/Y (NAND4X0_RVT)                0.0736      1.0000              0.0692      1.0157 r    (158.24,21.20)
  execution_unit_0/register_file_0/reg_dest[0] (net)
                                                    1      2.1868
  execution_unit_0/register_file_0/reg_dest[0] (omsp_register_file)    0.0736      1.0000              0.0000      1.0157 r    (hierarchical)    h
  execution_unit_0/dbg_reg_din[0] (net)                    2.1868
  execution_unit_0/dbg_reg_din[0] (omsp_execution_unit)                0.0736      1.0000              0.0000      1.0157 r    (hierarchical)    h
  dbg_reg_din[0] (net)                                     2.1868
  placeZBUF_inst_490/A (NBUFFX4_RVT)                                   0.0736      1.0000              0.0001      1.0158 r    (148.91,27.78)
  placeZBUF_inst_490/Y (NBUFFX4_RVT)                                   0.0587      1.0000              0.0861      1.1018 r    (148.25,27.89)
  placeZBUF_97 (net)                                3     17.9802
  execution_unit_0/placeZBUF_48 (omsp_execution_unit)                  0.0587      1.0000              0.0000      1.1018 r    (hierarchical)    h
  execution_unit_0/placeZBUF_48 (net)                     17.9802
  execution_unit_0/U87/A1 (AO222X1_RVT)                                0.0592      1.0000              0.0028      1.1046 r    (52.01,49.54)
  execution_unit_0/U87/Y (AO222X1_RVT)                                 0.0563      1.0000              0.1471      1.2517 r    (53.35,49.61)
  execution_unit_0/n79 (net)                        1      1.7940
  execution_unit_0/U86/A2 (OR2X1_RVT)                                  0.0563      1.0000              0.0000      1.2517 r    (53.01,59.76)
  execution_unit_0/U86/Y (OR2X1_RVT)                                   0.0778      1.0000              0.0992      1.3509 r    (53.44,59.62)
  execution_unit_0/op_src[0] (net)                  3      7.3246
  execution_unit_0/alu_0/op_src[0] (omsp_alu)                          0.0778      1.0000              0.0000      1.3509 r    (hierarchical)    h
  execution_unit_0/alu_0/op_src[0] (net)                   7.3246
  execution_unit_0/alu_0/U26/A1 (XOR2X2_RVT)                           0.0778      1.0000              0.0001      1.3510 r    (60.68,59.85)
  execution_unit_0/alu_0/U26/Y (XOR2X2_RVT)                            0.0636      1.0000              0.1380      1.4890 f    (61.95,59.64)
  execution_unit_0/alu_0/op_src_inv[0] (net)        6      8.6528
  execution_unit_0/alu_0/add_1_root_add_100_2_C185/U1_0/A (FADDX1_RVT)
                                                                       0.0636      1.0000              0.0002      1.4892 f    (76.76,64.88)
  execution_unit_0/alu_0/add_1_root_add_100_2_C185/U1_0/CO (FADDX1_RVT)
                                                                       0.0452      1.0000              0.1113      1.6005 f    (75.29,64.56)
  execution_unit_0/alu_0/add_1_root_add_100_2_C185/carry[1] (net)
                                                    1      2.2693
  execution_unit_0/alu_0/add_1_root_add_100_2_C185/U1_1/CI (FADDX1_RVT)
                                                                       0.0452      1.0000              0.0000      1.6005 f    (69.47,66.57)
  execution_unit_0/alu_0/add_1_root_add_100_2_C185/U1_1/CO (FADDX1_RVT)
                                                                       0.0458      1.0000              0.0905      1.6910 f    (70.92,66.45)
  execution_unit_0/alu_0/add_1_root_add_100_2_C185/carry[2] (net)
                                                    1      1.9846
  execution_unit_0/alu_0/add_1_root_add_100_2_C185/U1_2/CI (FADDX1_RVT)
                                                                       0.0458      1.0000              0.0000      1.6910 f    (70.83,71.13)
  execution_unit_0/alu_0/add_1_root_add_100_2_C185/U1_2/CO (FADDX1_RVT)
                                                                       0.0456      1.0000              0.0904      1.7814 f    (72.28,71.24)
  execution_unit_0/alu_0/add_1_root_add_100_2_C185/carry[3] (net)
                                                    1      1.9597
  execution_unit_0/alu_0/add_1_root_add_100_2_C185/U1_3/CI (FADDX1_RVT)
                                                                       0.0456      1.0000              0.0000      1.7815 f    (74.03,74.47)
  execution_unit_0/alu_0/add_1_root_add_100_2_C185/U1_3/S (FADDX1_RVT)
                                                                       0.0541      1.0000              0.1626      1.9441 r    (75.16,74.66)
  execution_unit_0/alu_0/N13 (net)                  3      2.9178
  execution_unit_0/alu_0/U143/A3 (OA21X1_RVT)                          0.0541      1.0000              0.0000      1.9441 r    (76.93,74.76)
  execution_unit_0/alu_0/U143/Y (OA21X1_RVT)                           0.0312      1.0000              0.0699      2.0140 r    (77.46,74.67)
  execution_unit_0/alu_0/n9 (net)                   1      0.8885
  execution_unit_0/alu_0/U7/A2 (OR2X1_RVT)                             0.0312      1.0000              0.0000      2.0140 r    (78.25,74.59)
  execution_unit_0/alu_0/U7/Y (OR2X1_RVT)                              0.0537      1.0000              0.0743      2.0883 r    (78.67,74.74)
  execution_unit_0/alu_0/n4 (net)                   3      4.3695
  execution_unit_0/alu_0/U106/A1 (AND2X1_RVT)                          0.0537      1.0000              0.0000      2.0883 r    (79.97,71.43)
  execution_unit_0/alu_0/U106/Y (AND2X1_RVT)                           0.0342      1.0000              0.0634      2.1517 r    (80.49,71.36)
  execution_unit_0/alu_0/add_102_C185_aco/carry[2] (net)
                                                    1      1.8886
  execution_unit_0/alu_0/add_102_C185_aco/U1_2/CI (FADDX1_RVT)         0.0342      1.0000              0.0000      2.1518 r    (80.41,74.47)
  execution_unit_0/alu_0/add_102_C185_aco/U1_2/CO (FADDX1_RVT)         0.0524      1.0000              0.0992      2.2510 r    (81.86,74.59)
  execution_unit_0/alu_0/add_102_C185_aco/carry[3] (net)
                                                    2      2.1753
  execution_unit_0/alu_0/U104/A1 (AND2X1_RVT)                          0.0524      1.0000              0.0000      2.2510 r    (80.37,76.30)
  execution_unit_0/alu_0/U104/Y (AND2X1_RVT)                           0.0295      1.0000              0.0587      2.3097 r    (79.85,76.37)
  execution_unit_0/alu_0/add_102_C185_aco/carry[4] (net)
                                                    1      1.2643
  execution_unit_0/alu_0/U103/A2 (XOR2X1_RVT)                          0.0295      1.0000              0.0000      2.3097 r    (78.23,77.98)
  execution_unit_0/alu_0/U103/Y (XOR2X1_RVT)                           0.0488      1.0000              0.1302      2.4398 f    (76.96,78.06)
  execution_unit_0/alu_0/alu_dadd0[4]1 (net)        1      1.9965
  execution_unit_0/alu_0/add_1_root_add_100_2_C186/U1_0/CI (FADDX1_RVT)
                                                                       0.0488      1.0000              0.0000      2.4399 f    (73.11,81.16)
  execution_unit_0/alu_0/add_1_root_add_100_2_C186/U1_0/S (FADDX1_RVT)
                                                                       0.0408      1.0000              0.1498      2.5897 r    (74.25,81.35)
  execution_unit_0/alu_0/alu_dadd1[0] (net)         1      1.1628
  execution_unit_0/alu_0/U17/A1 (AO222X1_RVT)                          0.0408      1.0000              0.0000      2.5897 r    (79.21,79.64)
  execution_unit_0/alu_0/U17/Y (AO222X1_RVT)                           0.0519      1.0000              0.1362      2.7259 r    (80.56,79.71)
  execution_unit_0/alu_0/aps_rename_20_ (net)       1      1.2815
  execution_unit_0/alu_0/clockcopt_h_inst_5229/A (NBUFFX4_RVT)         0.0519      1.0000              0.0000      2.7259 r    (84.69,81.29)
  execution_unit_0/alu_0/clockcopt_h_inst_5229/Y (NBUFFX4_RVT)         0.0779      1.0000              0.0934      2.8193 r    (85.36,81.39)
  execution_unit_0/alu_0/alu_out[4] (net)          19     28.1320
  execution_unit_0/alu_0/alu_out[4] (omsp_alu)                         0.0779      1.0000              0.0000      2.8193 r    (hierarchical)    h
  execution_unit_0/placeHFSNET_68 (net)                   28.1320
  execution_unit_0/register_file_0/placeHFSNET_68 (omsp_register_file)
                                                                       0.0779      1.0000              0.0000      2.8193 r    (hierarchical)    h
  execution_unit_0/register_file_0/placeHFSNET_68 (net)   28.1320
  execution_unit_0/register_file_0/U399/A1 (AO21X2_RVT)                0.0780      1.0000              0.0025      2.8219 r    (105.14,41.34)
  execution_unit_0/register_file_0/U399/Y (AO21X2_RVT)                 0.0745      1.0000              0.1369      2.9588 r    (105.79,41.28)
  execution_unit_0/register_file_0/cpuoff (net)     5      8.9099
  execution_unit_0/register_file_0/cpuoff (omsp_register_file)         0.0745      1.0000              0.0000      2.9588 r    (hierarchical)    h
  execution_unit_0/cpuoff (net)                            8.9099
  execution_unit_0/cpuoff (omsp_execution_unit)                        0.0745      1.0000              0.0000      2.9588 r    (hierarchical)    h
  cpuoff (net)                                             8.9099
  frontend_0/cpuoff (omsp_frontend)                                    0.0745      1.0000              0.0000      2.9588 r    (hierarchical)    h
  frontend_0/cpuoff (net)                                  8.9099
  frontend_0/U69/A2 (NAND2X0_RVT)                                      0.0745      1.0000              0.0006      2.9594 r    (69.19,24.46)
  frontend_0/U69/Y (NAND2X0_RVT)                                       0.0677      1.0000              0.0563      3.0157 f    (69.32,24.53)
  frontend_0/n74 (net)                              1      1.2012
  frontend_0/U68/A4 (AO22X2_RVT)                                       0.0677      1.0000              0.0000      3.0157 f    (73.43,24.31)
  frontend_0/U68/Y (AO22X2_RVT)                                        0.0805      1.0000              0.1210      3.1367 f    (74.02,24.52)
  frontend_0/mclk_enable (net)                      4     13.4888
  frontend_0/mclk_enable (omsp_frontend)                               0.0805      1.0000              0.0000      3.1367 f    (hierarchical)    h
  placeHFSNET_62 (net)                                    13.4888
  clock_module_0/placeHFSNET_62 (omsp_clock_module)                    0.0805      1.0000              0.0000      3.1367 f    (hierarchical)    h
  clock_module_0/placeHFSNET_62 (net)                     13.4888
  clock_module_0/and_cpuoff_mclk_en/b (omsp_and_gate_0)                0.0805      1.0000              0.0000      3.1367 f    (hierarchical)    h
  clock_module_0/and_cpuoff_mclk_en/b (net)               13.4888
  clock_module_0/and_cpuoff_mclk_en/U1/A1 (AND2X2_RVT)                 0.0805      1.0000              0.0004      3.1371 f    (81.19,39.51)
  clock_module_0/and_cpuoff_mclk_en/U1/Y (AND2X2_RVT)                  0.0594      1.0000              0.1120      3.2491 f    (81.71,39.59)
  clock_module_0/and_cpuoff_mclk_en/y (net)         1      8.7133
  clock_module_0/and_cpuoff_mclk_en/y (omsp_and_gate_0)                0.0594      1.0000              0.0000      3.2491 f    (hierarchical)    h
  clock_module_0/cpuoff_and_mclk_enable (net)              8.7133
  clock_module_0/and_dco_dis1/b (omsp_and_gate_21)                     0.0594      1.0000              0.0000      3.2491 f    (hierarchical)    h
  clock_module_0/and_dco_dis1/b (net)                      8.7133
  clock_module_0/and_dco_dis1/U1/A1 (AND2X1_RVT)                       0.0594      1.0000              0.0007      3.2498 f    (87.12,119.77)
  clock_module_0/and_dco_dis1/U1/Y (AND2X1_RVT)                        0.0258      1.0000              0.0658      3.3157 f    (87.64,119.84)
  clock_module_0/and_dco_dis1/y (net)               1      0.8628
  clock_module_0/and_dco_dis1/y (omsp_and_gate_21)                     0.0258      1.0000              0.0000      3.3157 f    (hierarchical)    h
  clock_module_0/cpu_enabled_with_dco (net)                0.8628
  clock_module_0/U55/A2 (NOR2X0_RVT)                                   0.0258      1.0000              0.0000      3.3157 f    (88.12,121.32)
  clock_module_0/U55/Y (NOR2X0_RVT)                                    0.0225      1.0000              0.0708      3.3864 r    (88.85,121.52)
  clock_module_0/n117 (net)                         1      0.9714
  clock_module_0/and_dco_dis2/b (omsp_and_gate_20)                     0.0225      1.0000              0.0000      3.3864 r    (hierarchical)    h
  clock_module_0/and_dco_dis2/b (net)                      0.9714
  clock_module_0/and_dco_dis2/U1/A1 (AND2X1_RVT)                       0.0225      1.0000              0.0000      3.3864 r    (91.53,121.59)
  clock_module_0/and_dco_dis2/U1/Y (AND2X1_RVT)                        0.0264      1.0000              0.0489      3.4353 r    (92.04,121.52)
  clock_module_0/and_dco_dis2/y (net)               1      0.9049
  clock_module_0/and_dco_dis2/y (omsp_and_gate_20)                     0.0264      1.0000              0.0000      3.4353 r    (hierarchical)    h
  clock_module_0/dco_not_enabled_by_dbg (net)              0.9049
  clock_module_0/and_dco_dis3/b (omsp_and_gate_19)                     0.0264      1.0000              0.0000      3.4353 r    (hierarchical)    h
  clock_module_0/and_dco_dis3/b (net)                      0.9049
  clock_module_0/and_dco_dis3/U1/A1 (AND2X1_RVT)                       0.0264      1.0000              0.0000      3.4353 r    (92.68,119.77)
  clock_module_0/and_dco_dis3/U1/Y (AND2X1_RVT)                        0.0269      1.0000              0.0511      3.4864 r    (92.17,119.84)
  clock_module_0/and_dco_dis3/y (net)               1      1.0468
  clock_module_0/and_dco_dis3/y (omsp_and_gate_19)                     0.0269      1.0000              0.0000      3.4864 r    (hierarchical)    h
  clock_module_0/dco_disable_by_scg0 (net)                 1.0468
  clock_module_0/U45/A (INVX0_RVT)                                     0.0269      1.0000              0.0000      3.4864 r    (91.46,123.28)
  clock_module_0/U45/Y (INVX0_RVT)                                     0.0312      1.0000              0.0298      3.5163 f    (91.25,123.23)
  clock_module_0/n23 (net)                          1      1.4750
  clock_module_0/and_dco_dis5/a (omsp_and_gate_17)                     0.0312      1.0000              0.0000      3.5163 f    (hierarchical)    h
  clock_module_0/and_dco_dis5/a (net)                      1.4750
  clock_module_0/and_dco_dis5/U1/A2 (AND2X1_RVT)                       0.0312      1.0000              0.0000      3.5163 f    (87.57,128.13)
  clock_module_0/and_dco_dis5/U1/Y (AND2X1_RVT)                        0.0382      1.0000              0.0690      3.5852 f    (88.24,128.21)
  clock_module_0/and_dco_dis5/y (net)               2      2.7430
  clock_module_0/and_dco_dis5/y (omsp_and_gate_17)                     0.0382      1.0000              0.0000      3.5852 f    (hierarchical)    h
  clock_module_0/dco_enable_nxt (net)                      2.7430
  clock_module_0/and_dco_en_wkup/b (omsp_and_gate_15)                  0.0382      1.0000              0.0000      3.5852 f    (hierarchical)    h
  clock_module_0/and_dco_en_wkup/b (net)                   2.7430
  clock_module_0/and_dco_en_wkup/U1/A1 (AND2X1_RVT)                    0.0382      1.0000              0.0000      3.5853 f    (92.83,123.11)
  clock_module_0/and_dco_en_wkup/U1/Y (AND2X1_RVT)                     0.0340      1.0000              0.0646      3.6499 f    (92.32,123.19)
  clock_module_0/and_dco_en_wkup/y (net)            1      2.0761
  clock_module_0/and_dco_en_wkup/y (omsp_and_gate_15)                  0.0340      1.0000              0.0000      3.6499 f    (hierarchical)    h
  clock_module_0/dco_en_wkup (net)                         2.0761
  clock_module_0/U120/A3 (OR3X1_RVT)                                   0.0340      1.0000              0.0000      3.6499 f    (89.85,133.41)
  clock_module_0/U120/Y (OR3X1_RVT)                                    0.0357      1.0000              0.0689      3.7188 f    (89.43,133.22)
  clock_module_0/N169 (net)                         2      1.8216
  clock_module_0/U112/A1 (OR2X1_RVT)                                   0.0357      1.0000              0.0000      3.7188 f    (88.74,133.25)
  clock_module_0/U112/Y (OR2X1_RVT)                                    0.0307      1.0000              0.0620      3.7808 f    (88.06,133.18)
  clock_module_0/_9_net_ (net)                      1      0.9695
  clock_module_0/scan_mux_dco_wkup/data_in_func (omsp_scan_mux_1)      0.0307      1.0000              0.0000      3.7808 f    (hierarchical)    h
  clock_module_0/scan_mux_dco_wkup/data_in_func (net)      0.9695
  clock_module_0/scan_mux_dco_wkup/U2/A3 (AO22X1_RVT)                  0.0307      1.0000              0.0000      3.7808 f    (86.66,130.56)
  clock_module_0/scan_mux_dco_wkup/U2/Y (AO22X1_RVT)                   0.0338      1.0000              0.0563      3.8371 f    (87.09,129.86)
  clock_module_0/scan_mux_dco_wkup/data_out (net)
                                                    1      1.2379
  clock_module_0/scan_mux_dco_wkup/data_out (omsp_scan_mux_1)          0.0338      1.0000              0.0000      3.8371 f    (hierarchical)    h
  clock_module_0/dco_wkup_set_scan (net)                   1.2379
  clock_module_0/sync_cell_dco_wkup/rst (omsp_sync_cell_0)             0.0338      1.0000              0.0000      3.8371 f    (hierarchical)    h
  clock_module_0/sync_cell_dco_wkup/rst (net)              1.2379
  clock_module_0/sync_cell_dco_wkup/U3/A (INVX1_RVT)                   0.0338      1.0000              0.0000      3.8371 f    (86.82,126.63)
  clock_module_0/sync_cell_dco_wkup/U3/Y (INVX1_RVT)                   0.0397      1.0000              0.0403      3.8774 r    (86.95,126.53)
  clock_module_0/sync_cell_dco_wkup/n1 (net)        2      3.2248
  clock_module_0/sync_cell_dco_wkup/data_sync_reg[1]/RSTB (DFFARX1_RVT)
                                                                       0.0397      1.0000              0.0001      3.8774 r    (96.52,120.84)    s, n
  data arrival time                                                                                                3.8774

  clock dco_clk' (rise edge)                                                                          20.0000     20.0000
  source latency                                                                                       0.0000     20.0000
  dco_clk (in)                                                         0.0000      1.0000              0.0000     20.0000 f    (157.77,211.12)
  dco_clk (net)                                     4     25.4098                                                                                d
  cts_inv_8993272/A (IBUFFX2_RVT)                                      0.0000      1.0000              0.0000     20.0000 f    (155.37,196.85)
  cts_inv_8993272/Y (IBUFFX2_RVT)                                      0.0000      1.0000              0.0000     20.0000 r    (156.19,196.75)
  ctsbuf_net_1941 (net)                             1      0.6856                                                                                d
  cts_inv_8943267/A (IBUFFX8_RVT)                                      0.0000      1.0000              0.0000     20.0000 r    (155.07,198.34)
  cts_inv_8943267/Y (IBUFFX8_RVT)                                      0.0000      1.0000              0.0000     20.0000 f    (156.49,198.43)
  ctsbuf_net_1840 (net)                            17     29.0568                                                                                d
  clock_module_0/dco_clk (omsp_clock_module)                           0.0000      1.0000              0.0000     20.0000 f    (hierarchical)    h
  clock_module_0/dco_clk (net)                     17     29.0568                                                                                d
  clock_module_0/clock_gate_smclk/p_abuf1 (omsp_clock_gate_31)         0.0000      1.0000              0.0000     20.0000 f    (hierarchical)    h
  clock_module_0/clock_gate_smclk/p_abuf1 (net)    17     29.0568                                                                                d
  clock_module_0/clock_gate_smclk/U2/A (INVX2_RVT)                     0.0000      1.0000              0.0000     20.0000 f    (115.47,134.79)
  clock_module_0/clock_gate_smclk/U2/Y (INVX2_RVT)                     0.0000      1.0000              0.0000     20.0000 r    (115.60,134.90)
  clock_module_0/clock_gate_smclk/n2 (net)          6     10.6049                                                                                d
  clock_module_0/clock_gate_smclk/n2 (omsp_clock_gate_31)              0.0000      1.0000              0.0000     20.0000 r    (hierarchical)    h
  clock_module_0/cts0 (net)                         6     10.6049                                                                                d
  clock_module_0/sync_cell_dco_wkup/clk (omsp_sync_cell_0)             0.0000      1.0000              0.0000     20.0000 r    (hierarchical)    h
  clock_module_0/sync_cell_dco_wkup/clk (net)       6     10.6049                                                                                d
  clock_module_0/sync_cell_dco_wkup/data_sync_reg[1]/CLK (DFFARX1_RVT)
                                                                       0.0000      1.0000              0.0000     20.0000 r    (94.87,122.18)    s, n

  library setup time                                                               1.0000              0.0355     20.0355
  data required time                                                                                              20.0355
  ----------------------------------------------------------------------------------------------------------------------------------------------------------------
  data required time                                                                                              20.0355
  data arrival time                                                                                               -3.8774
  ----------------------------------------------------------------------------------------------------------------------------------------------------------------
  slack (MET)                                                                                                     16.1580



  Startpoint: frontend_0/inst_so_reg[7] (rising edge-triggered flip-flop clocked by dco_clk)
  Endpoint: clock_module_0/sync_cell_lfxt_wkup/data_sync_reg[1] (recovery check against rising-edge clock clocked by lfxt_clk')
  Mode: func
  Corner: slow
  Scenario: func_slow
  Path Group: lfxt_clk
  Path Type: max


Attributes
    b - black-box (unknown)
    s - size_only
    d - dont_touch
    u - dont_use
    g - generic
    h - hierarchical
    i - ideal
    n - noncombinational
    E - extracted timing model
    Q - Quick timing model


  Point                                          Fanout     Cap        Trans      Derate    Delta       Incr        Path           Location       Attributes
  ----------------------------------------------------------------------------------------------------------------------------------------------------------------
  clock dco_clk (rise edge)                                                                            0.0000      0.0000
  source latency                                                                                       0.0000      0.0000
  dco_clk (in)                                                         0.0000      1.0000              0.0000      0.0000 r    (157.77,211.12)
  dco_clk (net)                                     4     25.9996                                                                                d
  clock_module_0/p_abuf15 (omsp_clock_module)                          0.0000      1.0000              0.0000      0.0000 r    (hierarchical)    h
  clock_module_0/p_abuf15 (net)                     4     25.9996                                                                                d
  clock_module_0/clock_gate_mclk/clk (omsp_clock_gate_0)               0.0000      1.0000              0.0000      0.0000 r    (hierarchical)    h
  clock_module_0/clock_gate_mclk/clk (net)          4     25.9996                                                                                d
  clock_module_0/clock_gate_mclk/U3/A2 (AND2X4_RVT)                    0.0000      1.0000              0.0000      0.0000 r    (71.46,64.59)     s
  clock_module_0/clock_gate_mclk/U3/Y (AND2X4_RVT)                     0.0000      1.0000              0.0000      0.0000 r    (72.28,64.67)     s
  clock_module_0/clock_gate_mclk/gclk (net)         1     11.0737                                                                                d
  clock_module_0/clock_gate_mclk/cts_inv_8313204/A (INVX16_RVT)        0.0000      1.0000              0.0000      0.0000 r    (73.83,69.78)
  clock_module_0/clock_gate_mclk/cts_inv_8313204/Y (INVX16_RVT)        0.0000      1.0000              0.0000      0.0000 f    (73.96,69.68)
  clock_module_0/clock_gate_mclk/ctsbuf_net_1335 (net)
                                                    1     10.6404                                                                                d
  clock_module_0/clock_gate_mclk/cts_inv_8263199/A (INVX16_RVT)        0.0000      1.0000              0.0000      0.0000 f    (73.83,67.91)
  clock_module_0/clock_gate_mclk/cts_inv_8263199/Y (INVX16_RVT)        0.0000      1.0000              0.0000      0.0000 r    (73.96,68.02)
  clock_module_0/clock_gate_mclk/p_abuf5 (net)      3     27.9986                                                                                d
  clock_module_0/clock_gate_mclk/p_abuf5 (omsp_clock_gate_0)           0.0000      1.0000              0.0000      0.0000 r    (hierarchical)    h
  clock_module_0/p_abuf12 (net)                     3     27.9986                                                                                d
  clock_module_0/p_abuf12 (omsp_clock_module)                          0.0000      1.0000              0.0000      0.0000 r    (hierarchical)    h
  p_abuf9 (net)                                     3     27.9986                                                                                d
  frontend_0/p_abuf5 (omsp_frontend)                                   0.0000      1.0000              0.0000      0.0000 r    (hierarchical)    h
  frontend_0/p_abuf5 (net)                          3     27.9986                                                                                d
  frontend_0/clock_gate_decode/clk (omsp_clock_gate_25)                0.0000      1.0000              0.0000      0.0000 r    (hierarchical)    h
  frontend_0/clock_gate_decode/clk (net)            3     27.9986                                                                                d
  frontend_0/clock_gate_decode/U3/A2 (AND2X1_RVT)                      0.0000      1.0000              0.0000      0.0000 r    (64.47,37.84)     s
  frontend_0/clock_gate_decode/U3/Y (AND2X1_RVT)                       0.0000      1.0000              0.0000      0.0000 r    (65.14,37.92)     s
  frontend_0/clock_gate_decode/ctsbuf_net_426 (net)
                                                    1      1.9003                                                                                d
  frontend_0/clock_gate_decode/cts_inv_7443117/A (INVX2_RVT)           0.0000      1.0000              0.0000      0.0000 r    (65.77,43.03)
  frontend_0/clock_gate_decode/cts_inv_7443117/Y (INVX2_RVT)           0.0000      1.0000              0.0000      0.0000 f    (65.90,42.93)
  frontend_0/clock_gate_decode/ctsbuf_net_527 (net)
                                                    1      5.9302                                                                                d
  frontend_0/clock_gate_decode/cts_inv_7393112/A (INVX8_RVT)           0.0000      1.0000              0.0000      0.0000 f    (63.19,41.16)
  frontend_0/clock_gate_decode/cts_inv_7393112/Y (INVX8_RVT)           0.0000      1.0000              0.0000      0.0000 r    (63.31,41.26)
  frontend_0/clock_gate_decode/gclk (net)          49     58.7816                                                                                d
  frontend_0/clock_gate_decode/gclk (omsp_clock_gate_25)               0.0000      1.0000              0.0000      0.0000 r    (hierarchical)    h
  frontend_0/mclk_decode (net)                     49     58.7816                                                                                d
  frontend_0/inst_so_reg[7]/CLK (DFFARX1_RVT)                          0.0000      1.0000              0.0000      0.0000 r    (66.45,28.55)     s, n

  frontend_0/inst_so_reg[7]/CLK (DFFARX1_RVT)                          0.0000      1.0000              0.0000      0.0000 r    (66.45,28.55)     s, n
  frontend_0/inst_so_reg[7]/QN (DFFARX1_RVT)                           0.0681      1.0000              0.1448      0.1448 r    (69.84,27.90)     s, n
  frontend_0/n379 (net)                             3      4.0760
  frontend_0/U203/A2 (NAND3X0_RVT)                                     0.0681      1.0000              0.0000      0.1449 r    (67.14,26.14)
  frontend_0/U203/Y (NAND3X0_RVT)                                      0.1417      1.0000              0.1215      0.2663 f    (67.27,26.22)
  frontend_0/n142 (net)                             2      3.7185
  frontend_0/U200/A1 (NOR3X0_RVT)                                      0.1417      1.0000              0.0002      0.2665 f    (98.67,24.43)
  frontend_0/U200/Y (NOR3X0_RVT)                                       0.0438      1.0000              0.1589      0.4253 r    (99.79,24.54)
  frontend_0/n138 (net)                             4      3.5310
  frontend_0/U199/A3 (AND3X1_RVT)                                      0.0438      1.0000              0.0001      0.4254 r    (104.90,21.12)
  frontend_0/U199/Y (AND3X1_RVT)                                       0.0517      1.0000              0.0912      0.5166 r    (105.72,21.19)
  frontend_0/n139 (net)                             4      3.3928
  frontend_0/U191/A1 (AO222X1_RVT)                                     0.0517      1.0000              0.0000      0.5166 r    (106.36,24.62)
  frontend_0/U191/Y (AO222X1_RVT)                                      0.0923      1.0000              0.1806      0.6972 r    (105.01,24.55)
  frontend_0/inst_dest[0] (net)                     2      6.2959
  frontend_0/inst_dest[0] (omsp_frontend)                              0.0923      1.0000              0.0000      0.6972 r    (hierarchical)    h
  inst_dest[0] (net)                                       6.2959
  execution_unit_0/inst_dest[0] (omsp_execution_unit)                  0.0923      1.0000              0.0000      0.6972 r    (hierarchical)    h
  execution_unit_0/inst_dest[0] (net)                      6.2959
  execution_unit_0/register_file_0/inst_dest[0] (omsp_register_file)   0.0923      1.0000              0.0000      0.6972 r    (hierarchical)    h
  execution_unit_0/register_file_0/inst_dest[0] (net)      6.2959
  execution_unit_0/register_file_0/placeHFSINV_797_165/A (INVX4_RVT)   0.0923      1.0000              0.0001      0.6973 r    (114.56,29.65)
  execution_unit_0/register_file_0/placeHFSINV_797_165/Y (INVX4_RVT)   0.0841      1.0000              0.0711      0.7684 f    (114.69,29.55)
  execution_unit_0/register_file_0/placeHFSNET_129 (net)
                                                   16     24.9365
  execution_unit_0/register_file_0/U363/A2 (OA22X1_RVT)                0.0840      1.0000              0.0005      0.7690 f    (147.01,25.53)
  execution_unit_0/register_file_0/U363/Y (OA22X1_RVT)                 0.0425      1.0000              0.1026      0.8716 f    (147.84,26.24)
  execution_unit_0/register_file_0/n578 (net)       1      1.8384
  execution_unit_0/register_file_0/U362/A5 (OA221X1_RVT)               0.0425      1.0000              0.0000      0.8716 f    (154.75,19.69)
  execution_unit_0/register_file_0/U362/Y (OA221X1_RVT)                0.0413      1.0000              0.0749      0.9465 f    (155.29,19.55)
  execution_unit_0/register_file_0/n577 (net)       1      0.9284
  execution_unit_0/register_file_0/U361/A4 (NAND4X0_RVT)               0.0413      1.0000              0.0000      0.9465 f    (157.95,21.12)
  execution_unit_0/register_file_0/U361/Y (NAND4X0_RVT)                0.0736      1.0000              0.0692      1.0157 r    (158.24,21.20)
  execution_unit_0/register_file_0/reg_dest[0] (net)
                                                    1      2.1868
  execution_unit_0/register_file_0/reg_dest[0] (omsp_register_file)    0.0736      1.0000              0.0000      1.0157 r    (hierarchical)    h
  execution_unit_0/dbg_reg_din[0] (net)                    2.1868
  execution_unit_0/dbg_reg_din[0] (omsp_execution_unit)                0.0736      1.0000              0.0000      1.0157 r    (hierarchical)    h
  dbg_reg_din[0] (net)                                     2.1868
  placeZBUF_inst_490/A (NBUFFX4_RVT)                                   0.0736      1.0000              0.0001      1.0158 r    (148.91,27.78)
  placeZBUF_inst_490/Y (NBUFFX4_RVT)                                   0.0587      1.0000              0.0861      1.1018 r    (148.25,27.89)
  placeZBUF_97 (net)                                3     17.9802
  execution_unit_0/placeZBUF_48 (omsp_execution_unit)                  0.0587      1.0000              0.0000      1.1018 r    (hierarchical)    h
  execution_unit_0/placeZBUF_48 (net)                     17.9802
  execution_unit_0/U87/A1 (AO222X1_RVT)                                0.0592      1.0000              0.0028      1.1046 r    (52.01,49.54)
  execution_unit_0/U87/Y (AO222X1_RVT)                                 0.0563      1.0000              0.1471      1.2517 r    (53.35,49.61)
  execution_unit_0/n79 (net)                        1      1.7940
  execution_unit_0/U86/A2 (OR2X1_RVT)                                  0.0563      1.0000              0.0000      1.2517 r    (53.01,59.76)
  execution_unit_0/U86/Y (OR2X1_RVT)                                   0.0778      1.0000              0.0992      1.3509 r    (53.44,59.62)
  execution_unit_0/op_src[0] (net)                  3      7.3246
  execution_unit_0/alu_0/op_src[0] (omsp_alu)                          0.0778      1.0000              0.0000      1.3509 r    (hierarchical)    h
  execution_unit_0/alu_0/op_src[0] (net)                   7.3246
  execution_unit_0/alu_0/U26/A1 (XOR2X2_RVT)                           0.0778      1.0000              0.0001      1.3510 r    (60.68,59.85)
  execution_unit_0/alu_0/U26/Y (XOR2X2_RVT)                            0.0636      1.0000              0.1380      1.4890 f    (61.95,59.64)
  execution_unit_0/alu_0/op_src_inv[0] (net)        6      8.6528
  execution_unit_0/alu_0/add_1_root_add_100_2_C185/U1_0/A (FADDX1_RVT)
                                                                       0.0636      1.0000              0.0002      1.4892 f    (76.76,64.88)
  execution_unit_0/alu_0/add_1_root_add_100_2_C185/U1_0/CO (FADDX1_RVT)
                                                                       0.0452      1.0000              0.1113      1.6005 f    (75.29,64.56)
  execution_unit_0/alu_0/add_1_root_add_100_2_C185/carry[1] (net)
                                                    1      2.2693
  execution_unit_0/alu_0/add_1_root_add_100_2_C185/U1_1/CI (FADDX1_RVT)
                                                                       0.0452      1.0000              0.0000      1.6005 f    (69.47,66.57)
  execution_unit_0/alu_0/add_1_root_add_100_2_C185/U1_1/CO (FADDX1_RVT)
                                                                       0.0458      1.0000              0.0905      1.6910 f    (70.92,66.45)
  execution_unit_0/alu_0/add_1_root_add_100_2_C185/carry[2] (net)
                                                    1      1.9846
  execution_unit_0/alu_0/add_1_root_add_100_2_C185/U1_2/CI (FADDX1_RVT)
                                                                       0.0458      1.0000              0.0000      1.6910 f    (70.83,71.13)
  execution_unit_0/alu_0/add_1_root_add_100_2_C185/U1_2/CO (FADDX1_RVT)
                                                                       0.0456      1.0000              0.0904      1.7814 f    (72.28,71.24)
  execution_unit_0/alu_0/add_1_root_add_100_2_C185/carry[3] (net)
                                                    1      1.9597
  execution_unit_0/alu_0/add_1_root_add_100_2_C185/U1_3/CI (FADDX1_RVT)
                                                                       0.0456      1.0000              0.0000      1.7815 f    (74.03,74.47)
  execution_unit_0/alu_0/add_1_root_add_100_2_C185/U1_3/S (FADDX1_RVT)
                                                                       0.0541      1.0000              0.1626      1.9441 r    (75.16,74.66)
  execution_unit_0/alu_0/N13 (net)                  3      2.9178
  execution_unit_0/alu_0/U143/A3 (OA21X1_RVT)                          0.0541      1.0000              0.0000      1.9441 r    (76.93,74.76)
  execution_unit_0/alu_0/U143/Y (OA21X1_RVT)                           0.0312      1.0000              0.0699      2.0140 r    (77.46,74.67)
  execution_unit_0/alu_0/n9 (net)                   1      0.8885
  execution_unit_0/alu_0/U7/A2 (OR2X1_RVT)                             0.0312      1.0000              0.0000      2.0140 r    (78.25,74.59)
  execution_unit_0/alu_0/U7/Y (OR2X1_RVT)                              0.0537      1.0000              0.0743      2.0883 r    (78.67,74.74)
  execution_unit_0/alu_0/n4 (net)                   3      4.3695
  execution_unit_0/alu_0/U106/A1 (AND2X1_RVT)                          0.0537      1.0000              0.0000      2.0883 r    (79.97,71.43)
  execution_unit_0/alu_0/U106/Y (AND2X1_RVT)                           0.0342      1.0000              0.0634      2.1517 r    (80.49,71.36)
  execution_unit_0/alu_0/add_102_C185_aco/carry[2] (net)
                                                    1      1.8886
  execution_unit_0/alu_0/add_102_C185_aco/U1_2/CI (FADDX1_RVT)         0.0342      1.0000              0.0000      2.1518 r    (80.41,74.47)
  execution_unit_0/alu_0/add_102_C185_aco/U1_2/CO (FADDX1_RVT)         0.0524      1.0000              0.0992      2.2510 r    (81.86,74.59)
  execution_unit_0/alu_0/add_102_C185_aco/carry[3] (net)
                                                    2      2.1753
  execution_unit_0/alu_0/U104/A1 (AND2X1_RVT)                          0.0524      1.0000              0.0000      2.2510 r    (80.37,76.30)
  execution_unit_0/alu_0/U104/Y (AND2X1_RVT)                           0.0295      1.0000              0.0587      2.3097 r    (79.85,76.37)
  execution_unit_0/alu_0/add_102_C185_aco/carry[4] (net)
                                                    1      1.2643
  execution_unit_0/alu_0/U103/A2 (XOR2X1_RVT)                          0.0295      1.0000              0.0000      2.3097 r    (78.23,77.98)
  execution_unit_0/alu_0/U103/Y (XOR2X1_RVT)                           0.0488      1.0000              0.1302      2.4398 f    (76.96,78.06)
  execution_unit_0/alu_0/alu_dadd0[4]1 (net)        1      1.9965
  execution_unit_0/alu_0/add_1_root_add_100_2_C186/U1_0/CI (FADDX1_RVT)
                                                                       0.0488      1.0000              0.0000      2.4399 f    (73.11,81.16)
  execution_unit_0/alu_0/add_1_root_add_100_2_C186/U1_0/S (FADDX1_RVT)
                                                                       0.0408      1.0000              0.1498      2.5897 r    (74.25,81.35)
  execution_unit_0/alu_0/alu_dadd1[0] (net)         1      1.1628
  execution_unit_0/alu_0/U17/A1 (AO222X1_RVT)                          0.0408      1.0000              0.0000      2.5897 r    (79.21,79.64)
  execution_unit_0/alu_0/U17/Y (AO222X1_RVT)                           0.0519      1.0000              0.1362      2.7259 r    (80.56,79.71)
  execution_unit_0/alu_0/aps_rename_20_ (net)       1      1.2815
  execution_unit_0/alu_0/clockcopt_h_inst_5229/A (NBUFFX4_RVT)         0.0519      1.0000              0.0000      2.7259 r    (84.69,81.29)
  execution_unit_0/alu_0/clockcopt_h_inst_5229/Y (NBUFFX4_RVT)         0.0779      1.0000              0.0934      2.8193 r    (85.36,81.39)
  execution_unit_0/alu_0/alu_out[4] (net)          19     28.1320
  execution_unit_0/alu_0/alu_out[4] (omsp_alu)                         0.0779      1.0000              0.0000      2.8193 r    (hierarchical)    h
  execution_unit_0/placeHFSNET_68 (net)                   28.1320
  execution_unit_0/register_file_0/placeHFSNET_68 (omsp_register_file)
                                                                       0.0779      1.0000              0.0000      2.8193 r    (hierarchical)    h
  execution_unit_0/register_file_0/placeHFSNET_68 (net)   28.1320
  execution_unit_0/register_file_0/U399/A1 (AO21X2_RVT)                0.0780      1.0000              0.0025      2.8219 r    (105.14,41.34)
  execution_unit_0/register_file_0/U399/Y (AO21X2_RVT)                 0.0745      1.0000              0.1369      2.9588 r    (105.79,41.28)
  execution_unit_0/register_file_0/cpuoff (net)     5      8.9099
  execution_unit_0/register_file_0/cpuoff (omsp_register_file)         0.0745      1.0000              0.0000      2.9588 r    (hierarchical)    h
  execution_unit_0/cpuoff (net)                            8.9099
  execution_unit_0/cpuoff (omsp_execution_unit)                        0.0745      1.0000              0.0000      2.9588 r    (hierarchical)    h
  cpuoff (net)                                             8.9099
  frontend_0/cpuoff (omsp_frontend)                                    0.0745      1.0000              0.0000      2.9588 r    (hierarchical)    h
  frontend_0/cpuoff (net)                                  8.9099
  frontend_0/U69/A2 (NAND2X0_RVT)                                      0.0745      1.0000              0.0006      2.9594 r    (69.19,24.46)
  frontend_0/U69/Y (NAND2X0_RVT)                                       0.0677      1.0000              0.0563      3.0157 f    (69.32,24.53)
  frontend_0/n74 (net)                              1      1.2012
  frontend_0/U68/A4 (AO22X2_RVT)                                       0.0677      1.0000              0.0000      3.0157 f    (73.43,24.31)
  frontend_0/U68/Y (AO22X2_RVT)                                        0.0805      1.0000              0.1210      3.1367 f    (74.02,24.52)
  frontend_0/mclk_enable (net)                      4     13.4888
  frontend_0/mclk_enable (omsp_frontend)                               0.0805      1.0000              0.0000      3.1367 f    (hierarchical)    h
  placeHFSNET_62 (net)                                    13.4888
  clock_module_0/placeHFSNET_62 (omsp_clock_module)                    0.0805      1.0000              0.0000      3.1367 f    (hierarchical)    h
  clock_module_0/placeHFSNET_62 (net)                     13.4888
  clock_module_0/and_lfxt_dis4/placeHFSNET_62 (omsp_and_gate_10)       0.0805      1.0000              0.0000      3.1367 f    (hierarchical)    h
  clock_module_0/and_lfxt_dis4/placeHFSNET_62 (net)       13.4888
  clock_module_0/and_lfxt_dis4/placeHFSINV_8_76/A (INVX0_RVT)          0.0804      1.0000              0.0016      3.1383 f    (81.04,123.28)
  clock_module_0/and_lfxt_dis4/placeHFSINV_8_76/Y (INVX0_RVT)          0.0464      1.0000              0.0456      3.1839 r    (81.25,123.23)
  clock_module_0/and_lfxt_dis4/placeHFSNET_61 (net)
                                                    1      1.0228
  clock_module_0/and_lfxt_dis4/U1/A1 (AND2X1_RVT)                      0.0464      1.0000              0.0000      3.1839 r    (82.04,126.46)
  clock_module_0/and_lfxt_dis4/U1/Y (AND2X1_RVT)                       0.0273      1.0000              0.0542      3.2381 r    (81.53,126.53)
  clock_module_0/and_lfxt_dis4/y (net)              1      0.8403
  clock_module_0/and_lfxt_dis4/y (omsp_and_gate_10)                    0.0273      1.0000              0.0000      3.2381 r    (hierarchical)    h
  clock_module_0/lfxt_disable_by_cpu_en (net)              0.8403
  clock_module_0/U48/A (INVX0_RVT)                                     0.0273      1.0000              0.0000      3.2381 r    (80.37,124.77)
  clock_module_0/U48/Y (INVX0_RVT)                                     0.0244      1.0000              0.0241      3.2622 f    (80.16,124.82)
  clock_module_0/n29 (net)                          1      0.8735
  clock_module_0/and_lfxt_dis5/b (omsp_and_gate_9)                     0.0244      1.0000              0.0000      3.2622 f    (hierarchical)    h
  clock_module_0/and_lfxt_dis5/b (net)                     0.8735
  clock_module_0/and_lfxt_dis5/U1/A1 (AND2X1_RVT)                      0.0244      1.0000              0.0000      3.2622 f    (80.07,126.46)
  clock_module_0/and_lfxt_dis5/U1/Y (AND2X1_RVT)                       0.0426      1.0000              0.0655      3.3277 f    (79.55,126.53)
  clock_module_0/and_lfxt_dis5/y (net)              2      3.2992
  clock_module_0/and_lfxt_dis5/y (omsp_and_gate_9)                     0.0426      1.0000              0.0000      3.3277 f    (hierarchical)    h
  clock_module_0/lfxt_enable_nxt (net)                     3.2992
  clock_module_0/and_lfxt_en_wkup/b (omsp_and_gate_7)                  0.0426      1.0000              0.0000      3.3277 f    (hierarchical)    h
  clock_module_0/and_lfxt_en_wkup/b (net)                  3.2992
  clock_module_0/and_lfxt_en_wkup/U1/A1 (AND2X1_RVT)                   0.0426      1.0000              0.0000      3.3277 f    (73.59,133.14)
  clock_module_0/and_lfxt_en_wkup/U1/Y (AND2X1_RVT)                    0.0306      1.0000              0.0647      3.3924 f    (74.11,133.22)
  clock_module_0/and_lfxt_en_wkup/y (net)           1      1.7862
  clock_module_0/and_lfxt_en_wkup/y (omsp_and_gate_7)                  0.0306      1.0000              0.0000      3.3924 f    (hierarchical)    h
  clock_module_0/lfxt_en_wkup (net)                        1.7862
  clock_module_0/U119/A3 (OR3X1_RVT)                                   0.0306      1.0000              0.0000      3.3924 f    (76.73,140.10)
  clock_module_0/U119/Y (OR3X1_RVT)                                    0.0344      1.0000              0.0667      3.4591 f    (77.15,139.91)
  clock_module_0/N173 (net)                         2      1.6732
  clock_module_0/U114/A1 (OR2X1_RVT)                                   0.0344      1.0000              0.0000      3.4592 f    (79.36,139.94)
  clock_module_0/U114/Y (OR2X1_RVT)                                    0.0293      1.0000              0.0598      3.5190 f    (80.04,139.87)
  clock_module_0/_21_net_ (net)                     1      0.7614
  clock_module_0/scan_mux_lfxt_wkup/data_in_func (omsp_scan_mux_11)    0.0293      1.0000              0.0000      3.5190 f    (hierarchical)    h
  clock_module_0/scan_mux_lfxt_wkup/data_in_func (net)     0.7614
  clock_module_0/scan_mux_lfxt_wkup/U2/A3 (AO22X1_RVT)                 0.0293      1.0000              0.0000      3.5190 f    (78.25,140.59)
  clock_module_0/scan_mux_lfxt_wkup/U2/Y (AO22X1_RVT)                  0.0325      1.0000              0.0543      3.5733 f    (77.81,139.89)
  clock_module_0/scan_mux_lfxt_wkup/data_out (net)
                                                    1      1.0382
  clock_module_0/scan_mux_lfxt_wkup/data_out (omsp_scan_mux_11)        0.0325      1.0000              0.0000      3.5733 f    (hierarchical)    h
  clock_module_0/lfxt_wkup_set_scan (net)                  1.0382
  clock_module_0/sync_cell_lfxt_wkup/rst (omsp_sync_cell_14)           0.0325      1.0000              0.0000      3.5733 f    (hierarchical)    h
  clock_module_0/sync_cell_lfxt_wkup/rst (net)             1.0382
  clock_module_0/sync_cell_lfxt_wkup/U3/A (INVX1_RVT)                  0.0325      1.0000              0.0000      3.5733 f    (75.66,140.01)
  clock_module_0/sync_cell_lfxt_wkup/U3/Y (INVX1_RVT)                  0.0358      1.0000              0.0373      3.6106 r    (75.52,139.90)
  clock_module_0/sync_cell_lfxt_wkup/n1 (net)       2      2.7820
  clock_module_0/sync_cell_lfxt_wkup/data_sync_reg[1]/RSTB (DFFARX1_RVT)
                                                                       0.0358      1.0000              0.0000      3.6106 r    (69.77,134.21)    s, n
  data arrival time                                                                                                3.6106

  clock lfxt_clk' (rise edge)                                                                         20.0000     20.0000
  source latency                                                                                       0.0000     20.0000
  lfxt_clk (in)                                                        0.0000      1.0000              0.0000     20.0000 f    (57.60,211.12)
  lfxt_clk (net)                                    1      1.5582                                                                                d
  cto_buf_drc_3447/A (NBUFFX4_RVT)                                     0.0000      1.0000              0.0000     20.0000 f    (59.16,198.33)
  cto_buf_drc_3447/Y (NBUFFX4_RVT)                                     0.0000      1.0000              0.0000     20.0000 f    (59.82,198.43)
  cts4 (net)                                        2      5.4025                                                                                d
  cts_inv_9453318/A (INVX8_RVT)                                        0.0000      1.0000              0.0000     20.0000 f    (55.28,194.99)
  cts_inv_9453318/Y (INVX8_RVT)                                        0.0000      1.0000              0.0000     20.0000 r    (55.41,195.09)
  ctsbuf_net_2143 (net)                             1      8.2226                                                                                d
  cts_inv_9403313/A (INVX16_RVT)                                       0.0000      1.0000              0.0000     20.0000 r    (55.89,196.85)
  cts_inv_9403313/Y (INVX16_RVT)                                       0.0000      1.0000              0.0000     20.0000 f    (56.02,196.75)
  ctsbuf_net_2042 (net)                            16     27.0152                                                                                d
  clock_module_0/lfxt_clk (omsp_clock_module)                          0.0000      1.0000              0.0000     20.0000 f    (hierarchical)    h
  clock_module_0/lfxt_clk (net)                    16     27.0152                                                                                d
  clock_module_0/clock_gate_aclk/p_abuf0 (omsp_clock_gate_32)          0.0000      1.0000              0.0000     20.0000 f    (hierarchical)    h
  clock_module_0/clock_gate_aclk/p_abuf0 (net)     16     27.0152                                                                                d
  clock_module_0/clock_gate_aclk/U2/A (INVX8_RVT)                      0.0000      1.0000              0.0000     20.0000 f    (83.55,144.83)
  clock_module_0/clock_gate_aclk/U2/Y (INVX8_RVT)                      0.0000      1.0000              0.0000     20.0000 r    (83.68,144.93)
  clock_module_0/clock_gate_aclk/n2 (net)           5      7.9766                                                                                d
  clock_module_0/clock_gate_aclk/n2 (omsp_clock_gate_32)               0.0000      1.0000              0.0000     20.0000 r    (hierarchical)    h
  clock_module_0/cts2 (net)                         5      7.9766                                                                                d
  clock_module_0/sync_cell_lfxt_wkup/clk (omsp_sync_cell_14)           0.0000      1.0000              0.0000     20.0000 r    (hierarchical)    h
  clock_module_0/sync_cell_lfxt_wkup/clk (net)      5      7.9766                                                                                d
  clock_module_0/sync_cell_lfxt_wkup/data_sync_reg[1]/CLK (DFFARX1_RVT)
                                                                       0.0000      1.0000              0.0000     20.0000 r    (68.12,135.56)    s, n

  library setup time                                                               1.0000              0.0355     20.0355
  data required time                                                                                              20.0355
  ----------------------------------------------------------------------------------------------------------------------------------------------------------------
  data required time                                                                                              20.0355
  data arrival time                                                                                               -3.6106
  ----------------------------------------------------------------------------------------------------------------------------------------------------------------
  slack (MET)                                                                                                     16.4249



  Startpoint: dmem_dout[8] (input port clocked by dco_clk)
  Endpoint: pmem_addr[7] (output port clocked by dco_clk)
  Mode: func
  Corner: slow
  Scenario: func_slow
  Path Group: FEEDTHROUGH
  Path Type: max


Attributes
    b - black-box (unknown)
    s - size_only
    d - dont_touch
    u - dont_use
    g - generic
    h - hierarchical
    i - ideal
    n - noncombinational
    E - extracted timing model
    Q - Quick timing model


  Point                                          Fanout     Cap        Trans      Derate    Delta       Incr        Path           Location       Attributes
  ----------------------------------------------------------------------------------------------------------------------------------------------------------------
  clock dco_clk (rise edge)                                                                            0.0000      0.0000
  clock network delay (ideal)                                                                          0.0000      0.0000
  input external delay                                                                                 2.2500      2.2500

  dmem_dout[8] (in)                                                    0.0272      1.0000              0.0094      2.2594 r    (131.93,211.12)
  dmem_dout[8] (net)                                1      2.4435
  mem_backbone_0/dmem_dout[8] (omsp_mem_backbone)                      0.0272      1.0000              0.0094      2.2594 r    (hierarchical)    h
  mem_backbone_0/dmem_dout[8] (net)                        2.4435
  mem_backbone_0/placeZBUF_inst_193/A (NBUFFX4_RVT)                    0.0272      1.0000              0.0001      2.2595 r    (125.51,194.98)
  mem_backbone_0/placeZBUF_inst_193/Y (NBUFFX4_RVT)                    0.0555      1.0000              0.0713      2.3308 r    (124.85,195.09)
  mem_backbone_0/placeZBUF_1 (net)                  2     17.8301
  mem_backbone_0/U101/A3 (AO222X1_RVT)                                 0.0559      1.0000              0.0034      2.3342 r    (31.78,110.50)
  mem_backbone_0/U101/Y (AO222X1_RVT)                                  0.0929      1.0000              0.1595      2.4938 r    (32.68,109.80)
  mem_backbone_0/eu_mdb_in[8] (net)                 4      6.3733
  mem_backbone_0/eu_mdb_in[8] (omsp_mem_backbone)                      0.0929      1.0000              0.0000      2.4938 r    (hierarchical)    h
  eu_mdb_in[8] (net)                                       6.3733
  execution_unit_0/mdb_in[8] (omsp_execution_unit)                     0.0929      1.0000              0.0000      2.4938 r    (hierarchical)    h
  execution_unit_0/mdb_in[8] (net)                         6.3733
  execution_unit_0/U177/A2 (AO22X1_RVT)                                0.0929      1.0000              0.0002      2.4940 r    (38.32,98.31)
  execution_unit_0/U177/Y (AO22X1_RVT)                                 0.0792      1.0000              0.1414      2.6353 r    (39.06,98.13)
  execution_unit_0/mdb_in_bw[0] (net)               3      6.4733
  execution_unit_0/U90/A4 (AO222X1_RVT)                                0.0792      1.0000              0.0004      2.6357 r    (47.29,61.47)
  execution_unit_0/U90/Y (AO222X1_RVT)                                 0.0512      1.0000              0.1315      2.7672 r    (48.34,61.33)
  execution_unit_0/n78 (net)                        1      1.1947
  execution_unit_0/U86/A1 (OR2X1_RVT)                                  0.0512      1.0000              0.0000      2.7673 r    (52.76,59.68)
  execution_unit_0/U86/Y (OR2X1_RVT)                                   0.0778      1.0000              0.1049      2.8721 r    (53.44,59.62)
  execution_unit_0/op_src[0] (net)                  3      7.3246
  execution_unit_0/alu_0/op_src[0] (omsp_alu)                          0.0778      1.0000              0.0000      2.8721 r    (hierarchical)    h
  execution_unit_0/alu_0/op_src[0] (net)                   7.3246
  execution_unit_0/alu_0/U26/A1 (XOR2X2_RVT)                           0.0778      1.0000              0.0001      2.8722 r    (60.68,59.85)
  execution_unit_0/alu_0/U26/Y (XOR2X2_RVT)                            0.0657      1.0000              0.1058      2.9780 r    (61.95,59.64)
  execution_unit_0/alu_0/op_src_inv[0] (net)        6      8.6768
  execution_unit_0/alu_0/add_1_root_add_100_2_C185/U1_0/A (FADDX1_RVT)
                                                                       0.0657      1.0000              0.0002      2.9782 r    (76.76,64.88)
  execution_unit_0/alu_0/add_1_root_add_100_2_C185/U1_0/CO (FADDX1_RVT)
                                                                       0.0537      1.0000              0.1214      3.0996 r    (75.29,64.56)
  execution_unit_0/alu_0/add_1_root_add_100_2_C185/carry[1] (net)
                                                    1      2.2738
  execution_unit_0/alu_0/add_1_root_add_100_2_C185/U1_1/CI (FADDX1_RVT)
                                                                       0.0537      1.0000              0.0000      3.0997 r    (69.47,66.57)
  execution_unit_0/alu_0/add_1_root_add_100_2_C185/U1_1/CO (FADDX1_RVT)
                                                                       0.0524      1.0000              0.1038      3.2035 r    (70.92,66.45)
  execution_unit_0/alu_0/add_1_root_add_100_2_C185/carry[2] (net)
                                                    1      1.9892
  execution_unit_0/alu_0/add_1_root_add_100_2_C185/U1_2/CI (FADDX1_RVT)
                                                                       0.0524      1.0000              0.0000      3.2035 r    (70.83,71.13)
  execution_unit_0/alu_0/add_1_root_add_100_2_C185/U1_2/CO (FADDX1_RVT)
                                                                       0.0521      1.0000              0.1031      3.3066 r    (72.28,71.24)
  execution_unit_0/alu_0/add_1_root_add_100_2_C185/carry[3] (net)
                                                    1      1.9643
  execution_unit_0/alu_0/add_1_root_add_100_2_C185/U1_3/CI (FADDX1_RVT)
                                                                       0.0521      1.0000              0.0000      3.3066 r    (74.03,74.47)
  execution_unit_0/alu_0/add_1_root_add_100_2_C185/U1_3/S (FADDX1_RVT)
                                                                       0.0553      1.0000              0.1613      3.4679 f    (75.16,74.66)
  execution_unit_0/alu_0/N13 (net)                  3      2.9069
  execution_unit_0/alu_0/U143/A3 (OA21X1_RVT)                          0.0553      1.0000              0.0000      3.4679 f    (76.93,74.76)
  execution_unit_0/alu_0/U143/Y (OA21X1_RVT)                           0.0299      1.0000              0.0733      3.5413 f    (77.46,74.67)
  execution_unit_0/alu_0/n9 (net)                   1      0.8816
  execution_unit_0/alu_0/U7/A2 (OR2X1_RVT)                             0.0299      1.0000              0.0000      3.5413 f    (78.25,74.59)
  execution_unit_0/alu_0/U7/Y (OR2X1_RVT)                              0.0510      1.0000              0.0729      3.6142 f    (78.67,74.74)
  execution_unit_0/alu_0/n4 (net)                   3      4.3569
  execution_unit_0/alu_0/U106/A1 (AND2X1_RVT)                          0.0510      1.0000              0.0000      3.6142 f    (79.97,71.43)
  execution_unit_0/alu_0/U106/Y (AND2X1_RVT)                           0.0336      1.0000              0.0693      3.6835 f    (80.49,71.36)
  execution_unit_0/alu_0/add_102_C185_aco/carry[2] (net)
                                                    1      1.8841
  execution_unit_0/alu_0/add_102_C185_aco/U1_2/CI (FADDX1_RVT)         0.0336      1.0000              0.0000      3.6835 f    (80.41,74.47)
  execution_unit_0/alu_0/add_102_C185_aco/U1_2/CO (FADDX1_RVT)         0.0439      1.0000              0.0877      3.7713 f    (81.86,74.59)
  execution_unit_0/alu_0/add_102_C185_aco/carry[3] (net)
                                                    2      2.1736
  execution_unit_0/alu_0/U104/A1 (AND2X1_RVT)                          0.0439      1.0000              0.0000      3.7713 f    (80.37,76.30)
  execution_unit_0/alu_0/U104/Y (AND2X1_RVT)                           0.0285      1.0000              0.0617      3.8330 f    (79.85,76.37)
  execution_unit_0/alu_0/add_102_C185_aco/carry[4] (net)
                                                    1      1.2636
  execution_unit_0/alu_0/U103/A2 (XOR2X1_RVT)                          0.0285      1.0000              0.0000      3.8330 f    (78.23,77.98)
  execution_unit_0/alu_0/U103/Y (XOR2X1_RVT)                           0.0500      1.0000              0.1295      3.9625 r    (76.96,78.06)
  execution_unit_0/alu_0/alu_dadd0[4]1 (net)        1      2.0010
  execution_unit_0/alu_0/add_1_root_add_100_2_C186/U1_0/CI (FADDX1_RVT)
                                                                       0.0500      1.0000              0.0000      3.9625 r    (73.11,81.16)
  execution_unit_0/alu_0/add_1_root_add_100_2_C186/U1_0/CO (FADDX1_RVT)
                                                                       0.0527      1.0000              0.1033      4.0658 r    (74.56,81.28)
  execution_unit_0/alu_0/add_1_root_add_100_2_C186/carry[1] (net)
                                                    1      2.0632
  execution_unit_0/alu_0/add_1_root_add_100_2_C186/U1_1/CI (FADDX1_RVT)
                                                                       0.0527      1.0000              0.0000      4.0658 r    (72.51,84.50)
  execution_unit_0/alu_0/add_1_root_add_100_2_C186/U1_1/CO (FADDX1_RVT)
                                                                       0.0524      1.0000              0.1042      4.1699 r    (73.96,84.62)
  execution_unit_0/alu_0/add_1_root_add_100_2_C186/carry[2] (net)
                                                    1      2.0671
  execution_unit_0/alu_0/add_1_root_add_100_2_C186/U1_2/CI (FADDX1_RVT)
                                                                       0.0524      1.0000              0.0000      4.1700 r    (71.90,87.85)
  execution_unit_0/alu_0/add_1_root_add_100_2_C186/U1_2/CO (FADDX1_RVT)
                                                                       0.0500      1.0000              0.1012      4.2712 r    (73.35,87.96)
  execution_unit_0/alu_0/add_1_root_add_100_2_C186/carry[3] (net)
                                                    1      1.7820
  execution_unit_0/alu_0/add_1_root_add_100_2_C186/U1_3/CI (FADDX1_RVT)
                                                                       0.0500      1.0000              0.0000      4.2712 r    (74.79,91.19)
  execution_unit_0/alu_0/add_1_root_add_100_2_C186/U1_3/S (FADDX1_RVT)
                                                                       0.0554      1.0000              0.1612      4.4324 f    (75.92,91.38)
  execution_unit_0/alu_0/N26 (net)                  3      2.9779
  execution_unit_0/alu_0/U162/A3 (OA21X1_RVT)                          0.0554      1.0000              0.0000      4.4324 f    (77.54,88.14)
  execution_unit_0/alu_0/U162/Y (OA21X1_RVT)                           0.0296      1.0000              0.0737      4.5061 f    (78.07,88.05)
  execution_unit_0/alu_0/n10 (net)                  1      0.9164
  execution_unit_0/alu_0/U6/A2 (OR2X1_RVT)                             0.0296      1.0000              0.0000      4.5061 f    (78.70,89.86)
  execution_unit_0/alu_0/U6/Y (OR2X1_RVT)                              0.0511      1.0000              0.0728      4.5789 f    (79.12,89.71)
  execution_unit_0/alu_0/n3 (net)                   3      4.3622
  execution_unit_0/alu_0/U91/A1 (AND2X1_RVT)                           0.0511      1.0000              0.0000      4.5790 f    (78.91,86.33)
  execution_unit_0/alu_0/U91/Y (AND2X1_RVT)                            0.0312      1.0000              0.0677      4.6467 f    (79.43,86.40)
  execution_unit_0/alu_0/add_102_C186_aco/carry[2] (net)
                                                    1      1.6435
  execution_unit_0/alu_0/add_102_C186_aco/U1_2/CI (FADDX1_RVT)         0.0312      1.0000              0.0000      4.6467 f    (81.78,86.63)
  execution_unit_0/alu_0/add_102_C186_aco/U1_2/CO (FADDX1_RVT)         0.0482      1.0000              0.0912      4.7379 f    (83.23,86.52)
  execution_unit_0/alu_0/add_102_C186_aco/carry[3] (net)
                                                    2      2.7195
  execution_unit_0/alu_0/U89/A1 (AND2X1_RVT)                           0.0482      1.0000              0.0000      4.7379 f    (78.39,91.50)
  execution_unit_0/alu_0/U89/Y (AND2X1_RVT)                            0.0320      1.0000              0.0672      4.8051 f    (77.88,91.42)
  execution_unit_0/alu_0/add_102_C186_aco/carry[4] (net)
                                                    1      1.7645
  execution_unit_0/alu_0/U88/A2 (XOR2X1_RVT)                           0.0320      1.0000              0.0000      4.8051 f    (78.39,98.04)
  execution_unit_0/alu_0/U88/Y (XOR2X1_RVT)                            0.0471      1.0000              0.1279      4.9330 r    (77.12,98.12)
  execution_unit_0/alu_0/alu_dadd1[4]1 (net)        1      1.6557
  execution_unit_0/alu_0/add_1_root_add_100_2_C187/U1_0/CI (FADDX1_RVT)
                                                                       0.0471      1.0000              0.0000      4.9330 r    (75.07,97.88)
  execution_unit_0/alu_0/add_1_root_add_100_2_C187/U1_0/CO (FADDX1_RVT)
                                                                       0.0635      1.0000              0.1124      5.0454 r    (73.62,98.00)
  execution_unit_0/alu_0/add_1_root_add_100_2_C187/carry[1] (net)
                                                    1      3.2467
  execution_unit_0/alu_0/add_1_root_add_100_2_C187/U1_1/CI (FADDX1_RVT)
                                                                       0.0635      1.0000              0.0001      5.0454 r    (69.45,110.04)
  execution_unit_0/alu_0/add_1_root_add_100_2_C187/U1_1/CO (FADDX1_RVT)
                                                                       0.0611      1.0000              0.1154      5.1608 r    (68.00,109.93)
  execution_unit_0/alu_0/add_1_root_add_100_2_C187/carry[2] (net)
                                                    1      2.9961
  execution_unit_0/alu_0/add_1_root_add_100_2_C187/U1_2/CI (FADDX1_RVT)
                                                                       0.0611      1.0000              0.0001      5.1609 r    (63.69,121.29)
  execution_unit_0/alu_0/add_1_root_add_100_2_C187/U1_2/CO (FADDX1_RVT)
                                                                       0.0504      1.0000              0.1030      5.2639 r    (65.14,121.40)
  execution_unit_0/alu_0/add_1_root_add_100_2_C187/carry[3] (net)
                                                    1      1.6850
  execution_unit_0/alu_0/add_1_root_add_100_2_C187/U1_3/CI (FADDX1_RVT)
                                                                       0.0504      1.0000              0.0000      5.2640 r    (66.73,121.29)
  execution_unit_0/alu_0/add_1_root_add_100_2_C187/U1_3/S (FADDX1_RVT)
                                                                       0.0609      1.0000              0.1659      5.4299 f    (67.86,121.48)
  execution_unit_0/alu_0/N39 (net)                  3      3.6146
  execution_unit_0/alu_0/U168/A3 (OA21X1_RVT)                          0.0609      1.0000              0.0000      5.4299 f    (71.26,123.13)
  execution_unit_0/alu_0/U168/Y (OA21X1_RVT)                           0.0306      1.0000              0.0767      5.5066 f    (70.72,123.22)
  execution_unit_0/alu_0/n11 (net)                  1      0.9360
  execution_unit_0/alu_0/U5/A2 (OR2X1_RVT)                             0.0306      1.0000              0.0000      5.5066 f    (72.17,124.75)
  execution_unit_0/alu_0/U5/Y (OR2X1_RVT)                              0.0520      1.0000              0.0738      5.5803 f    (72.59,124.90)
  execution_unit_0/alu_0/n2 (net)                   3      4.4641
  execution_unit_0/alu_0/U86/A1 (AND2X1_RVT)                           0.0520      1.0000              0.0000      5.5803 f    (75.20,121.59)
  execution_unit_0/alu_0/U86/Y (AND2X1_RVT)                            0.0329      1.0000              0.0688      5.6491 f    (74.68,121.52)
  execution_unit_0/alu_0/add_102_C187_aco/carry[2] (net)
                                                    1      1.7407
  execution_unit_0/alu_0/add_102_C187_aco/U1_2/CI (FADDX1_RVT)         0.0329      1.0000              0.0000      5.6491 f    (73.27,123.42)
  execution_unit_0/alu_0/add_102_C187_aco/U1_2/CO (FADDX1_RVT)         0.0483      1.0000              0.0918      5.7409 f    (74.71,123.30)
  execution_unit_0/alu_0/add_102_C187_aco/carry[3] (net)
                                                    2      2.7222
  execution_unit_0/alu_0/U84/A1 (AND2X1_RVT)                           0.0483      1.0000              0.0000      5.7409 f    (68.36,128.28)
  execution_unit_0/alu_0/U84/Y (AND2X1_RVT)                            0.0307      1.0000              0.0655      5.8064 f    (67.85,128.21)
  execution_unit_0/alu_0/add_102_C187_aco/carry[4] (net)
                                                    1      1.5167
  execution_unit_0/alu_0/U83/A2 (XOR2X1_RVT)                           0.0307      1.0000              0.0000      5.8064 f    (70.10,124.79)
  execution_unit_0/alu_0/U83/Y (XOR2X1_RVT)                            0.0519      1.0000              0.1323      5.9387 r    (71.37,124.87)
  execution_unit_0/alu_0/alu_dadd2[4]1 (net)        1      2.2172
  execution_unit_0/alu_0/add_1_root_add_100_2_C188/U1_0/CI (FADDX1_RVT)
                                                                       0.0519      1.0000              0.0000      5.9387 r    (70.07,120.07)
  execution_unit_0/alu_0/add_1_root_add_100_2_C188/U1_0/CO (FADDX1_RVT)
                                                                       0.0494      1.0000              0.0995      6.0382 r    (71.52,119.96)
  execution_unit_0/alu_0/add_1_root_add_100_2_C188/carry[1] (net)
                                                    1      1.6291
  execution_unit_0/alu_0/add_1_root_add_100_2_C188/U1_1/CI (FADDX1_RVT)
                                                                       0.0494      1.0000              0.0000      6.0382 r    (73.11,120.07)
  execution_unit_0/alu_0/add_1_root_add_100_2_C188/U1_1/CO (FADDX1_RVT)
                                                                       0.0483      1.0000              0.0986      6.1369 r    (74.56,119.96)
  execution_unit_0/alu_0/add_1_root_add_100_2_C188/carry[2] (net)
                                                    1      1.6163
  execution_unit_0/alu_0/add_1_root_add_100_2_C188/U1_2/CI (FADDX1_RVT)
                                                                       0.0483      1.0000              0.0000      6.1369 r    (76.00,120.07)
  execution_unit_0/alu_0/add_1_root_add_100_2_C188/U1_2/CO (FADDX1_RVT)
                                                                       0.0542      1.0000              0.1026      6.2394 r    (77.45,119.96)
  execution_unit_0/alu_0/add_1_root_add_100_2_C188/carry[3] (net)
                                                    1      2.0462
  execution_unit_0/alu_0/add_1_root_add_100_2_C188/U1_3/CI (FADDX1_RVT)
                                                                       0.0542      1.0000              0.0000      6.2394 r    (80.26,116.73)
  execution_unit_0/alu_0/add_1_root_add_100_2_C188/U1_3/S (FADDX1_RVT)
                                                                       0.0577      1.0000              0.1645      6.4040 f    (81.39,116.54)
  execution_unit_0/alu_0/N52 (net)                  3      3.2673
  execution_unit_0/alu_0/U173/A3 (OA21X1_RVT)                          0.0577      1.0000              0.0000      6.4040 f    (84.22,119.78)
  execution_unit_0/alu_0/U173/Y (OA21X1_RVT)                           0.0300      1.0000              0.0750      6.4790 f    (84.75,119.87)
  execution_unit_0/alu_0/n12 (net)                  1      0.9362
  execution_unit_0/alu_0/U4/A2 (OR2X1_RVT)                             0.0300      1.0000              0.0000      6.4790 f    (82.86,119.95)
  execution_unit_0/alu_0/U4/Y (OR2X1_RVT)                              0.0530      1.0000              0.0743      6.5533 f    (82.44,119.81)
  execution_unit_0/alu_0/n1 (net)                   3      4.5880
  execution_unit_0/alu_0/U81/A1 (AND2X1_RVT)                           0.0530      1.0000              0.0000      6.5533 f    (81.95,123.11)
  execution_unit_0/alu_0/U81/Y (AND2X1_RVT)                            0.0312      1.0000              0.0683      6.6217 f    (82.47,123.19)
  execution_unit_0/alu_0/add_102_C188_aco/carry[2] (net)
                                                    1      1.6087
  execution_unit_0/alu_0/add_102_C188_aco/U1_2/CI (FADDX1_RVT)         0.0312      1.0000              0.0000      6.6217 f    (84.67,123.42)
  execution_unit_0/alu_0/add_102_C188_aco/U1_2/CO (FADDX1_RVT)         0.0484      1.0000              0.0913      6.7130 f    (86.11,123.30)
  execution_unit_0/alu_0/add_102_C188_aco/carry[3] (net)
                                                    2      2.7339
  execution_unit_0/alu_0/U62/A2 (XOR2X1_RVT)                           0.0484      1.0000              0.0000      6.7130 f    (84.47,113.22)
  execution_unit_0/alu_0/U62/Y (XOR2X1_RVT)                            0.0507      1.0000              0.1231      6.8362 f    (83.20,113.14)
  execution_unit_0/alu_0/alu_dadd3[3] (net)         1      2.2347
  execution_unit_0/alu_0/U198/A1 (AO222X1_RVT)                         0.0507      1.0000              0.0000      6.8362 f    (82.10,101.53)
  execution_unit_0/alu_0/U198/Y (AO222X1_RVT)                          0.0750      1.0000              0.1457      6.9819 f    (83.45,101.46)
  execution_unit_0/alu_0/alu_out[15] (net)          6      6.3045
  execution_unit_0/alu_0/alu_out[15] (omsp_alu)                        0.0750      1.0000              0.0000      6.9819 f    (hierarchical)    h
  execution_unit_0/alu_out[15] (net)                       6.3045
  execution_unit_0/register_file_0/reg_dest_val[15] (omsp_register_file)
                                                                       0.0750      1.0000              0.0000      6.9819 f    (hierarchical)    h
  execution_unit_0/register_file_0/reg_dest_val[15] (net)
                                                           6.3045
  execution_unit_0/register_file_0/U56/A1 (AND2X4_RVT)                 0.0750      1.0000              0.0002      6.9820 f    (89.94,88.00)
  execution_unit_0/register_file_0/U56/Y (AND2X4_RVT)                  0.0861      1.0000              0.1407      7.1227 f    (90.52,88.08)
  execution_unit_0/register_file_0/pc_sw[15] (net)
                                                   15     25.5112
  execution_unit_0/register_file_0/pc_sw[15] (omsp_register_file)      0.0861      1.0000              0.0000      7.1227 f    (hierarchical)    h
  execution_unit_0/pc_sw[15] (net)                        25.5112
  execution_unit_0/pc_sw[15] (omsp_execution_unit)                     0.0861      1.0000              0.0000      7.1227 f    (hierarchical)    h
  pc_sw[15] (net)                                         25.5112
  frontend_0/pc_sw[15] (omsp_frontend)                                 0.0861      1.0000              0.0000      7.1227 f    (hierarchical)    h
  frontend_0/pc_sw[15] (net)                              25.5112
  frontend_0/U23/A3 (AO221X1_RVT)                                      0.0861      1.0000              0.0000      7.1227 f    (89.54,80.40)
  frontend_0/U23/Y (AO221X1_RVT)                                       0.0545      1.0000              0.1297      7.2525 f    (90.29,79.70)
  frontend_0/mab[15] (net)                          3      3.5780
  frontend_0/mab[15] (omsp_frontend)                                   0.0545      1.0000              0.0000      7.2525 f    (hierarchical)    h
  fe_mab[15] (net)                                         3.5780
  mem_backbone_0/fe_mab[14] (omsp_mem_backbone)                        0.0545      1.0000              0.0000      7.2525 f    (hierarchical)    h
  mem_backbone_0/fe_mab[14] (net)                          3.5780
  mem_backbone_0/U24/A3 (AND4X1_RVT)                                   0.0545      1.0000              0.0000      7.2525 f    (90.25,82.83)
  mem_backbone_0/U24/Y (AND4X1_RVT)                                    0.0468      1.0000              0.1115      7.3640 f    (89.43,83.06)
  mem_backbone_0/fe_pmem_sel (net)                  1      1.5902
  mem_backbone_0/U179/A1 (NAND2X2_RVT)                                 0.0468      1.0000              0.0000      7.3640 f    (84.46,79.64)
  mem_backbone_0/U179/Y (NAND2X2_RVT)                                  0.0540      1.0000              0.1078      7.4719 r    (85.28,79.72)
  mem_backbone_0/n11 (net)                          3      8.7227
  mem_backbone_0/U174/A2 (NAND4X0_RVT)                                 0.0540      1.0000              0.0002      7.4721 r    (91.31,114.75)
  mem_backbone_0/U174/Y (NAND4X0_RVT)                                  0.1963      1.0000              0.1482      7.6204 f    (91.32,114.83)
  mem_backbone_0/n14 (net)                          3      4.6491
  mem_backbone_0/U39/A1 (AND2X2_RVT)                                   0.1963      1.0000              0.0000      7.6204 f    (93.96,114.90)
  mem_backbone_0/U39/Y (AND2X2_RVT)                                    0.0966      1.0000              0.1747      7.7951 f    (94.47,114.83)
  mem_backbone_0/n10 (net)                         12     14.9643
  mem_backbone_0/U30/A4 (AO222X1_RVT)                                  0.0966      1.0000              0.0007      7.7958 f    (105.97,96.29)
  mem_backbone_0/U30/Y (AO222X1_RVT)                                   0.0892      1.0000              0.1608      7.9565 f    (107.01,96.43)
  mem_backbone_0/pmem_addr[7] (net)                 1      7.7382
  mem_backbone_0/pmem_addr[7] (omsp_mem_backbone)                      0.0892      1.0000              0.0000      7.9565 f    (hierarchical)    h
  pmem_addr[7] (net)                                       7.7382
  pmem_addr[7] (out)                                                   0.0892      1.0000              0.0007      7.9572 f    (211.88,100.77)
  data arrival time                                                                                                7.9572

  clock dco_clk (rise edge)                                                                           40.0000     40.0000
  clock network delay (ideal)                                                                          0.0000     40.0000
  output external delay                                                                               -0.6400     39.3600
  data required time                                                                                              39.3600
  ----------------------------------------------------------------------------------------------------------------------------------------------------------------
  data required time                                                                                              39.3600
  data arrival time                                                                                               -7.9572
  ----------------------------------------------------------------------------------------------------------------------------------------------------------------
  slack (MET)                                                                                                     31.4028



  Startpoint: dmem_dout[8] (input port clocked by dco_clk)
  Endpoint: clock_module_0/sync_cell_dco_wkup/data_sync_reg[1] (recovery check against rising-edge clock clocked by dco_clk')
  Mode: func
  Corner: slow
  Scenario: func_slow
  Path Group: REGIN
  Path Type: max


Attributes
    b - black-box (unknown)
    s - size_only
    d - dont_touch
    u - dont_use
    g - generic
    h - hierarchical
    i - ideal
    n - noncombinational
    E - extracted timing model
    Q - Quick timing model


  Point                                          Fanout     Cap        Trans      Derate    Delta       Incr        Path           Location       Attributes
  ----------------------------------------------------------------------------------------------------------------------------------------------------------------
  clock dco_clk (rise edge)                                                                            0.0000      0.0000
  clock network delay (ideal)                                                                          0.0000      0.0000
  input external delay                                                                                 2.2500      2.2500

  dmem_dout[8] (in)                                                    0.0272      1.0000              0.0094      2.2594 r    (131.93,211.12)
  dmem_dout[8] (net)                                1      2.4435
  mem_backbone_0/dmem_dout[8] (omsp_mem_backbone)                      0.0272      1.0000              0.0094      2.2594 r    (hierarchical)    h
  mem_backbone_0/dmem_dout[8] (net)                        2.4435
  mem_backbone_0/placeZBUF_inst_193/A (NBUFFX4_RVT)                    0.0272      1.0000              0.0001      2.2595 r    (125.51,194.98)
  mem_backbone_0/placeZBUF_inst_193/Y (NBUFFX4_RVT)                    0.0555      1.0000              0.0713      2.3308 r    (124.85,195.09)
  mem_backbone_0/placeZBUF_1 (net)                  2     17.8301
  mem_backbone_0/U101/A3 (AO222X1_RVT)                                 0.0559      1.0000              0.0034      2.3342 r    (31.78,110.50)
  mem_backbone_0/U101/Y (AO222X1_RVT)                                  0.0929      1.0000              0.1595      2.4938 r    (32.68,109.80)
  mem_backbone_0/eu_mdb_in[8] (net)                 4      6.3733
  mem_backbone_0/eu_mdb_in[8] (omsp_mem_backbone)                      0.0929      1.0000              0.0000      2.4938 r    (hierarchical)    h
  eu_mdb_in[8] (net)                                       6.3733
  execution_unit_0/mdb_in[8] (omsp_execution_unit)                     0.0929      1.0000              0.0000      2.4938 r    (hierarchical)    h
  execution_unit_0/mdb_in[8] (net)                         6.3733
  execution_unit_0/U177/A2 (AO22X1_RVT)                                0.0929      1.0000              0.0002      2.4940 r    (38.32,98.31)
  execution_unit_0/U177/Y (AO22X1_RVT)                                 0.0792      1.0000              0.1414      2.6353 r    (39.06,98.13)
  execution_unit_0/mdb_in_bw[0] (net)               3      6.4733
  execution_unit_0/U90/A4 (AO222X1_RVT)                                0.0792      1.0000              0.0004      2.6357 r    (47.29,61.47)
  execution_unit_0/U90/Y (AO222X1_RVT)                                 0.0512      1.0000              0.1315      2.7672 r    (48.34,61.33)
  execution_unit_0/n78 (net)                        1      1.1947
  execution_unit_0/U86/A1 (OR2X1_RVT)                                  0.0512      1.0000              0.0000      2.7673 r    (52.76,59.68)
  execution_unit_0/U86/Y (OR2X1_RVT)                                   0.0778      1.0000              0.1049      2.8721 r    (53.44,59.62)
  execution_unit_0/op_src[0] (net)                  3      7.3246
  execution_unit_0/alu_0/op_src[0] (omsp_alu)                          0.0778      1.0000              0.0000      2.8721 r    (hierarchical)    h
  execution_unit_0/alu_0/op_src[0] (net)                   7.3246
  execution_unit_0/alu_0/U26/A1 (XOR2X2_RVT)                           0.0778      1.0000              0.0001      2.8722 r    (60.68,59.85)
  execution_unit_0/alu_0/U26/Y (XOR2X2_RVT)                            0.0636      1.0000              0.1380      3.0103 f    (61.95,59.64)
  execution_unit_0/alu_0/op_src_inv[0] (net)        6      8.6528
  execution_unit_0/alu_0/add_1_root_add_100_2_C185/U1_0/A (FADDX1_RVT)
                                                                       0.0636      1.0000              0.0002      3.0105 f    (76.76,64.88)
  execution_unit_0/alu_0/add_1_root_add_100_2_C185/U1_0/CO (FADDX1_RVT)
                                                                       0.0452      1.0000              0.1113      3.1218 f    (75.29,64.56)
  execution_unit_0/alu_0/add_1_root_add_100_2_C185/carry[1] (net)
                                                    1      2.2693
  execution_unit_0/alu_0/add_1_root_add_100_2_C185/U1_1/CI (FADDX1_RVT)
                                                                       0.0452      1.0000              0.0000      3.1218 f    (69.47,66.57)
  execution_unit_0/alu_0/add_1_root_add_100_2_C185/U1_1/CO (FADDX1_RVT)
                                                                       0.0458      1.0000              0.0905      3.2123 f    (70.92,66.45)
  execution_unit_0/alu_0/add_1_root_add_100_2_C185/carry[2] (net)
                                                    1      1.9846
  execution_unit_0/alu_0/add_1_root_add_100_2_C185/U1_2/CI (FADDX1_RVT)
                                                                       0.0458      1.0000              0.0000      3.2123 f    (70.83,71.13)
  execution_unit_0/alu_0/add_1_root_add_100_2_C185/U1_2/CO (FADDX1_RVT)
                                                                       0.0456      1.0000              0.0904      3.3027 f    (72.28,71.24)
  execution_unit_0/alu_0/add_1_root_add_100_2_C185/carry[3] (net)
                                                    1      1.9597
  execution_unit_0/alu_0/add_1_root_add_100_2_C185/U1_3/CI (FADDX1_RVT)
                                                                       0.0456      1.0000              0.0000      3.3027 f    (74.03,74.47)
  execution_unit_0/alu_0/add_1_root_add_100_2_C185/U1_3/S (FADDX1_RVT)
                                                                       0.0541      1.0000              0.1626      3.4654 r    (75.16,74.66)
  execution_unit_0/alu_0/N13 (net)                  3      2.9178
  execution_unit_0/alu_0/U143/A3 (OA21X1_RVT)                          0.0541      1.0000              0.0000      3.4654 r    (76.93,74.76)
  execution_unit_0/alu_0/U143/Y (OA21X1_RVT)                           0.0312      1.0000              0.0699      3.5352 r    (77.46,74.67)
  execution_unit_0/alu_0/n9 (net)                   1      0.8885
  execution_unit_0/alu_0/U7/A2 (OR2X1_RVT)                             0.0312      1.0000              0.0000      3.5352 r    (78.25,74.59)
  execution_unit_0/alu_0/U7/Y (OR2X1_RVT)                              0.0537      1.0000              0.0743      3.6096 r    (78.67,74.74)
  execution_unit_0/alu_0/n4 (net)                   3      4.3695
  execution_unit_0/alu_0/U106/A1 (AND2X1_RVT)                          0.0537      1.0000              0.0000      3.6096 r    (79.97,71.43)
  execution_unit_0/alu_0/U106/Y (AND2X1_RVT)                           0.0342      1.0000              0.0634      3.6730 r    (80.49,71.36)
  execution_unit_0/alu_0/add_102_C185_aco/carry[2] (net)
                                                    1      1.8886
  execution_unit_0/alu_0/add_102_C185_aco/U1_2/CI (FADDX1_RVT)         0.0342      1.0000              0.0000      3.6730 r    (80.41,74.47)
  execution_unit_0/alu_0/add_102_C185_aco/U1_2/CO (FADDX1_RVT)         0.0524      1.0000              0.0992      3.7722 r    (81.86,74.59)
  execution_unit_0/alu_0/add_102_C185_aco/carry[3] (net)
                                                    2      2.1753
  execution_unit_0/alu_0/U104/A1 (AND2X1_RVT)                          0.0524      1.0000              0.0000      3.7723 r    (80.37,76.30)
  execution_unit_0/alu_0/U104/Y (AND2X1_RVT)                           0.0295      1.0000              0.0587      3.8309 r    (79.85,76.37)
  execution_unit_0/alu_0/add_102_C185_aco/carry[4] (net)
                                                    1      1.2643
  execution_unit_0/alu_0/U103/A2 (XOR2X1_RVT)                          0.0295      1.0000              0.0000      3.8309 r    (78.23,77.98)
  execution_unit_0/alu_0/U103/Y (XOR2X1_RVT)                           0.0488      1.0000              0.1302      3.9611 f    (76.96,78.06)
  execution_unit_0/alu_0/alu_dadd0[4]1 (net)        1      1.9965
  execution_unit_0/alu_0/add_1_root_add_100_2_C186/U1_0/CI (FADDX1_RVT)
                                                                       0.0488      1.0000              0.0000      3.9611 f    (73.11,81.16)
  execution_unit_0/alu_0/add_1_root_add_100_2_C186/U1_0/S (FADDX1_RVT)
                                                                       0.0408      1.0000              0.1498      4.1110 r    (74.25,81.35)
  execution_unit_0/alu_0/alu_dadd1[0] (net)         1      1.1628
  execution_unit_0/alu_0/U17/A1 (AO222X1_RVT)                          0.0408      1.0000              0.0000      4.1110 r    (79.21,79.64)
  execution_unit_0/alu_0/U17/Y (AO222X1_RVT)                           0.0519      1.0000              0.1362      4.2472 r    (80.56,79.71)
  execution_unit_0/alu_0/aps_rename_20_ (net)       1      1.2815
  execution_unit_0/alu_0/clockcopt_h_inst_5229/A (NBUFFX4_RVT)         0.0519      1.0000              0.0000      4.2472 r    (84.69,81.29)
  execution_unit_0/alu_0/clockcopt_h_inst_5229/Y (NBUFFX4_RVT)         0.0779      1.0000              0.0934      4.3406 r    (85.36,81.39)
  execution_unit_0/alu_0/alu_out[4] (net)          19     28.1320
  execution_unit_0/alu_0/alu_out[4] (omsp_alu)                         0.0779      1.0000              0.0000      4.3406 r    (hierarchical)    h
  execution_unit_0/placeHFSNET_68 (net)                   28.1320
  execution_unit_0/register_file_0/placeHFSNET_68 (omsp_register_file)
                                                                       0.0779      1.0000              0.0000      4.3406 r    (hierarchical)    h
  execution_unit_0/register_file_0/placeHFSNET_68 (net)   28.1320
  execution_unit_0/register_file_0/U399/A1 (AO21X2_RVT)                0.0780      1.0000              0.0025      4.3431 r    (105.14,41.34)
  execution_unit_0/register_file_0/U399/Y (AO21X2_RVT)                 0.0745      1.0000              0.1369      4.4800 r    (105.79,41.28)
  execution_unit_0/register_file_0/cpuoff (net)     5      8.9099
  execution_unit_0/register_file_0/cpuoff (omsp_register_file)         0.0745      1.0000              0.0000      4.4800 r    (hierarchical)    h
  execution_unit_0/cpuoff (net)                            8.9099
  execution_unit_0/cpuoff (omsp_execution_unit)                        0.0745      1.0000              0.0000      4.4800 r    (hierarchical)    h
  cpuoff (net)                                             8.9099
  frontend_0/cpuoff (omsp_frontend)                                    0.0745      1.0000              0.0000      4.4800 r    (hierarchical)    h
  frontend_0/cpuoff (net)                                  8.9099
  frontend_0/U69/A2 (NAND2X0_RVT)                                      0.0745      1.0000              0.0006      4.4806 r    (69.19,24.46)
  frontend_0/U69/Y (NAND2X0_RVT)                                       0.0677      1.0000              0.0563      4.5369 f    (69.32,24.53)
  frontend_0/n74 (net)                              1      1.2012
  frontend_0/U68/A4 (AO22X2_RVT)                                       0.0677      1.0000              0.0000      4.5369 f    (73.43,24.31)
  frontend_0/U68/Y (AO22X2_RVT)                                        0.0805      1.0000              0.1210      4.6580 f    (74.02,24.52)
  frontend_0/mclk_enable (net)                      4     13.4888
  frontend_0/mclk_enable (omsp_frontend)                               0.0805      1.0000              0.0000      4.6580 f    (hierarchical)    h
  placeHFSNET_62 (net)                                    13.4888
  clock_module_0/placeHFSNET_62 (omsp_clock_module)                    0.0805      1.0000              0.0000      4.6580 f    (hierarchical)    h
  clock_module_0/placeHFSNET_62 (net)                     13.4888
  clock_module_0/and_cpuoff_mclk_en/b (omsp_and_gate_0)                0.0805      1.0000              0.0000      4.6580 f    (hierarchical)    h
  clock_module_0/and_cpuoff_mclk_en/b (net)               13.4888
  clock_module_0/and_cpuoff_mclk_en/U1/A1 (AND2X2_RVT)                 0.0805      1.0000              0.0004      4.6584 f    (81.19,39.51)
  clock_module_0/and_cpuoff_mclk_en/U1/Y (AND2X2_RVT)                  0.0594      1.0000              0.1120      4.7704 f    (81.71,39.59)
  clock_module_0/and_cpuoff_mclk_en/y (net)         1      8.7133
  clock_module_0/and_cpuoff_mclk_en/y (omsp_and_gate_0)                0.0594      1.0000              0.0000      4.7704 f    (hierarchical)    h
  clock_module_0/cpuoff_and_mclk_enable (net)              8.7133
  clock_module_0/and_dco_dis1/b (omsp_and_gate_21)                     0.0594      1.0000              0.0000      4.7704 f    (hierarchical)    h
  clock_module_0/and_dco_dis1/b (net)                      8.7133
  clock_module_0/and_dco_dis1/U1/A1 (AND2X1_RVT)                       0.0594      1.0000              0.0007      4.7711 f    (87.12,119.77)
  clock_module_0/and_dco_dis1/U1/Y (AND2X1_RVT)                        0.0258      1.0000              0.0658      4.8369 f    (87.64,119.84)
  clock_module_0/and_dco_dis1/y (net)               1      0.8628
  clock_module_0/and_dco_dis1/y (omsp_and_gate_21)                     0.0258      1.0000              0.0000      4.8369 f    (hierarchical)    h
  clock_module_0/cpu_enabled_with_dco (net)                0.8628
  clock_module_0/U55/A2 (NOR2X0_RVT)                                   0.0258      1.0000              0.0000      4.8369 f    (88.12,121.32)
  clock_module_0/U55/Y (NOR2X0_RVT)                                    0.0225      1.0000              0.0708      4.9077 r    (88.85,121.52)
  clock_module_0/n117 (net)                         1      0.9714
  clock_module_0/and_dco_dis2/b (omsp_and_gate_20)                     0.0225      1.0000              0.0000      4.9077 r    (hierarchical)    h
  clock_module_0/and_dco_dis2/b (net)                      0.9714
  clock_module_0/and_dco_dis2/U1/A1 (AND2X1_RVT)                       0.0225      1.0000              0.0000      4.9077 r    (91.53,121.59)
  clock_module_0/and_dco_dis2/U1/Y (AND2X1_RVT)                        0.0264      1.0000              0.0489      4.9566 r    (92.04,121.52)
  clock_module_0/and_dco_dis2/y (net)               1      0.9049
  clock_module_0/and_dco_dis2/y (omsp_and_gate_20)                     0.0264      1.0000              0.0000      4.9566 r    (hierarchical)    h
  clock_module_0/dco_not_enabled_by_dbg (net)              0.9049
  clock_module_0/and_dco_dis3/b (omsp_and_gate_19)                     0.0264      1.0000              0.0000      4.9566 r    (hierarchical)    h
  clock_module_0/and_dco_dis3/b (net)                      0.9049
  clock_module_0/and_dco_dis3/U1/A1 (AND2X1_RVT)                       0.0264      1.0000              0.0000      4.9566 r    (92.68,119.77)
  clock_module_0/and_dco_dis3/U1/Y (AND2X1_RVT)                        0.0269      1.0000              0.0511      5.0077 r    (92.17,119.84)
  clock_module_0/and_dco_dis3/y (net)               1      1.0468
  clock_module_0/and_dco_dis3/y (omsp_and_gate_19)                     0.0269      1.0000              0.0000      5.0077 r    (hierarchical)    h
  clock_module_0/dco_disable_by_scg0 (net)                 1.0468
  clock_module_0/U45/A (INVX0_RVT)                                     0.0269      1.0000              0.0000      5.0077 r    (91.46,123.28)
  clock_module_0/U45/Y (INVX0_RVT)                                     0.0312      1.0000              0.0298      5.0375 f    (91.25,123.23)
  clock_module_0/n23 (net)                          1      1.4750
  clock_module_0/and_dco_dis5/a (omsp_and_gate_17)                     0.0312      1.0000              0.0000      5.0375 f    (hierarchical)    h
  clock_module_0/and_dco_dis5/a (net)                      1.4750
  clock_module_0/and_dco_dis5/U1/A2 (AND2X1_RVT)                       0.0312      1.0000              0.0000      5.0375 f    (87.57,128.13)
  clock_module_0/and_dco_dis5/U1/Y (AND2X1_RVT)                        0.0382      1.0000              0.0690      5.1065 f    (88.24,128.21)
  clock_module_0/and_dco_dis5/y (net)               2      2.7430
  clock_module_0/and_dco_dis5/y (omsp_and_gate_17)                     0.0382      1.0000              0.0000      5.1065 f    (hierarchical)    h
  clock_module_0/dco_enable_nxt (net)                      2.7430
  clock_module_0/and_dco_en_wkup/b (omsp_and_gate_15)                  0.0382      1.0000              0.0000      5.1065 f    (hierarchical)    h
  clock_module_0/and_dco_en_wkup/b (net)                   2.7430
  clock_module_0/and_dco_en_wkup/U1/A1 (AND2X1_RVT)                    0.0382      1.0000              0.0000      5.1065 f    (92.83,123.11)
  clock_module_0/and_dco_en_wkup/U1/Y (AND2X1_RVT)                     0.0340      1.0000              0.0646      5.1711 f    (92.32,123.19)
  clock_module_0/and_dco_en_wkup/y (net)            1      2.0761
  clock_module_0/and_dco_en_wkup/y (omsp_and_gate_15)                  0.0340      1.0000              0.0000      5.1711 f    (hierarchical)    h
  clock_module_0/dco_en_wkup (net)                         2.0761
  clock_module_0/U120/A3 (OR3X1_RVT)                                   0.0340      1.0000              0.0000      5.1712 f    (89.85,133.41)
  clock_module_0/U120/Y (OR3X1_RVT)                                    0.0357      1.0000              0.0689      5.2400 f    (89.43,133.22)
  clock_module_0/N169 (net)                         2      1.8216
  clock_module_0/U112/A1 (OR2X1_RVT)                                   0.0357      1.0000              0.0000      5.2400 f    (88.74,133.25)
  clock_module_0/U112/Y (OR2X1_RVT)                                    0.0307      1.0000              0.0620      5.3021 f    (88.06,133.18)
  clock_module_0/_9_net_ (net)                      1      0.9695
  clock_module_0/scan_mux_dco_wkup/data_in_func (omsp_scan_mux_1)      0.0307      1.0000              0.0000      5.3021 f    (hierarchical)    h
  clock_module_0/scan_mux_dco_wkup/data_in_func (net)      0.9695
  clock_module_0/scan_mux_dco_wkup/U2/A3 (AO22X1_RVT)                  0.0307      1.0000              0.0000      5.3021 f    (86.66,130.56)
  clock_module_0/scan_mux_dco_wkup/U2/Y (AO22X1_RVT)                   0.0338      1.0000              0.0563      5.3584 f    (87.09,129.86)
  clock_module_0/scan_mux_dco_wkup/data_out (net)
                                                    1      1.2379
  clock_module_0/scan_mux_dco_wkup/data_out (omsp_scan_mux_1)          0.0338      1.0000              0.0000      5.3584 f    (hierarchical)    h
  clock_module_0/dco_wkup_set_scan (net)                   1.2379
  clock_module_0/sync_cell_dco_wkup/rst (omsp_sync_cell_0)             0.0338      1.0000              0.0000      5.3584 f    (hierarchical)    h
  clock_module_0/sync_cell_dco_wkup/rst (net)              1.2379
  clock_module_0/sync_cell_dco_wkup/U3/A (INVX1_RVT)                   0.0338      1.0000              0.0000      5.3584 f    (86.82,126.63)
  clock_module_0/sync_cell_dco_wkup/U3/Y (INVX1_RVT)                   0.0397      1.0000              0.0403      5.3987 r    (86.95,126.53)
  clock_module_0/sync_cell_dco_wkup/n1 (net)        2      3.2248
  clock_module_0/sync_cell_dco_wkup/data_sync_reg[1]/RSTB (DFFARX1_RVT)
                                                                       0.0397      1.0000              0.0001      5.3987 r    (96.52,120.84)    s, n
  data arrival time                                                                                                5.3987

  clock dco_clk' (rise edge)                                                                          20.0000     20.0000
  source latency                                                                                       0.0000     20.0000
  dco_clk (in)                                                         0.0000      1.0000              0.0000     20.0000 f    (157.77,211.12)
  dco_clk (net)                                     4     25.4098                                                                                d
  cts_inv_8993272/A (IBUFFX2_RVT)                                      0.0000      1.0000              0.0000     20.0000 f    (155.37,196.85)
  cts_inv_8993272/Y (IBUFFX2_RVT)                                      0.0000      1.0000              0.0000     20.0000 r    (156.19,196.75)
  ctsbuf_net_1941 (net)                             1      0.6856                                                                                d
  cts_inv_8943267/A (IBUFFX8_RVT)                                      0.0000      1.0000              0.0000     20.0000 r    (155.07,198.34)
  cts_inv_8943267/Y (IBUFFX8_RVT)                                      0.0000      1.0000              0.0000     20.0000 f    (156.49,198.43)
  ctsbuf_net_1840 (net)                            17     29.0568                                                                                d
  clock_module_0/dco_clk (omsp_clock_module)                           0.0000      1.0000              0.0000     20.0000 f    (hierarchical)    h
  clock_module_0/dco_clk (net)                     17     29.0568                                                                                d
  clock_module_0/clock_gate_smclk/p_abuf1 (omsp_clock_gate_31)         0.0000      1.0000              0.0000     20.0000 f    (hierarchical)    h
  clock_module_0/clock_gate_smclk/p_abuf1 (net)    17     29.0568                                                                                d
  clock_module_0/clock_gate_smclk/U2/A (INVX2_RVT)                     0.0000      1.0000              0.0000     20.0000 f    (115.47,134.79)
  clock_module_0/clock_gate_smclk/U2/Y (INVX2_RVT)                     0.0000      1.0000              0.0000     20.0000 r    (115.60,134.90)
  clock_module_0/clock_gate_smclk/n2 (net)          6     10.6049                                                                                d
  clock_module_0/clock_gate_smclk/n2 (omsp_clock_gate_31)              0.0000      1.0000              0.0000     20.0000 r    (hierarchical)    h
  clock_module_0/cts0 (net)                         6     10.6049                                                                                d
  clock_module_0/sync_cell_dco_wkup/clk (omsp_sync_cell_0)             0.0000      1.0000              0.0000     20.0000 r    (hierarchical)    h
  clock_module_0/sync_cell_dco_wkup/clk (net)       6     10.6049                                                                                d
  clock_module_0/sync_cell_dco_wkup/data_sync_reg[1]/CLK (DFFARX1_RVT)
                                                                       0.0000      1.0000              0.0000     20.0000 r    (94.87,122.18)    s, n

  library setup time                                                               1.0000              0.0355     20.0355
  data required time                                                                                              20.0355
  ----------------------------------------------------------------------------------------------------------------------------------------------------------------
  data required time                                                                                              20.0355
  data arrival time                                                                                               -5.3987
  ----------------------------------------------------------------------------------------------------------------------------------------------------------------
  slack (MET)                                                                                                     14.6368



  Startpoint: frontend_0/inst_so_reg[7] (rising edge-triggered flip-flop clocked by dco_clk)
  Endpoint: pmem_addr[7] (output port clocked by dco_clk)
  Mode: func
  Corner: slow
  Scenario: func_slow
  Path Group: REGOUT
  Path Type: max


Attributes
    b - black-box (unknown)
    s - size_only
    d - dont_touch
    u - dont_use
    g - generic
    h - hierarchical
    i - ideal
    n - noncombinational
    E - extracted timing model
    Q - Quick timing model


  Point                                          Fanout     Cap        Trans      Derate    Delta       Incr        Path           Location       Attributes
  ----------------------------------------------------------------------------------------------------------------------------------------------------------------
  clock dco_clk (rise edge)                                                                            0.0000      0.0000
  source latency                                                                                       0.0000      0.0000
  dco_clk (in)                                                         0.0000      1.0000              0.0000      0.0000 r    (157.77,211.12)
  dco_clk (net)                                     4     25.9996                                                                                d
  clock_module_0/p_abuf15 (omsp_clock_module)                          0.0000      1.0000              0.0000      0.0000 r    (hierarchical)    h
  clock_module_0/p_abuf15 (net)                     4     25.9996                                                                                d
  clock_module_0/clock_gate_mclk/clk (omsp_clock_gate_0)               0.0000      1.0000              0.0000      0.0000 r    (hierarchical)    h
  clock_module_0/clock_gate_mclk/clk (net)          4     25.9996                                                                                d
  clock_module_0/clock_gate_mclk/U3/A2 (AND2X4_RVT)                    0.0000      1.0000              0.0000      0.0000 r    (71.46,64.59)     s
  clock_module_0/clock_gate_mclk/U3/Y (AND2X4_RVT)                     0.0000      1.0000              0.0000      0.0000 r    (72.28,64.67)     s
  clock_module_0/clock_gate_mclk/gclk (net)         1     11.0737                                                                                d
  clock_module_0/clock_gate_mclk/cts_inv_8313204/A (INVX16_RVT)        0.0000      1.0000              0.0000      0.0000 r    (73.83,69.78)
  clock_module_0/clock_gate_mclk/cts_inv_8313204/Y (INVX16_RVT)        0.0000      1.0000              0.0000      0.0000 f    (73.96,69.68)
  clock_module_0/clock_gate_mclk/ctsbuf_net_1335 (net)
                                                    1     10.6404                                                                                d
  clock_module_0/clock_gate_mclk/cts_inv_8263199/A (INVX16_RVT)        0.0000      1.0000              0.0000      0.0000 f    (73.83,67.91)
  clock_module_0/clock_gate_mclk/cts_inv_8263199/Y (INVX16_RVT)        0.0000      1.0000              0.0000      0.0000 r    (73.96,68.02)
  clock_module_0/clock_gate_mclk/p_abuf5 (net)      3     27.9986                                                                                d
  clock_module_0/clock_gate_mclk/p_abuf5 (omsp_clock_gate_0)           0.0000      1.0000              0.0000      0.0000 r    (hierarchical)    h
  clock_module_0/p_abuf12 (net)                     3     27.9986                                                                                d
  clock_module_0/p_abuf12 (omsp_clock_module)                          0.0000      1.0000              0.0000      0.0000 r    (hierarchical)    h
  p_abuf9 (net)                                     3     27.9986                                                                                d
  frontend_0/p_abuf5 (omsp_frontend)                                   0.0000      1.0000              0.0000      0.0000 r    (hierarchical)    h
  frontend_0/p_abuf5 (net)                          3     27.9986                                                                                d
  frontend_0/clock_gate_decode/clk (omsp_clock_gate_25)                0.0000      1.0000              0.0000      0.0000 r    (hierarchical)    h
  frontend_0/clock_gate_decode/clk (net)            3     27.9986                                                                                d
  frontend_0/clock_gate_decode/U3/A2 (AND2X1_RVT)                      0.0000      1.0000              0.0000      0.0000 r    (64.47,37.84)     s
  frontend_0/clock_gate_decode/U3/Y (AND2X1_RVT)                       0.0000      1.0000              0.0000      0.0000 r    (65.14,37.92)     s
  frontend_0/clock_gate_decode/ctsbuf_net_426 (net)
                                                    1      1.9003                                                                                d
  frontend_0/clock_gate_decode/cts_inv_7443117/A (INVX2_RVT)           0.0000      1.0000              0.0000      0.0000 r    (65.77,43.03)
  frontend_0/clock_gate_decode/cts_inv_7443117/Y (INVX2_RVT)           0.0000      1.0000              0.0000      0.0000 f    (65.90,42.93)
  frontend_0/clock_gate_decode/ctsbuf_net_527 (net)
                                                    1      5.9302                                                                                d
  frontend_0/clock_gate_decode/cts_inv_7393112/A (INVX8_RVT)           0.0000      1.0000              0.0000      0.0000 f    (63.19,41.16)
  frontend_0/clock_gate_decode/cts_inv_7393112/Y (INVX8_RVT)           0.0000      1.0000              0.0000      0.0000 r    (63.31,41.26)
  frontend_0/clock_gate_decode/gclk (net)          49     58.7816                                                                                d
  frontend_0/clock_gate_decode/gclk (omsp_clock_gate_25)               0.0000      1.0000              0.0000      0.0000 r    (hierarchical)    h
  frontend_0/mclk_decode (net)                     49     58.7816                                                                                d
  frontend_0/inst_so_reg[7]/CLK (DFFARX1_RVT)                          0.0000      1.0000              0.0000      0.0000 r    (66.45,28.55)     s, n

  frontend_0/inst_so_reg[7]/CLK (DFFARX1_RVT)                          0.0000      1.0000              0.0000      0.0000 r    (66.45,28.55)     s, n
  frontend_0/inst_so_reg[7]/QN (DFFARX1_RVT)                           0.0681      1.0000              0.1448      0.1448 r    (69.84,27.90)     s, n
  frontend_0/n379 (net)                             3      4.0760
  frontend_0/U203/A2 (NAND3X0_RVT)                                     0.0681      1.0000              0.0000      0.1449 r    (67.14,26.14)
  frontend_0/U203/Y (NAND3X0_RVT)                                      0.1417      1.0000              0.1215      0.2663 f    (67.27,26.22)
  frontend_0/n142 (net)                             2      3.7185
  frontend_0/U200/A1 (NOR3X0_RVT)                                      0.1417      1.0000              0.0002      0.2665 f    (98.67,24.43)
  frontend_0/U200/Y (NOR3X0_RVT)                                       0.0438      1.0000              0.1589      0.4253 r    (99.79,24.54)
  frontend_0/n138 (net)                             4      3.5310
  frontend_0/U199/A3 (AND3X1_RVT)                                      0.0438      1.0000              0.0001      0.4254 r    (104.90,21.12)
  frontend_0/U199/Y (AND3X1_RVT)                                       0.0517      1.0000              0.0912      0.5166 r    (105.72,21.19)
  frontend_0/n139 (net)                             4      3.3928
  frontend_0/U191/A1 (AO222X1_RVT)                                     0.0517      1.0000              0.0000      0.5166 r    (106.36,24.62)
  frontend_0/U191/Y (AO222X1_RVT)                                      0.0923      1.0000              0.1806      0.6972 r    (105.01,24.55)
  frontend_0/inst_dest[0] (net)                     2      6.2959
  frontend_0/inst_dest[0] (omsp_frontend)                              0.0923      1.0000              0.0000      0.6972 r    (hierarchical)    h
  inst_dest[0] (net)                                       6.2959
  execution_unit_0/inst_dest[0] (omsp_execution_unit)                  0.0923      1.0000              0.0000      0.6972 r    (hierarchical)    h
  execution_unit_0/inst_dest[0] (net)                      6.2959
  execution_unit_0/register_file_0/inst_dest[0] (omsp_register_file)   0.0923      1.0000              0.0000      0.6972 r    (hierarchical)    h
  execution_unit_0/register_file_0/inst_dest[0] (net)      6.2959
  execution_unit_0/register_file_0/placeHFSINV_797_165/A (INVX4_RVT)   0.0923      1.0000              0.0001      0.6973 r    (114.56,29.65)
  execution_unit_0/register_file_0/placeHFSINV_797_165/Y (INVX4_RVT)   0.0841      1.0000              0.0711      0.7684 f    (114.69,29.55)
  execution_unit_0/register_file_0/placeHFSNET_129 (net)
                                                   16     24.9365
  execution_unit_0/register_file_0/U363/A2 (OA22X1_RVT)                0.0840      1.0000              0.0005      0.7690 f    (147.01,25.53)
  execution_unit_0/register_file_0/U363/Y (OA22X1_RVT)                 0.0425      1.0000              0.1026      0.8716 f    (147.84,26.24)
  execution_unit_0/register_file_0/n578 (net)       1      1.8384
  execution_unit_0/register_file_0/U362/A5 (OA221X1_RVT)               0.0425      1.0000              0.0000      0.8716 f    (154.75,19.69)
  execution_unit_0/register_file_0/U362/Y (OA221X1_RVT)                0.0413      1.0000              0.0749      0.9465 f    (155.29,19.55)
  execution_unit_0/register_file_0/n577 (net)       1      0.9284
  execution_unit_0/register_file_0/U361/A4 (NAND4X0_RVT)               0.0413      1.0000              0.0000      0.9465 f    (157.95,21.12)
  execution_unit_0/register_file_0/U361/Y (NAND4X0_RVT)                0.0736      1.0000              0.0692      1.0157 r    (158.24,21.20)
  execution_unit_0/register_file_0/reg_dest[0] (net)
                                                    1      2.1868
  execution_unit_0/register_file_0/reg_dest[0] (omsp_register_file)    0.0736      1.0000              0.0000      1.0157 r    (hierarchical)    h
  execution_unit_0/dbg_reg_din[0] (net)                    2.1868
  execution_unit_0/dbg_reg_din[0] (omsp_execution_unit)                0.0736      1.0000              0.0000      1.0157 r    (hierarchical)    h
  dbg_reg_din[0] (net)                                     2.1868
  placeZBUF_inst_490/A (NBUFFX4_RVT)                                   0.0736      1.0000              0.0001      1.0158 r    (148.91,27.78)
  placeZBUF_inst_490/Y (NBUFFX4_RVT)                                   0.0587      1.0000              0.0861      1.1018 r    (148.25,27.89)
  placeZBUF_97 (net)                                3     17.9802
  execution_unit_0/placeZBUF_48 (omsp_execution_unit)                  0.0587      1.0000              0.0000      1.1018 r    (hierarchical)    h
  execution_unit_0/placeZBUF_48 (net)                     17.9802
  execution_unit_0/U87/A1 (AO222X1_RVT)                                0.0592      1.0000              0.0028      1.1046 r    (52.01,49.54)
  execution_unit_0/U87/Y (AO222X1_RVT)                                 0.0563      1.0000              0.1471      1.2517 r    (53.35,49.61)
  execution_unit_0/n79 (net)                        1      1.7940
  execution_unit_0/U86/A2 (OR2X1_RVT)                                  0.0563      1.0000              0.0000      1.2517 r    (53.01,59.76)
  execution_unit_0/U86/Y (OR2X1_RVT)                                   0.0778      1.0000              0.0992      1.3509 r    (53.44,59.62)
  execution_unit_0/op_src[0] (net)                  3      7.3246
  execution_unit_0/alu_0/op_src[0] (omsp_alu)                          0.0778      1.0000              0.0000      1.3509 r    (hierarchical)    h
  execution_unit_0/alu_0/op_src[0] (net)                   7.3246
  execution_unit_0/alu_0/U26/A1 (XOR2X2_RVT)                           0.0778      1.0000              0.0001      1.3510 r    (60.68,59.85)
  execution_unit_0/alu_0/U26/Y (XOR2X2_RVT)                            0.0657      1.0000              0.1058      1.4568 r    (61.95,59.64)
  execution_unit_0/alu_0/op_src_inv[0] (net)        6      8.6768
  execution_unit_0/alu_0/add_1_root_add_100_2_C185/U1_0/A (FADDX1_RVT)
                                                                       0.0657      1.0000              0.0002      1.4570 r    (76.76,64.88)
  execution_unit_0/alu_0/add_1_root_add_100_2_C185/U1_0/CO (FADDX1_RVT)
                                                                       0.0537      1.0000              0.1214      1.5784 r    (75.29,64.56)
  execution_unit_0/alu_0/add_1_root_add_100_2_C185/carry[1] (net)
                                                    1      2.2738
  execution_unit_0/alu_0/add_1_root_add_100_2_C185/U1_1/CI (FADDX1_RVT)
                                                                       0.0537      1.0000              0.0000      1.5784 r    (69.47,66.57)
  execution_unit_0/alu_0/add_1_root_add_100_2_C185/U1_1/CO (FADDX1_RVT)
                                                                       0.0524      1.0000              0.1038      1.6822 r    (70.92,66.45)
  execution_unit_0/alu_0/add_1_root_add_100_2_C185/carry[2] (net)
                                                    1      1.9892
  execution_unit_0/alu_0/add_1_root_add_100_2_C185/U1_2/CI (FADDX1_RVT)
                                                                       0.0524      1.0000              0.0000      1.6822 r    (70.83,71.13)
  execution_unit_0/alu_0/add_1_root_add_100_2_C185/U1_2/CO (FADDX1_RVT)
                                                                       0.0521      1.0000              0.1031      1.7853 r    (72.28,71.24)
  execution_unit_0/alu_0/add_1_root_add_100_2_C185/carry[3] (net)
                                                    1      1.9643
  execution_unit_0/alu_0/add_1_root_add_100_2_C185/U1_3/CI (FADDX1_RVT)
                                                                       0.0521      1.0000              0.0000      1.7854 r    (74.03,74.47)
  execution_unit_0/alu_0/add_1_root_add_100_2_C185/U1_3/S (FADDX1_RVT)
                                                                       0.0553      1.0000              0.1613      1.9466 f    (75.16,74.66)
  execution_unit_0/alu_0/N13 (net)                  3      2.9069
  execution_unit_0/alu_0/U143/A3 (OA21X1_RVT)                          0.0553      1.0000              0.0000      1.9467 f    (76.93,74.76)
  execution_unit_0/alu_0/U143/Y (OA21X1_RVT)                           0.0299      1.0000              0.0733      2.0200 f    (77.46,74.67)
  execution_unit_0/alu_0/n9 (net)                   1      0.8816
  execution_unit_0/alu_0/U7/A2 (OR2X1_RVT)                             0.0299      1.0000              0.0000      2.0200 f    (78.25,74.59)
  execution_unit_0/alu_0/U7/Y (OR2X1_RVT)                              0.0510      1.0000              0.0729      2.0929 f    (78.67,74.74)
  execution_unit_0/alu_0/n4 (net)                   3      4.3569
  execution_unit_0/alu_0/U106/A1 (AND2X1_RVT)                          0.0510      1.0000              0.0000      2.0929 f    (79.97,71.43)
  execution_unit_0/alu_0/U106/Y (AND2X1_RVT)                           0.0336      1.0000              0.0693      2.1623 f    (80.49,71.36)
  execution_unit_0/alu_0/add_102_C185_aco/carry[2] (net)
                                                    1      1.8841
  execution_unit_0/alu_0/add_102_C185_aco/U1_2/CI (FADDX1_RVT)         0.0336      1.0000              0.0000      2.1623 f    (80.41,74.47)
  execution_unit_0/alu_0/add_102_C185_aco/U1_2/CO (FADDX1_RVT)         0.0439      1.0000              0.0877      2.2500 f    (81.86,74.59)
  execution_unit_0/alu_0/add_102_C185_aco/carry[3] (net)
                                                    2      2.1736
  execution_unit_0/alu_0/U104/A1 (AND2X1_RVT)                          0.0439      1.0000              0.0000      2.2500 f    (80.37,76.30)
  execution_unit_0/alu_0/U104/Y (AND2X1_RVT)                           0.0285      1.0000              0.0617      2.3117 f    (79.85,76.37)
  execution_unit_0/alu_0/add_102_C185_aco/carry[4] (net)
                                                    1      1.2636
  execution_unit_0/alu_0/U103/A2 (XOR2X1_RVT)                          0.0285      1.0000              0.0000      2.3117 f    (78.23,77.98)
  execution_unit_0/alu_0/U103/Y (XOR2X1_RVT)                           0.0500      1.0000              0.1295      2.4412 r    (76.96,78.06)
  execution_unit_0/alu_0/alu_dadd0[4]1 (net)        1      2.0010
  execution_unit_0/alu_0/add_1_root_add_100_2_C186/U1_0/CI (FADDX1_RVT)
                                                                       0.0500      1.0000              0.0000      2.4412 r    (73.11,81.16)
  execution_unit_0/alu_0/add_1_root_add_100_2_C186/U1_0/CO (FADDX1_RVT)
                                                                       0.0527      1.0000              0.1033      2.5445 r    (74.56,81.28)
  execution_unit_0/alu_0/add_1_root_add_100_2_C186/carry[1] (net)
                                                    1      2.0632
  execution_unit_0/alu_0/add_1_root_add_100_2_C186/U1_1/CI (FADDX1_RVT)
                                                                       0.0527      1.0000              0.0000      2.5445 r    (72.51,84.50)
  execution_unit_0/alu_0/add_1_root_add_100_2_C186/U1_1/CO (FADDX1_RVT)
                                                                       0.0524      1.0000              0.1042      2.6487 r    (73.96,84.62)
  execution_unit_0/alu_0/add_1_root_add_100_2_C186/carry[2] (net)
                                                    1      2.0671
  execution_unit_0/alu_0/add_1_root_add_100_2_C186/U1_2/CI (FADDX1_RVT)
                                                                       0.0524      1.0000              0.0000      2.6487 r    (71.90,87.85)
  execution_unit_0/alu_0/add_1_root_add_100_2_C186/U1_2/CO (FADDX1_RVT)
                                                                       0.0500      1.0000              0.1012      2.7499 r    (73.35,87.96)
  execution_unit_0/alu_0/add_1_root_add_100_2_C186/carry[3] (net)
                                                    1      1.7820
  execution_unit_0/alu_0/add_1_root_add_100_2_C186/U1_3/CI (FADDX1_RVT)
                                                                       0.0500      1.0000              0.0000      2.7500 r    (74.79,91.19)
  execution_unit_0/alu_0/add_1_root_add_100_2_C186/U1_3/S (FADDX1_RVT)
                                                                       0.0554      1.0000              0.1612      2.9111 f    (75.92,91.38)
  execution_unit_0/alu_0/N26 (net)                  3      2.9779
  execution_unit_0/alu_0/U162/A3 (OA21X1_RVT)                          0.0554      1.0000              0.0000      2.9111 f    (77.54,88.14)
  execution_unit_0/alu_0/U162/Y (OA21X1_RVT)                           0.0296      1.0000              0.0737      2.9848 f    (78.07,88.05)
  execution_unit_0/alu_0/n10 (net)                  1      0.9164
  execution_unit_0/alu_0/U6/A2 (OR2X1_RVT)                             0.0296      1.0000              0.0000      2.9848 f    (78.70,89.86)
  execution_unit_0/alu_0/U6/Y (OR2X1_RVT)                              0.0511      1.0000              0.0728      3.0577 f    (79.12,89.71)
  execution_unit_0/alu_0/n3 (net)                   3      4.3622
  execution_unit_0/alu_0/U91/A1 (AND2X1_RVT)                           0.0511      1.0000              0.0000      3.0577 f    (78.91,86.33)
  execution_unit_0/alu_0/U91/Y (AND2X1_RVT)                            0.0312      1.0000              0.0677      3.1254 f    (79.43,86.40)
  execution_unit_0/alu_0/add_102_C186_aco/carry[2] (net)
                                                    1      1.6435
  execution_unit_0/alu_0/add_102_C186_aco/U1_2/CI (FADDX1_RVT)         0.0312      1.0000              0.0000      3.1254 f    (81.78,86.63)
  execution_unit_0/alu_0/add_102_C186_aco/U1_2/CO (FADDX1_RVT)         0.0482      1.0000              0.0912      3.2166 f    (83.23,86.52)
  execution_unit_0/alu_0/add_102_C186_aco/carry[3] (net)
                                                    2      2.7195
  execution_unit_0/alu_0/U89/A1 (AND2X1_RVT)                           0.0482      1.0000              0.0000      3.2166 f    (78.39,91.50)
  execution_unit_0/alu_0/U89/Y (AND2X1_RVT)                            0.0320      1.0000              0.0672      3.2838 f    (77.88,91.42)
  execution_unit_0/alu_0/add_102_C186_aco/carry[4] (net)
                                                    1      1.7645
  execution_unit_0/alu_0/U88/A2 (XOR2X1_RVT)                           0.0320      1.0000              0.0000      3.2839 f    (78.39,98.04)
  execution_unit_0/alu_0/U88/Y (XOR2X1_RVT)                            0.0471      1.0000              0.1279      3.4117 r    (77.12,98.12)
  execution_unit_0/alu_0/alu_dadd1[4]1 (net)        1      1.6557
  execution_unit_0/alu_0/add_1_root_add_100_2_C187/U1_0/CI (FADDX1_RVT)
                                                                       0.0471      1.0000              0.0000      3.4117 r    (75.07,97.88)
  execution_unit_0/alu_0/add_1_root_add_100_2_C187/U1_0/CO (FADDX1_RVT)
                                                                       0.0635      1.0000              0.1124      3.5241 r    (73.62,98.00)
  execution_unit_0/alu_0/add_1_root_add_100_2_C187/carry[1] (net)
                                                    1      3.2467
  execution_unit_0/alu_0/add_1_root_add_100_2_C187/U1_1/CI (FADDX1_RVT)
                                                                       0.0635      1.0000              0.0001      3.5242 r    (69.45,110.04)
  execution_unit_0/alu_0/add_1_root_add_100_2_C187/U1_1/CO (FADDX1_RVT)
                                                                       0.0611      1.0000              0.1154      3.6396 r    (68.00,109.93)
  execution_unit_0/alu_0/add_1_root_add_100_2_C187/carry[2] (net)
                                                    1      2.9961
  execution_unit_0/alu_0/add_1_root_add_100_2_C187/U1_2/CI (FADDX1_RVT)
                                                                       0.0611      1.0000              0.0001      3.6397 r    (63.69,121.29)
  execution_unit_0/alu_0/add_1_root_add_100_2_C187/U1_2/CO (FADDX1_RVT)
                                                                       0.0504      1.0000              0.1030      3.7427 r    (65.14,121.40)
  execution_unit_0/alu_0/add_1_root_add_100_2_C187/carry[3] (net)
                                                    1      1.6850
  execution_unit_0/alu_0/add_1_root_add_100_2_C187/U1_3/CI (FADDX1_RVT)
                                                                       0.0504      1.0000              0.0000      3.7427 r    (66.73,121.29)
  execution_unit_0/alu_0/add_1_root_add_100_2_C187/U1_3/S (FADDX1_RVT)
                                                                       0.0609      1.0000              0.1659      3.9086 f    (67.86,121.48)
  execution_unit_0/alu_0/N39 (net)                  3      3.6146
  execution_unit_0/alu_0/U168/A3 (OA21X1_RVT)                          0.0609      1.0000              0.0000      3.9086 f    (71.26,123.13)
  execution_unit_0/alu_0/U168/Y (OA21X1_RVT)                           0.0306      1.0000              0.0767      3.9853 f    (70.72,123.22)
  execution_unit_0/alu_0/n11 (net)                  1      0.9360
  execution_unit_0/alu_0/U5/A2 (OR2X1_RVT)                             0.0306      1.0000              0.0000      3.9853 f    (72.17,124.75)
  execution_unit_0/alu_0/U5/Y (OR2X1_RVT)                              0.0520      1.0000              0.0738      4.0590 f    (72.59,124.90)
  execution_unit_0/alu_0/n2 (net)                   3      4.4641
  execution_unit_0/alu_0/U86/A1 (AND2X1_RVT)                           0.0520      1.0000              0.0000      4.0591 f    (75.20,121.59)
  execution_unit_0/alu_0/U86/Y (AND2X1_RVT)                            0.0329      1.0000              0.0688      4.1278 f    (74.68,121.52)
  execution_unit_0/alu_0/add_102_C187_aco/carry[2] (net)
                                                    1      1.7407
  execution_unit_0/alu_0/add_102_C187_aco/U1_2/CI (FADDX1_RVT)         0.0329      1.0000              0.0000      4.1279 f    (73.27,123.42)
  execution_unit_0/alu_0/add_102_C187_aco/U1_2/CO (FADDX1_RVT)         0.0483      1.0000              0.0918      4.2196 f    (74.71,123.30)
  execution_unit_0/alu_0/add_102_C187_aco/carry[3] (net)
                                                    2      2.7222
  execution_unit_0/alu_0/U84/A1 (AND2X1_RVT)                           0.0483      1.0000              0.0000      4.2197 f    (68.36,128.28)
  execution_unit_0/alu_0/U84/Y (AND2X1_RVT)                            0.0307      1.0000              0.0655      4.2852 f    (67.85,128.21)
  execution_unit_0/alu_0/add_102_C187_aco/carry[4] (net)
                                                    1      1.5167
  execution_unit_0/alu_0/U83/A2 (XOR2X1_RVT)                           0.0307      1.0000              0.0000      4.2852 f    (70.10,124.79)
  execution_unit_0/alu_0/U83/Y (XOR2X1_RVT)                            0.0519      1.0000              0.1323      4.4174 r    (71.37,124.87)
  execution_unit_0/alu_0/alu_dadd2[4]1 (net)        1      2.2172
  execution_unit_0/alu_0/add_1_root_add_100_2_C188/U1_0/CI (FADDX1_RVT)
                                                                       0.0519      1.0000              0.0000      4.4175 r    (70.07,120.07)
  execution_unit_0/alu_0/add_1_root_add_100_2_C188/U1_0/CO (FADDX1_RVT)
                                                                       0.0494      1.0000              0.0995      4.5170 r    (71.52,119.96)
  execution_unit_0/alu_0/add_1_root_add_100_2_C188/carry[1] (net)
                                                    1      1.6291
  execution_unit_0/alu_0/add_1_root_add_100_2_C188/U1_1/CI (FADDX1_RVT)
                                                                       0.0494      1.0000              0.0000      4.5170 r    (73.11,120.07)
  execution_unit_0/alu_0/add_1_root_add_100_2_C188/U1_1/CO (FADDX1_RVT)
                                                                       0.0483      1.0000              0.0986      4.6156 r    (74.56,119.96)
  execution_unit_0/alu_0/add_1_root_add_100_2_C188/carry[2] (net)
                                                    1      1.6163
  execution_unit_0/alu_0/add_1_root_add_100_2_C188/U1_2/CI (FADDX1_RVT)
                                                                       0.0483      1.0000              0.0000      4.6156 r    (76.00,120.07)
  execution_unit_0/alu_0/add_1_root_add_100_2_C188/U1_2/CO (FADDX1_RVT)
                                                                       0.0542      1.0000              0.1026      4.7182 r    (77.45,119.96)
  execution_unit_0/alu_0/add_1_root_add_100_2_C188/carry[3] (net)
                                                    1      2.0462
  execution_unit_0/alu_0/add_1_root_add_100_2_C188/U1_3/CI (FADDX1_RVT)
                                                                       0.0542      1.0000              0.0000      4.7182 r    (80.26,116.73)
  execution_unit_0/alu_0/add_1_root_add_100_2_C188/U1_3/S (FADDX1_RVT)
                                                                       0.0577      1.0000              0.1645      4.8827 f    (81.39,116.54)
  execution_unit_0/alu_0/N52 (net)                  3      3.2673
  execution_unit_0/alu_0/U173/A3 (OA21X1_RVT)                          0.0577      1.0000              0.0000      4.8827 f    (84.22,119.78)
  execution_unit_0/alu_0/U173/Y (OA21X1_RVT)                           0.0300      1.0000              0.0750      4.9578 f    (84.75,119.87)
  execution_unit_0/alu_0/n12 (net)                  1      0.9362
  execution_unit_0/alu_0/U4/A2 (OR2X1_RVT)                             0.0300      1.0000              0.0000      4.9578 f    (82.86,119.95)
  execution_unit_0/alu_0/U4/Y (OR2X1_RVT)                              0.0530      1.0000              0.0743      5.0320 f    (82.44,119.81)
  execution_unit_0/alu_0/n1 (net)                   3      4.5880
  execution_unit_0/alu_0/U81/A1 (AND2X1_RVT)                           0.0530      1.0000              0.0000      5.0321 f    (81.95,123.11)
  execution_unit_0/alu_0/U81/Y (AND2X1_RVT)                            0.0312      1.0000              0.0683      5.1004 f    (82.47,123.19)
  execution_unit_0/alu_0/add_102_C188_aco/carry[2] (net)
                                                    1      1.6087
  execution_unit_0/alu_0/add_102_C188_aco/U1_2/CI (FADDX1_RVT)         0.0312      1.0000              0.0000      5.1004 f    (84.67,123.42)
  execution_unit_0/alu_0/add_102_C188_aco/U1_2/CO (FADDX1_RVT)         0.0484      1.0000              0.0913      5.1917 f    (86.11,123.30)
  execution_unit_0/alu_0/add_102_C188_aco/carry[3] (net)
                                                    2      2.7339
  execution_unit_0/alu_0/U62/A2 (XOR2X1_RVT)                           0.0484      1.0000              0.0000      5.1918 f    (84.47,113.22)
  execution_unit_0/alu_0/U62/Y (XOR2X1_RVT)                            0.0507      1.0000              0.1231      5.3149 f    (83.20,113.14)
  execution_unit_0/alu_0/alu_dadd3[3] (net)         1      2.2347
  execution_unit_0/alu_0/U198/A1 (AO222X1_RVT)                         0.0507      1.0000              0.0000      5.3149 f    (82.10,101.53)
  execution_unit_0/alu_0/U198/Y (AO222X1_RVT)                          0.0750      1.0000              0.1457      5.4606 f    (83.45,101.46)
  execution_unit_0/alu_0/alu_out[15] (net)          6      6.3045
  execution_unit_0/alu_0/alu_out[15] (omsp_alu)                        0.0750      1.0000              0.0000      5.4606 f    (hierarchical)    h
  execution_unit_0/alu_out[15] (net)                       6.3045
  execution_unit_0/register_file_0/reg_dest_val[15] (omsp_register_file)
                                                                       0.0750      1.0000              0.0000      5.4606 f    (hierarchical)    h
  execution_unit_0/register_file_0/reg_dest_val[15] (net)
                                                           6.3045
  execution_unit_0/register_file_0/U56/A1 (AND2X4_RVT)                 0.0750      1.0000              0.0002      5.4608 f    (89.94,88.00)
  execution_unit_0/register_file_0/U56/Y (AND2X4_RVT)                  0.0861      1.0000              0.1407      5.6015 f    (90.52,88.08)
  execution_unit_0/register_file_0/pc_sw[15] (net)
                                                   15     25.5112
  execution_unit_0/register_file_0/pc_sw[15] (omsp_register_file)      0.0861      1.0000              0.0000      5.6015 f    (hierarchical)    h
  execution_unit_0/pc_sw[15] (net)                        25.5112
  execution_unit_0/pc_sw[15] (omsp_execution_unit)                     0.0861      1.0000              0.0000      5.6015 f    (hierarchical)    h
  pc_sw[15] (net)                                         25.5112
  frontend_0/pc_sw[15] (omsp_frontend)                                 0.0861      1.0000              0.0000      5.6015 f    (hierarchical)    h
  frontend_0/pc_sw[15] (net)                              25.5112
  frontend_0/U23/A3 (AO221X1_RVT)                                      0.0861      1.0000              0.0000      5.6015 f    (89.54,80.40)
  frontend_0/U23/Y (AO221X1_RVT)                                       0.0545      1.0000              0.1297      5.7312 f    (90.29,79.70)
  frontend_0/mab[15] (net)                          3      3.5780
  frontend_0/mab[15] (omsp_frontend)                                   0.0545      1.0000              0.0000      5.7312 f    (hierarchical)    h
  fe_mab[15] (net)                                         3.5780
  mem_backbone_0/fe_mab[14] (omsp_mem_backbone)                        0.0545      1.0000              0.0000      5.7312 f    (hierarchical)    h
  mem_backbone_0/fe_mab[14] (net)                          3.5780
  mem_backbone_0/U24/A3 (AND4X1_RVT)                                   0.0545      1.0000              0.0000      5.7312 f    (90.25,82.83)
  mem_backbone_0/U24/Y (AND4X1_RVT)                                    0.0468      1.0000              0.1115      5.8428 f    (89.43,83.06)
  mem_backbone_0/fe_pmem_sel (net)                  1      1.5902
  mem_backbone_0/U179/A1 (NAND2X2_RVT)                                 0.0468      1.0000              0.0000      5.8428 f    (84.46,79.64)
  mem_backbone_0/U179/Y (NAND2X2_RVT)                                  0.0540      1.0000              0.1078      5.9506 r    (85.28,79.72)
  mem_backbone_0/n11 (net)                          3      8.7227
  mem_backbone_0/U174/A2 (NAND4X0_RVT)                                 0.0540      1.0000              0.0002      5.9509 r    (91.31,114.75)
  mem_backbone_0/U174/Y (NAND4X0_RVT)                                  0.1963      1.0000              0.1482      6.0991 f    (91.32,114.83)
  mem_backbone_0/n14 (net)                          3      4.6491
  mem_backbone_0/U39/A1 (AND2X2_RVT)                                   0.1963      1.0000              0.0000      6.0991 f    (93.96,114.90)
  mem_backbone_0/U39/Y (AND2X2_RVT)                                    0.0966      1.0000              0.1747      6.2738 f    (94.47,114.83)
  mem_backbone_0/n10 (net)                         12     14.9643
  mem_backbone_0/U30/A4 (AO222X1_RVT)                                  0.0966      1.0000              0.0007      6.2745 f    (105.97,96.29)
  mem_backbone_0/U30/Y (AO222X1_RVT)                                   0.0892      1.0000              0.1608      6.4353 f    (107.01,96.43)
  mem_backbone_0/pmem_addr[7] (net)                 1      7.7382
  mem_backbone_0/pmem_addr[7] (omsp_mem_backbone)                      0.0892      1.0000              0.0000      6.4353 f    (hierarchical)    h
  pmem_addr[7] (net)                                       7.7382
  pmem_addr[7] (out)                                                   0.0892      1.0000              0.0007      6.4360 f    (211.88,100.77)
  data arrival time                                                                                                6.4360

  clock dco_clk (rise edge)                                                                           40.0000     40.0000
  clock network delay (ideal)                                                                          0.0000     40.0000
  output external delay                                                                               -0.6400     39.3600
  data required time                                                                                              39.3600
  ----------------------------------------------------------------------------------------------------------------------------------------------------------------
  data required time                                                                                              39.3600
  data arrival time                                                                                               -6.4360
  ----------------------------------------------------------------------------------------------------------------------------------------------------------------
  slack (MET)                                                                                                     32.9240


1
