SI analysis is not enabled, so delta delays are unavailable.
****************************************
Report : timing
        -path_type full_clock_expanded
        -delay_type max
        -nworst 1
        -max_paths 1
        -report_by group
        -input_pins
        -nets
        -include_hierarchical_pins
        -transition_time
        -capacitance
        -crosstalk_delta
        -derate
        -attributes
        -physical
Design : openMSP430
Version: O-2018.06-SP1
Date   : Sat Sep 26 03:33:39 2026
****************************************

  Startpoint: frontend_0/inst_so_reg[7] (rising edge-triggered flip-flop clocked by dco_clk)
  Endpoint: clock_module_0/sync_cell_dco_wkup/data_sync_reg[1] (recovery check against rising-edge clock clocked by dco_clk')
  Mode: func
  Corner: fast
  Scenario: func_fast
  Path Group: dco_clk
  Path Type: max


Attributes
    b - black-box (unknown)
    s - size_only
    d - dont_touch
    u - dont_use
    g - generic
    h - hierarchical
    i - ideal
    n - noncombinational
    E - extracted timing model
    Q - Quick timing model


  Point                                          Fanout     Cap        Trans      Derate    Delta       Incr        Path           Location       Attributes
  ----------------------------------------------------------------------------------------------------------------------------------------------------------------
  clock dco_clk (rise edge)                                                                            0.0000      0.0000
  source latency                                                                                       0.0000      0.0000
  dco_clk (in)                                                         0.0000      1.0000              0.0000      0.0000 r    (157.77,211.12)
  dco_clk (net)                                     4     22.9387                                                                                d
  clock_module_0/p_abuf15 (omsp_clock_module)                          0.0000      1.0000              0.0000      0.0000 r    (hierarchical)    h
  clock_module_0/p_abuf15 (net)                     4     22.9387                                                                                d
  clock_module_0/clock_gate_mclk/clk (omsp_clock_gate_0)               0.0000      1.0000              0.0000      0.0000 r    (hierarchical)    h
  clock_module_0/clock_gate_mclk/clk (net)          4     22.9387                                                                                d
  clock_module_0/clock_gate_mclk/U3/A2 (AND2X4_RVT)                    0.0000      1.0000              0.0000      0.0000 r    (71.46,64.59)     s
  clock_module_0/clock_gate_mclk/U3/Y (AND2X4_RVT)                     0.0000      1.0000              0.0000      0.0000 r    (72.28,64.67)     s
  clock_module_0/clock_gate_mclk/gclk (net)         1     11.0686                                                                                d
  clock_module_0/clock_gate_mclk/cts_inv_8313204/A (INVX16_RVT)        0.0000      1.0000              0.0000      0.0000 r    (73.83,69.78)
  clock_module_0/clock_gate_mclk/cts_inv_8313204/Y (INVX16_RVT)        0.0000      1.0000              0.0000      0.0000 f    (73.96,69.68)
  clock_module_0/clock_gate_mclk/ctsbuf_net_1335 (net)
                                                    1     10.6472                                                                                d
  clock_module_0/clock_gate_mclk/cts_inv_8263199/A (INVX16_RVT)        0.0000      1.0000              0.0000      0.0000 f    (73.83,67.91)
  clock_module_0/clock_gate_mclk/cts_inv_8263199/Y (INVX16_RVT)        0.0000      1.0000              0.0000      0.0000 r    (73.96,68.02)
  clock_module_0/clock_gate_mclk/p_abuf5 (net)      3     24.9886                                                                                d
  clock_module_0/clock_gate_mclk/p_abuf5 (omsp_clock_gate_0)           0.0000      1.0000              0.0000      0.0000 r    (hierarchical)    h
  clock_module_0/p_abuf12 (net)                     3     24.9886                                                                                d
  clock_module_0/p_abuf12 (omsp_clock_module)                          0.0000      1.0000              0.0000      0.0000 r    (hierarchical)    h
  p_abuf9 (net)                                     3     24.9886                                                                                d
  frontend_0/p_abuf5 (omsp_frontend)                                   0.0000      1.0000              0.0000      0.0000 r    (hierarchical)    h
  frontend_0/p_abuf5 (net)                          3     24.9886                                                                                d
  frontend_0/clock_gate_decode/clk (omsp_clock_gate_25)                0.0000      1.0000              0.0000      0.0000 r    (hierarchical)    h
  frontend_0/clock_gate_decode/clk (net)            3     24.9886                                                                                d
  frontend_0/clock_gate_decode/U3/A2 (AND2X1_RVT)                      0.0000      1.0000              0.0000      0.0000 r    (64.47,37.84)     s
  frontend_0/clock_gate_decode/U3/Y (AND2X1_RVT)                       0.0000      1.0000              0.0000      0.0000 r    (65.14,37.92)     s
  frontend_0/clock_gate_decode/ctsbuf_net_426 (net)
                                                    1      1.8735                                                                                d
  frontend_0/clock_gate_decode/cts_inv_7443117/A (INVX2_RVT)           0.0000      1.0000              0.0000      0.0000 r    (65.77,43.03)
  frontend_0/clock_gate_decode/cts_inv_7443117/Y (INVX2_RVT)           0.0000      1.0000              0.0000      0.0000 f    (65.90,42.93)
  frontend_0/clock_gate_decode/ctsbuf_net_527 (net)
                                                    1      5.8856                                                                                d
  frontend_0/clock_gate_decode/cts_inv_7393112/A (INVX8_RVT)           0.0000      1.0000              0.0000      0.0000 f    (63.19,41.16)
  frontend_0/clock_gate_decode/cts_inv_7393112/Y (INVX8_RVT)           0.0000      1.0000              0.0000      0.0000 r    (63.31,41.26)
  frontend_0/clock_gate_decode/gclk (net)          49     56.5132                                                                                d
  frontend_0/clock_gate_decode/gclk (omsp_clock_gate_25)               0.0000      1.0000              0.0000      0.0000 r    (hierarchical)    h
  frontend_0/mclk_decode (net)                     49     56.5132                                                                                d
  frontend_0/inst_so_reg[7]/CLK (DFFARX1_RVT)                          0.0000      1.0000              0.0000      0.0000 r    (66.45,28.55)     s, n

  frontend_0/inst_so_reg[7]/CLK (DFFARX1_RVT)                          0.0000      1.0000              0.0000      0.0000 r    (66.45,28.55)     s, n
  frontend_0/inst_so_reg[7]/QN (DFFARX1_RVT)                           0.0670      1.0000              0.1438      0.1438 r    (69.84,27.90)     s, n
  frontend_0/n379 (net)                             3      3.9406
  frontend_0/U203/A2 (NAND3X0_RVT)                                     0.0670      1.0000              0.0000      0.1439 r    (67.14,26.14)
  frontend_0/U203/Y (NAND3X0_RVT)                                      0.1364      1.0000              0.1175      0.2614 f    (67.27,26.22)
  frontend_0/n142 (net)                             2      3.5371
  frontend_0/U200/A1 (NOR3X0_RVT)                                      0.1364      1.0000              0.0002      0.2615 f    (98.67,24.43)
  frontend_0/U200/Y (NOR3X0_RVT)                                       0.0433      1.0000              0.1572      0.4188 r    (99.79,24.54)
  frontend_0/n138 (net)                             4      3.4696
  frontend_0/U199/A3 (AND3X1_RVT)                                      0.0433      1.0000              0.0000      0.4188 r    (104.90,21.12)
  frontend_0/U199/Y (AND3X1_RVT)                                       0.0516      1.0000              0.0910      0.5098 r    (105.72,21.19)
  frontend_0/n139 (net)                             4      3.3764
  frontend_0/U191/A1 (AO222X1_RVT)                                     0.0516      1.0000              0.0000      0.5098 r    (106.36,24.62)
  frontend_0/U191/Y (AO222X1_RVT)                                      0.0906      1.0000              0.1790      0.6888 r    (105.01,24.55)
  frontend_0/inst_dest[0] (net)                     2      6.0759
  frontend_0/inst_dest[0] (omsp_frontend)                              0.0906      1.0000              0.0000      0.6888 r    (hierarchical)    h
  inst_dest[0] (net)                                       6.0759
  execution_unit_0/inst_dest[0] (omsp_execution_unit)                  0.0906      1.0000              0.0000      0.6888 r    (hierarchical)    h
  execution_unit_0/inst_dest[0] (net)                      6.0759
  execution_unit_0/register_file_0/inst_dest[0] (omsp_register_file)   0.0906      1.0000              0.0000      0.6888 r    (hierarchical)    h
  execution_unit_0/register_file_0/inst_dest[0] (net)      6.0759
  execution_unit_0/register_file_0/placeHFSINV_797_165/A (INVX4_RVT)   0.0906      1.0000              0.0001      0.6889 r    (114.56,29.65)
  execution_unit_0/register_file_0/placeHFSINV_797_165/Y (INVX4_RVT)   0.0811      1.0000              0.0684      0.7573 f    (114.69,29.55)
  execution_unit_0/register_file_0/placeHFSNET_129 (net)
                                                   16     23.6601
  execution_unit_0/register_file_0/U363/A2 (OA22X1_RVT)                0.0810      1.0000              0.0005      0.7578 f    (147.01,25.53)
  execution_unit_0/register_file_0/U363/Y (OA22X1_RVT)                 0.0413      1.0000              0.1004      0.8583 f    (147.84,26.24)
  execution_unit_0/register_file_0/n578 (net)       1      1.7075
  execution_unit_0/register_file_0/U362/A5 (OA221X1_RVT)               0.0413      1.0000              0.0000      0.8583 f    (154.75,19.69)
  execution_unit_0/register_file_0/U362/Y (OA221X1_RVT)                0.0412      1.0000              0.0744      0.9327 f    (155.29,19.55)
  execution_unit_0/register_file_0/n577 (net)       1      0.9386
  execution_unit_0/register_file_0/U361/A4 (NAND4X0_RVT)               0.0412      1.0000              0.0000      0.9327 f    (157.95,21.12)
  execution_unit_0/register_file_0/U361/Y (NAND4X0_RVT)                0.0722      1.0000              0.0682      1.0009 r    (158.24,21.20)
  execution_unit_0/register_file_0/reg_dest[0] (net)
                                                    1      2.1063
  execution_unit_0/register_file_0/reg_dest[0] (omsp_register_file)    0.0722      1.0000              0.0000      1.0009 r    (hierarchical)    h
  execution_unit_0/dbg_reg_din[0] (net)                    2.1063
  execution_unit_0/dbg_reg_din[0] (omsp_execution_unit)                0.0722      1.0000              0.0000      1.0009 r    (hierarchical)    h
  dbg_reg_din[0] (net)                                     2.1063
  placeZBUF_inst_490/A (NBUFFX4_RVT)                                   0.0722      1.0000              0.0000      1.0009 r    (148.91,27.78)
  placeZBUF_inst_490/Y (NBUFFX4_RVT)                                   0.0553      1.0000              0.0834      1.0843 r    (148.25,27.89)
  placeZBUF_97 (net)                                3     16.2472
  execution_unit_0/placeZBUF_48 (omsp_execution_unit)                  0.0553      1.0000              0.0000      1.0843 r    (hierarchical)    h
  execution_unit_0/placeZBUF_48 (net)                     16.2472
  execution_unit_0/U87/A1 (AO222X1_RVT)                                0.0556      1.0000              0.0026      1.0869 r    (52.01,49.54)
  execution_unit_0/U87/Y (AO222X1_RVT)                                 0.0555      1.0000              0.1450      1.2319 r    (53.35,49.61)
  execution_unit_0/n79 (net)                        1      1.7003
  execution_unit_0/U86/A2 (OR2X1_RVT)                                  0.0555      1.0000              0.0000      1.2319 r    (53.01,59.76)
  execution_unit_0/U86/Y (OR2X1_RVT)                                   0.0738      1.0000              0.0962      1.3282 r    (53.44,59.62)
  execution_unit_0/op_src[0] (net)                  3      6.8378
  execution_unit_0/alu_0/op_src[0] (omsp_alu)                          0.0738      1.0000              0.0000      1.3282 r    (hierarchical)    h
  execution_unit_0/alu_0/op_src[0] (net)                   6.8378
  execution_unit_0/alu_0/U26/A1 (XOR2X2_RVT)                           0.0738      1.0000              0.0001      1.3282 r    (60.68,59.85)
  execution_unit_0/alu_0/U26/Y (XOR2X2_RVT)                            0.0623      1.0000              0.1367      1.4649 f    (61.95,59.64)
  execution_unit_0/alu_0/op_src_inv[0] (net)        6      8.3909
  execution_unit_0/alu_0/add_1_root_add_100_2_C185/U1_0/A (FADDX1_RVT)
                                                                       0.0623      1.0000              0.0002      1.4651 f    (76.76,64.88)
  execution_unit_0/alu_0/add_1_root_add_100_2_C185/U1_0/CO (FADDX1_RVT)
                                                                       0.0448      1.0000              0.1103      1.5754 f    (75.29,64.56)
  execution_unit_0/alu_0/add_1_root_add_100_2_C185/carry[1] (net)
                                                    1      2.2204
  execution_unit_0/alu_0/add_1_root_add_100_2_C185/U1_1/CI (FADDX1_RVT)
                                                                       0.0448      1.0000              0.0000      1.5755 f    (69.47,66.57)
  execution_unit_0/alu_0/add_1_root_add_100_2_C185/U1_1/CO (FADDX1_RVT)
                                                                       0.0450      1.0000              0.0896      1.6651 f    (70.92,66.45)
  execution_unit_0/alu_0/add_1_root_add_100_2_C185/carry[2] (net)
                                                    1      1.9123
  execution_unit_0/alu_0/add_1_root_add_100_2_C185/U1_2/CI (FADDX1_RVT)
                                                                       0.0450      1.0000              0.0000      1.6651 f    (70.83,71.13)
  execution_unit_0/alu_0/add_1_root_add_100_2_C185/U1_2/CO (FADDX1_RVT)
                                                                       0.0427      1.0000              0.0900      1.7550 f    (72.28,71.24)
  execution_unit_0/alu_0/add_1_root_add_100_2_C185/carry[3] (net)
                                                    1      1.9390
  execution_unit_0/alu_0/add_1_root_add_100_2_C185/U1_3/CI (FADDX1_RVT)
                                                                       0.0427      1.0000              0.0000      1.7550 f    (74.03,74.47)
  execution_unit_0/alu_0/add_1_root_add_100_2_C185/U1_3/S (FADDX1_RVT)
                                                                       0.0540      1.0000              0.1615      1.9166 r    (75.16,74.66)
  execution_unit_0/alu_0/N13 (net)                  3      2.9028
  execution_unit_0/alu_0/U143/A3 (OA21X1_RVT)                          0.0540      1.0000              0.0000      1.9166 r    (76.93,74.76)
  execution_unit_0/alu_0/U143/Y (OA21X1_RVT)                           0.0312      1.0000              0.0699      1.9864 r    (77.46,74.67)
  execution_unit_0/alu_0/n9 (net)                   1      0.8955
  execution_unit_0/alu_0/U7/A2 (OR2X1_RVT)                             0.0312      1.0000              0.0000      1.9864 r    (78.25,74.59)
  execution_unit_0/alu_0/U7/Y (OR2X1_RVT)                              0.0534      1.0000              0.0741      2.0605 r    (78.67,74.74)
  execution_unit_0/alu_0/n4 (net)                   3      4.3301
  execution_unit_0/alu_0/U106/A1 (AND2X1_RVT)                          0.0534      1.0000              0.0000      2.0606 r    (79.97,71.43)
  execution_unit_0/alu_0/U106/Y (AND2X1_RVT)                           0.0339      1.0000              0.0631      2.1237 r    (80.49,71.36)
  execution_unit_0/alu_0/add_102_C185_aco/carry[2] (net)
                                                    1      1.8557
  execution_unit_0/alu_0/add_102_C185_aco/U1_2/CI (FADDX1_RVT)         0.0339      1.0000              0.0000      2.1237 r    (80.41,74.47)
  execution_unit_0/alu_0/add_102_C185_aco/U1_2/CO (FADDX1_RVT)         0.0525      1.0000              0.0992      2.2229 r    (81.86,74.59)
  execution_unit_0/alu_0/add_102_C185_aco/carry[3] (net)
                                                    2      2.1795
  execution_unit_0/alu_0/U104/A1 (AND2X1_RVT)                          0.0525      1.0000              0.0000      2.2229 r    (80.37,76.30)
  execution_unit_0/alu_0/U104/Y (AND2X1_RVT)                           0.0296      1.0000              0.0587      2.2816 r    (79.85,76.37)
  execution_unit_0/alu_0/add_102_C185_aco/carry[4] (net)
                                                    1      1.2671
  execution_unit_0/alu_0/U103/A2 (XOR2X1_RVT)                          0.0296      1.0000              0.0000      2.2816 r    (78.23,77.98)
  execution_unit_0/alu_0/U103/Y (XOR2X1_RVT)                           0.0486      1.0000              0.1299      2.4115 f    (76.96,78.06)
  execution_unit_0/alu_0/alu_dadd0[4]1 (net)        1      1.9650
  execution_unit_0/alu_0/add_1_root_add_100_2_C186/U1_0/CI (FADDX1_RVT)
                                                                       0.0486      1.0000              0.0000      2.4115 f    (73.11,81.16)
  execution_unit_0/alu_0/add_1_root_add_100_2_C186/U1_0/S (FADDX1_RVT)
                                                                       0.0407      1.0000              0.1496      2.5611 r    (74.25,81.35)
  execution_unit_0/alu_0/alu_dadd1[0] (net)         1      1.1454
  execution_unit_0/alu_0/U17/A1 (AO222X1_RVT)                          0.0407      1.0000              0.0000      2.5611 r    (79.21,79.64)
  execution_unit_0/alu_0/U17/Y (AO222X1_RVT)                           0.0519      1.0000              0.1361      2.6972 r    (80.56,79.71)
  execution_unit_0/alu_0/aps_rename_20_ (net)       1      1.2765
  execution_unit_0/alu_0/clockcopt_h_inst_5229/A (NBUFFX4_RVT)         0.0519      1.0000              0.0000      2.6972 r    (84.69,81.29)
  execution_unit_0/alu_0/clockcopt_h_inst_5229/Y (NBUFFX4_RVT)         0.0751      1.0000              0.0916      2.7888 r    (85.36,81.39)
  execution_unit_0/alu_0/alu_out[4] (net)          19     26.8108
  execution_unit_0/alu_0/alu_out[4] (omsp_alu)                         0.0751      1.0000              0.0000      2.7888 r    (hierarchical)    h
  execution_unit_0/placeHFSNET_68 (net)                   26.8108
  execution_unit_0/register_file_0/placeHFSNET_68 (omsp_register_file)
                                                                       0.0751      1.0000              0.0000      2.7888 r    (hierarchical)    h
  execution_unit_0/register_file_0/placeHFSNET_68 (net)   26.8108
  execution_unit_0/register_file_0/U399/A1 (AO21X2_RVT)                0.0755      1.0000              0.0025      2.7913 r    (105.14,41.34)
  execution_unit_0/register_file_0/U399/Y (AO21X2_RVT)                 0.0723      1.0000              0.1345      2.9258 r    (105.79,41.28)
  execution_unit_0/register_file_0/cpuoff (net)     5      8.3945
  execution_unit_0/register_file_0/cpuoff (omsp_register_file)         0.0723      1.0000              0.0000      2.9258 r    (hierarchical)    h
  execution_unit_0/cpuoff (net)                            8.3945
  execution_unit_0/cpuoff (omsp_execution_unit)                        0.0723      1.0000              0.0000      2.9258 r    (hierarchical)    h
  cpuoff (net)                                             8.3945
  frontend_0/cpuoff (omsp_frontend)                                    0.0723      1.0000              0.0000      2.9258 r    (hierarchical)    h
  frontend_0/cpuoff (net)                                  8.3945
  frontend_0/U69/A2 (NAND2X0_RVT)                                      0.0723      1.0000              0.0006      2.9263 r    (69.19,24.46)
  frontend_0/U69/Y (NAND2X0_RVT)                                       0.0668      1.0000              0.0558      2.9822 f    (69.32,24.53)
  frontend_0/n74 (net)                              1      1.1941
  frontend_0/U68/A4 (AO22X2_RVT)                                       0.0668      1.0000              0.0000      2.9822 f    (73.43,24.31)
  frontend_0/U68/Y (AO22X2_RVT)                                        0.0750      1.0000              0.1167      3.0989 f    (74.02,24.52)
  frontend_0/mclk_enable (net)                      4     12.1612
  frontend_0/mclk_enable (omsp_frontend)                               0.0750      1.0000              0.0000      3.0989 f    (hierarchical)    h
  placeHFSNET_62 (net)                                    12.1612
  clock_module_0/placeHFSNET_62 (omsp_clock_module)                    0.0750      1.0000              0.0000      3.0989 f    (hierarchical)    h
  clock_module_0/placeHFSNET_62 (net)                     12.1612
  clock_module_0/and_cpuoff_mclk_en/b (omsp_and_gate_0)                0.0750      1.0000              0.0000      3.0989 f    (hierarchical)    h
  clock_module_0/and_cpuoff_mclk_en/b (net)               12.1612
  clock_module_0/and_cpuoff_mclk_en/U1/A1 (AND2X2_RVT)                 0.0751      1.0000              0.0004      3.0993 f    (81.19,39.51)
  clock_module_0/and_cpuoff_mclk_en/U1/Y (AND2X2_RVT)                  0.0555      1.0000              0.1071      3.2064 f    (81.71,39.59)
  clock_module_0/and_cpuoff_mclk_en/y (net)         1      7.8896
  clock_module_0/and_cpuoff_mclk_en/y (omsp_and_gate_0)                0.0555      1.0000              0.0000      3.2064 f    (hierarchical)    h
  clock_module_0/cpuoff_and_mclk_enable (net)              7.8896
  clock_module_0/and_dco_dis1/b (omsp_and_gate_21)                     0.0555      1.0000              0.0000      3.2064 f    (hierarchical)    h
  clock_module_0/and_dco_dis1/b (net)                      7.8896
  clock_module_0/and_dco_dis1/U1/A1 (AND2X1_RVT)                       0.0555      1.0000              0.0006      3.2070 f    (87.12,119.77)
  clock_module_0/and_dco_dis1/U1/Y (AND2X1_RVT)                        0.0253      1.0000              0.0639      3.2709 f    (87.64,119.84)
  clock_module_0/and_dco_dis1/y (net)               1      0.8452
  clock_module_0/and_dco_dis1/y (omsp_and_gate_21)                     0.0253      1.0000              0.0000      3.2709 f    (hierarchical)    h
  clock_module_0/cpu_enabled_with_dco (net)                0.8452
  clock_module_0/U55/A2 (NOR2X0_RVT)                                   0.0253      1.0000              0.0000      3.2709 f    (88.12,121.32)
  clock_module_0/U55/Y (NOR2X0_RVT)                                    0.0226      1.0000              0.0706      3.3415 r    (88.85,121.52)
  clock_module_0/n117 (net)                         1      0.9817
  clock_module_0/and_dco_dis2/b (omsp_and_gate_20)                     0.0226      1.0000              0.0000      3.3415 r    (hierarchical)    h
  clock_module_0/and_dco_dis2/b (net)                      0.9817
  clock_module_0/and_dco_dis2/U1/A1 (AND2X1_RVT)                       0.0226      1.0000              0.0000      3.3415 r    (91.53,121.59)
  clock_module_0/and_dco_dis2/U1/Y (AND2X1_RVT)                        0.0263      1.0000              0.0490      3.3905 r    (92.04,121.52)
  clock_module_0/and_dco_dis2/y (net)               1      0.9133
  clock_module_0/and_dco_dis2/y (omsp_and_gate_20)                     0.0263      1.0000              0.0000      3.3905 r    (hierarchical)    h
  clock_module_0/dco_not_enabled_by_dbg (net)              0.9133
  clock_module_0/and_dco_dis3/b (omsp_and_gate_19)                     0.0263      1.0000              0.0000      3.3905 r    (hierarchical)    h
  clock_module_0/and_dco_dis3/b (net)                      0.9133
  clock_module_0/and_dco_dis3/U1/A1 (AND2X1_RVT)                       0.0263      1.0000              0.0000      3.3905 r    (92.68,119.77)
  clock_module_0/and_dco_dis3/U1/Y (AND2X1_RVT)                        0.0265      1.0000              0.0509      3.4414 r    (92.17,119.84)
  clock_module_0/and_dco_dis3/y (net)               1      1.0245
  clock_module_0/and_dco_dis3/y (omsp_and_gate_19)                     0.0265      1.0000              0.0000      3.4414 r    (hierarchical)    h
  clock_module_0/dco_disable_by_scg0 (net)                 1.0245
  clock_module_0/U45/A (INVX0_RVT)                                     0.0265      1.0000              0.0000      3.4414 r    (91.46,123.28)
  clock_module_0/U45/Y (INVX0_RVT)                                     0.0299      1.0000              0.0288      3.4702 f    (91.25,123.23)
  clock_module_0/n23 (net)                          1      1.3760
  clock_module_0/and_dco_dis5/a (omsp_and_gate_17)                     0.0299      1.0000              0.0000      3.4702 f    (hierarchical)    h
  clock_module_0/and_dco_dis5/a (net)                      1.3760
  clock_module_0/and_dco_dis5/U1/A2 (AND2X1_RVT)                       0.0299      1.0000              0.0000      3.4702 f    (87.57,128.13)
  clock_module_0/and_dco_dis5/U1/Y (AND2X1_RVT)                        0.0373      1.0000              0.0676      3.5378 f    (88.24,128.21)
  clock_module_0/and_dco_dis5/y (net)               2      2.6276
  clock_module_0/and_dco_dis5/y (omsp_and_gate_17)                     0.0373      1.0000              0.0000      3.5378 f    (hierarchical)    h
  clock_module_0/dco_enable_nxt (net)                      2.6276
  clock_module_0/and_dco_en_wkup/b (omsp_and_gate_15)                  0.0373      1.0000              0.0000      3.5378 f    (hierarchical)    h
  clock_module_0/and_dco_en_wkup/b (net)                   2.6276
  clock_module_0/and_dco_en_wkup/U1/A1 (AND2X1_RVT)                    0.0373      1.0000              0.0000      3.5378 f    (92.83,123.11)
  clock_module_0/and_dco_en_wkup/U1/Y (AND2X1_RVT)                     0.0330      1.0000              0.0634      3.6012 f    (92.32,123.19)
  clock_module_0/and_dco_en_wkup/y (net)            1      1.9581
  clock_module_0/and_dco_en_wkup/y (omsp_and_gate_15)                  0.0330      1.0000              0.0000      3.6012 f    (hierarchical)    h
  clock_module_0/dco_en_wkup (net)                         1.9581
  clock_module_0/U120/A3 (OR3X1_RVT)                                   0.0330      1.0000              0.0000      3.6013 f    (89.85,133.41)
  clock_module_0/U120/Y (OR3X1_RVT)                                    0.0356      1.0000              0.0686      3.6699 f    (89.43,133.22)
  clock_module_0/N169 (net)                         2      1.8199
  clock_module_0/U112/A1 (OR2X1_RVT)                                   0.0356      1.0000              0.0000      3.6699 f    (88.74,133.25)
  clock_module_0/U112/Y (OR2X1_RVT)                                    0.0303      1.0000              0.0622      3.7320 f    (88.06,133.18)
  clock_module_0/_9_net_ (net)                      1      0.9895
  clock_module_0/scan_mux_dco_wkup/data_in_func (omsp_scan_mux_1)      0.0303      1.0000              0.0000      3.7320 f    (hierarchical)    h
  clock_module_0/scan_mux_dco_wkup/data_in_func (net)      0.9895
  clock_module_0/scan_mux_dco_wkup/U2/A3 (AO22X1_RVT)                  0.0303      1.0000              0.0000      3.7320 f    (86.66,130.56)
  clock_module_0/scan_mux_dco_wkup/U2/Y (AO22X1_RVT)                   0.0295      1.0000              0.0561      3.7881 f    (87.09,129.86)
  clock_module_0/scan_mux_dco_wkup/data_out (net)
                                                    1      1.2231
  clock_module_0/scan_mux_dco_wkup/data_out (omsp_scan_mux_1)          0.0295      1.0000              0.0000      3.7881 f    (hierarchical)    h
  clock_module_0/dco_wkup_set_scan (net)                   1.2231
  clock_module_0/sync_cell_dco_wkup/rst (omsp_sync_cell_0)             0.0295      1.0000              0.0000      3.7881 f    (hierarchical)    h
  clock_module_0/sync_cell_dco_wkup/rst (net)              1.2231
  clock_module_0/sync_cell_dco_wkup/U3/A (INVX1_RVT)                   0.0295      1.0000              0.0000      3.7881 f    (86.82,126.63)
  clock_module_0/sync_cell_dco_wkup/U3/Y (INVX1_RVT)                   0.0377      1.0000              0.0376      3.8257 r    (86.95,126.53)
  clock_module_0/sync_cell_dco_wkup/n1 (net)        2      3.1139
  clock_module_0/sync_cell_dco_wkup/data_sync_reg[1]/RSTB (DFFARX1_RVT)
                                                                       0.0377      1.0000              0.0001      3.8257 r    (96.52,120.84)    s, n
  data arrival time                                                                                                3.8257

  clock dco_clk' (rise edge)                                                                          20.0000     20.0000
  source latency                                                                                       0.0000     20.0000
  dco_clk (in)                                                         0.0000      1.0000              0.0000     20.0000 f    (157.77,211.12)
  dco_clk (net)                                     4     22.3489                                                                                d
  cts_inv_8993272/A (IBUFFX2_RVT)                                      0.0000      1.0000              0.0000     20.0000 f    (155.37,196.85)
  cts_inv_8993272/Y (IBUFFX2_RVT)                                      0.0000      1.0000              0.0000     20.0000 r    (156.19,196.75)
  ctsbuf_net_1941 (net)                             1      0.6852                                                                                d
  cts_inv_8943267/A (IBUFFX8_RVT)                                      0.0000      1.0000              0.0000     20.0000 r    (155.07,198.34)
  cts_inv_8943267/Y (IBUFFX8_RVT)                                      0.0000      1.0000              0.0000     20.0000 f    (156.49,198.43)
  ctsbuf_net_1840 (net)                            17     27.0179                                                                                d
  clock_module_0/dco_clk (omsp_clock_module)                           0.0000      1.0000              0.0000     20.0000 f    (hierarchical)    h
  clock_module_0/dco_clk (net)                     17     27.0179                                                                                d
  clock_module_0/clock_gate_smclk/p_abuf1 (omsp_clock_gate_31)         0.0000      1.0000              0.0000     20.0000 f    (hierarchical)    h
  clock_module_0/clock_gate_smclk/p_abuf1 (net)    17     27.0179                                                                                d
  clock_module_0/clock_gate_smclk/U2/A (INVX2_RVT)                     0.0000      1.0000              0.0000     20.0000 f    (115.47,134.79)
  clock_module_0/clock_gate_smclk/U2/Y (INVX2_RVT)                     0.0000      1.0000              0.0000     20.0000 r    (115.60,134.90)
  clock_module_0/clock_gate_smclk/n2 (net)          6      9.8827                                                                                d
  clock_module_0/clock_gate_smclk/n2 (omsp_clock_gate_31)              0.0000      1.0000              0.0000     20.0000 r    (hierarchical)    h
  clock_module_0/cts0 (net)                         6      9.8827                                                                                d
  clock_module_0/sync_cell_dco_wkup/clk (omsp_sync_cell_0)             0.0000      1.0000              0.0000     20.0000 r    (hierarchical)    h
  clock_module_0/sync_cell_dco_wkup/clk (net)       6      9.8827                                                                                d
  clock_module_0/sync_cell_dco_wkup/data_sync_reg[1]/CLK (DFFARX1_RVT)
                                                                       0.0000      1.0000              0.0000     20.0000 r    (94.87,122.18)    s, n

  library setup time                                                               1.0000              0.0355     20.0355
  data required time                                                                                              20.0355
  ----------------------------------------------------------------------------------------------------------------------------------------------------------------
  data required time                                                                                              20.0355
  data arrival time                                                                                               -3.8257
  ----------------------------------------------------------------------------------------------------------------------------------------------------------------
  slack (MET)                                                                                                     16.2097



  Startpoint: frontend_0/inst_so_reg[7] (rising edge-triggered flip-flop clocked by dco_clk)
  Endpoint: clock_module_0/sync_cell_lfxt_wkup/data_sync_reg[1] (recovery check against rising-edge clock clocked by lfxt_clk')
  Mode: func
  Corner: fast
  Scenario: func_fast
  Path Group: lfxt_clk
  Path Type: max


Attributes
    b - black-box (unknown)
    s - size_only
    d - dont_touch
    u - dont_use
    g - generic
    h - hierarchical
    i - ideal
    n - noncombinational
    E - extracted timing model
    Q - Quick timing model


  Point                                          Fanout     Cap        Trans      Derate    Delta       Incr        Path           Location       Attributes
  ----------------------------------------------------------------------------------------------------------------------------------------------------------------
  clock dco_clk (rise edge)                                                                            0.0000      0.0000
  source latency                                                                                       0.0000      0.0000
  dco_clk (in)                                                         0.0000      1.0000              0.0000      0.0000 r    (157.77,211.12)
  dco_clk (net)                                     4     22.9387                                                                                d
  clock_module_0/p_abuf15 (omsp_clock_module)                          0.0000      1.0000              0.0000      0.0000 r    (hierarchical)    h
  clock_module_0/p_abuf15 (net)                     4     22.9387                                                                                d
  clock_module_0/clock_gate_mclk/clk (omsp_clock_gate_0)               0.0000      1.0000              0.0000      0.0000 r    (hierarchical)    h
  clock_module_0/clock_gate_mclk/clk (net)          4     22.9387                                                                                d
  clock_module_0/clock_gate_mclk/U3/A2 (AND2X4_RVT)                    0.0000      1.0000              0.0000      0.0000 r    (71.46,64.59)     s
  clock_module_0/clock_gate_mclk/U3/Y (AND2X4_RVT)                     0.0000      1.0000              0.0000      0.0000 r    (72.28,64.67)     s
  clock_module_0/clock_gate_mclk/gclk (net)         1     11.0686                                                                                d
  clock_module_0/clock_gate_mclk/cts_inv_8313204/A (INVX16_RVT)        0.0000      1.0000              0.0000      0.0000 r    (73.83,69.78)
  clock_module_0/clock_gate_mclk/cts_inv_8313204/Y (INVX16_RVT)        0.0000      1.0000              0.0000      0.0000 f    (73.96,69.68)
  clock_module_0/clock_gate_mclk/ctsbuf_net_1335 (net)
                                                    1     10.6472                                                                                d
  clock_module_0/clock_gate_mclk/cts_inv_8263199/A (INVX16_RVT)        0.0000      1.0000              0.0000      0.0000 f    (73.83,67.91)
  clock_module_0/clock_gate_mclk/cts_inv_8263199/Y (INVX16_RVT)        0.0000      1.0000              0.0000      0.0000 r    (73.96,68.02)
  clock_module_0/clock_gate_mclk/p_abuf5 (net)      3     24.9886                                                                                d
  clock_module_0/clock_gate_mclk/p_abuf5 (omsp_clock_gate_0)           0.0000      1.0000              0.0000      0.0000 r    (hierarchical)    h
  clock_module_0/p_abuf12 (net)                     3     24.9886                                                                                d
  clock_module_0/p_abuf12 (omsp_clock_module)                          0.0000      1.0000              0.0000      0.0000 r    (hierarchical)    h
  p_abuf9 (net)                                     3     24.9886                                                                                d
  frontend_0/p_abuf5 (omsp_frontend)                                   0.0000      1.0000              0.0000      0.0000 r    (hierarchical)    h
  frontend_0/p_abuf5 (net)                          3     24.9886                                                                                d
  frontend_0/clock_gate_decode/clk (omsp_clock_gate_25)                0.0000      1.0000              0.0000      0.0000 r    (hierarchical)    h
  frontend_0/clock_gate_decode/clk (net)            3     24.9886                                                                                d
  frontend_0/clock_gate_decode/U3/A2 (AND2X1_RVT)                      0.0000      1.0000              0.0000      0.0000 r    (64.47,37.84)     s
  frontend_0/clock_gate_decode/U3/Y (AND2X1_RVT)                       0.0000      1.0000              0.0000      0.0000 r    (65.14,37.92)     s
  frontend_0/clock_gate_decode/ctsbuf_net_426 (net)
                                                    1      1.8735                                                                                d
  frontend_0/clock_gate_decode/cts_inv_7443117/A (INVX2_RVT)           0.0000      1.0000              0.0000      0.0000 r    (65.77,43.03)
  frontend_0/clock_gate_decode/cts_inv_7443117/Y (INVX2_RVT)           0.0000      1.0000              0.0000      0.0000 f    (65.90,42.93)
  frontend_0/clock_gate_decode/ctsbuf_net_527 (net)
                                                    1      5.8856                                                                                d
  frontend_0/clock_gate_decode/cts_inv_7393112/A (INVX8_RVT)           0.0000      1.0000              0.0000      0.0000 f    (63.19,41.16)
  frontend_0/clock_gate_decode/cts_inv_7393112/Y (INVX8_RVT)           0.0000      1.0000              0.0000      0.0000 r    (63.31,41.26)
  frontend_0/clock_gate_decode/gclk (net)          49     56.5132                                                                                d
  frontend_0/clock_gate_decode/gclk (omsp_clock_gate_25)               0.0000      1.0000              0.0000      0.0000 r    (hierarchical)    h
  frontend_0/mclk_decode (net)                     49     56.5132                                                                                d
  frontend_0/inst_so_reg[7]/CLK (DFFARX1_RVT)                          0.0000      1.0000              0.0000      0.0000 r    (66.45,28.55)     s, n

  frontend_0/inst_so_reg[7]/CLK (DFFARX1_RVT)                          0.0000      1.0000              0.0000      0.0000 r    (66.45,28.55)     s, n
  frontend_0/inst_so_reg[7]/QN (DFFARX1_RVT)                           0.0670      1.0000              0.1438      0.1438 r    (69.84,27.90)     s, n
  frontend_0/n379 (net)                             3      3.9406
  frontend_0/U203/A2 (NAND3X0_RVT)                                     0.0670      1.0000              0.0000      0.1439 r    (67.14,26.14)
  frontend_0/U203/Y (NAND3X0_RVT)                                      0.1364      1.0000              0.1175      0.2614 f    (67.27,26.22)
  frontend_0/n142 (net)                             2      3.5371
  frontend_0/U200/A1 (NOR3X0_RVT)                                      0.1364      1.0000              0.0002      0.2615 f    (98.67,24.43)
  frontend_0/U200/Y (NOR3X0_RVT)                                       0.0433      1.0000              0.1572      0.4188 r    (99.79,24.54)
  frontend_0/n138 (net)                             4      3.4696
  frontend_0/U199/A3 (AND3X1_RVT)                                      0.0433      1.0000              0.0000      0.4188 r    (104.90,21.12)
  frontend_0/U199/Y (AND3X1_RVT)                                       0.0516      1.0000              0.0910      0.5098 r    (105.72,21.19)
  frontend_0/n139 (net)                             4      3.3764
  frontend_0/U191/A1 (AO222X1_RVT)                                     0.0516      1.0000              0.0000      0.5098 r    (106.36,24.62)
  frontend_0/U191/Y (AO222X1_RVT)                                      0.0906      1.0000              0.1790      0.6888 r    (105.01,24.55)
  frontend_0/inst_dest[0] (net)                     2      6.0759
  frontend_0/inst_dest[0] (omsp_frontend)                              0.0906      1.0000              0.0000      0.6888 r    (hierarchical)    h
  inst_dest[0] (net)                                       6.0759
  execution_unit_0/inst_dest[0] (omsp_execution_unit)                  0.0906      1.0000              0.0000      0.6888 r    (hierarchical)    h
  execution_unit_0/inst_dest[0] (net)                      6.0759
  execution_unit_0/register_file_0/inst_dest[0] (omsp_register_file)   0.0906      1.0000              0.0000      0.6888 r    (hierarchical)    h
  execution_unit_0/register_file_0/inst_dest[0] (net)      6.0759
  execution_unit_0/register_file_0/placeHFSINV_797_165/A (INVX4_RVT)   0.0906      1.0000              0.0001      0.6889 r    (114.56,29.65)
  execution_unit_0/register_file_0/placeHFSINV_797_165/Y (INVX4_RVT)   0.0811      1.0000              0.0684      0.7573 f    (114.69,29.55)
  execution_unit_0/register_file_0/placeHFSNET_129 (net)
                                                   16     23.6601
  execution_unit_0/register_file_0/U363/A2 (OA22X1_RVT)                0.0810      1.0000              0.0005      0.7578 f    (147.01,25.53)
  execution_unit_0/register_file_0/U363/Y (OA22X1_RVT)                 0.0413      1.0000              0.1004      0.8583 f    (147.84,26.24)
  execution_unit_0/register_file_0/n578 (net)       1      1.7075
  execution_unit_0/register_file_0/U362/A5 (OA221X1_RVT)               0.0413      1.0000              0.0000      0.8583 f    (154.75,19.69)
  execution_unit_0/register_file_0/U362/Y (OA221X1_RVT)                0.0412      1.0000              0.0744      0.9327 f    (155.29,19.55)
  execution_unit_0/register_file_0/n577 (net)       1      0.9386
  execution_unit_0/register_file_0/U361/A4 (NAND4X0_RVT)               0.0412      1.0000              0.0000      0.9327 f    (157.95,21.12)
  execution_unit_0/register_file_0/U361/Y (NAND4X0_RVT)                0.0722      1.0000              0.0682      1.0009 r    (158.24,21.20)
  execution_unit_0/register_file_0/reg_dest[0] (net)
                                                    1      2.1063
  execution_unit_0/register_file_0/reg_dest[0] (omsp_register_file)    0.0722      1.0000              0.0000      1.0009 r    (hierarchical)    h
  execution_unit_0/dbg_reg_din[0] (net)                    2.1063
  execution_unit_0/dbg_reg_din[0] (omsp_execution_unit)                0.0722      1.0000              0.0000      1.0009 r    (hierarchical)    h
  dbg_reg_din[0] (net)                                     2.1063
  placeZBUF_inst_490/A (NBUFFX4_RVT)                                   0.0722      1.0000              0.0000      1.0009 r    (148.91,27.78)
  placeZBUF_inst_490/Y (NBUFFX4_RVT)                                   0.0553      1.0000              0.0834      1.0843 r    (148.25,27.89)
  placeZBUF_97 (net)                                3     16.2472
  execution_unit_0/placeZBUF_48 (omsp_execution_unit)                  0.0553      1.0000              0.0000      1.0843 r    (hierarchical)    h
  execution_unit_0/placeZBUF_48 (net)                     16.2472
  execution_unit_0/U87/A1 (AO222X1_RVT)                                0.0556      1.0000              0.0026      1.0869 r    (52.01,49.54)
  execution_unit_0/U87/Y (AO222X1_RVT)                                 0.0555      1.0000              0.1450      1.2319 r    (53.35,49.61)
  execution_unit_0/n79 (net)                        1      1.7003
  execution_unit_0/U86/A2 (OR2X1_RVT)                                  0.0555      1.0000              0.0000      1.2319 r    (53.01,59.76)
  execution_unit_0/U86/Y (OR2X1_RVT)                                   0.0738      1.0000              0.0962      1.3282 r    (53.44,59.62)
  execution_unit_0/op_src[0] (net)                  3      6.8378
  execution_unit_0/alu_0/op_src[0] (omsp_alu)                          0.0738      1.0000              0.0000      1.3282 r    (hierarchical)    h
  execution_unit_0/alu_0/op_src[0] (net)                   6.8378
  execution_unit_0/alu_0/U26/A1 (XOR2X2_RVT)                           0.0738      1.0000              0.0001      1.3282 r    (60.68,59.85)
  execution_unit_0/alu_0/U26/Y (XOR2X2_RVT)                            0.0623      1.0000              0.1367      1.4649 f    (61.95,59.64)
  execution_unit_0/alu_0/op_src_inv[0] (net)        6      8.3909
  execution_unit_0/alu_0/add_1_root_add_100_2_C185/U1_0/A (FADDX1_RVT)
                                                                       0.0623      1.0000              0.0002      1.4651 f    (76.76,64.88)
  execution_unit_0/alu_0/add_1_root_add_100_2_C185/U1_0/CO (FADDX1_RVT)
                                                                       0.0448      1.0000              0.1103      1.5754 f    (75.29,64.56)
  execution_unit_0/alu_0/add_1_root_add_100_2_C185/carry[1] (net)
                                                    1      2.2204
  execution_unit_0/alu_0/add_1_root_add_100_2_C185/U1_1/CI (FADDX1_RVT)
                                                                       0.0448      1.0000              0.0000      1.5755 f    (69.47,66.57)
  execution_unit_0/alu_0/add_1_root_add_100_2_C185/U1_1/CO (FADDX1_RVT)
                                                                       0.0450      1.0000              0.0896      1.6651 f    (70.92,66.45)
  execution_unit_0/alu_0/add_1_root_add_100_2_C185/carry[2] (net)
                                                    1      1.9123
  execution_unit_0/alu_0/add_1_root_add_100_2_C185/U1_2/CI (FADDX1_RVT)
                                                                       0.0450      1.0000              0.0000      1.6651 f    (70.83,71.13)
  execution_unit_0/alu_0/add_1_root_add_100_2_C185/U1_2/CO (FADDX1_RVT)
                                                                       0.0427      1.0000              0.0900      1.7550 f    (72.28,71.24)
  execution_unit_0/alu_0/add_1_root_add_100_2_C185/carry[3] (net)
                                                    1      1.9390
  execution_unit_0/alu_0/add_1_root_add_100_2_C185/U1_3/CI (FADDX1_RVT)
                                                                       0.0427      1.0000              0.0000      1.7550 f    (74.03,74.47)
  execution_unit_0/alu_0/add_1_root_add_100_2_C185/U1_3/S (FADDX1_RVT)
                                                                       0.0540      1.0000              0.1615      1.9166 r    (75.16,74.66)
  execution_unit_0/alu_0/N13 (net)                  3      2.9028
  execution_unit_0/alu_0/U143/A3 (OA21X1_RVT)                          0.0540      1.0000              0.0000      1.9166 r    (76.93,74.76)
  execution_unit_0/alu_0/U143/Y (OA21X1_RVT)                           0.0312      1.0000              0.0699      1.9864 r    (77.46,74.67)
  execution_unit_0/alu_0/n9 (net)                   1      0.8955
  execution_unit_0/alu_0/U7/A2 (OR2X1_RVT)                             0.0312      1.0000              0.0000      1.9864 r    (78.25,74.59)
  execution_unit_0/alu_0/U7/Y (OR2X1_RVT)                              0.0534      1.0000              0.0741      2.0605 r    (78.67,74.74)
  execution_unit_0/alu_0/n4 (net)                   3      4.3301
  execution_unit_0/alu_0/U106/A1 (AND2X1_RVT)                          0.0534      1.0000              0.0000      2.0606 r    (79.97,71.43)
  execution_unit_0/alu_0/U106/Y (AND2X1_RVT)                           0.0339      1.0000              0.0631      2.1237 r    (80.49,71.36)
  execution_unit_0/alu_0/add_102_C185_aco/carry[2] (net)
                                                    1      1.8557
  execution_unit_0/alu_0/add_102_C185_aco/U1_2/CI (FADDX1_RVT)         0.0339      1.0000              0.0000      2.1237 r    (80.41,74.47)
  execution_unit_0/alu_0/add_102_C185_aco/U1_2/CO (FADDX1_RVT)         0.0525      1.0000              0.0992      2.2229 r    (81.86,74.59)
  execution_unit_0/alu_0/add_102_C185_aco/carry[3] (net)
                                                    2      2.1795
  execution_unit_0/alu_0/U104/A1 (AND2X1_RVT)                          0.0525      1.0000              0.0000      2.2229 r    (80.37,76.30)
  execution_unit_0/alu_0/U104/Y (AND2X1_RVT)                           0.0296      1.0000              0.0587      2.2816 r    (79.85,76.37)
  execution_unit_0/alu_0/add_102_C185_aco/carry[4] (net)
                                                    1      1.2671
  execution_unit_0/alu_0/U103/A2 (XOR2X1_RVT)                          0.0296      1.0000              0.0000      2.2816 r    (78.23,77.98)
  execution_unit_0/alu_0/U103/Y (XOR2X1_RVT)                           0.0486      1.0000              0.1299      2.4115 f    (76.96,78.06)
  execution_unit_0/alu_0/alu_dadd0[4]1 (net)        1      1.9650
  execution_unit_0/alu_0/add_1_root_add_100_2_C186/U1_0/CI (FADDX1_RVT)
                                                                       0.0486      1.0000              0.0000      2.4115 f    (73.11,81.16)
  execution_unit_0/alu_0/add_1_root_add_100_2_C186/U1_0/S (FADDX1_RVT)
                                                                       0.0407      1.0000              0.1496      2.5611 r    (74.25,81.35)
  execution_unit_0/alu_0/alu_dadd1[0] (net)         1      1.1454
  execution_unit_0/alu_0/U17/A1 (AO222X1_RVT)                          0.0407      1.0000              0.0000      2.5611 r    (79.21,79.64)
  execution_unit_0/alu_0/U17/Y (AO222X1_RVT)                           0.0519      1.0000              0.1361      2.6972 r    (80.56,79.71)
  execution_unit_0/alu_0/aps_rename_20_ (net)       1      1.2765
  execution_unit_0/alu_0/clockcopt_h_inst_5229/A (NBUFFX4_RVT)         0.0519      1.0000              0.0000      2.6972 r    (84.69,81.29)
  execution_unit_0/alu_0/clockcopt_h_inst_5229/Y (NBUFFX4_RVT)         0.0751      1.0000              0.0916      2.7888 r    (85.36,81.39)
  execution_unit_0/alu_0/alu_out[4] (net)          19     26.8108
  execution_unit_0/alu_0/alu_out[4] (omsp_alu)                         0.0751      1.0000              0.0000      2.7888 r    (hierarchical)    h
  execution_unit_0/placeHFSNET_68 (net)                   26.8108
  execution_unit_0/register_file_0/placeHFSNET_68 (omsp_register_file)
                                                                       0.0751      1.0000              0.0000      2.7888 r    (hierarchical)    h
  execution_unit_0/register_file_0/placeHFSNET_68 (net)   26.8108
  execution_unit_0/register_file_0/U399/A1 (AO21X2_RVT)                0.0755      1.0000              0.0025      2.7913 r    (105.14,41.34)
  execution_unit_0/register_file_0/U399/Y (AO21X2_RVT)                 0.0723      1.0000              0.1345      2.9258 r    (105.79,41.28)
  execution_unit_0/register_file_0/cpuoff (net)     5      8.3945
  execution_unit_0/register_file_0/cpuoff (omsp_register_file)         0.0723      1.0000              0.0000      2.9258 r    (hierarchical)    h
  execution_unit_0/cpuoff (net)                            8.3945
  execution_unit_0/cpuoff (omsp_execution_unit)                        0.0723      1.0000              0.0000      2.9258 r    (hierarchical)    h
  cpuoff (net)                                             8.3945
  frontend_0/cpuoff (omsp_frontend)                                    0.0723      1.0000              0.0000      2.9258 r    (hierarchical)    h
  frontend_0/cpuoff (net)                                  8.3945
  frontend_0/U69/A2 (NAND2X0_RVT)                                      0.0723      1.0000              0.0006      2.9263 r    (69.19,24.46)
  frontend_0/U69/Y (NAND2X0_RVT)                                       0.0668      1.0000              0.0558      2.9822 f    (69.32,24.53)
  frontend_0/n74 (net)                              1      1.1941
  frontend_0/U68/A4 (AO22X2_RVT)                                       0.0668      1.0000              0.0000      2.9822 f    (73.43,24.31)
  frontend_0/U68/Y (AO22X2_RVT)                                        0.0750      1.0000              0.1167      3.0989 f    (74.02,24.52)
  frontend_0/mclk_enable (net)                      4     12.1612
  frontend_0/mclk_enable (omsp_frontend)                               0.0750      1.0000              0.0000      3.0989 f    (hierarchical)    h
  placeHFSNET_62 (net)                                    12.1612
  clock_module_0/placeHFSNET_62 (omsp_clock_module)                    0.0750      1.0000              0.0000      3.0989 f    (hierarchical)    h
  clock_module_0/placeHFSNET_62 (net)                     12.1612
  clock_module_0/and_lfxt_dis4/placeHFSNET_62 (omsp_and_gate_10)       0.0750      1.0000              0.0000      3.0989 f    (hierarchical)    h
  clock_module_0/and_lfxt_dis4/placeHFSNET_62 (net)       12.1612
  clock_module_0/and_lfxt_dis4/placeHFSINV_8_76/A (INVX0_RVT)          0.0749      1.0000              0.0014      3.1003 f    (81.04,123.28)
  clock_module_0/and_lfxt_dis4/placeHFSINV_8_76/Y (INVX0_RVT)          0.0440      1.0000              0.0439      3.1442 r    (81.25,123.23)
  clock_module_0/and_lfxt_dis4/placeHFSNET_61 (net)
                                                    1      0.9933
  clock_module_0/and_lfxt_dis4/U1/A1 (AND2X1_RVT)                      0.0440      1.0000              0.0000      3.1442 r    (82.04,126.46)
  clock_module_0/and_lfxt_dis4/U1/Y (AND2X1_RVT)                       0.0268      1.0000              0.0536      3.1979 r    (81.53,126.53)
  clock_module_0/and_lfxt_dis4/y (net)              1      0.8354
  clock_module_0/and_lfxt_dis4/y (omsp_and_gate_10)                    0.0268      1.0000              0.0000      3.1979 r    (hierarchical)    h
  clock_module_0/lfxt_disable_by_cpu_en (net)              0.8354
  clock_module_0/U48/A (INVX0_RVT)                                     0.0268      1.0000              0.0000      3.1979 r    (80.37,124.77)
  clock_module_0/U48/Y (INVX0_RVT)                                     0.0232      1.0000              0.0229      3.2208 f    (80.16,124.82)
  clock_module_0/n29 (net)                          1      0.7773
  clock_module_0/and_lfxt_dis5/b (omsp_and_gate_9)                     0.0232      1.0000              0.0000      3.2208 f    (hierarchical)    h
  clock_module_0/and_lfxt_dis5/b (net)                     0.7773
  clock_module_0/and_lfxt_dis5/U1/A1 (AND2X1_RVT)                      0.0232      1.0000              0.0000      3.2208 f    (80.07,126.46)
  clock_module_0/and_lfxt_dis5/U1/Y (AND2X1_RVT)                       0.0415      1.0000              0.0641      3.2849 f    (79.55,126.53)
  clock_module_0/and_lfxt_dis5/y (net)              2      3.1647
  clock_module_0/and_lfxt_dis5/y (omsp_and_gate_9)                     0.0415      1.0000              0.0000      3.2849 f    (hierarchical)    h
  clock_module_0/lfxt_enable_nxt (net)                     3.1647
  clock_module_0/and_lfxt_en_wkup/b (omsp_and_gate_7)                  0.0415      1.0000              0.0000      3.2849 f    (hierarchical)    h
  clock_module_0/and_lfxt_en_wkup/b (net)                  3.1647
  clock_module_0/and_lfxt_en_wkup/U1/A1 (AND2X1_RVT)                   0.0415      1.0000              0.0000      3.2849 f    (73.59,133.14)
  clock_module_0/and_lfxt_en_wkup/U1/Y (AND2X1_RVT)                    0.0300      1.0000              0.0637      3.3486 f    (74.11,133.22)
  clock_module_0/and_lfxt_en_wkup/y (net)           1      1.7117
  clock_module_0/and_lfxt_en_wkup/y (omsp_and_gate_7)                  0.0300      1.0000              0.0000      3.3486 f    (hierarchical)    h
  clock_module_0/lfxt_en_wkup (net)                        1.7117
  clock_module_0/U119/A3 (OR3X1_RVT)                                   0.0300      1.0000              0.0000      3.3486 f    (76.73,140.10)
  clock_module_0/U119/Y (OR3X1_RVT)                                    0.0346      1.0000              0.0668      3.4154 f    (77.15,139.91)
  clock_module_0/N173 (net)                         2      1.7003
  clock_module_0/U114/A1 (OR2X1_RVT)                                   0.0346      1.0000              0.0000      3.4154 f    (79.36,139.94)
  clock_module_0/U114/Y (OR2X1_RVT)                                    0.0288      1.0000              0.0599      3.4753 f    (80.04,139.87)
  clock_module_0/_21_net_ (net)                     1      0.7677
  clock_module_0/scan_mux_lfxt_wkup/data_in_func (omsp_scan_mux_11)    0.0288      1.0000              0.0000      3.4753 f    (hierarchical)    h
  clock_module_0/scan_mux_lfxt_wkup/data_in_func (net)     0.7677
  clock_module_0/scan_mux_lfxt_wkup/U2/A3 (AO22X1_RVT)                 0.0288      1.0000              0.0000      3.4753 f    (78.25,140.59)
  clock_module_0/scan_mux_lfxt_wkup/U2/Y (AO22X1_RVT)                  0.0282      1.0000              0.0541      3.5294 f    (77.81,139.89)
  clock_module_0/scan_mux_lfxt_wkup/data_out (net)
                                                    1      1.0375
  clock_module_0/scan_mux_lfxt_wkup/data_out (omsp_scan_mux_11)        0.0282      1.0000              0.0000      3.5294 f    (hierarchical)    h
  clock_module_0/lfxt_wkup_set_scan (net)                  1.0375
  clock_module_0/sync_cell_lfxt_wkup/rst (omsp_sync_cell_14)           0.0282      1.0000              0.0000      3.5294 f    (hierarchical)    h
  clock_module_0/sync_cell_lfxt_wkup/rst (net)             1.0375
  clock_module_0/sync_cell_lfxt_wkup/U3/A (INVX1_RVT)                  0.0282      1.0000              0.0000      3.5294 f    (75.66,140.01)
  clock_module_0/sync_cell_lfxt_wkup/U3/Y (INVX1_RVT)                  0.0344      1.0000              0.0349      3.5643 r    (75.52,139.90)
  clock_module_0/sync_cell_lfxt_wkup/n1 (net)       2      2.7291
  clock_module_0/sync_cell_lfxt_wkup/data_sync_reg[1]/RSTB (DFFARX1_RVT)
                                                                       0.0344      1.0000              0.0000      3.5644 r    (69.77,134.21)    s, n
  data arrival time                                                                                                3.5644

  clock lfxt_clk' (rise edge)                                                                         20.0000     20.0000
  source latency                                                                                       0.0000     20.0000
  lfxt_clk (in)                                                        0.0000      1.0000              0.0000     20.0000 f    (57.60,211.12)
  lfxt_clk (net)                                    1      1.5088                                                                                d
  cto_buf_drc_3447/A (NBUFFX4_RVT)                                     0.0000      1.0000              0.0000     20.0000 f    (59.16,198.33)
  cto_buf_drc_3447/Y (NBUFFX4_RVT)                                     0.0000      1.0000              0.0000     20.0000 f    (59.82,198.43)
  cts4 (net)                                        2      5.4005                                                                                d
  cts_inv_9453318/A (INVX8_RVT)                                        0.0000      1.0000              0.0000     20.0000 f    (55.28,194.99)
  cts_inv_9453318/Y (INVX8_RVT)                                        0.0000      1.0000              0.0000     20.0000 r    (55.41,195.09)
  ctsbuf_net_2143 (net)                             1      8.2280                                                                                d
  cts_inv_9403313/A (INVX16_RVT)                                       0.0000      1.0000              0.0000     20.0000 r    (55.89,196.85)
  cts_inv_9403313/Y (INVX16_RVT)                                       0.0000      1.0000              0.0000     20.0000 f    (56.02,196.75)
  ctsbuf_net_2042 (net)                            16     25.6954                                                                                d
  clock_module_0/lfxt_clk (omsp_clock_module)                          0.0000      1.0000              0.0000     20.0000 f    (hierarchical)    h
  clock_module_0/lfxt_clk (net)                    16     25.6954                                                                                d
  clock_module_0/clock_gate_aclk/p_abuf0 (omsp_clock_gate_32)          0.0000      1.0000              0.0000     20.0000 f    (hierarchical)    h
  clock_module_0/clock_gate_aclk/p_abuf0 (net)     16     25.6954                                                                                d
  clock_module_0/clock_gate_aclk/U2/A (INVX8_RVT)                      0.0000      1.0000              0.0000     20.0000 f    (83.55,144.83)
  clock_module_0/clock_gate_aclk/U2/Y (INVX8_RVT)                      0.0000      1.0000              0.0000     20.0000 r    (83.68,144.93)
  clock_module_0/clock_gate_aclk/n2 (net)           5      7.4338                                                                                d
  clock_module_0/clock_gate_aclk/n2 (omsp_clock_gate_32)               0.0000      1.0000              0.0000     20.0000 r    (hierarchical)    h
  clock_module_0/cts2 (net)                         5      7.4338                                                                                d
  clock_module_0/sync_cell_lfxt_wkup/clk (omsp_sync_cell_14)           0.0000      1.0000              0.0000     20.0000 r    (hierarchical)    h
  clock_module_0/sync_cell_lfxt_wkup/clk (net)      5      7.4338                                                                                d
  clock_module_0/sync_cell_lfxt_wkup/data_sync_reg[1]/CLK (DFFARX1_RVT)
                                                                       0.0000      1.0000              0.0000     20.0000 r    (68.12,135.56)    s, n

  library setup time                                                               1.0000              0.0355     20.0355
  data required time                                                                                              20.0355
  ----------------------------------------------------------------------------------------------------------------------------------------------------------------
  data required time                                                                                              20.0355
  data arrival time                                                                                               -3.5644
  ----------------------------------------------------------------------------------------------------------------------------------------------------------------
  slack (MET)                                                                                                     16.4711



  Startpoint: dmem_dout[8] (input port clocked by dco_clk)
  Endpoint: pmem_addr[7] (output port clocked by dco_clk)
  Mode: func
  Corner: fast
  Scenario: func_fast
  Path Group: FEEDTHROUGH
  Path Type: max


Attributes
    b - black-box (unknown)
    s - size_only
    d - dont_touch
    u - dont_use
    g - generic
    h - hierarchical
    i - ideal
    n - noncombinational
    E - extracted timing model
    Q - Quick timing model


  Point                                          Fanout     Cap        Trans      Derate    Delta       Incr        Path           Location       Attributes
  ----------------------------------------------------------------------------------------------------------------------------------------------------------------
  clock dco_clk (rise edge)                                                                            0.0000      0.0000
  clock network delay (ideal)                                                                          0.0000      0.0000
  input external delay                                                                                 2.2500      2.2500

  dmem_dout[8] (in)                                                    0.0265      1.0000              0.0088      2.2588 r    (131.93,211.12)
  dmem_dout[8] (net)                                1      2.2670
  mem_backbone_0/dmem_dout[8] (omsp_mem_backbone)                      0.0265      1.0000              0.0088      2.2588 r    (hierarchical)    h
  mem_backbone_0/dmem_dout[8] (net)                        2.2670
  mem_backbone_0/placeZBUF_inst_193/A (NBUFFX4_RVT)                    0.0265      1.0000              0.0001      2.2589 r    (125.51,194.98)
  mem_backbone_0/placeZBUF_inst_193/Y (NBUFFX4_RVT)                    0.0521      1.0000              0.0688      2.3277 r    (124.85,195.09)
  mem_backbone_0/placeZBUF_1 (net)                  2     16.1251
  mem_backbone_0/U101/A3 (AO222X1_RVT)                                 0.0523      1.0000              0.0031      2.3308 r    (31.78,110.50)
  mem_backbone_0/U101/Y (AO222X1_RVT)                                  0.0904      1.0000              0.1563      2.4871 r    (32.68,109.80)
  mem_backbone_0/eu_mdb_in[8] (net)                 4      6.0475
  mem_backbone_0/eu_mdb_in[8] (omsp_mem_backbone)                      0.0904      1.0000              0.0000      2.4871 r    (hierarchical)    h
  eu_mdb_in[8] (net)                                       6.0475
  execution_unit_0/mdb_in[8] (omsp_execution_unit)                     0.0904      1.0000              0.0000      2.4871 r    (hierarchical)    h
  execution_unit_0/mdb_in[8] (net)                         6.0475
  execution_unit_0/U177/A2 (AO22X1_RVT)                                0.0904      1.0000              0.0002      2.4873 r    (38.32,98.31)
  execution_unit_0/U177/Y (AO22X1_RVT)                                 0.0753      1.0000              0.1378      2.6251 r    (39.06,98.13)
  execution_unit_0/mdb_in_bw[0] (net)               3      6.0008
  execution_unit_0/U90/A4 (AO222X1_RVT)                                0.0753      1.0000              0.0004      2.6254 r    (47.29,61.47)
  execution_unit_0/U90/Y (AO222X1_RVT)                                 0.0509      1.0000              0.1300      2.7554 r    (48.34,61.33)
  execution_unit_0/n78 (net)                        1      1.1622
  execution_unit_0/U86/A1 (OR2X1_RVT)                                  0.0509      1.0000              0.0000      2.7554 r    (52.76,59.68)
  execution_unit_0/U86/Y (OR2X1_RVT)                                   0.0738      1.0000              0.1020      2.8575 r    (53.44,59.62)
  execution_unit_0/op_src[0] (net)                  3      6.8378
  execution_unit_0/alu_0/op_src[0] (omsp_alu)                          0.0738      1.0000              0.0000      2.8575 r    (hierarchical)    h
  execution_unit_0/alu_0/op_src[0] (net)                   6.8378
  execution_unit_0/alu_0/U26/A1 (XOR2X2_RVT)                           0.0738      1.0000              0.0001      2.8576 r    (60.68,59.85)
  execution_unit_0/alu_0/U26/Y (XOR2X2_RVT)                            0.0643      1.0000              0.1041      2.9617 r    (61.95,59.64)
  execution_unit_0/alu_0/op_src_inv[0] (net)        6      8.4149
  execution_unit_0/alu_0/add_1_root_add_100_2_C185/U1_0/A (FADDX1_RVT)
                                                                       0.0643      1.0000              0.0002      2.9619 r    (76.76,64.88)
  execution_unit_0/alu_0/add_1_root_add_100_2_C185/U1_0/CO (FADDX1_RVT)
                                                                       0.0533      1.0000              0.1206      3.0824 r    (75.29,64.56)
  execution_unit_0/alu_0/add_1_root_add_100_2_C185/carry[1] (net)
                                                    1      2.2249
  execution_unit_0/alu_0/add_1_root_add_100_2_C185/U1_1/CI (FADDX1_RVT)
                                                                       0.0533      1.0000              0.0000      3.0825 r    (69.47,66.57)
  execution_unit_0/alu_0/add_1_root_add_100_2_C185/U1_1/CO (FADDX1_RVT)
                                                                       0.0516      1.0000              0.1029      3.1854 r    (70.92,66.45)
  execution_unit_0/alu_0/add_1_root_add_100_2_C185/carry[2] (net)
                                                    1      1.9168
  execution_unit_0/alu_0/add_1_root_add_100_2_C185/U1_2/CI (FADDX1_RVT)
                                                                       0.0516      1.0000              0.0000      3.1854 r    (70.83,71.13)
  execution_unit_0/alu_0/add_1_root_add_100_2_C185/U1_2/CO (FADDX1_RVT)
                                                                       0.0514      1.0000              0.1027      3.2881 r    (72.28,71.24)
  execution_unit_0/alu_0/add_1_root_add_100_2_C185/carry[3] (net)
                                                    1      1.9435
  execution_unit_0/alu_0/add_1_root_add_100_2_C185/U1_3/CI (FADDX1_RVT)
                                                                       0.0514      1.0000              0.0000      3.2881 r    (74.03,74.47)
  execution_unit_0/alu_0/add_1_root_add_100_2_C185/U1_3/S (FADDX1_RVT)
                                                                       0.0552      1.0000              0.1609      3.4490 f    (75.16,74.66)
  execution_unit_0/alu_0/N13 (net)                  3      2.8919
  execution_unit_0/alu_0/U143/A3 (OA21X1_RVT)                          0.0552      1.0000              0.0000      3.4490 f    (76.93,74.76)
  execution_unit_0/alu_0/U143/Y (OA21X1_RVT)                           0.0298      1.0000              0.0733      3.5223 f    (77.46,74.67)
  execution_unit_0/alu_0/n9 (net)                   1      0.8885
  execution_unit_0/alu_0/U7/A2 (OR2X1_RVT)                             0.0298      1.0000              0.0000      3.5223 f    (78.25,74.59)
  execution_unit_0/alu_0/U7/Y (OR2X1_RVT)                              0.0507      1.0000              0.0726      3.5950 f    (78.67,74.74)
  execution_unit_0/alu_0/n4 (net)                   3      4.3174
  execution_unit_0/alu_0/U106/A1 (AND2X1_RVT)                          0.0507      1.0000              0.0000      3.5950 f    (79.97,71.43)
  execution_unit_0/alu_0/U106/Y (AND2X1_RVT)                           0.0331      1.0000              0.0690      3.6640 f    (80.49,71.36)
  execution_unit_0/alu_0/add_102_C185_aco/carry[2] (net)
                                                    1      1.8512
  execution_unit_0/alu_0/add_102_C185_aco/U1_2/CI (FADDX1_RVT)         0.0331      1.0000              0.0000      3.6640 f    (80.41,74.47)
  execution_unit_0/alu_0/add_102_C185_aco/U1_2/CO (FADDX1_RVT)         0.0439      1.0000              0.0876      3.7516 f    (81.86,74.59)
  execution_unit_0/alu_0/add_102_C185_aco/carry[3] (net)
                                                    2      2.1777
  execution_unit_0/alu_0/U104/A1 (AND2X1_RVT)                          0.0439      1.0000              0.0000      3.7516 f    (80.37,76.30)
  execution_unit_0/alu_0/U104/Y (AND2X1_RVT)                           0.0285      1.0000              0.0617      3.8133 f    (79.85,76.37)
  execution_unit_0/alu_0/add_102_C185_aco/carry[4] (net)
                                                    1      1.2664
  execution_unit_0/alu_0/U103/A2 (XOR2X1_RVT)                          0.0285      1.0000              0.0000      3.8133 f    (78.23,77.98)
  execution_unit_0/alu_0/U103/Y (XOR2X1_RVT)                           0.0498      1.0000              0.1292      3.9425 r    (76.96,78.06)
  execution_unit_0/alu_0/alu_dadd0[4]1 (net)        1      1.9695
  execution_unit_0/alu_0/add_1_root_add_100_2_C186/U1_0/CI (FADDX1_RVT)
                                                                       0.0498      1.0000              0.0000      3.9425 r    (73.11,81.16)
  execution_unit_0/alu_0/add_1_root_add_100_2_C186/U1_0/CO (FADDX1_RVT)
                                                                       0.0523      1.0000              0.1030      4.0455 r    (74.56,81.28)
  execution_unit_0/alu_0/add_1_root_add_100_2_C186/carry[1] (net)
                                                    1      2.0352
  execution_unit_0/alu_0/add_1_root_add_100_2_C186/U1_1/CI (FADDX1_RVT)
                                                                       0.0523      1.0000              0.0000      4.0455 r    (72.51,84.50)
  execution_unit_0/alu_0/add_1_root_add_100_2_C186/U1_1/CO (FADDX1_RVT)
                                                                       0.0522      1.0000              0.1039      4.1494 r    (73.96,84.62)
  execution_unit_0/alu_0/add_1_root_add_100_2_C186/carry[2] (net)
                                                    1      2.0514
  execution_unit_0/alu_0/add_1_root_add_100_2_C186/U1_2/CI (FADDX1_RVT)
                                                                       0.0522      1.0000              0.0000      4.1494 r    (71.90,87.85)
  execution_unit_0/alu_0/add_1_root_add_100_2_C186/U1_2/CO (FADDX1_RVT)
                                                                       0.0498      1.0000              0.1011      4.2505 r    (73.35,87.96)
  execution_unit_0/alu_0/add_1_root_add_100_2_C186/carry[3] (net)
                                                    1      1.7730
  execution_unit_0/alu_0/add_1_root_add_100_2_C186/U1_3/CI (FADDX1_RVT)
                                                                       0.0498      1.0000              0.0000      4.2505 r    (74.79,91.19)
  execution_unit_0/alu_0/add_1_root_add_100_2_C186/U1_3/S (FADDX1_RVT)
                                                                       0.0552      1.0000              0.1609      4.4114 f    (75.92,91.38)
  execution_unit_0/alu_0/N26 (net)                  3      2.9496
  execution_unit_0/alu_0/U162/A3 (OA21X1_RVT)                          0.0552      1.0000              0.0000      4.4114 f    (77.54,88.14)
  execution_unit_0/alu_0/U162/Y (OA21X1_RVT)                           0.0296      1.0000              0.0735      4.4849 f    (78.07,88.05)
  execution_unit_0/alu_0/n10 (net)                  1      0.9076
  execution_unit_0/alu_0/U6/A2 (OR2X1_RVT)                             0.0296      1.0000              0.0000      4.4849 f    (78.70,89.86)
  execution_unit_0/alu_0/U6/Y (OR2X1_RVT)                              0.0506      1.0000              0.0725      4.5574 f    (79.12,89.71)
  execution_unit_0/alu_0/n3 (net)                   3      4.3033
  execution_unit_0/alu_0/U91/A1 (AND2X1_RVT)                           0.0506      1.0000              0.0000      4.5574 f    (78.91,86.33)
  execution_unit_0/alu_0/U91/Y (AND2X1_RVT)                            0.0312      1.0000              0.0674      4.6249 f    (79.43,86.40)
  execution_unit_0/alu_0/add_102_C186_aco/carry[2] (net)
                                                    1      1.6446
  execution_unit_0/alu_0/add_102_C186_aco/U1_2/CI (FADDX1_RVT)         0.0312      1.0000              0.0000      4.6249 f    (81.78,86.63)
  execution_unit_0/alu_0/add_102_C186_aco/U1_2/CO (FADDX1_RVT)         0.0476      1.0000              0.0906      4.7155 f    (83.23,86.52)
  execution_unit_0/alu_0/add_102_C186_aco/carry[3] (net)
                                                    2      2.6447
  execution_unit_0/alu_0/U89/A1 (AND2X1_RVT)                           0.0476      1.0000              0.0000      4.7155 f    (78.39,91.50)
  execution_unit_0/alu_0/U89/Y (AND2X1_RVT)                            0.0315      1.0000              0.0665      4.7819 f    (77.88,91.42)
  execution_unit_0/alu_0/add_102_C186_aco/carry[4] (net)
                                                    1      1.6992
  execution_unit_0/alu_0/U88/A2 (XOR2X1_RVT)                           0.0315      1.0000              0.0000      4.7820 f    (78.39,98.04)
  execution_unit_0/alu_0/U88/Y (XOR2X1_RVT)                            0.0474      1.0000              0.1279      4.9099 r    (77.12,98.12)
  execution_unit_0/alu_0/alu_dadd1[4]1 (net)        1      1.6842
  execution_unit_0/alu_0/add_1_root_add_100_2_C187/U1_0/CI (FADDX1_RVT)
                                                                       0.0474      1.0000              0.0000      4.9099 r    (75.07,97.88)
  execution_unit_0/alu_0/add_1_root_add_100_2_C187/U1_0/CO (FADDX1_RVT)
                                                                       0.0619      1.0000              0.1109      5.0208 r    (73.62,98.00)
  execution_unit_0/alu_0/add_1_root_add_100_2_C187/carry[1] (net)
                                                    1      3.0650
  execution_unit_0/alu_0/add_1_root_add_100_2_C187/U1_1/CI (FADDX1_RVT)
                                                                       0.0619      1.0000              0.0001      5.0208 r    (69.45,110.04)
  execution_unit_0/alu_0/add_1_root_add_100_2_C187/U1_1/CO (FADDX1_RVT)
                                                                       0.0597      1.0000              0.1135      5.1344 r    (68.00,109.93)
  execution_unit_0/alu_0/add_1_root_add_100_2_C187/carry[2] (net)
                                                    1      2.8353
  execution_unit_0/alu_0/add_1_root_add_100_2_C187/U1_2/CI (FADDX1_RVT)
                                                                       0.0597      1.0000              0.0001      5.1344 r    (63.69,121.29)
  execution_unit_0/alu_0/add_1_root_add_100_2_C187/U1_2/CO (FADDX1_RVT)
                                                                       0.0506      1.0000              0.1030      5.2374 r    (65.14,121.40)
  execution_unit_0/alu_0/add_1_root_add_100_2_C187/carry[3] (net)
                                                    1      1.7239
  execution_unit_0/alu_0/add_1_root_add_100_2_C187/U1_3/CI (FADDX1_RVT)
                                                                       0.0506      1.0000              0.0000      5.2374 r    (66.73,121.29)
  execution_unit_0/alu_0/add_1_root_add_100_2_C187/U1_3/S (FADDX1_RVT)
                                                                       0.0604      1.0000              0.1655      5.4029 f    (67.86,121.48)
  execution_unit_0/alu_0/N39 (net)                  3      3.5478
  execution_unit_0/alu_0/U168/A3 (OA21X1_RVT)                          0.0604      1.0000              0.0000      5.4030 f    (71.26,123.13)
  execution_unit_0/alu_0/U168/Y (OA21X1_RVT)                           0.0302      1.0000              0.0761      5.4791 f    (70.72,123.22)
  execution_unit_0/alu_0/n11 (net)                  1      0.9096
  execution_unit_0/alu_0/U5/A2 (OR2X1_RVT)                             0.0302      1.0000              0.0000      5.4791 f    (72.17,124.75)
  execution_unit_0/alu_0/U5/Y (OR2X1_RVT)                              0.0516      1.0000              0.0733      5.5524 f    (72.59,124.90)
  execution_unit_0/alu_0/n2 (net)                   3      4.4158
  execution_unit_0/alu_0/U86/A1 (AND2X1_RVT)                           0.0516      1.0000              0.0000      5.5525 f    (75.20,121.59)
  execution_unit_0/alu_0/U86/Y (AND2X1_RVT)                            0.0328      1.0000              0.0687      5.6212 f    (74.68,121.52)
  execution_unit_0/alu_0/add_102_C187_aco/carry[2] (net)
                                                    1      1.7621
  execution_unit_0/alu_0/add_102_C187_aco/U1_2/CI (FADDX1_RVT)         0.0328      1.0000              0.0000      5.6212 f    (73.27,123.42)
  execution_unit_0/alu_0/add_102_C187_aco/U1_2/CO (FADDX1_RVT)         0.0478      1.0000              0.0913      5.7125 f    (74.71,123.30)
  execution_unit_0/alu_0/add_102_C187_aco/carry[3] (net)
                                                    2      2.6605
  execution_unit_0/alu_0/U84/A1 (AND2X1_RVT)                           0.0478      1.0000              0.0000      5.7125 f    (68.36,128.28)
  execution_unit_0/alu_0/U84/Y (AND2X1_RVT)                            0.0306      1.0000              0.0652      5.7777 f    (67.85,128.21)
  execution_unit_0/alu_0/add_102_C187_aco/carry[4] (net)
                                                    1      1.5102
  execution_unit_0/alu_0/U83/A2 (XOR2X1_RVT)                           0.0306      1.0000              0.0000      5.7777 f    (70.10,124.79)
  execution_unit_0/alu_0/U83/Y (XOR2X1_RVT)                            0.0520      1.0000              0.1324      5.9101 r    (71.37,124.87)
  execution_unit_0/alu_0/alu_dadd2[4]1 (net)        1      2.2327
  execution_unit_0/alu_0/add_1_root_add_100_2_C188/U1_0/CI (FADDX1_RVT)
                                                                       0.0520      1.0000              0.0000      5.9101 r    (70.07,120.07)
  execution_unit_0/alu_0/add_1_root_add_100_2_C188/U1_0/CO (FADDX1_RVT)
                                                                       0.0496      1.0000              0.0998      6.0099 r    (71.52,119.96)
  execution_unit_0/alu_0/add_1_root_add_100_2_C188/carry[1] (net)
                                                    1      1.6569
  execution_unit_0/alu_0/add_1_root_add_100_2_C188/U1_1/CI (FADDX1_RVT)
                                                                       0.0496      1.0000              0.0000      6.0099 r    (73.11,120.07)
  execution_unit_0/alu_0/add_1_root_add_100_2_C188/U1_1/CO (FADDX1_RVT)
                                                                       0.0485      1.0000              0.0990      6.1089 r    (74.56,119.96)
  execution_unit_0/alu_0/add_1_root_add_100_2_C188/carry[2] (net)
                                                    1      1.6486
  execution_unit_0/alu_0/add_1_root_add_100_2_C188/U1_2/CI (FADDX1_RVT)
                                                                       0.0485      1.0000              0.0000      6.1089 r    (76.00,120.07)
  execution_unit_0/alu_0/add_1_root_add_100_2_C188/U1_2/CO (FADDX1_RVT)
                                                                       0.0521      1.0000              0.1026      6.2115 r    (77.45,119.96)
  execution_unit_0/alu_0/add_1_root_add_100_2_C188/carry[3] (net)
                                                    1      2.0343
  execution_unit_0/alu_0/add_1_root_add_100_2_C188/U1_3/CI (FADDX1_RVT)
                                                                       0.0521      1.0000              0.0000      6.2115 r    (80.26,116.73)
  execution_unit_0/alu_0/add_1_root_add_100_2_C188/U1_3/S (FADDX1_RVT)
                                                                       0.0573      1.0000              0.1635      6.3750 f    (81.39,116.54)
  execution_unit_0/alu_0/N52 (net)                  3      3.2179
  execution_unit_0/alu_0/U173/A3 (OA21X1_RVT)                          0.0573      1.0000              0.0000      6.3751 f    (84.22,119.78)
  execution_unit_0/alu_0/U173/Y (OA21X1_RVT)                           0.0298      1.0000              0.0747      6.4497 f    (84.75,119.87)
  execution_unit_0/alu_0/n12 (net)                  1      0.9179
  execution_unit_0/alu_0/U4/A2 (OR2X1_RVT)                             0.0298      1.0000              0.0000      6.4497 f    (82.86,119.95)
  execution_unit_0/alu_0/U4/Y (OR2X1_RVT)                              0.0525      1.0000              0.0738      6.5235 f    (82.44,119.81)
  execution_unit_0/alu_0/n1 (net)                   3      4.5199
  execution_unit_0/alu_0/U81/A1 (AND2X1_RVT)                           0.0525      1.0000              0.0000      6.5236 f    (81.95,123.11)
  execution_unit_0/alu_0/U81/Y (AND2X1_RVT)                            0.0312      1.0000              0.0681      6.5917 f    (82.47,123.19)
  execution_unit_0/alu_0/add_102_C188_aco/carry[2] (net)
                                                    1      1.6147
  execution_unit_0/alu_0/add_102_C188_aco/U1_2/CI (FADDX1_RVT)         0.0312      1.0000              0.0000      6.5917 f    (84.67,123.42)
  execution_unit_0/alu_0/add_102_C188_aco/U1_2/CO (FADDX1_RVT)         0.0479      1.0000              0.0908      6.6825 f    (86.11,123.30)
  execution_unit_0/alu_0/add_102_C188_aco/carry[3] (net)
                                                    2      2.6765
  execution_unit_0/alu_0/U62/A2 (XOR2X1_RVT)                           0.0479      1.0000              0.0000      6.6826 f    (84.47,113.22)
  execution_unit_0/alu_0/U62/Y (XOR2X1_RVT)                            0.0493      1.0000              0.1215      6.8040 f    (83.20,113.14)
  execution_unit_0/alu_0/alu_dadd3[3] (net)         1      2.0585
  execution_unit_0/alu_0/U198/A1 (AO222X1_RVT)                         0.0493      1.0000              0.0000      6.8041 f    (82.10,101.53)
  execution_unit_0/alu_0/U198/Y (AO222X1_RVT)                          0.0735      1.0000              0.1439      6.9479 f    (83.45,101.46)
  execution_unit_0/alu_0/alu_out[15] (net)          6      6.1256
  execution_unit_0/alu_0/alu_out[15] (omsp_alu)                        0.0735      1.0000              0.0000      6.9479 f    (hierarchical)    h
  execution_unit_0/alu_out[15] (net)                       6.1256
  execution_unit_0/register_file_0/reg_dest_val[15] (omsp_register_file)
                                                                       0.0735      1.0000              0.0000      6.9479 f    (hierarchical)    h
  execution_unit_0/register_file_0/reg_dest_val[15] (net)
                                                           6.1256
  execution_unit_0/register_file_0/U56/A1 (AND2X4_RVT)                 0.0735      1.0000              0.0001      6.9480 f    (89.94,88.00)
  execution_unit_0/register_file_0/U56/Y (AND2X4_RVT)                  0.0831      1.0000              0.1377      7.0858 f    (90.52,88.08)
  execution_unit_0/register_file_0/pc_sw[15] (net)
                                                   15     24.0843
  execution_unit_0/register_file_0/pc_sw[15] (omsp_register_file)      0.0831      1.0000              0.0000      7.0858 f    (hierarchical)    h
  execution_unit_0/pc_sw[15] (net)                        24.0843
  execution_unit_0/pc_sw[15] (omsp_execution_unit)                     0.0831      1.0000              0.0000      7.0858 f    (hierarchical)    h
  pc_sw[15] (net)                                         24.0843
  frontend_0/pc_sw[15] (omsp_frontend)                                 0.0831      1.0000              0.0000      7.0858 f    (hierarchical)    h
  frontend_0/pc_sw[15] (net)                              24.0843
  frontend_0/U23/A3 (AO221X1_RVT)                                      0.0831      1.0000              0.0000      7.0858 f    (89.54,80.40)
  frontend_0/U23/Y (AO221X1_RVT)                                       0.0534      1.0000              0.1275      7.2133 f    (90.29,79.70)
  frontend_0/mab[15] (net)                          3      3.4409
  frontend_0/mab[15] (omsp_frontend)                                   0.0534      1.0000              0.0000      7.2133 f    (hierarchical)    h
  fe_mab[15] (net)                                         3.4409
  mem_backbone_0/fe_mab[14] (omsp_mem_backbone)                        0.0534      1.0000              0.0000      7.2133 f    (hierarchical)    h
  mem_backbone_0/fe_mab[14] (net)                          3.4409
  mem_backbone_0/U24/A3 (AND4X1_RVT)                                   0.0534      1.0000              0.0000      7.2133 f    (90.25,82.83)
  mem_backbone_0/U24/Y (AND4X1_RVT)                                    0.0465      1.0000              0.1106      7.3240 f    (89.43,83.06)
  mem_backbone_0/fe_pmem_sel (net)                  1      1.5562
  mem_backbone_0/U179/A1 (NAND2X2_RVT)                                 0.0465      1.0000              0.0000      7.3240 f    (84.46,79.64)
  mem_backbone_0/U179/Y (NAND2X2_RVT)                                  0.0543      1.0000              0.1082      7.4322 r    (85.28,79.72)
  mem_backbone_0/n11 (net)                          3      8.9067
  mem_backbone_0/U174/A2 (NAND4X0_RVT)                                 0.0543      1.0000              0.0002      7.4324 r    (91.31,114.75)
  mem_backbone_0/U174/Y (NAND4X0_RVT)                                  0.1948      1.0000              0.1481      7.5805 f    (91.32,114.83)
  mem_backbone_0/n14 (net)                          3      4.6376
  mem_backbone_0/U39/A1 (AND2X2_RVT)                                   0.1948      1.0000              0.0000      7.5805 f    (93.96,114.90)
  mem_backbone_0/U39/Y (AND2X2_RVT)                                    0.0949      1.0000              0.1729      7.7534 f    (94.47,114.83)
  mem_backbone_0/n10 (net)                         12     14.5701
  mem_backbone_0/U30/A4 (AO222X1_RVT)                                  0.0949      1.0000              0.0006      7.7541 f    (105.97,96.29)
  mem_backbone_0/U30/Y (AO222X1_RVT)                                   0.0801      1.0000              0.1549      7.9089 f    (107.01,96.43)
  mem_backbone_0/pmem_addr[7] (net)                 1      6.9192
  mem_backbone_0/pmem_addr[7] (omsp_mem_backbone)                      0.0801      1.0000              0.0000      7.9089 f    (hierarchical)    h
  pmem_addr[7] (net)                                       6.9192
  pmem_addr[7] (out)                                                   0.0801      1.0000              0.0006      7.9096 f    (211.88,100.77)
  data arrival time                                                                                                7.9096

  clock dco_clk (rise edge)                                                                           40.0000     40.0000
  clock network delay (ideal)                                                                          0.0000     40.0000
  output external delay                                                                               -0.6400     39.3600
  data required time                                                                                              39.3600
  ----------------------------------------------------------------------------------------------------------------------------------------------------------------
  data required time                                                                                              39.3600
  data arrival time                                                                                               -7.9096
  ----------------------------------------------------------------------------------------------------------------------------------------------------------------
  slack (MET)                                                                                                     31.4504



  Startpoint: dmem_dout[8] (input port clocked by dco_clk)
  Endpoint: clock_module_0/sync_cell_dco_wkup/data_sync_reg[1] (recovery check against rising-edge clock clocked by dco_clk')
  Mode: func
  Corner: fast
  Scenario: func_fast
  Path Group: REGIN
  Path Type: max


Attributes
    b - black-box (unknown)
    s - size_only
    d - dont_touch
    u - dont_use
    g - generic
    h - hierarchical
    i - ideal
    n - noncombinational
    E - extracted timing model
    Q - Quick timing model


  Point                                          Fanout     Cap        Trans      Derate    Delta       Incr        Path           Location       Attributes
  ----------------------------------------------------------------------------------------------------------------------------------------------------------------
  clock dco_clk (rise edge)                                                                            0.0000      0.0000
  clock network delay (ideal)                                                                          0.0000      0.0000
  input external delay                                                                                 2.2500      2.2500

  dmem_dout[8] (in)                                                    0.0265      1.0000              0.0088      2.2588 r    (131.93,211.12)
  dmem_dout[8] (net)                                1      2.2670
  mem_backbone_0/dmem_dout[8] (omsp_mem_backbone)                      0.0265      1.0000              0.0088      2.2588 r    (hierarchical)    h
  mem_backbone_0/dmem_dout[8] (net)                        2.2670
  mem_backbone_0/placeZBUF_inst_193/A (NBUFFX4_RVT)                    0.0265      1.0000              0.0001      2.2589 r    (125.51,194.98)
  mem_backbone_0/placeZBUF_inst_193/Y (NBUFFX4_RVT)                    0.0521      1.0000              0.0688      2.3277 r    (124.85,195.09)
  mem_backbone_0/placeZBUF_1 (net)                  2     16.1251
  mem_backbone_0/U101/A3 (AO222X1_RVT)                                 0.0523      1.0000              0.0031      2.3308 r    (31.78,110.50)
  mem_backbone_0/U101/Y (AO222X1_RVT)                                  0.0904      1.0000              0.1563      2.4871 r    (32.68,109.80)
  mem_backbone_0/eu_mdb_in[8] (net)                 4      6.0475
  mem_backbone_0/eu_mdb_in[8] (omsp_mem_backbone)                      0.0904      1.0000              0.0000      2.4871 r    (hierarchical)    h
  eu_mdb_in[8] (net)                                       6.0475
  execution_unit_0/mdb_in[8] (omsp_execution_unit)                     0.0904      1.0000              0.0000      2.4871 r    (hierarchical)    h
  execution_unit_0/mdb_in[8] (net)                         6.0475
  execution_unit_0/U177/A2 (AO22X1_RVT)                                0.0904      1.0000              0.0002      2.4873 r    (38.32,98.31)
  execution_unit_0/U177/Y (AO22X1_RVT)                                 0.0753      1.0000              0.1378      2.6251 r    (39.06,98.13)
  execution_unit_0/mdb_in_bw[0] (net)               3      6.0008
  execution_unit_0/U90/A4 (AO222X1_RVT)                                0.0753      1.0000              0.0004      2.6254 r    (47.29,61.47)
  execution_unit_0/U90/Y (AO222X1_RVT)                                 0.0509      1.0000              0.1300      2.7554 r    (48.34,61.33)
  execution_unit_0/n78 (net)                        1      1.1622
  execution_unit_0/U86/A1 (OR2X1_RVT)                                  0.0509      1.0000              0.0000      2.7554 r    (52.76,59.68)
  execution_unit_0/U86/Y (OR2X1_RVT)                                   0.0738      1.0000              0.1020      2.8575 r    (53.44,59.62)
  execution_unit_0/op_src[0] (net)                  3      6.8378
  execution_unit_0/alu_0/op_src[0] (omsp_alu)                          0.0738      1.0000              0.0000      2.8575 r    (hierarchical)    h
  execution_unit_0/alu_0/op_src[0] (net)                   6.8378
  execution_unit_0/alu_0/U26/A1 (XOR2X2_RVT)                           0.0738      1.0000              0.0001      2.8576 r    (60.68,59.85)
  execution_unit_0/alu_0/U26/Y (XOR2X2_RVT)                            0.0623      1.0000              0.1367      2.9942 f    (61.95,59.64)
  execution_unit_0/alu_0/op_src_inv[0] (net)        6      8.3909
  execution_unit_0/alu_0/add_1_root_add_100_2_C185/U1_0/A (FADDX1_RVT)
                                                                       0.0623      1.0000              0.0002      2.9944 f    (76.76,64.88)
  execution_unit_0/alu_0/add_1_root_add_100_2_C185/U1_0/CO (FADDX1_RVT)
                                                                       0.0448      1.0000              0.1103      3.1047 f    (75.29,64.56)
  execution_unit_0/alu_0/add_1_root_add_100_2_C185/carry[1] (net)
                                                    1      2.2204
  execution_unit_0/alu_0/add_1_root_add_100_2_C185/U1_1/CI (FADDX1_RVT)
                                                                       0.0448      1.0000              0.0000      3.1048 f    (69.47,66.57)
  execution_unit_0/alu_0/add_1_root_add_100_2_C185/U1_1/CO (FADDX1_RVT)
                                                                       0.0450      1.0000              0.0896      3.1944 f    (70.92,66.45)
  execution_unit_0/alu_0/add_1_root_add_100_2_C185/carry[2] (net)
                                                    1      1.9123
  execution_unit_0/alu_0/add_1_root_add_100_2_C185/U1_2/CI (FADDX1_RVT)
                                                                       0.0450      1.0000              0.0000      3.1944 f    (70.83,71.13)
  execution_unit_0/alu_0/add_1_root_add_100_2_C185/U1_2/CO (FADDX1_RVT)
                                                                       0.0427      1.0000              0.0900      3.2844 f    (72.28,71.24)
  execution_unit_0/alu_0/add_1_root_add_100_2_C185/carry[3] (net)
                                                    1      1.9390
  execution_unit_0/alu_0/add_1_root_add_100_2_C185/U1_3/CI (FADDX1_RVT)
                                                                       0.0427      1.0000              0.0000      3.2844 f    (74.03,74.47)
  execution_unit_0/alu_0/add_1_root_add_100_2_C185/U1_3/S (FADDX1_RVT)
                                                                       0.0540      1.0000              0.1615      3.4459 r    (75.16,74.66)
  execution_unit_0/alu_0/N13 (net)                  3      2.9028
  execution_unit_0/alu_0/U143/A3 (OA21X1_RVT)                          0.0540      1.0000              0.0000      3.4459 r    (76.93,74.76)
  execution_unit_0/alu_0/U143/Y (OA21X1_RVT)                           0.0312      1.0000              0.0699      3.5158 r    (77.46,74.67)
  execution_unit_0/alu_0/n9 (net)                   1      0.8955
  execution_unit_0/alu_0/U7/A2 (OR2X1_RVT)                             0.0312      1.0000              0.0000      3.5158 r    (78.25,74.59)
  execution_unit_0/alu_0/U7/Y (OR2X1_RVT)                              0.0534      1.0000              0.0741      3.5899 r    (78.67,74.74)
  execution_unit_0/alu_0/n4 (net)                   3      4.3301
  execution_unit_0/alu_0/U106/A1 (AND2X1_RVT)                          0.0534      1.0000              0.0000      3.5899 r    (79.97,71.43)
  execution_unit_0/alu_0/U106/Y (AND2X1_RVT)                           0.0339      1.0000              0.0631      3.6530 r    (80.49,71.36)
  execution_unit_0/alu_0/add_102_C185_aco/carry[2] (net)
                                                    1      1.8557
  execution_unit_0/alu_0/add_102_C185_aco/U1_2/CI (FADDX1_RVT)         0.0339      1.0000              0.0000      3.6530 r    (80.41,74.47)
  execution_unit_0/alu_0/add_102_C185_aco/U1_2/CO (FADDX1_RVT)         0.0525      1.0000              0.0992      3.7522 r    (81.86,74.59)
  execution_unit_0/alu_0/add_102_C185_aco/carry[3] (net)
                                                    2      2.1795
  execution_unit_0/alu_0/U104/A1 (AND2X1_RVT)                          0.0525      1.0000              0.0000      3.7522 r    (80.37,76.30)
  execution_unit_0/alu_0/U104/Y (AND2X1_RVT)                           0.0296      1.0000              0.0587      3.8109 r    (79.85,76.37)
  execution_unit_0/alu_0/add_102_C185_aco/carry[4] (net)
                                                    1      1.2671
  execution_unit_0/alu_0/U103/A2 (XOR2X1_RVT)                          0.0296      1.0000              0.0000      3.8109 r    (78.23,77.98)
  execution_unit_0/alu_0/U103/Y (XOR2X1_RVT)                           0.0486      1.0000              0.1299      3.9408 f    (76.96,78.06)
  execution_unit_0/alu_0/alu_dadd0[4]1 (net)        1      1.9650
  execution_unit_0/alu_0/add_1_root_add_100_2_C186/U1_0/CI (FADDX1_RVT)
                                                                       0.0486      1.0000              0.0000      3.9408 f    (73.11,81.16)
  execution_unit_0/alu_0/add_1_root_add_100_2_C186/U1_0/S (FADDX1_RVT)
                                                                       0.0407      1.0000              0.1496      4.0904 r    (74.25,81.35)
  execution_unit_0/alu_0/alu_dadd1[0] (net)         1      1.1454
  execution_unit_0/alu_0/U17/A1 (AO222X1_RVT)                          0.0407      1.0000              0.0000      4.0904 r    (79.21,79.64)
  execution_unit_0/alu_0/U17/Y (AO222X1_RVT)                           0.0519      1.0000              0.1361      4.2265 r    (80.56,79.71)
  execution_unit_0/alu_0/aps_rename_20_ (net)       1      1.2765
  execution_unit_0/alu_0/clockcopt_h_inst_5229/A (NBUFFX4_RVT)         0.0519      1.0000              0.0000      4.2265 r    (84.69,81.29)
  execution_unit_0/alu_0/clockcopt_h_inst_5229/Y (NBUFFX4_RVT)         0.0751      1.0000              0.0916      4.3181 r    (85.36,81.39)
  execution_unit_0/alu_0/alu_out[4] (net)          19     26.8108
  execution_unit_0/alu_0/alu_out[4] (omsp_alu)                         0.0751      1.0000              0.0000      4.3181 r    (hierarchical)    h
  execution_unit_0/placeHFSNET_68 (net)                   26.8108
  execution_unit_0/register_file_0/placeHFSNET_68 (omsp_register_file)
                                                                       0.0751      1.0000              0.0000      4.3181 r    (hierarchical)    h
  execution_unit_0/register_file_0/placeHFSNET_68 (net)   26.8108
  execution_unit_0/register_file_0/U399/A1 (AO21X2_RVT)                0.0755      1.0000              0.0025      4.3206 r    (105.14,41.34)
  execution_unit_0/register_file_0/U399/Y (AO21X2_RVT)                 0.0723      1.0000              0.1345      4.4551 r    (105.79,41.28)
  execution_unit_0/register_file_0/cpuoff (net)     5      8.3945
  execution_unit_0/register_file_0/cpuoff (omsp_register_file)         0.0723      1.0000              0.0000      4.4551 r    (hierarchical)    h
  execution_unit_0/cpuoff (net)                            8.3945
  execution_unit_0/cpuoff (omsp_execution_unit)                        0.0723      1.0000              0.0000      4.4551 r    (hierarchical)    h
  cpuoff (net)                                             8.3945
  frontend_0/cpuoff (omsp_frontend)                                    0.0723      1.0000              0.0000      4.4551 r    (hierarchical)    h
  frontend_0/cpuoff (net)                                  8.3945
  frontend_0/U69/A2 (NAND2X0_RVT)                                      0.0723      1.0000              0.0006      4.4557 r    (69.19,24.46)
  frontend_0/U69/Y (NAND2X0_RVT)                                       0.0668      1.0000              0.0558      4.5115 f    (69.32,24.53)
  frontend_0/n74 (net)                              1      1.1941
  frontend_0/U68/A4 (AO22X2_RVT)                                       0.0668      1.0000              0.0000      4.5115 f    (73.43,24.31)
  frontend_0/U68/Y (AO22X2_RVT)                                        0.0750      1.0000              0.1167      4.6282 f    (74.02,24.52)
  frontend_0/mclk_enable (net)                      4     12.1612
  frontend_0/mclk_enable (omsp_frontend)                               0.0750      1.0000              0.0000      4.6282 f    (hierarchical)    h
  placeHFSNET_62 (net)                                    12.1612
  clock_module_0/placeHFSNET_62 (omsp_clock_module)                    0.0750      1.0000              0.0000      4.6282 f    (hierarchical)    h
  clock_module_0/placeHFSNET_62 (net)                     12.1612
  clock_module_0/and_cpuoff_mclk_en/b (omsp_and_gate_0)                0.0750      1.0000              0.0000      4.6282 f    (hierarchical)    h
  clock_module_0/and_cpuoff_mclk_en/b (net)               12.1612
  clock_module_0/and_cpuoff_mclk_en/U1/A1 (AND2X2_RVT)                 0.0751      1.0000              0.0004      4.6286 f    (81.19,39.51)
  clock_module_0/and_cpuoff_mclk_en/U1/Y (AND2X2_RVT)                  0.0555      1.0000              0.1071      4.7357 f    (81.71,39.59)
  clock_module_0/and_cpuoff_mclk_en/y (net)         1      7.8896
  clock_module_0/and_cpuoff_mclk_en/y (omsp_and_gate_0)                0.0555      1.0000              0.0000      4.7357 f    (hierarchical)    h
  clock_module_0/cpuoff_and_mclk_enable (net)              7.8896
  clock_module_0/and_dco_dis1/b (omsp_and_gate_21)                     0.0555      1.0000              0.0000      4.7357 f    (hierarchical)    h
  clock_module_0/and_dco_dis1/b (net)                      7.8896
  clock_module_0/and_dco_dis1/U1/A1 (AND2X1_RVT)                       0.0555      1.0000              0.0006      4.7363 f    (87.12,119.77)
  clock_module_0/and_dco_dis1/U1/Y (AND2X1_RVT)                        0.0253      1.0000              0.0639      4.8002 f    (87.64,119.84)
  clock_module_0/and_dco_dis1/y (net)               1      0.8452
  clock_module_0/and_dco_dis1/y (omsp_and_gate_21)                     0.0253      1.0000              0.0000      4.8002 f    (hierarchical)    h
  clock_module_0/cpu_enabled_with_dco (net)                0.8452
  clock_module_0/U55/A2 (NOR2X0_RVT)                                   0.0253      1.0000              0.0000      4.8002 f    (88.12,121.32)
  clock_module_0/U55/Y (NOR2X0_RVT)                                    0.0226      1.0000              0.0706      4.8709 r    (88.85,121.52)
  clock_module_0/n117 (net)                         1      0.9817
  clock_module_0/and_dco_dis2/b (omsp_and_gate_20)                     0.0226      1.0000              0.0000      4.8709 r    (hierarchical)    h
  clock_module_0/and_dco_dis2/b (net)                      0.9817
  clock_module_0/and_dco_dis2/U1/A1 (AND2X1_RVT)                       0.0226      1.0000              0.0000      4.8709 r    (91.53,121.59)
  clock_module_0/and_dco_dis2/U1/Y (AND2X1_RVT)                        0.0263      1.0000              0.0490      4.9198 r    (92.04,121.52)
  clock_module_0/and_dco_dis2/y (net)               1      0.9133
  clock_module_0/and_dco_dis2/y (omsp_and_gate_20)                     0.0263      1.0000              0.0000      4.9198 r    (hierarchical)    h
  clock_module_0/dco_not_enabled_by_dbg (net)              0.9133
  clock_module_0/and_dco_dis3/b (omsp_and_gate_19)                     0.0263      1.0000              0.0000      4.9198 r    (hierarchical)    h
  clock_module_0/and_dco_dis3/b (net)                      0.9133
  clock_module_0/and_dco_dis3/U1/A1 (AND2X1_RVT)                       0.0263      1.0000              0.0000      4.9198 r    (92.68,119.77)
  clock_module_0/and_dco_dis3/U1/Y (AND2X1_RVT)                        0.0265      1.0000              0.0509      4.9708 r    (92.17,119.84)
  clock_module_0/and_dco_dis3/y (net)               1      1.0245
  clock_module_0/and_dco_dis3/y (omsp_and_gate_19)                     0.0265      1.0000              0.0000      4.9708 r    (hierarchical)    h
  clock_module_0/dco_disable_by_scg0 (net)                 1.0245
  clock_module_0/U45/A (INVX0_RVT)                                     0.0265      1.0000              0.0000      4.9708 r    (91.46,123.28)
  clock_module_0/U45/Y (INVX0_RVT)                                     0.0299      1.0000              0.0288      4.9995 f    (91.25,123.23)
  clock_module_0/n23 (net)                          1      1.3760
  clock_module_0/and_dco_dis5/a (omsp_and_gate_17)                     0.0299      1.0000              0.0000      4.9995 f    (hierarchical)    h
  clock_module_0/and_dco_dis5/a (net)                      1.3760
  clock_module_0/and_dco_dis5/U1/A2 (AND2X1_RVT)                       0.0299      1.0000              0.0000      4.9995 f    (87.57,128.13)
  clock_module_0/and_dco_dis5/U1/Y (AND2X1_RVT)                        0.0373      1.0000              0.0676      5.0671 f    (88.24,128.21)
  clock_module_0/and_dco_dis5/y (net)               2      2.6276
  clock_module_0/and_dco_dis5/y (omsp_and_gate_17)                     0.0373      1.0000              0.0000      5.0671 f    (hierarchical)    h
  clock_module_0/dco_enable_nxt (net)                      2.6276
  clock_module_0/and_dco_en_wkup/b (omsp_and_gate_15)                  0.0373      1.0000              0.0000      5.0671 f    (hierarchical)    h
  clock_module_0/and_dco_en_wkup/b (net)                   2.6276
  clock_module_0/and_dco_en_wkup/U1/A1 (AND2X1_RVT)                    0.0373      1.0000              0.0000      5.0671 f    (92.83,123.11)
  clock_module_0/and_dco_en_wkup/U1/Y (AND2X1_RVT)                     0.0330      1.0000              0.0634      5.1306 f    (92.32,123.19)
  clock_module_0/and_dco_en_wkup/y (net)            1      1.9581
  clock_module_0/and_dco_en_wkup/y (omsp_and_gate_15)                  0.0330      1.0000              0.0000      5.1306 f    (hierarchical)    h
  clock_module_0/dco_en_wkup (net)                         1.9581
  clock_module_0/U120/A3 (OR3X1_RVT)                                   0.0330      1.0000              0.0000      5.1306 f    (89.85,133.41)
  clock_module_0/U120/Y (OR3X1_RVT)                                    0.0356      1.0000              0.0686      5.1992 f    (89.43,133.22)
  clock_module_0/N169 (net)                         2      1.8199
  clock_module_0/U112/A1 (OR2X1_RVT)                                   0.0356      1.0000              0.0000      5.1992 f    (88.74,133.25)
  clock_module_0/U112/Y (OR2X1_RVT)                                    0.0303      1.0000              0.0622      5.2613 f    (88.06,133.18)
  clock_module_0/_9_net_ (net)                      1      0.9895
  clock_module_0/scan_mux_dco_wkup/data_in_func (omsp_scan_mux_1)      0.0303      1.0000              0.0000      5.2613 f    (hierarchical)    h
  clock_module_0/scan_mux_dco_wkup/data_in_func (net)      0.9895
  clock_module_0/scan_mux_dco_wkup/U2/A3 (AO22X1_RVT)                  0.0303      1.0000              0.0000      5.2613 f    (86.66,130.56)
  clock_module_0/scan_mux_dco_wkup/U2/Y (AO22X1_RVT)                   0.0295      1.0000              0.0561      5.3174 f    (87.09,129.86)
  clock_module_0/scan_mux_dco_wkup/data_out (net)
                                                    1      1.2231
  clock_module_0/scan_mux_dco_wkup/data_out (omsp_scan_mux_1)          0.0295      1.0000              0.0000      5.3174 f    (hierarchical)    h
  clock_module_0/dco_wkup_set_scan (net)                   1.2231
  clock_module_0/sync_cell_dco_wkup/rst (omsp_sync_cell_0)             0.0295      1.0000              0.0000      5.3174 f    (hierarchical)    h
  clock_module_0/sync_cell_dco_wkup/rst (net)              1.2231
  clock_module_0/sync_cell_dco_wkup/U3/A (INVX1_RVT)                   0.0295      1.0000              0.0000      5.3174 f    (86.82,126.63)
  clock_module_0/sync_cell_dco_wkup/U3/Y (INVX1_RVT)                   0.0377      1.0000              0.0376      5.3550 r    (86.95,126.53)
  clock_module_0/sync_cell_dco_wkup/n1 (net)        2      3.1139
  clock_module_0/sync_cell_dco_wkup/data_sync_reg[1]/RSTB (DFFARX1_RVT)
                                                                       0.0377      1.0000              0.0001      5.3551 r    (96.52,120.84)    s, n
  data arrival time                                                                                                5.3551

  clock dco_clk' (rise edge)                                                                          20.0000     20.0000
  source latency                                                                                       0.0000     20.0000
  dco_clk (in)                                                         0.0000      1.0000              0.0000     20.0000 f    (157.77,211.12)
  dco_clk (net)                                     4     22.3489                                                                                d
  cts_inv_8993272/A (IBUFFX2_RVT)                                      0.0000      1.0000              0.0000     20.0000 f    (155.37,196.85)
  cts_inv_8993272/Y (IBUFFX2_RVT)                                      0.0000      1.0000              0.0000     20.0000 r    (156.19,196.75)
  ctsbuf_net_1941 (net)                             1      0.6852                                                                                d
  cts_inv_8943267/A (IBUFFX8_RVT)                                      0.0000      1.0000              0.0000     20.0000 r    (155.07,198.34)
  cts_inv_8943267/Y (IBUFFX8_RVT)                                      0.0000      1.0000              0.0000     20.0000 f    (156.49,198.43)
  ctsbuf_net_1840 (net)                            17     27.0179                                                                                d
  clock_module_0/dco_clk (omsp_clock_module)                           0.0000      1.0000              0.0000     20.0000 f    (hierarchical)    h
  clock_module_0/dco_clk (net)                     17     27.0179                                                                                d
  clock_module_0/clock_gate_smclk/p_abuf1 (omsp_clock_gate_31)         0.0000      1.0000              0.0000     20.0000 f    (hierarchical)    h
  clock_module_0/clock_gate_smclk/p_abuf1 (net)    17     27.0179                                                                                d
  clock_module_0/clock_gate_smclk/U2/A (INVX2_RVT)                     0.0000      1.0000              0.0000     20.0000 f    (115.47,134.79)
  clock_module_0/clock_gate_smclk/U2/Y (INVX2_RVT)                     0.0000      1.0000              0.0000     20.0000 r    (115.60,134.90)
  clock_module_0/clock_gate_smclk/n2 (net)          6      9.8827                                                                                d
  clock_module_0/clock_gate_smclk/n2 (omsp_clock_gate_31)              0.0000      1.0000              0.0000     20.0000 r    (hierarchical)    h
  clock_module_0/cts0 (net)                         6      9.8827                                                                                d
  clock_module_0/sync_cell_dco_wkup/clk (omsp_sync_cell_0)             0.0000      1.0000              0.0000     20.0000 r    (hierarchical)    h
  clock_module_0/sync_cell_dco_wkup/clk (net)       6      9.8827                                                                                d
  clock_module_0/sync_cell_dco_wkup/data_sync_reg[1]/CLK (DFFARX1_RVT)
                                                                       0.0000      1.0000              0.0000     20.0000 r    (94.87,122.18)    s, n

  library setup time                                                               1.0000              0.0355     20.0355
  data required time                                                                                              20.0355
  ----------------------------------------------------------------------------------------------------------------------------------------------------------------
  data required time                                                                                              20.0355
  data arrival time                                                                                               -5.3551
  ----------------------------------------------------------------------------------------------------------------------------------------------------------------
  slack (MET)                                                                                                     14.6804



  Startpoint: frontend_0/inst_so_reg[7] (rising edge-triggered flip-flop clocked by dco_clk)
  Endpoint: pmem_addr[7] (output port clocked by dco_clk)
  Mode: func
  Corner: fast
  Scenario: func_fast
  Path Group: REGOUT
  Path Type: max


Attributes
    b - black-box (unknown)
    s - size_only
    d - dont_touch
    u - dont_use
    g - generic
    h - hierarchical
    i - ideal
    n - noncombinational
    E - extracted timing model
    Q - Quick timing model


  Point                                          Fanout     Cap        Trans      Derate    Delta       Incr        Path           Location       Attributes
  ----------------------------------------------------------------------------------------------------------------------------------------------------------------
  clock dco_clk (rise edge)                                                                            0.0000      0.0000
  source latency                                                                                       0.0000      0.0000
  dco_clk (in)                                                         0.0000      1.0000              0.0000      0.0000 r    (157.77,211.12)
  dco_clk (net)                                     4     22.9387                                                                                d
  clock_module_0/p_abuf15 (omsp_clock_module)                          0.0000      1.0000              0.0000      0.0000 r    (hierarchical)    h
  clock_module_0/p_abuf15 (net)                     4     22.9387                                                                                d
  clock_module_0/clock_gate_mclk/clk (omsp_clock_gate_0)               0.0000      1.0000              0.0000      0.0000 r    (hierarchical)    h
  clock_module_0/clock_gate_mclk/clk (net)          4     22.9387                                                                                d
  clock_module_0/clock_gate_mclk/U3/A2 (AND2X4_RVT)                    0.0000      1.0000              0.0000      0.0000 r    (71.46,64.59)     s
  clock_module_0/clock_gate_mclk/U3/Y (AND2X4_RVT)                     0.0000      1.0000              0.0000      0.0000 r    (72.28,64.67)     s
  clock_module_0/clock_gate_mclk/gclk (net)         1     11.0686                                                                                d
  clock_module_0/clock_gate_mclk/cts_inv_8313204/A (INVX16_RVT)        0.0000      1.0000              0.0000      0.0000 r    (73.83,69.78)
  clock_module_0/clock_gate_mclk/cts_inv_8313204/Y (INVX16_RVT)        0.0000      1.0000              0.0000      0.0000 f    (73.96,69.68)
  clock_module_0/clock_gate_mclk/ctsbuf_net_1335 (net)
                                                    1     10.6472                                                                                d
  clock_module_0/clock_gate_mclk/cts_inv_8263199/A (INVX16_RVT)        0.0000      1.0000              0.0000      0.0000 f    (73.83,67.91)
  clock_module_0/clock_gate_mclk/cts_inv_8263199/Y (INVX16_RVT)        0.0000      1.0000              0.0000      0.0000 r    (73.96,68.02)
  clock_module_0/clock_gate_mclk/p_abuf5 (net)      3     24.9886                                                                                d
  clock_module_0/clock_gate_mclk/p_abuf5 (omsp_clock_gate_0)           0.0000      1.0000              0.0000      0.0000 r    (hierarchical)    h
  clock_module_0/p_abuf12 (net)                     3     24.9886                                                                                d
  clock_module_0/p_abuf12 (omsp_clock_module)                          0.0000      1.0000              0.0000      0.0000 r    (hierarchical)    h
  p_abuf9 (net)                                     3     24.9886                                                                                d
  frontend_0/p_abuf5 (omsp_frontend)                                   0.0000      1.0000              0.0000      0.0000 r    (hierarchical)    h
  frontend_0/p_abuf5 (net)                          3     24.9886                                                                                d
  frontend_0/clock_gate_decode/clk (omsp_clock_gate_25)                0.0000      1.0000              0.0000      0.0000 r    (hierarchical)    h
  frontend_0/clock_gate_decode/clk (net)            3     24.9886                                                                                d
  frontend_0/clock_gate_decode/U3/A2 (AND2X1_RVT)                      0.0000      1.0000              0.0000      0.0000 r    (64.47,37.84)     s
  frontend_0/clock_gate_decode/U3/Y (AND2X1_RVT)                       0.0000      1.0000              0.0000      0.0000 r    (65.14,37.92)     s
  frontend_0/clock_gate_decode/ctsbuf_net_426 (net)
                                                    1      1.8735                                                                                d
  frontend_0/clock_gate_decode/cts_inv_7443117/A (INVX2_RVT)           0.0000      1.0000              0.0000      0.0000 r    (65.77,43.03)
  frontend_0/clock_gate_decode/cts_inv_7443117/Y (INVX2_RVT)           0.0000      1.0000              0.0000      0.0000 f    (65.90,42.93)
  frontend_0/clock_gate_decode/ctsbuf_net_527 (net)
                                                    1      5.8856                                                                                d
  frontend_0/clock_gate_decode/cts_inv_7393112/A (INVX8_RVT)           0.0000      1.0000              0.0000      0.0000 f    (63.19,41.16)
  frontend_0/clock_gate_decode/cts_inv_7393112/Y (INVX8_RVT)           0.0000      1.0000              0.0000      0.0000 r    (63.31,41.26)
  frontend_0/clock_gate_decode/gclk (net)          49     56.5132                                                                                d
  frontend_0/clock_gate_decode/gclk (omsp_clock_gate_25)               0.0000      1.0000              0.0000      0.0000 r    (hierarchical)    h
  frontend_0/mclk_decode (net)                     49     56.5132                                                                                d
  frontend_0/inst_so_reg[7]/CLK (DFFARX1_RVT)                          0.0000      1.0000              0.0000      0.0000 r    (66.45,28.55)     s, n

  frontend_0/inst_so_reg[7]/CLK (DFFARX1_RVT)                          0.0000      1.0000              0.0000      0.0000 r    (66.45,28.55)     s, n
  frontend_0/inst_so_reg[7]/QN (DFFARX1_RVT)                           0.0670      1.0000              0.1438      0.1438 r    (69.84,27.90)     s, n
  frontend_0/n379 (net)                             3      3.9406
  frontend_0/U203/A2 (NAND3X0_RVT)                                     0.0670      1.0000              0.0000      0.1439 r    (67.14,26.14)
  frontend_0/U203/Y (NAND3X0_RVT)                                      0.1364      1.0000              0.1175      0.2614 f    (67.27,26.22)
  frontend_0/n142 (net)                             2      3.5371
  frontend_0/U200/A1 (NOR3X0_RVT)                                      0.1364      1.0000              0.0002      0.2615 f    (98.67,24.43)
  frontend_0/U200/Y (NOR3X0_RVT)                                       0.0433      1.0000              0.1572      0.4188 r    (99.79,24.54)
  frontend_0/n138 (net)                             4      3.4696
  frontend_0/U199/A3 (AND3X1_RVT)                                      0.0433      1.0000              0.0000      0.4188 r    (104.90,21.12)
  frontend_0/U199/Y (AND3X1_RVT)                                       0.0516      1.0000              0.0910      0.5098 r    (105.72,21.19)
  frontend_0/n139 (net)                             4      3.3764
  frontend_0/U191/A1 (AO222X1_RVT)                                     0.0516      1.0000              0.0000      0.5098 r    (106.36,24.62)
  frontend_0/U191/Y (AO222X1_RVT)                                      0.0906      1.0000              0.1790      0.6888 r    (105.01,24.55)
  frontend_0/inst_dest[0] (net)                     2      6.0759
  frontend_0/inst_dest[0] (omsp_frontend)                              0.0906      1.0000              0.0000      0.6888 r    (hierarchical)    h
  inst_dest[0] (net)                                       6.0759
  execution_unit_0/inst_dest[0] (omsp_execution_unit)                  0.0906      1.0000              0.0000      0.6888 r    (hierarchical)    h
  execution_unit_0/inst_dest[0] (net)                      6.0759
  execution_unit_0/register_file_0/inst_dest[0] (omsp_register_file)   0.0906      1.0000              0.0000      0.6888 r    (hierarchical)    h
  execution_unit_0/register_file_0/inst_dest[0] (net)      6.0759
  execution_unit_0/register_file_0/placeHFSINV_797_165/A (INVX4_RVT)   0.0906      1.0000              0.0001      0.6889 r    (114.56,29.65)
  execution_unit_0/register_file_0/placeHFSINV_797_165/Y (INVX4_RVT)   0.0811      1.0000              0.0684      0.7573 f    (114.69,29.55)
  execution_unit_0/register_file_0/placeHFSNET_129 (net)
                                                   16     23.6601
  execution_unit_0/register_file_0/U363/A2 (OA22X1_RVT)                0.0810      1.0000              0.0005      0.7578 f    (147.01,25.53)
  execution_unit_0/register_file_0/U363/Y (OA22X1_RVT)                 0.0413      1.0000              0.1004      0.8583 f    (147.84,26.24)
  execution_unit_0/register_file_0/n578 (net)       1      1.7075
  execution_unit_0/register_file_0/U362/A5 (OA221X1_RVT)               0.0413      1.0000              0.0000      0.8583 f    (154.75,19.69)
  execution_unit_0/register_file_0/U362/Y (OA221X1_RVT)                0.0412      1.0000              0.0744      0.9327 f    (155.29,19.55)
  execution_unit_0/register_file_0/n577 (net)       1      0.9386
  execution_unit_0/register_file_0/U361/A4 (NAND4X0_RVT)               0.0412      1.0000              0.0000      0.9327 f    (157.95,21.12)
  execution_unit_0/register_file_0/U361/Y (NAND4X0_RVT)                0.0722      1.0000              0.0682      1.0009 r    (158.24,21.20)
  execution_unit_0/register_file_0/reg_dest[0] (net)
                                                    1      2.1063
  execution_unit_0/register_file_0/reg_dest[0] (omsp_register_file)    0.0722      1.0000              0.0000      1.0009 r    (hierarchical)    h
  execution_unit_0/dbg_reg_din[0] (net)                    2.1063
  execution_unit_0/dbg_reg_din[0] (omsp_execution_unit)                0.0722      1.0000              0.0000      1.0009 r    (hierarchical)    h
  dbg_reg_din[0] (net)                                     2.1063
  placeZBUF_inst_490/A (NBUFFX4_RVT)                                   0.0722      1.0000              0.0000      1.0009 r    (148.91,27.78)
  placeZBUF_inst_490/Y (NBUFFX4_RVT)                                   0.0553      1.0000              0.0834      1.0843 r    (148.25,27.89)
  placeZBUF_97 (net)                                3     16.2472
  execution_unit_0/placeZBUF_48 (omsp_execution_unit)                  0.0553      1.0000              0.0000      1.0843 r    (hierarchical)    h
  execution_unit_0/placeZBUF_48 (net)                     16.2472
  execution_unit_0/U87/A1 (AO222X1_RVT)                                0.0556      1.0000              0.0026      1.0869 r    (52.01,49.54)
  execution_unit_0/U87/Y (AO222X1_RVT)                                 0.0555      1.0000              0.1450      1.2319 r    (53.35,49.61)
  execution_unit_0/n79 (net)                        1      1.7003
  execution_unit_0/U86/A2 (OR2X1_RVT)                                  0.0555      1.0000              0.0000      1.2319 r    (53.01,59.76)
  execution_unit_0/U86/Y (OR2X1_RVT)                                   0.0738      1.0000              0.0962      1.3282 r    (53.44,59.62)
  execution_unit_0/op_src[0] (net)                  3      6.8378
  execution_unit_0/alu_0/op_src[0] (omsp_alu)                          0.0738      1.0000              0.0000      1.3282 r    (hierarchical)    h
  execution_unit_0/alu_0/op_src[0] (net)                   6.8378
  execution_unit_0/alu_0/U26/A1 (XOR2X2_RVT)                           0.0738      1.0000              0.0001      1.3282 r    (60.68,59.85)
  execution_unit_0/alu_0/U26/Y (XOR2X2_RVT)                            0.0643      1.0000              0.1041      1.4323 r    (61.95,59.64)
  execution_unit_0/alu_0/op_src_inv[0] (net)        6      8.4149
  execution_unit_0/alu_0/add_1_root_add_100_2_C185/U1_0/A (FADDX1_RVT)
                                                                       0.0643      1.0000              0.0002      1.4325 r    (76.76,64.88)
  execution_unit_0/alu_0/add_1_root_add_100_2_C185/U1_0/CO (FADDX1_RVT)
                                                                       0.0533      1.0000              0.1206      1.5531 r    (75.29,64.56)
  execution_unit_0/alu_0/add_1_root_add_100_2_C185/carry[1] (net)
                                                    1      2.2249
  execution_unit_0/alu_0/add_1_root_add_100_2_C185/U1_1/CI (FADDX1_RVT)
                                                                       0.0533      1.0000              0.0000      1.5532 r    (69.47,66.57)
  execution_unit_0/alu_0/add_1_root_add_100_2_C185/U1_1/CO (FADDX1_RVT)
                                                                       0.0516      1.0000              0.1029      1.6561 r    (70.92,66.45)
  execution_unit_0/alu_0/add_1_root_add_100_2_C185/carry[2] (net)
                                                    1      1.9168
  execution_unit_0/alu_0/add_1_root_add_100_2_C185/U1_2/CI (FADDX1_RVT)
                                                                       0.0516      1.0000              0.0000      1.6561 r    (70.83,71.13)
  execution_unit_0/alu_0/add_1_root_add_100_2_C185/U1_2/CO (FADDX1_RVT)
                                                                       0.0514      1.0000              0.1027      1.7587 r    (72.28,71.24)
  execution_unit_0/alu_0/add_1_root_add_100_2_C185/carry[3] (net)
                                                    1      1.9435
  execution_unit_0/alu_0/add_1_root_add_100_2_C185/U1_3/CI (FADDX1_RVT)
                                                                       0.0514      1.0000              0.0000      1.7587 r    (74.03,74.47)
  execution_unit_0/alu_0/add_1_root_add_100_2_C185/U1_3/S (FADDX1_RVT)
                                                                       0.0552      1.0000              0.1609      1.9197 f    (75.16,74.66)
  execution_unit_0/alu_0/N13 (net)                  3      2.8919
  execution_unit_0/alu_0/U143/A3 (OA21X1_RVT)                          0.0552      1.0000              0.0000      1.9197 f    (76.93,74.76)
  execution_unit_0/alu_0/U143/Y (OA21X1_RVT)                           0.0298      1.0000              0.0733      1.9930 f    (77.46,74.67)
  execution_unit_0/alu_0/n9 (net)                   1      0.8885
  execution_unit_0/alu_0/U7/A2 (OR2X1_RVT)                             0.0298      1.0000              0.0000      1.9930 f    (78.25,74.59)
  execution_unit_0/alu_0/U7/Y (OR2X1_RVT)                              0.0507      1.0000              0.0726      2.0657 f    (78.67,74.74)
  execution_unit_0/alu_0/n4 (net)                   3      4.3174
  execution_unit_0/alu_0/U106/A1 (AND2X1_RVT)                          0.0507      1.0000              0.0000      2.0657 f    (79.97,71.43)
  execution_unit_0/alu_0/U106/Y (AND2X1_RVT)                           0.0331      1.0000              0.0690      2.1346 f    (80.49,71.36)
  execution_unit_0/alu_0/add_102_C185_aco/carry[2] (net)
                                                    1      1.8512
  execution_unit_0/alu_0/add_102_C185_aco/U1_2/CI (FADDX1_RVT)         0.0331      1.0000              0.0000      2.1346 f    (80.41,74.47)
  execution_unit_0/alu_0/add_102_C185_aco/U1_2/CO (FADDX1_RVT)         0.0439      1.0000              0.0876      2.2223 f    (81.86,74.59)
  execution_unit_0/alu_0/add_102_C185_aco/carry[3] (net)
                                                    2      2.1777
  execution_unit_0/alu_0/U104/A1 (AND2X1_RVT)                          0.0439      1.0000              0.0000      2.2223 f    (80.37,76.30)
  execution_unit_0/alu_0/U104/Y (AND2X1_RVT)                           0.0285      1.0000              0.0617      2.2840 f    (79.85,76.37)
  execution_unit_0/alu_0/add_102_C185_aco/carry[4] (net)
                                                    1      1.2664
  execution_unit_0/alu_0/U103/A2 (XOR2X1_RVT)                          0.0285      1.0000              0.0000      2.2840 f    (78.23,77.98)
  execution_unit_0/alu_0/U103/Y (XOR2X1_RVT)                           0.0498      1.0000              0.1292      2.4132 r    (76.96,78.06)
  execution_unit_0/alu_0/alu_dadd0[4]1 (net)        1      1.9695
  execution_unit_0/alu_0/add_1_root_add_100_2_C186/U1_0/CI (FADDX1_RVT)
                                                                       0.0498      1.0000              0.0000      2.4132 r    (73.11,81.16)
  execution_unit_0/alu_0/add_1_root_add_100_2_C186/U1_0/CO (FADDX1_RVT)
                                                                       0.0523      1.0000              0.1030      2.5161 r    (74.56,81.28)
  execution_unit_0/alu_0/add_1_root_add_100_2_C186/carry[1] (net)
                                                    1      2.0352
  execution_unit_0/alu_0/add_1_root_add_100_2_C186/U1_1/CI (FADDX1_RVT)
                                                                       0.0523      1.0000              0.0000      2.5162 r    (72.51,84.50)
  execution_unit_0/alu_0/add_1_root_add_100_2_C186/U1_1/CO (FADDX1_RVT)
                                                                       0.0522      1.0000              0.1039      2.6200 r    (73.96,84.62)
  execution_unit_0/alu_0/add_1_root_add_100_2_C186/carry[2] (net)
                                                    1      2.0514
  execution_unit_0/alu_0/add_1_root_add_100_2_C186/U1_2/CI (FADDX1_RVT)
                                                                       0.0522      1.0000              0.0000      2.6201 r    (71.90,87.85)
  execution_unit_0/alu_0/add_1_root_add_100_2_C186/U1_2/CO (FADDX1_RVT)
                                                                       0.0498      1.0000              0.1011      2.7212 r    (73.35,87.96)
  execution_unit_0/alu_0/add_1_root_add_100_2_C186/carry[3] (net)
                                                    1      1.7730
  execution_unit_0/alu_0/add_1_root_add_100_2_C186/U1_3/CI (FADDX1_RVT)
                                                                       0.0498      1.0000              0.0000      2.7212 r    (74.79,91.19)
  execution_unit_0/alu_0/add_1_root_add_100_2_C186/U1_3/S (FADDX1_RVT)
                                                                       0.0552      1.0000              0.1609      2.8821 f    (75.92,91.38)
  execution_unit_0/alu_0/N26 (net)                  3      2.9496
  execution_unit_0/alu_0/U162/A3 (OA21X1_RVT)                          0.0552      1.0000              0.0000      2.8821 f    (77.54,88.14)
  execution_unit_0/alu_0/U162/Y (OA21X1_RVT)                           0.0296      1.0000              0.0735      2.9556 f    (78.07,88.05)
  execution_unit_0/alu_0/n10 (net)                  1      0.9076
  execution_unit_0/alu_0/U6/A2 (OR2X1_RVT)                             0.0296      1.0000              0.0000      2.9556 f    (78.70,89.86)
  execution_unit_0/alu_0/U6/Y (OR2X1_RVT)                              0.0506      1.0000              0.0725      3.0281 f    (79.12,89.71)
  execution_unit_0/alu_0/n3 (net)                   3      4.3033
  execution_unit_0/alu_0/U91/A1 (AND2X1_RVT)                           0.0506      1.0000              0.0000      3.0281 f    (78.91,86.33)
  execution_unit_0/alu_0/U91/Y (AND2X1_RVT)                            0.0312      1.0000              0.0674      3.0955 f    (79.43,86.40)
  execution_unit_0/alu_0/add_102_C186_aco/carry[2] (net)
                                                    1      1.6446
  execution_unit_0/alu_0/add_102_C186_aco/U1_2/CI (FADDX1_RVT)         0.0312      1.0000              0.0000      3.0955 f    (81.78,86.63)
  execution_unit_0/alu_0/add_102_C186_aco/U1_2/CO (FADDX1_RVT)         0.0476      1.0000              0.0906      3.1861 f    (83.23,86.52)
  execution_unit_0/alu_0/add_102_C186_aco/carry[3] (net)
                                                    2      2.6447
  execution_unit_0/alu_0/U89/A1 (AND2X1_RVT)                           0.0476      1.0000              0.0000      3.1862 f    (78.39,91.50)
  execution_unit_0/alu_0/U89/Y (AND2X1_RVT)                            0.0315      1.0000              0.0665      3.2526 f    (77.88,91.42)
  execution_unit_0/alu_0/add_102_C186_aco/carry[4] (net)
                                                    1      1.6992
  execution_unit_0/alu_0/U88/A2 (XOR2X1_RVT)                           0.0315      1.0000              0.0000      3.2526 f    (78.39,98.04)
  execution_unit_0/alu_0/U88/Y (XOR2X1_RVT)                            0.0474      1.0000              0.1279      3.3806 r    (77.12,98.12)
  execution_unit_0/alu_0/alu_dadd1[4]1 (net)        1      1.6842
  execution_unit_0/alu_0/add_1_root_add_100_2_C187/U1_0/CI (FADDX1_RVT)
                                                                       0.0474      1.0000              0.0000      3.3806 r    (75.07,97.88)
  execution_unit_0/alu_0/add_1_root_add_100_2_C187/U1_0/CO (FADDX1_RVT)
                                                                       0.0619      1.0000              0.1109      3.4915 r    (73.62,98.00)
  execution_unit_0/alu_0/add_1_root_add_100_2_C187/carry[1] (net)
                                                    1      3.0650
  execution_unit_0/alu_0/add_1_root_add_100_2_C187/U1_1/CI (FADDX1_RVT)
                                                                       0.0619      1.0000              0.0001      3.4915 r    (69.45,110.04)
  execution_unit_0/alu_0/add_1_root_add_100_2_C187/U1_1/CO (FADDX1_RVT)
                                                                       0.0597      1.0000              0.1135      3.6051 r    (68.00,109.93)
  execution_unit_0/alu_0/add_1_root_add_100_2_C187/carry[2] (net)
                                                    1      2.8353
  execution_unit_0/alu_0/add_1_root_add_100_2_C187/U1_2/CI (FADDX1_RVT)
                                                                       0.0597      1.0000              0.0001      3.6051 r    (63.69,121.29)
  execution_unit_0/alu_0/add_1_root_add_100_2_C187/U1_2/CO (FADDX1_RVT)
                                                                       0.0506      1.0000              0.1030      3.7081 r    (65.14,121.40)
  execution_unit_0/alu_0/add_1_root_add_100_2_C187/carry[3] (net)
                                                    1      1.7239
  execution_unit_0/alu_0/add_1_root_add_100_2_C187/U1_3/CI (FADDX1_RVT)
                                                                       0.0506      1.0000              0.0000      3.7081 r    (66.73,121.29)
  execution_unit_0/alu_0/add_1_root_add_100_2_C187/U1_3/S (FADDX1_RVT)
                                                                       0.0604      1.0000              0.1655      3.8736 f    (67.86,121.48)
  execution_unit_0/alu_0/N39 (net)                  3      3.5478
  execution_unit_0/alu_0/U168/A3 (OA21X1_RVT)                          0.0604      1.0000              0.0000      3.8736 f    (71.26,123.13)
  execution_unit_0/alu_0/U168/Y (OA21X1_RVT)                           0.0302      1.0000              0.0761      3.9498 f    (70.72,123.22)
  execution_unit_0/alu_0/n11 (net)                  1      0.9096
  execution_unit_0/alu_0/U5/A2 (OR2X1_RVT)                             0.0302      1.0000              0.0000      3.9498 f    (72.17,124.75)
  execution_unit_0/alu_0/U5/Y (OR2X1_RVT)                              0.0516      1.0000              0.0733      4.0231 f    (72.59,124.90)
  execution_unit_0/alu_0/n2 (net)                   3      4.4158
  execution_unit_0/alu_0/U86/A1 (AND2X1_RVT)                           0.0516      1.0000              0.0000      4.0231 f    (75.20,121.59)
  execution_unit_0/alu_0/U86/Y (AND2X1_RVT)                            0.0328      1.0000              0.0687      4.0919 f    (74.68,121.52)
  execution_unit_0/alu_0/add_102_C187_aco/carry[2] (net)
                                                    1      1.7621
  execution_unit_0/alu_0/add_102_C187_aco/U1_2/CI (FADDX1_RVT)         0.0328      1.0000              0.0000      4.0919 f    (73.27,123.42)
  execution_unit_0/alu_0/add_102_C187_aco/U1_2/CO (FADDX1_RVT)         0.0478      1.0000              0.0913      4.1831 f    (74.71,123.30)
  execution_unit_0/alu_0/add_102_C187_aco/carry[3] (net)
                                                    2      2.6605
  execution_unit_0/alu_0/U84/A1 (AND2X1_RVT)                           0.0478      1.0000              0.0000      4.1832 f    (68.36,128.28)
  execution_unit_0/alu_0/U84/Y (AND2X1_RVT)                            0.0306      1.0000              0.0652      4.2484 f    (67.85,128.21)
  execution_unit_0/alu_0/add_102_C187_aco/carry[4] (net)
                                                    1      1.5102
  execution_unit_0/alu_0/U83/A2 (XOR2X1_RVT)                           0.0306      1.0000              0.0000      4.2484 f    (70.10,124.79)
  execution_unit_0/alu_0/U83/Y (XOR2X1_RVT)                            0.0520      1.0000              0.1324      4.3807 r    (71.37,124.87)
  execution_unit_0/alu_0/alu_dadd2[4]1 (net)        1      2.2327
  execution_unit_0/alu_0/add_1_root_add_100_2_C188/U1_0/CI (FADDX1_RVT)
                                                                       0.0520      1.0000              0.0000      4.3808 r    (70.07,120.07)
  execution_unit_0/alu_0/add_1_root_add_100_2_C188/U1_0/CO (FADDX1_RVT)
                                                                       0.0496      1.0000              0.0998      4.4806 r    (71.52,119.96)
  execution_unit_0/alu_0/add_1_root_add_100_2_C188/carry[1] (net)
                                                    1      1.6569
  execution_unit_0/alu_0/add_1_root_add_100_2_C188/U1_1/CI (FADDX1_RVT)
                                                                       0.0496      1.0000              0.0000      4.4806 r    (73.11,120.07)
  execution_unit_0/alu_0/add_1_root_add_100_2_C188/U1_1/CO (FADDX1_RVT)
                                                                       0.0485      1.0000              0.0990      4.5796 r    (74.56,119.96)
  execution_unit_0/alu_0/add_1_root_add_100_2_C188/carry[2] (net)
                                                    1      1.6486
  execution_unit_0/alu_0/add_1_root_add_100_2_C188/U1_2/CI (FADDX1_RVT)
                                                                       0.0485      1.0000              0.0000      4.5796 r    (76.00,120.07)
  execution_unit_0/alu_0/add_1_root_add_100_2_C188/U1_2/CO (FADDX1_RVT)
                                                                       0.0521      1.0000              0.1026      4.6822 r    (77.45,119.96)
  execution_unit_0/alu_0/add_1_root_add_100_2_C188/carry[3] (net)
                                                    1      2.0343
  execution_unit_0/alu_0/add_1_root_add_100_2_C188/U1_3/CI (FADDX1_RVT)
                                                                       0.0521      1.0000              0.0000      4.6822 r    (80.26,116.73)
  execution_unit_0/alu_0/add_1_root_add_100_2_C188/U1_3/S (FADDX1_RVT)
                                                                       0.0573      1.0000              0.1635      4.8457 f    (81.39,116.54)
  execution_unit_0/alu_0/N52 (net)                  3      3.2179
  execution_unit_0/alu_0/U173/A3 (OA21X1_RVT)                          0.0573      1.0000              0.0000      4.8457 f    (84.22,119.78)
  execution_unit_0/alu_0/U173/Y (OA21X1_RVT)                           0.0298      1.0000              0.0747      4.9204 f    (84.75,119.87)
  execution_unit_0/alu_0/n12 (net)                  1      0.9179
  execution_unit_0/alu_0/U4/A2 (OR2X1_RVT)                             0.0298      1.0000              0.0000      4.9204 f    (82.86,119.95)
  execution_unit_0/alu_0/U4/Y (OR2X1_RVT)                              0.0525      1.0000              0.0738      4.9942 f    (82.44,119.81)
  execution_unit_0/alu_0/n1 (net)                   3      4.5199
  execution_unit_0/alu_0/U81/A1 (AND2X1_RVT)                           0.0525      1.0000              0.0000      4.9942 f    (81.95,123.11)
  execution_unit_0/alu_0/U81/Y (AND2X1_RVT)                            0.0312      1.0000              0.0681      5.0624 f    (82.47,123.19)
  execution_unit_0/alu_0/add_102_C188_aco/carry[2] (net)
                                                    1      1.6147
  execution_unit_0/alu_0/add_102_C188_aco/U1_2/CI (FADDX1_RVT)         0.0312      1.0000              0.0000      5.0624 f    (84.67,123.42)
  execution_unit_0/alu_0/add_102_C188_aco/U1_2/CO (FADDX1_RVT)         0.0479      1.0000              0.0908      5.1532 f    (86.11,123.30)
  execution_unit_0/alu_0/add_102_C188_aco/carry[3] (net)
                                                    2      2.6765
  execution_unit_0/alu_0/U62/A2 (XOR2X1_RVT)                           0.0479      1.0000              0.0000      5.1532 f    (84.47,113.22)
  execution_unit_0/alu_0/U62/Y (XOR2X1_RVT)                            0.0493      1.0000              0.1215      5.2747 f    (83.20,113.14)
  execution_unit_0/alu_0/alu_dadd3[3] (net)         1      2.0585
  execution_unit_0/alu_0/U198/A1 (AO222X1_RVT)                         0.0493      1.0000              0.0000      5.2747 f    (82.10,101.53)
  execution_unit_0/alu_0/U198/Y (AO222X1_RVT)                          0.0735      1.0000              0.1439      5.4186 f    (83.45,101.46)
  execution_unit_0/alu_0/alu_out[15] (net)          6      6.1256
  execution_unit_0/alu_0/alu_out[15] (omsp_alu)                        0.0735      1.0000              0.0000      5.4186 f    (hierarchical)    h
  execution_unit_0/alu_out[15] (net)                       6.1256
  execution_unit_0/register_file_0/reg_dest_val[15] (omsp_register_file)
                                                                       0.0735      1.0000              0.0000      5.4186 f    (hierarchical)    h
  execution_unit_0/register_file_0/reg_dest_val[15] (net)
                                                           6.1256
  execution_unit_0/register_file_0/U56/A1 (AND2X4_RVT)                 0.0735      1.0000              0.0001      5.4187 f    (89.94,88.00)
  execution_unit_0/register_file_0/U56/Y (AND2X4_RVT)                  0.0831      1.0000              0.1377      5.5565 f    (90.52,88.08)
  execution_unit_0/register_file_0/pc_sw[15] (net)
                                                   15     24.0843
  execution_unit_0/register_file_0/pc_sw[15] (omsp_register_file)      0.0831      1.0000              0.0000      5.5565 f    (hierarchical)    h
  execution_unit_0/pc_sw[15] (net)                        24.0843
  execution_unit_0/pc_sw[15] (omsp_execution_unit)                     0.0831      1.0000              0.0000      5.5565 f    (hierarchical)    h
  pc_sw[15] (net)                                         24.0843
  frontend_0/pc_sw[15] (omsp_frontend)                                 0.0831      1.0000              0.0000      5.5565 f    (hierarchical)    h
  frontend_0/pc_sw[15] (net)                              24.0843
  frontend_0/U23/A3 (AO221X1_RVT)                                      0.0831      1.0000              0.0000      5.5565 f    (89.54,80.40)
  frontend_0/U23/Y (AO221X1_RVT)                                       0.0534      1.0000              0.1275      5.6840 f    (90.29,79.70)
  frontend_0/mab[15] (net)                          3      3.4409
  frontend_0/mab[15] (omsp_frontend)                                   0.0534      1.0000              0.0000      5.6840 f    (hierarchical)    h
  fe_mab[15] (net)                                         3.4409
  mem_backbone_0/fe_mab[14] (omsp_mem_backbone)                        0.0534      1.0000              0.0000      5.6840 f    (hierarchical)    h
  mem_backbone_0/fe_mab[14] (net)                          3.4409
  mem_backbone_0/U24/A3 (AND4X1_RVT)                                   0.0534      1.0000              0.0000      5.6840 f    (90.25,82.83)
  mem_backbone_0/U24/Y (AND4X1_RVT)                                    0.0465      1.0000              0.1106      5.7946 f    (89.43,83.06)
  mem_backbone_0/fe_pmem_sel (net)                  1      1.5562
  mem_backbone_0/U179/A1 (NAND2X2_RVT)                                 0.0465      1.0000              0.0000      5.7947 f    (84.46,79.64)
  mem_backbone_0/U179/Y (NAND2X2_RVT)                                  0.0543      1.0000              0.1082      5.9029 r    (85.28,79.72)
  mem_backbone_0/n11 (net)                          3      8.9067
  mem_backbone_0/U174/A2 (NAND4X0_RVT)                                 0.0543      1.0000              0.0002      5.9031 r    (91.31,114.75)
  mem_backbone_0/U174/Y (NAND4X0_RVT)                                  0.1948      1.0000              0.1481      6.0512 f    (91.32,114.83)
  mem_backbone_0/n14 (net)                          3      4.6376
  mem_backbone_0/U39/A1 (AND2X2_RVT)                                   0.1948      1.0000              0.0000      6.0512 f    (93.96,114.90)
  mem_backbone_0/U39/Y (AND2X2_RVT)                                    0.0949      1.0000              0.1729      6.2241 f    (94.47,114.83)
  mem_backbone_0/n10 (net)                         12     14.5701
  mem_backbone_0/U30/A4 (AO222X1_RVT)                                  0.0949      1.0000              0.0006      6.2248 f    (105.97,96.29)
  mem_backbone_0/U30/Y (AO222X1_RVT)                                   0.0801      1.0000              0.1549      6.3796 f    (107.01,96.43)
  mem_backbone_0/pmem_addr[7] (net)                 1      6.9192
  mem_backbone_0/pmem_addr[7] (omsp_mem_backbone)                      0.0801      1.0000              0.0000      6.3796 f    (hierarchical)    h
  pmem_addr[7] (net)                                       6.9192
  pmem_addr[7] (out)                                                   0.0801      1.0000              0.0006      6.3803 f    (211.88,100.77)
  data arrival time                                                                                                6.3803

  clock dco_clk (rise edge)                                                                           40.0000     40.0000
  clock network delay (ideal)                                                                          0.0000     40.0000
  output external delay                                                                               -0.6400     39.3600
  data required time                                                                                              39.3600
  ----------------------------------------------------------------------------------------------------------------------------------------------------------------
  data required time                                                                                              39.3600
  data arrival time                                                                                               -6.3803
  ----------------------------------------------------------------------------------------------------------------------------------------------------------------
  slack (MET)                                                                                                     32.9797



  Startpoint: frontend_0/inst_so_reg[7] (rising edge-triggered flip-flop clocked by dco_clk)
  Endpoint: clock_module_0/sync_cell_dco_wkup/data_sync_reg[1] (recovery check against rising-edge clock clocked by dco_clk')
  Mode: func
  Corner: slow
  Scenario: func_slow
  Path Group: dco_clk
  Path Type: max


Attributes
    b - black-box (unknown)
    s - size_only
    d - dont_touch
    u - dont_use
    g - generic
    h - hierarchical
    i - ideal
    n - noncombinational
    E - extracted timing model
    Q - Quick timing model


  Point                                          Fanout     Cap        Trans      Derate    Delta       Incr        Path           Location       Attributes
  ----------------------------------------------------------------------------------------------------------------------------------------------------------------
  clock dco_clk (rise edge)                                                                            0.0000      0.0000
  source latency                                                                                       0.0000      0.0000
  dco_clk (in)                                                         0.0000      1.0000              0.0000      0.0000 r    (157.77,211.12)
  dco_clk (net)                                     4     26.2634                                                                                d
  clock_module_0/p_abuf15 (omsp_clock_module)                          0.0000      1.0000              0.0000      0.0000 r    (hierarchical)    h
  clock_module_0/p_abuf15 (net)                     4     26.2634                                                                                d
  clock_module_0/clock_gate_mclk/clk (omsp_clock_gate_0)               0.0000      1.0000              0.0000      0.0000 r    (hierarchical)    h
  clock_module_0/clock_gate_mclk/clk (net)          4     26.2634                                                                                d
  clock_module_0/clock_gate_mclk/U3/A2 (AND2X4_RVT)                    0.0000      1.0000              0.0000      0.0000 r    (71.46,64.59)     s
  clock_module_0/clock_gate_mclk/U3/Y (AND2X4_RVT)                     0.0000      1.0000              0.0000      0.0000 r    (72.28,64.67)     s
  clock_module_0/clock_gate_mclk/gclk (net)         1     11.1499                                                                                d
  clock_module_0/clock_gate_mclk/cts_inv_8313204/A (INVX16_RVT)        0.0000      1.0000              0.0000      0.0000 r    (73.83,69.78)
  clock_module_0/clock_gate_mclk/cts_inv_8313204/Y (INVX16_RVT)        0.0000      1.0000              0.0000      0.0000 f    (73.96,69.68)
  clock_module_0/clock_gate_mclk/ctsbuf_net_1335 (net)
                                                    1     10.6641                                                                                d
  clock_module_0/clock_gate_mclk/cts_inv_8263199/A (INVX16_RVT)        0.0000      1.0000              0.0000      0.0000 f    (73.83,67.91)
  clock_module_0/clock_gate_mclk/cts_inv_8263199/Y (INVX16_RVT)        0.0000      1.0000              0.0000      0.0000 r    (73.96,68.02)
  clock_module_0/clock_gate_mclk/p_abuf5 (net)      3     27.5456                                                                                d
  clock_module_0/clock_gate_mclk/p_abuf5 (omsp_clock_gate_0)           0.0000      1.0000              0.0000      0.0000 r    (hierarchical)    h
  clock_module_0/p_abuf12 (net)                     3     27.5456                                                                                d
  clock_module_0/p_abuf12 (omsp_clock_module)                          0.0000      1.0000              0.0000      0.0000 r    (hierarchical)    h
  p_abuf9 (net)                                     3     27.5456                                                                                d
  frontend_0/p_abuf5 (omsp_frontend)                                   0.0000      1.0000              0.0000      0.0000 r    (hierarchical)    h
  frontend_0/p_abuf5 (net)                          3     27.5456                                                                                d
  frontend_0/clock_gate_decode/clk (omsp_clock_gate_25)                0.0000      1.0000              0.0000      0.0000 r    (hierarchical)    h
  frontend_0/clock_gate_decode/clk (net)            3     27.5456                                                                                d
  frontend_0/clock_gate_decode/U3/A2 (AND2X1_RVT)                      0.0000      1.0000              0.0000      0.0000 r    (64.47,37.84)     s
  frontend_0/clock_gate_decode/U3/Y (AND2X1_RVT)                       0.0000      1.0000              0.0000      0.0000 r    (65.14,37.92)     s
  frontend_0/clock_gate_decode/ctsbuf_net_426 (net)
                                                    1      1.9418                                                                                d
  frontend_0/clock_gate_decode/cts_inv_7443117/A (INVX2_RVT)           0.0000      1.0000              0.0000      0.0000 r    (65.77,43.03)
  frontend_0/clock_gate_decode/cts_inv_7443117/Y (INVX2_RVT)           0.0000      1.0000              0.0000      0.0000 f    (65.90,42.93)
  frontend_0/clock_gate_decode/ctsbuf_net_527 (net)
                                                    1      5.9708                                                                                d
  frontend_0/clock_gate_decode/cts_inv_7393112/A (INVX8_RVT)           0.0000      1.0000              0.0000      0.0000 f    (63.19,41.16)
  frontend_0/clock_gate_decode/cts_inv_7393112/Y (INVX8_RVT)           0.0000      1.0000              0.0000      0.0000 r    (63.31,41.26)
  frontend_0/clock_gate_decode/gclk (net)          49     59.8110                                                                                d
  frontend_0/clock_gate_decode/gclk (omsp_clock_gate_25)               0.0000      1.0000              0.0000      0.0000 r    (hierarchical)    h
  frontend_0/mclk_decode (net)                     49     59.8110                                                                                d
  frontend_0/inst_so_reg[7]/CLK (DFFARX1_RVT)                          0.0000      1.0000              0.0000      0.0000 r    (66.45,28.55)     s, n

  frontend_0/inst_so_reg[7]/CLK (DFFARX1_RVT)                          0.0000      1.0000              0.0000      0.0000 r    (66.45,28.55)     s, n
  frontend_0/inst_so_reg[7]/QN (DFFARX1_RVT)                           0.0691      1.0000              0.1458      0.1458 r    (69.84,27.90)     s, n
  frontend_0/n379 (net)                             3      4.2169
  frontend_0/U203/A2 (NAND3X0_RVT)                                     0.0691      1.0000              0.0000      0.1458 r    (67.14,26.14)
  frontend_0/U203/Y (NAND3X0_RVT)                                      0.1442      1.0000              0.1235      0.2693 f    (67.27,26.22)
  frontend_0/n142 (net)                             2      3.8038
  frontend_0/U200/A1 (NOR3X0_RVT)                                      0.1442      1.0000              0.0002      0.2695 f    (98.67,24.43)
  frontend_0/U200/Y (NOR3X0_RVT)                                       0.0449      1.0000              0.1603      0.4297 r    (99.79,24.54)
  frontend_0/n138 (net)                             4      3.6721
  frontend_0/U199/A3 (AND3X1_RVT)                                      0.0449      1.0000              0.0001      0.4298 r    (104.90,21.12)
  frontend_0/U199/Y (AND3X1_RVT)                                       0.0529      1.0000              0.0924      0.5222 r    (105.72,21.19)
  frontend_0/n139 (net)                             4      3.5292
  frontend_0/U191/A1 (AO222X1_RVT)                                     0.0529      1.0000              0.0000      0.5222 r    (106.36,24.62)
  frontend_0/U191/Y (AO222X1_RVT)                                      0.0933      1.0000              0.1818      0.7039 r    (105.01,24.55)
  frontend_0/inst_dest[0] (net)                     2      6.4152
  frontend_0/inst_dest[0] (omsp_frontend)                              0.0933      1.0000              0.0000      0.7039 r    (hierarchical)    h
  inst_dest[0] (net)                                       6.4152
  execution_unit_0/inst_dest[0] (omsp_execution_unit)                  0.0933      1.0000              0.0000      0.7039 r    (hierarchical)    h
  execution_unit_0/inst_dest[0] (net)                      6.4152
  execution_unit_0/register_file_0/inst_dest[0] (omsp_register_file)   0.0933      1.0000              0.0000      0.7039 r    (hierarchical)    h
  execution_unit_0/register_file_0/inst_dest[0] (net)      6.4152
  execution_unit_0/register_file_0/placeHFSINV_797_165/A (INVX4_RVT)   0.0933      1.0000              0.0001      0.7040 r    (114.56,29.65)
  execution_unit_0/register_file_0/placeHFSINV_797_165/Y (INVX4_RVT)   0.0857      1.0000              0.0726      0.7766 f    (114.69,29.55)
  execution_unit_0/register_file_0/placeHFSNET_129 (net)
                                                   16     25.6595
  execution_unit_0/register_file_0/U363/A2 (OA22X1_RVT)                0.0856      1.0000              0.0006      0.7772 f    (147.01,25.53)
  execution_unit_0/register_file_0/U363/Y (OA22X1_RVT)                 0.0428      1.0000              0.1032      0.8804 f    (147.84,26.24)
  execution_unit_0/register_file_0/n578 (net)       1      1.8470
  execution_unit_0/register_file_0/U362/A5 (OA221X1_RVT)               0.0428      1.0000              0.0000      0.8805 f    (154.75,19.69)
  execution_unit_0/register_file_0/U362/Y (OA221X1_RVT)                0.0418      1.0000              0.0756      0.9561 f    (155.29,19.55)
  execution_unit_0/register_file_0/n577 (net)       1      0.9857
  execution_unit_0/register_file_0/U361/A4 (NAND4X0_RVT)               0.0418      1.0000              0.0000      0.9561 f    (157.95,21.12)
  execution_unit_0/register_file_0/U361/Y (NAND4X0_RVT)                0.0750      1.0000              0.0703      1.0264 r    (158.24,21.20)
  execution_unit_0/register_file_0/reg_dest[0] (net)
                                                    1      2.2637
  execution_unit_0/register_file_0/reg_dest[0] (omsp_register_file)    0.0750      1.0000              0.0000      1.0264 r    (hierarchical)    h
  execution_unit_0/dbg_reg_din[0] (net)                    2.2637
  execution_unit_0/dbg_reg_din[0] (omsp_execution_unit)                0.0750      1.0000              0.0000      1.0264 r    (hierarchical)    h
  dbg_reg_din[0] (net)                                     2.2637
  placeZBUF_inst_490/A (NBUFFX4_RVT)                                   0.0750      1.0000              0.0000      1.0264 r    (148.91,27.78)
  placeZBUF_inst_490/Y (NBUFFX4_RVT)                                   0.0594      1.0000              0.0867      1.1131 r    (148.25,27.89)
  placeZBUF_97 (net)                                3     18.2157
  execution_unit_0/placeZBUF_48 (omsp_execution_unit)                  0.0594      1.0000              0.0000      1.1131 r    (hierarchical)    h
  execution_unit_0/placeZBUF_48 (net)                     18.2157
  execution_unit_0/U87/A1 (AO222X1_RVT)                                0.0598      1.0000              0.0028      1.1159 r    (52.01,49.54)
  execution_unit_0/U87/Y (AO222X1_RVT)                                 0.0566      1.0000              0.1476      1.2634 r    (53.35,49.61)
  execution_unit_0/n79 (net)                        1      1.8232
  execution_unit_0/U86/A2 (OR2X1_RVT)                                  0.0566      1.0000              0.0000      1.2635 r    (53.01,59.76)
  execution_unit_0/U86/Y (OR2X1_RVT)                                   0.0788      1.0000              0.0999      1.3634 r    (53.44,59.62)
  execution_unit_0/op_src[0] (net)                  3      7.4451
  execution_unit_0/alu_0/op_src[0] (omsp_alu)                          0.0788      1.0000              0.0000      1.3634 r    (hierarchical)    h
  execution_unit_0/alu_0/op_src[0] (net)                   7.4451
  execution_unit_0/alu_0/U26/A1 (XOR2X2_RVT)                           0.0788      1.0000              0.0001      1.3635 r    (60.68,59.85)
  execution_unit_0/alu_0/U26/Y (XOR2X2_RVT)                            0.0645      1.0000              0.1388      1.5023 f    (61.95,59.64)
  execution_unit_0/alu_0/op_src_inv[0] (net)        6      8.8546
  execution_unit_0/alu_0/add_1_root_add_100_2_C185/U1_0/A (FADDX1_RVT)
                                                                       0.0645      1.0000              0.0002      1.5025 f    (76.76,64.88)
  execution_unit_0/alu_0/add_1_root_add_100_2_C185/U1_0/CO (FADDX1_RVT)
                                                                       0.0457      1.0000              0.1121      1.6146 f    (75.29,64.56)
  execution_unit_0/alu_0/add_1_root_add_100_2_C185/carry[1] (net)
                                                    1      2.3223
  execution_unit_0/alu_0/add_1_root_add_100_2_C185/U1_1/CI (FADDX1_RVT)
                                                                       0.0457      1.0000              0.0000      1.6146 f    (69.47,66.57)
  execution_unit_0/alu_0/add_1_root_add_100_2_C185/U1_1/CO (FADDX1_RVT)
                                                                       0.0459      1.0000              0.0906      1.7052 f    (70.92,66.45)
  execution_unit_0/alu_0/add_1_root_add_100_2_C185/carry[2] (net)
                                                    1      1.9834
  execution_unit_0/alu_0/add_1_root_add_100_2_C185/U1_2/CI (FADDX1_RVT)
                                                                       0.0459      1.0000              0.0000      1.7053 f    (70.83,71.13)
  execution_unit_0/alu_0/add_1_root_add_100_2_C185/U1_2/CO (FADDX1_RVT)
                                                                       0.0434      1.0000              0.0910      1.7962 f    (72.28,71.24)
  execution_unit_0/alu_0/add_1_root_add_100_2_C185/carry[3] (net)
                                                    1      2.0140
  execution_unit_0/alu_0/add_1_root_add_100_2_C185/U1_3/CI (FADDX1_RVT)
                                                                       0.0434      1.0000              0.0000      1.7962 f    (74.03,74.47)
  execution_unit_0/alu_0/add_1_root_add_100_2_C185/U1_3/S (FADDX1_RVT)
                                                                       0.0549      1.0000              0.1626      1.9588 r    (75.16,74.66)
  execution_unit_0/alu_0/N13 (net)                  3      3.0184
  execution_unit_0/alu_0/U143/A3 (OA21X1_RVT)                          0.0549      1.0000              0.0000      1.9589 r    (76.93,74.76)
  execution_unit_0/alu_0/U143/Y (OA21X1_RVT)                           0.0314      1.0000              0.0703      2.0292 r    (77.46,74.67)
  execution_unit_0/alu_0/n9 (net)                   1      0.9151
  execution_unit_0/alu_0/U7/A2 (OR2X1_RVT)                             0.0314      1.0000              0.0000      2.0292 r    (78.25,74.59)
  execution_unit_0/alu_0/U7/Y (OR2X1_RVT)                              0.0542      1.0000              0.0747      2.1039 r    (78.67,74.74)
  execution_unit_0/alu_0/n4 (net)                   3      4.4309
  execution_unit_0/alu_0/U106/A1 (AND2X1_RVT)                          0.0542      1.0000              0.0000      2.1040 r    (79.97,71.43)
  execution_unit_0/alu_0/U106/Y (AND2X1_RVT)                           0.0344      1.0000              0.0637      2.1677 r    (80.49,71.36)
  execution_unit_0/alu_0/add_102_C185_aco/carry[2] (net)
                                                    1      1.9142
  execution_unit_0/alu_0/add_102_C185_aco/U1_2/CI (FADDX1_RVT)         0.0344      1.0000              0.0000      2.1677 r    (80.41,74.47)
  execution_unit_0/alu_0/add_102_C185_aco/U1_2/CO (FADDX1_RVT)         0.0530      1.0000              0.0999      2.2676 r    (81.86,74.59)
  execution_unit_0/alu_0/add_102_C185_aco/carry[3] (net)
                                                    2      2.2463
  execution_unit_0/alu_0/U104/A1 (AND2X1_RVT)                          0.0530      1.0000              0.0000      2.2676 r    (80.37,76.30)
  execution_unit_0/alu_0/U104/Y (AND2X1_RVT)                           0.0298      1.0000              0.0590      2.3266 r    (79.85,76.37)
  execution_unit_0/alu_0/add_102_C185_aco/carry[4] (net)
                                                    1      1.2925
  execution_unit_0/alu_0/U103/A2 (XOR2X1_RVT)                          0.0298      1.0000              0.0000      2.3266 r    (78.23,77.98)
  execution_unit_0/alu_0/U103/Y (XOR2X1_RVT)                           0.0491      1.0000              0.1306      2.4572 f    (76.96,78.06)
  execution_unit_0/alu_0/alu_dadd0[4]1 (net)        1      2.0351
  execution_unit_0/alu_0/add_1_root_add_100_2_C186/U1_0/CI (FADDX1_RVT)
                                                                       0.0491      1.0000              0.0000      2.4572 f    (73.11,81.16)
  execution_unit_0/alu_0/add_1_root_add_100_2_C186/U1_0/S (FADDX1_RVT)
                                                                       0.0413      1.0000              0.1505      2.6077 r    (74.25,81.35)
  execution_unit_0/alu_0/alu_dadd1[0] (net)         1      1.2215
  execution_unit_0/alu_0/U17/A1 (AO222X1_RVT)                          0.0413      1.0000              0.0000      2.6077 r    (79.21,79.64)
  execution_unit_0/alu_0/U17/Y (AO222X1_RVT)                           0.0525      1.0000              0.1369      2.7446 r    (80.56,79.71)
  execution_unit_0/alu_0/aps_rename_20_ (net)       1      1.3421
  execution_unit_0/alu_0/clockcopt_h_inst_5229/A (NBUFFX4_RVT)         0.0525      1.0000              0.0000      2.7447 r    (84.69,81.29)
  execution_unit_0/alu_0/clockcopt_h_inst_5229/Y (NBUFFX4_RVT)         0.0795      1.0000              0.0946      2.8393 r    (85.36,81.39)
  execution_unit_0/alu_0/alu_out[4] (net)          19     28.9387
  execution_unit_0/alu_0/alu_out[4] (omsp_alu)                         0.0795      1.0000              0.0000      2.8393 r    (hierarchical)    h
  execution_unit_0/placeHFSNET_68 (net)                   28.9387
  execution_unit_0/register_file_0/placeHFSNET_68 (omsp_register_file)
                                                                       0.0795      1.0000              0.0000      2.8393 r    (hierarchical)    h
  execution_unit_0/register_file_0/placeHFSNET_68 (net)   28.9387
  execution_unit_0/register_file_0/U399/A1 (AO21X2_RVT)                0.0797      1.0000              0.0026      2.8419 r    (105.14,41.34)
  execution_unit_0/register_file_0/U399/Y (AO21X2_RVT)                 0.0754      1.0000              0.1381      2.9799 r    (105.79,41.28)
  execution_unit_0/register_file_0/cpuoff (net)     5      9.1184
  execution_unit_0/register_file_0/cpuoff (omsp_register_file)         0.0754      1.0000              0.0000      2.9799 r    (hierarchical)    h
  execution_unit_0/cpuoff (net)                            9.1184
  execution_unit_0/cpuoff (omsp_execution_unit)                        0.0754      1.0000              0.0000      2.9799 r    (hierarchical)    h
  cpuoff (net)                                             9.1184
  frontend_0/cpuoff (omsp_frontend)                                    0.0754      1.0000              0.0000      2.9799 r    (hierarchical)    h
  frontend_0/cpuoff (net)                                  9.1184
  frontend_0/U69/A2 (NAND2X0_RVT)                                      0.0754      1.0000              0.0006      2.9805 r    (69.19,24.46)
  frontend_0/U69/Y (NAND2X0_RVT)                                       0.0694      1.0000              0.0578      3.0383 f    (69.32,24.53)
  frontend_0/n74 (net)                              1      1.2728
  frontend_0/U68/A4 (AO22X2_RVT)                                       0.0694      1.0000              0.0000      3.0383 f    (73.43,24.31)
  frontend_0/U68/Y (AO22X2_RVT)                                        0.0811      1.0000              0.1221      3.1604 f    (74.02,24.52)
  frontend_0/mclk_enable (net)                      4     13.6289
  frontend_0/mclk_enable (omsp_frontend)                               0.0811      1.0000              0.0000      3.1604 f    (hierarchical)    h
  placeHFSNET_62 (net)                                    13.6289
  clock_module_0/placeHFSNET_62 (omsp_clock_module)                    0.0811      1.0000              0.0000      3.1604 f    (hierarchical)    h
  clock_module_0/placeHFSNET_62 (net)                     13.6289
  clock_module_0/and_cpuoff_mclk_en/b (omsp_and_gate_0)                0.0811      1.0000              0.0000      3.1604 f    (hierarchical)    h
  clock_module_0/and_cpuoff_mclk_en/b (net)               13.6289
  clock_module_0/and_cpuoff_mclk_en/U1/A1 (AND2X2_RVT)                 0.0811      1.0000              0.0004      3.1608 f    (81.19,39.51)
  clock_module_0/and_cpuoff_mclk_en/U1/Y (AND2X2_RVT)                  0.0599      1.0000              0.1126      3.2734 f    (81.71,39.59)
  clock_module_0/and_cpuoff_mclk_en/y (net)         1      8.8156
  clock_module_0/and_cpuoff_mclk_en/y (omsp_and_gate_0)                0.0599      1.0000              0.0000      3.2734 f    (hierarchical)    h
  clock_module_0/cpuoff_and_mclk_enable (net)              8.8156
  clock_module_0/and_dco_dis1/b (omsp_and_gate_21)                     0.0599      1.0000              0.0000      3.2734 f    (hierarchical)    h
  clock_module_0/and_dco_dis1/b (net)                      8.8156
  clock_module_0/and_dco_dis1/U1/A1 (AND2X1_RVT)                       0.0599      1.0000              0.0007      3.2741 f    (87.12,119.77)
  clock_module_0/and_dco_dis1/U1/Y (AND2X1_RVT)                        0.0259      1.0000              0.0661      3.3402 f    (87.64,119.84)
  clock_module_0/and_dco_dis1/y (net)               1      0.8688
  clock_module_0/and_dco_dis1/y (omsp_and_gate_21)                     0.0259      1.0000              0.0000      3.3402 f    (hierarchical)    h
  clock_module_0/cpu_enabled_with_dco (net)                0.8688
  clock_module_0/U55/A2 (NOR2X0_RVT)                                   0.0259      1.0000              0.0000      3.3402 f    (88.12,121.32)
  clock_module_0/U55/Y (NOR2X0_RVT)                                    0.0229      1.0000              0.0712      3.4113 r    (88.85,121.52)
  clock_module_0/n117 (net)                         1      1.0244
  clock_module_0/and_dco_dis2/b (omsp_and_gate_20)                     0.0229      1.0000              0.0000      3.4113 r    (hierarchical)    h
  clock_module_0/and_dco_dis2/b (net)                      1.0244
  clock_module_0/and_dco_dis2/U1/A1 (AND2X1_RVT)                       0.0229      1.0000              0.0000      3.4113 r    (91.53,121.59)
  clock_module_0/and_dco_dis2/U1/Y (AND2X1_RVT)                        0.0269      1.0000              0.0493      3.4607 r    (92.04,121.52)
  clock_module_0/and_dco_dis2/y (net)               1      0.9479
  clock_module_0/and_dco_dis2/y (omsp_and_gate_20)                     0.0269      1.0000              0.0000      3.4607 r    (hierarchical)    h
  clock_module_0/dco_not_enabled_by_dbg (net)              0.9479
  clock_module_0/and_dco_dis3/b (omsp_and_gate_19)                     0.0269      1.0000              0.0000      3.4607 r    (hierarchical)    h
  clock_module_0/and_dco_dis3/b (net)                      0.9479
  clock_module_0/and_dco_dis3/U1/A1 (AND2X1_RVT)                       0.0269      1.0000              0.0000      3.4607 r    (92.68,119.77)
  clock_module_0/and_dco_dis3/U1/Y (AND2X1_RVT)                        0.0273      1.0000              0.0515      3.5122 r    (92.17,119.84)
  clock_module_0/and_dco_dis3/y (net)               1      1.0872
  clock_module_0/and_dco_dis3/y (omsp_and_gate_19)                     0.0273      1.0000              0.0000      3.5122 r    (hierarchical)    h
  clock_module_0/dco_disable_by_scg0 (net)                 1.0872
  clock_module_0/U45/A (INVX0_RVT)                                     0.0273      1.0000              0.0000      3.5122 r    (91.46,123.28)
  clock_module_0/U45/Y (INVX0_RVT)                                     0.0315      1.0000              0.0301      3.5423 f    (91.25,123.23)
  clock_module_0/n23 (net)                          1      1.4900
  clock_module_0/and_dco_dis5/a (omsp_and_gate_17)                     0.0315      1.0000              0.0000      3.5423 f    (hierarchical)    h
  clock_module_0/and_dco_dis5/a (net)                      1.4900
  clock_module_0/and_dco_dis5/U1/A2 (AND2X1_RVT)                       0.0315      1.0000              0.0000      3.5423 f    (87.57,128.13)
  clock_module_0/and_dco_dis5/U1/Y (AND2X1_RVT)                        0.0388      1.0000              0.0696      3.6119 f    (88.24,128.21)
  clock_module_0/and_dco_dis5/y (net)               2      2.8209
  clock_module_0/and_dco_dis5/y (omsp_and_gate_17)                     0.0388      1.0000              0.0000      3.6119 f    (hierarchical)    h
  clock_module_0/dco_enable_nxt (net)                      2.8209
  clock_module_0/and_dco_en_wkup/b (omsp_and_gate_15)                  0.0388      1.0000              0.0000      3.6119 f    (hierarchical)    h
  clock_module_0/and_dco_en_wkup/b (net)                   2.8209
  clock_module_0/and_dco_en_wkup/U1/A1 (AND2X1_RVT)                    0.0388      1.0000              0.0000      3.6119 f    (92.83,123.11)
  clock_module_0/and_dco_en_wkup/U1/Y (AND2X1_RVT)                     0.0344      1.0000              0.0652      3.6771 f    (92.32,123.19)
  clock_module_0/and_dco_en_wkup/y (net)            1      2.1201
  clock_module_0/and_dco_en_wkup/y (omsp_and_gate_15)                  0.0344      1.0000              0.0000      3.6771 f    (hierarchical)    h
  clock_module_0/dco_en_wkup (net)                         2.1201
  clock_module_0/U120/A3 (OR3X1_RVT)                                   0.0344      1.0000              0.0000      3.6771 f    (89.85,133.41)
  clock_module_0/U120/Y (OR3X1_RVT)                                    0.0364      1.0000              0.0697      3.7468 f    (89.43,133.22)
  clock_module_0/N169 (net)                         2      1.9097
  clock_module_0/U112/A1 (OR2X1_RVT)                                   0.0364      1.0000              0.0000      3.7468 f    (88.74,133.25)
  clock_module_0/U112/Y (OR2X1_RVT)                                    0.0311      1.0000              0.0629      3.8097 f    (88.06,133.18)
  clock_module_0/_9_net_ (net)                      1      1.0393
  clock_module_0/scan_mux_dco_wkup/data_in_func (omsp_scan_mux_1)      0.0311      1.0000              0.0000      3.8097 f    (hierarchical)    h
  clock_module_0/scan_mux_dco_wkup/data_in_func (net)      1.0393
  clock_module_0/scan_mux_dco_wkup/U2/A3 (AO22X1_RVT)                  0.0311      1.0000              0.0000      3.8097 f    (86.66,130.56)
  clock_module_0/scan_mux_dco_wkup/U2/Y (AO22X1_RVT)                   0.0302      1.0000              0.0568      3.8664 f    (87.09,129.86)
  clock_module_0/scan_mux_dco_wkup/data_out (net)
                                                    1      1.2767
  clock_module_0/scan_mux_dco_wkup/data_out (omsp_scan_mux_1)          0.0302      1.0000              0.0000      3.8664 f    (hierarchical)    h
  clock_module_0/dco_wkup_set_scan (net)                   1.2767
  clock_module_0/sync_cell_dco_wkup/rst (omsp_sync_cell_0)             0.0302      1.0000              0.0000      3.8664 f    (hierarchical)    h
  clock_module_0/sync_cell_dco_wkup/rst (net)              1.2767
  clock_module_0/sync_cell_dco_wkup/U3/A (INVX1_RVT)                   0.0302      1.0000              0.0000      3.8664 f    (86.82,126.63)
  clock_module_0/sync_cell_dco_wkup/U3/Y (INVX1_RVT)                   0.0392      1.0000              0.0389      3.9053 r    (86.95,126.53)
  clock_module_0/sync_cell_dco_wkup/n1 (net)        2      3.2830
  clock_module_0/sync_cell_dco_wkup/data_sync_reg[1]/RSTB (DFFARX1_RVT)
                                                                       0.0392      1.0000              0.0001      3.9054 r    (96.52,120.84)    s, n
  data arrival time                                                                                                3.9054

  clock dco_clk' (rise edge)                                                                          20.0000     20.0000
  source latency                                                                                       0.0000     20.0000
  dco_clk (in)                                                         0.0000      1.0000              0.0000     20.0000 f    (157.77,211.12)
  dco_clk (net)                                     4     25.6736                                                                                d
  cts_inv_8993272/A (IBUFFX2_RVT)                                      0.0000      1.0000              0.0000     20.0000 f    (155.37,196.85)
  cts_inv_8993272/Y (IBUFFX2_RVT)                                      0.0000      1.0000              0.0000     20.0000 r    (156.19,196.75)
  ctsbuf_net_1941 (net)                             1      0.7026                                                                                d
  cts_inv_8943267/A (IBUFFX8_RVT)                                      0.0000      1.0000              0.0000     20.0000 r    (155.07,198.34)
  cts_inv_8943267/Y (IBUFFX8_RVT)                                      0.0000      1.0000              0.0000     20.0000 f    (156.49,198.43)
  ctsbuf_net_1840 (net)                            17     29.6653                                                                                d
  clock_module_0/dco_clk (omsp_clock_module)                           0.0000      1.0000              0.0000     20.0000 f    (hierarchical)    h
  clock_module_0/dco_clk (net)                     17     29.6653                                                                                d
  clock_module_0/clock_gate_smclk/p_abuf1 (omsp_clock_gate_31)         0.0000      1.0000              0.0000     20.0000 f    (hierarchical)    h
  clock_module_0/clock_gate_smclk/p_abuf1 (net)    17     29.6653                                                                                d
  clock_module_0/clock_gate_smclk/U2/A (INVX2_RVT)                     0.0000      1.0000              0.0000     20.0000 f    (115.47,134.79)
  clock_module_0/clock_gate_smclk/U2/Y (INVX2_RVT)                     0.0000      1.0000              0.0000     20.0000 r    (115.60,134.90)
  clock_module_0/clock_gate_smclk/n2 (net)          6     10.8455                                                                                d
  clock_module_0/clock_gate_smclk/n2 (omsp_clock_gate_31)              0.0000      1.0000              0.0000     20.0000 r    (hierarchical)    h
  clock_module_0/cts0 (net)                         6     10.8455                                                                                d
  clock_module_0/sync_cell_dco_wkup/clk (omsp_sync_cell_0)             0.0000      1.0000              0.0000     20.0000 r    (hierarchical)    h
  clock_module_0/sync_cell_dco_wkup/clk (net)       6     10.8455                                                                                d
  clock_module_0/sync_cell_dco_wkup/data_sync_reg[1]/CLK (DFFARX1_RVT)
                                                                       0.0000      1.0000              0.0000     20.0000 r    (94.87,122.18)    s, n

  library setup time                                                               1.0000              0.0355     20.0355
  data required time                                                                                              20.0355
  ----------------------------------------------------------------------------------------------------------------------------------------------------------------
  data required time                                                                                              20.0355
  data arrival time                                                                                               -3.9054
  ----------------------------------------------------------------------------------------------------------------------------------------------------------------
  slack (MET)                                                                                                     16.1301



  Startpoint: frontend_0/inst_so_reg[7] (rising edge-triggered flip-flop clocked by dco_clk)
  Endpoint: clock_module_0/sync_cell_lfxt_wkup/data_sync_reg[1] (recovery check against rising-edge clock clocked by lfxt_clk')
  Mode: func
  Corner: slow
  Scenario: func_slow
  Path Group: lfxt_clk
  Path Type: max


Attributes
    b - black-box (unknown)
    s - size_only
    d - dont_touch
    u - dont_use
    g - generic
    h - hierarchical
    i - ideal
    n - noncombinational
    E - extracted timing model
    Q - Quick timing model


  Point                                          Fanout     Cap        Trans      Derate    Delta       Incr        Path           Location       Attributes
  ----------------------------------------------------------------------------------------------------------------------------------------------------------------
  clock dco_clk (rise edge)                                                                            0.0000      0.0000
  source latency                                                                                       0.0000      0.0000
  dco_clk (in)                                                         0.0000      1.0000              0.0000      0.0000 r    (157.77,211.12)
  dco_clk (net)                                     4     26.2634                                                                                d
  clock_module_0/p_abuf15 (omsp_clock_module)                          0.0000      1.0000              0.0000      0.0000 r    (hierarchical)    h
  clock_module_0/p_abuf15 (net)                     4     26.2634                                                                                d
  clock_module_0/clock_gate_mclk/clk (omsp_clock_gate_0)               0.0000      1.0000              0.0000      0.0000 r    (hierarchical)    h
  clock_module_0/clock_gate_mclk/clk (net)          4     26.2634                                                                                d
  clock_module_0/clock_gate_mclk/U3/A2 (AND2X4_RVT)                    0.0000      1.0000              0.0000      0.0000 r    (71.46,64.59)     s
  clock_module_0/clock_gate_mclk/U3/Y (AND2X4_RVT)                     0.0000      1.0000              0.0000      0.0000 r    (72.28,64.67)     s
  clock_module_0/clock_gate_mclk/gclk (net)         1     11.1499                                                                                d
  clock_module_0/clock_gate_mclk/cts_inv_8313204/A (INVX16_RVT)        0.0000      1.0000              0.0000      0.0000 r    (73.83,69.78)
  clock_module_0/clock_gate_mclk/cts_inv_8313204/Y (INVX16_RVT)        0.0000      1.0000              0.0000      0.0000 f    (73.96,69.68)
  clock_module_0/clock_gate_mclk/ctsbuf_net_1335 (net)
                                                    1     10.6641                                                                                d
  clock_module_0/clock_gate_mclk/cts_inv_8263199/A (INVX16_RVT)        0.0000      1.0000              0.0000      0.0000 f    (73.83,67.91)
  clock_module_0/clock_gate_mclk/cts_inv_8263199/Y (INVX16_RVT)        0.0000      1.0000              0.0000      0.0000 r    (73.96,68.02)
  clock_module_0/clock_gate_mclk/p_abuf5 (net)      3     27.5456                                                                                d
  clock_module_0/clock_gate_mclk/p_abuf5 (omsp_clock_gate_0)           0.0000      1.0000              0.0000      0.0000 r    (hierarchical)    h
  clock_module_0/p_abuf12 (net)                     3     27.5456                                                                                d
  clock_module_0/p_abuf12 (omsp_clock_module)                          0.0000      1.0000              0.0000      0.0000 r    (hierarchical)    h
  p_abuf9 (net)                                     3     27.5456                                                                                d
  frontend_0/p_abuf5 (omsp_frontend)                                   0.0000      1.0000              0.0000      0.0000 r    (hierarchical)    h
  frontend_0/p_abuf5 (net)                          3     27.5456                                                                                d
  frontend_0/clock_gate_decode/clk (omsp_clock_gate_25)                0.0000      1.0000              0.0000      0.0000 r    (hierarchical)    h
  frontend_0/clock_gate_decode/clk (net)            3     27.5456                                                                                d
  frontend_0/clock_gate_decode/U3/A2 (AND2X1_RVT)                      0.0000      1.0000              0.0000      0.0000 r    (64.47,37.84)     s
  frontend_0/clock_gate_decode/U3/Y (AND2X1_RVT)                       0.0000      1.0000              0.0000      0.0000 r    (65.14,37.92)     s
  frontend_0/clock_gate_decode/ctsbuf_net_426 (net)
                                                    1      1.9418                                                                                d
  frontend_0/clock_gate_decode/cts_inv_7443117/A (INVX2_RVT)           0.0000      1.0000              0.0000      0.0000 r    (65.77,43.03)
  frontend_0/clock_gate_decode/cts_inv_7443117/Y (INVX2_RVT)           0.0000      1.0000              0.0000      0.0000 f    (65.90,42.93)
  frontend_0/clock_gate_decode/ctsbuf_net_527 (net)
                                                    1      5.9708                                                                                d
  frontend_0/clock_gate_decode/cts_inv_7393112/A (INVX8_RVT)           0.0000      1.0000              0.0000      0.0000 f    (63.19,41.16)
  frontend_0/clock_gate_decode/cts_inv_7393112/Y (INVX8_RVT)           0.0000      1.0000              0.0000      0.0000 r    (63.31,41.26)
  frontend_0/clock_gate_decode/gclk (net)          49     59.8110                                                                                d
  frontend_0/clock_gate_decode/gclk (omsp_clock_gate_25)               0.0000      1.0000              0.0000      0.0000 r    (hierarchical)    h
  frontend_0/mclk_decode (net)                     49     59.8110                                                                                d
  frontend_0/inst_so_reg[7]/CLK (DFFARX1_RVT)                          0.0000      1.0000              0.0000      0.0000 r    (66.45,28.55)     s, n

  frontend_0/inst_so_reg[7]/CLK (DFFARX1_RVT)                          0.0000      1.0000              0.0000      0.0000 r    (66.45,28.55)     s, n
  frontend_0/inst_so_reg[7]/QN (DFFARX1_RVT)                           0.0691      1.0000              0.1458      0.1458 r    (69.84,27.90)     s, n
  frontend_0/n379 (net)                             3      4.2169
  frontend_0/U203/A2 (NAND3X0_RVT)                                     0.0691      1.0000              0.0000      0.1458 r    (67.14,26.14)
  frontend_0/U203/Y (NAND3X0_RVT)                                      0.1442      1.0000              0.1235      0.2693 f    (67.27,26.22)
  frontend_0/n142 (net)                             2      3.8038
  frontend_0/U200/A1 (NOR3X0_RVT)                                      0.1442      1.0000              0.0002      0.2695 f    (98.67,24.43)
  frontend_0/U200/Y (NOR3X0_RVT)                                       0.0449      1.0000              0.1603      0.4297 r    (99.79,24.54)
  frontend_0/n138 (net)                             4      3.6721
  frontend_0/U199/A3 (AND3X1_RVT)                                      0.0449      1.0000              0.0001      0.4298 r    (104.90,21.12)
  frontend_0/U199/Y (AND3X1_RVT)                                       0.0529      1.0000              0.0924      0.5222 r    (105.72,21.19)
  frontend_0/n139 (net)                             4      3.5292
  frontend_0/U191/A1 (AO222X1_RVT)                                     0.0529      1.0000              0.0000      0.5222 r    (106.36,24.62)
  frontend_0/U191/Y (AO222X1_RVT)                                      0.0933      1.0000              0.1818      0.7039 r    (105.01,24.55)
  frontend_0/inst_dest[0] (net)                     2      6.4152
  frontend_0/inst_dest[0] (omsp_frontend)                              0.0933      1.0000              0.0000      0.7039 r    (hierarchical)    h
  inst_dest[0] (net)                                       6.4152
  execution_unit_0/inst_dest[0] (omsp_execution_unit)                  0.0933      1.0000              0.0000      0.7039 r    (hierarchical)    h
  execution_unit_0/inst_dest[0] (net)                      6.4152
  execution_unit_0/register_file_0/inst_dest[0] (omsp_register_file)   0.0933      1.0000              0.0000      0.7039 r    (hierarchical)    h
  execution_unit_0/register_file_0/inst_dest[0] (net)      6.4152
  execution_unit_0/register_file_0/placeHFSINV_797_165/A (INVX4_RVT)   0.0933      1.0000              0.0001      0.7040 r    (114.56,29.65)
  execution_unit_0/register_file_0/placeHFSINV_797_165/Y (INVX4_RVT)   0.0857      1.0000              0.0726      0.7766 f    (114.69,29.55)
  execution_unit_0/register_file_0/placeHFSNET_129 (net)
                                                   16     25.6595
  execution_unit_0/register_file_0/U363/A2 (OA22X1_RVT)                0.0856      1.0000              0.0006      0.7772 f    (147.01,25.53)
  execution_unit_0/register_file_0/U363/Y (OA22X1_RVT)                 0.0428      1.0000              0.1032      0.8804 f    (147.84,26.24)
  execution_unit_0/register_file_0/n578 (net)       1      1.8470
  execution_unit_0/register_file_0/U362/A5 (OA221X1_RVT)               0.0428      1.0000              0.0000      0.8805 f    (154.75,19.69)
  execution_unit_0/register_file_0/U362/Y (OA221X1_RVT)                0.0418      1.0000              0.0756      0.9561 f    (155.29,19.55)
  execution_unit_0/register_file_0/n577 (net)       1      0.9857
  execution_unit_0/register_file_0/U361/A4 (NAND4X0_RVT)               0.0418      1.0000              0.0000      0.9561 f    (157.95,21.12)
  execution_unit_0/register_file_0/U361/Y (NAND4X0_RVT)                0.0750      1.0000              0.0703      1.0264 r    (158.24,21.20)
  execution_unit_0/register_file_0/reg_dest[0] (net)
                                                    1      2.2637
  execution_unit_0/register_file_0/reg_dest[0] (omsp_register_file)    0.0750      1.0000              0.0000      1.0264 r    (hierarchical)    h
  execution_unit_0/dbg_reg_din[0] (net)                    2.2637
  execution_unit_0/dbg_reg_din[0] (omsp_execution_unit)                0.0750      1.0000              0.0000      1.0264 r    (hierarchical)    h
  dbg_reg_din[0] (net)                                     2.2637
  placeZBUF_inst_490/A (NBUFFX4_RVT)                                   0.0750      1.0000              0.0000      1.0264 r    (148.91,27.78)
  placeZBUF_inst_490/Y (NBUFFX4_RVT)                                   0.0594      1.0000              0.0867      1.1131 r    (148.25,27.89)
  placeZBUF_97 (net)                                3     18.2157
  execution_unit_0/placeZBUF_48 (omsp_execution_unit)                  0.0594      1.0000              0.0000      1.1131 r    (hierarchical)    h
  execution_unit_0/placeZBUF_48 (net)                     18.2157
  execution_unit_0/U87/A1 (AO222X1_RVT)                                0.0598      1.0000              0.0028      1.1159 r    (52.01,49.54)
  execution_unit_0/U87/Y (AO222X1_RVT)                                 0.0566      1.0000              0.1476      1.2634 r    (53.35,49.61)
  execution_unit_0/n79 (net)                        1      1.8232
  execution_unit_0/U86/A2 (OR2X1_RVT)                                  0.0566      1.0000              0.0000      1.2635 r    (53.01,59.76)
  execution_unit_0/U86/Y (OR2X1_RVT)                                   0.0788      1.0000              0.0999      1.3634 r    (53.44,59.62)
  execution_unit_0/op_src[0] (net)                  3      7.4451
  execution_unit_0/alu_0/op_src[0] (omsp_alu)                          0.0788      1.0000              0.0000      1.3634 r    (hierarchical)    h
  execution_unit_0/alu_0/op_src[0] (net)                   7.4451
  execution_unit_0/alu_0/U26/A1 (XOR2X2_RVT)                           0.0788      1.0000              0.0001      1.3635 r    (60.68,59.85)
  execution_unit_0/alu_0/U26/Y (XOR2X2_RVT)                            0.0645      1.0000              0.1388      1.5023 f    (61.95,59.64)
  execution_unit_0/alu_0/op_src_inv[0] (net)        6      8.8546
  execution_unit_0/alu_0/add_1_root_add_100_2_C185/U1_0/A (FADDX1_RVT)
                                                                       0.0645      1.0000              0.0002      1.5025 f    (76.76,64.88)
  execution_unit_0/alu_0/add_1_root_add_100_2_C185/U1_0/CO (FADDX1_RVT)
                                                                       0.0457      1.0000              0.1121      1.6146 f    (75.29,64.56)
  execution_unit_0/alu_0/add_1_root_add_100_2_C185/carry[1] (net)
                                                    1      2.3223
  execution_unit_0/alu_0/add_1_root_add_100_2_C185/U1_1/CI (FADDX1_RVT)
                                                                       0.0457      1.0000              0.0000      1.6146 f    (69.47,66.57)
  execution_unit_0/alu_0/add_1_root_add_100_2_C185/U1_1/CO (FADDX1_RVT)
                                                                       0.0459      1.0000              0.0906      1.7052 f    (70.92,66.45)
  execution_unit_0/alu_0/add_1_root_add_100_2_C185/carry[2] (net)
                                                    1      1.9834
  execution_unit_0/alu_0/add_1_root_add_100_2_C185/U1_2/CI (FADDX1_RVT)
                                                                       0.0459      1.0000              0.0000      1.7053 f    (70.83,71.13)
  execution_unit_0/alu_0/add_1_root_add_100_2_C185/U1_2/CO (FADDX1_RVT)
                                                                       0.0434      1.0000              0.0910      1.7962 f    (72.28,71.24)
  execution_unit_0/alu_0/add_1_root_add_100_2_C185/carry[3] (net)
                                                    1      2.0140
  execution_unit_0/alu_0/add_1_root_add_100_2_C185/U1_3/CI (FADDX1_RVT)
                                                                       0.0434      1.0000              0.0000      1.7962 f    (74.03,74.47)
  execution_unit_0/alu_0/add_1_root_add_100_2_C185/U1_3/S (FADDX1_RVT)
                                                                       0.0549      1.0000              0.1626      1.9588 r    (75.16,74.66)
  execution_unit_0/alu_0/N13 (net)                  3      3.0184
  execution_unit_0/alu_0/U143/A3 (OA21X1_RVT)                          0.0549      1.0000              0.0000      1.9589 r    (76.93,74.76)
  execution_unit_0/alu_0/U143/Y (OA21X1_RVT)                           0.0314      1.0000              0.0703      2.0292 r    (77.46,74.67)
  execution_unit_0/alu_0/n9 (net)                   1      0.9151
  execution_unit_0/alu_0/U7/A2 (OR2X1_RVT)                             0.0314      1.0000              0.0000      2.0292 r    (78.25,74.59)
  execution_unit_0/alu_0/U7/Y (OR2X1_RVT)                              0.0542      1.0000              0.0747      2.1039 r    (78.67,74.74)
  execution_unit_0/alu_0/n4 (net)                   3      4.4309
  execution_unit_0/alu_0/U106/A1 (AND2X1_RVT)                          0.0542      1.0000              0.0000      2.1040 r    (79.97,71.43)
  execution_unit_0/alu_0/U106/Y (AND2X1_RVT)                           0.0344      1.0000              0.0637      2.1677 r    (80.49,71.36)
  execution_unit_0/alu_0/add_102_C185_aco/carry[2] (net)
                                                    1      1.9142
  execution_unit_0/alu_0/add_102_C185_aco/U1_2/CI (FADDX1_RVT)         0.0344      1.0000              0.0000      2.1677 r    (80.41,74.47)
  execution_unit_0/alu_0/add_102_C185_aco/U1_2/CO (FADDX1_RVT)         0.0530      1.0000              0.0999      2.2676 r    (81.86,74.59)
  execution_unit_0/alu_0/add_102_C185_aco/carry[3] (net)
                                                    2      2.2463
  execution_unit_0/alu_0/U104/A1 (AND2X1_RVT)                          0.0530      1.0000              0.0000      2.2676 r    (80.37,76.30)
  execution_unit_0/alu_0/U104/Y (AND2X1_RVT)                           0.0298      1.0000              0.0590      2.3266 r    (79.85,76.37)
  execution_unit_0/alu_0/add_102_C185_aco/carry[4] (net)
                                                    1      1.2925
  execution_unit_0/alu_0/U103/A2 (XOR2X1_RVT)                          0.0298      1.0000              0.0000      2.3266 r    (78.23,77.98)
  execution_unit_0/alu_0/U103/Y (XOR2X1_RVT)                           0.0491      1.0000              0.1306      2.4572 f    (76.96,78.06)
  execution_unit_0/alu_0/alu_dadd0[4]1 (net)        1      2.0351
  execution_unit_0/alu_0/add_1_root_add_100_2_C186/U1_0/CI (FADDX1_RVT)
                                                                       0.0491      1.0000              0.0000      2.4572 f    (73.11,81.16)
  execution_unit_0/alu_0/add_1_root_add_100_2_C186/U1_0/S (FADDX1_RVT)
                                                                       0.0413      1.0000              0.1505      2.6077 r    (74.25,81.35)
  execution_unit_0/alu_0/alu_dadd1[0] (net)         1      1.2215
  execution_unit_0/alu_0/U17/A1 (AO222X1_RVT)                          0.0413      1.0000              0.0000      2.6077 r    (79.21,79.64)
  execution_unit_0/alu_0/U17/Y (AO222X1_RVT)                           0.0525      1.0000              0.1369      2.7446 r    (80.56,79.71)
  execution_unit_0/alu_0/aps_rename_20_ (net)       1      1.3421
  execution_unit_0/alu_0/clockcopt_h_inst_5229/A (NBUFFX4_RVT)         0.0525      1.0000              0.0000      2.7447 r    (84.69,81.29)
  execution_unit_0/alu_0/clockcopt_h_inst_5229/Y (NBUFFX4_RVT)         0.0795      1.0000              0.0946      2.8393 r    (85.36,81.39)
  execution_unit_0/alu_0/alu_out[4] (net)          19     28.9387
  execution_unit_0/alu_0/alu_out[4] (omsp_alu)                         0.0795      1.0000              0.0000      2.8393 r    (hierarchical)    h
  execution_unit_0/placeHFSNET_68 (net)                   28.9387
  execution_unit_0/register_file_0/placeHFSNET_68 (omsp_register_file)
                                                                       0.0795      1.0000              0.0000      2.8393 r    (hierarchical)    h
  execution_unit_0/register_file_0/placeHFSNET_68 (net)   28.9387
  execution_unit_0/register_file_0/U399/A1 (AO21X2_RVT)                0.0797      1.0000              0.0026      2.8419 r    (105.14,41.34)
  execution_unit_0/register_file_0/U399/Y (AO21X2_RVT)                 0.0754      1.0000              0.1381      2.9799 r    (105.79,41.28)
  execution_unit_0/register_file_0/cpuoff (net)     5      9.1184
  execution_unit_0/register_file_0/cpuoff (omsp_register_file)         0.0754      1.0000              0.0000      2.9799 r    (hierarchical)    h
  execution_unit_0/cpuoff (net)                            9.1184
  execution_unit_0/cpuoff (omsp_execution_unit)                        0.0754      1.0000              0.0000      2.9799 r    (hierarchical)    h
  cpuoff (net)                                             9.1184
  frontend_0/cpuoff (omsp_frontend)                                    0.0754      1.0000              0.0000      2.9799 r    (hierarchical)    h
  frontend_0/cpuoff (net)                                  9.1184
  frontend_0/U69/A2 (NAND2X0_RVT)                                      0.0754      1.0000              0.0006      2.9805 r    (69.19,24.46)
  frontend_0/U69/Y (NAND2X0_RVT)                                       0.0694      1.0000              0.0578      3.0383 f    (69.32,24.53)
  frontend_0/n74 (net)                              1      1.2728
  frontend_0/U68/A4 (AO22X2_RVT)                                       0.0694      1.0000              0.0000      3.0383 f    (73.43,24.31)
  frontend_0/U68/Y (AO22X2_RVT)                                        0.0811      1.0000              0.1221      3.1604 f    (74.02,24.52)
  frontend_0/mclk_enable (net)                      4     13.6289
  frontend_0/mclk_enable (omsp_frontend)                               0.0811      1.0000              0.0000      3.1604 f    (hierarchical)    h
  placeHFSNET_62 (net)                                    13.6289
  clock_module_0/placeHFSNET_62 (omsp_clock_module)                    0.0811      1.0000              0.0000      3.1604 f    (hierarchical)    h
  clock_module_0/placeHFSNET_62 (net)                     13.6289
  clock_module_0/and_lfxt_dis4/placeHFSNET_62 (omsp_and_gate_10)       0.0811      1.0000              0.0000      3.1604 f    (hierarchical)    h
  clock_module_0/and_lfxt_dis4/placeHFSNET_62 (net)       13.6289
  clock_module_0/and_lfxt_dis4/placeHFSINV_8_76/A (INVX0_RVT)          0.0810      1.0000              0.0015      3.1619 f    (81.04,123.28)
  clock_module_0/and_lfxt_dis4/placeHFSINV_8_76/Y (INVX0_RVT)          0.0469      1.0000              0.0461      3.2080 r    (81.25,123.23)
  clock_module_0/and_lfxt_dis4/placeHFSNET_61 (net)
                                                    1      1.0541
  clock_module_0/and_lfxt_dis4/U1/A1 (AND2X1_RVT)                      0.0469      1.0000              0.0000      3.2080 r    (82.04,126.46)
  clock_module_0/and_lfxt_dis4/U1/Y (AND2X1_RVT)                       0.0276      1.0000              0.0545      3.2626 r    (81.53,126.53)
  clock_module_0/and_lfxt_dis4/y (net)              1      0.8693
  clock_module_0/and_lfxt_dis4/y (omsp_and_gate_10)                    0.0276      1.0000              0.0000      3.2626 r    (hierarchical)    h
  clock_module_0/lfxt_disable_by_cpu_en (net)              0.8693
  clock_module_0/U48/A (INVX0_RVT)                                     0.0276      1.0000              0.0000      3.2626 r    (80.37,124.77)
  clock_module_0/U48/Y (INVX0_RVT)                                     0.0237      1.0000              0.0234      3.2860 f    (80.16,124.82)
  clock_module_0/n29 (net)                          1      0.8018
  clock_module_0/and_lfxt_dis5/b (omsp_and_gate_9)                     0.0237      1.0000              0.0000      3.2860 f    (hierarchical)    h
  clock_module_0/and_lfxt_dis5/b (net)                     0.8018
  clock_module_0/and_lfxt_dis5/U1/A1 (AND2X1_RVT)                      0.0237      1.0000              0.0000      3.2860 f    (80.07,126.46)
  clock_module_0/and_lfxt_dis5/U1/Y (AND2X1_RVT)                       0.0438      1.0000              0.0661      3.3521 f    (79.55,126.53)
  clock_module_0/and_lfxt_dis5/y (net)              2      3.4491
  clock_module_0/and_lfxt_dis5/y (omsp_and_gate_9)                     0.0438      1.0000              0.0000      3.3521 f    (hierarchical)    h
  clock_module_0/lfxt_enable_nxt (net)                     3.4491
  clock_module_0/and_lfxt_en_wkup/b (omsp_and_gate_7)                  0.0438      1.0000              0.0000      3.3521 f    (hierarchical)    h
  clock_module_0/and_lfxt_en_wkup/b (net)                  3.4491
  clock_module_0/and_lfxt_en_wkup/U1/A1 (AND2X1_RVT)                   0.0438      1.0000              0.0000      3.3521 f    (73.59,133.14)
  clock_module_0/and_lfxt_en_wkup/U1/Y (AND2X1_RVT)                    0.0311      1.0000              0.0657      3.4178 f    (74.11,133.22)
  clock_module_0/and_lfxt_en_wkup/y (net)           1      1.8477
  clock_module_0/and_lfxt_en_wkup/y (omsp_and_gate_7)                  0.0311      1.0000              0.0000      3.4178 f    (hierarchical)    h
  clock_module_0/lfxt_en_wkup (net)                        1.8477
  clock_module_0/U119/A3 (OR3X1_RVT)                                   0.0311      1.0000              0.0000      3.4178 f    (76.73,140.10)
  clock_module_0/U119/Y (OR3X1_RVT)                                    0.0351      1.0000              0.0676      3.4854 f    (77.15,139.91)
  clock_module_0/N173 (net)                         2      1.7639
  clock_module_0/U114/A1 (OR2X1_RVT)                                   0.0351      1.0000              0.0000      3.4854 f    (79.36,139.94)
  clock_module_0/U114/Y (OR2X1_RVT)                                    0.0294      1.0000              0.0604      3.5458 f    (80.04,139.87)
  clock_module_0/_21_net_ (net)                     1      0.7927
  clock_module_0/scan_mux_lfxt_wkup/data_in_func (omsp_scan_mux_11)    0.0294      1.0000              0.0000      3.5458 f    (hierarchical)    h
  clock_module_0/scan_mux_lfxt_wkup/data_in_func (net)     0.7927
  clock_module_0/scan_mux_lfxt_wkup/U2/A3 (AO22X1_RVT)                 0.0294      1.0000              0.0000      3.5458 f    (78.25,140.59)
  clock_module_0/scan_mux_lfxt_wkup/U2/Y (AO22X1_RVT)                  0.0288      1.0000              0.0546      3.6004 f    (77.81,139.89)
  clock_module_0/scan_mux_lfxt_wkup/data_out (net)
                                                    1      1.0684
  clock_module_0/scan_mux_lfxt_wkup/data_out (omsp_scan_mux_11)        0.0288      1.0000              0.0000      3.6004 f    (hierarchical)    h
  clock_module_0/lfxt_wkup_set_scan (net)                  1.0684
  clock_module_0/sync_cell_lfxt_wkup/rst (omsp_sync_cell_14)           0.0288      1.0000              0.0000      3.6004 f    (hierarchical)    h
  clock_module_0/sync_cell_lfxt_wkup/rst (net)             1.0684
  clock_module_0/sync_cell_lfxt_wkup/U3/A (INVX1_RVT)                  0.0288      1.0000              0.0000      3.6004 f    (75.66,140.01)
  clock_module_0/sync_cell_lfxt_wkup/U3/Y (INVX1_RVT)                  0.0356      1.0000              0.0359      3.6363 r    (75.52,139.90)
  clock_module_0/sync_cell_lfxt_wkup/n1 (net)       2      2.8653
  clock_module_0/sync_cell_lfxt_wkup/data_sync_reg[1]/RSTB (DFFARX1_RVT)
                                                                       0.0356      1.0000              0.0000      3.6364 r    (69.77,134.21)    s, n
  data arrival time                                                                                                3.6364

  clock lfxt_clk' (rise edge)                                                                         20.0000     20.0000
  source latency                                                                                       0.0000     20.0000
  lfxt_clk (in)                                                        0.0000      1.0000              0.0000     20.0000 f    (57.60,211.12)
  lfxt_clk (net)                                    1      1.6170                                                                                d
  cto_buf_drc_3447/A (NBUFFX4_RVT)                                     0.0000      1.0000              0.0000     20.0000 f    (59.16,198.33)
  cto_buf_drc_3447/Y (NBUFFX4_RVT)                                     0.0000      1.0000              0.0000     20.0000 f    (59.82,198.43)
  cts4 (net)                                        2      5.5300                                                                                d
  cts_inv_9453318/A (INVX8_RVT)                                        0.0000      1.0000              0.0000     20.0000 f    (55.28,194.99)
  cts_inv_9453318/Y (INVX8_RVT)                                        0.0000      1.0000              0.0000     20.0000 r    (55.41,195.09)
  ctsbuf_net_2143 (net)                             1      8.2509                                                                                d
  cts_inv_9403313/A (INVX16_RVT)                                       0.0000      1.0000              0.0000     20.0000 r    (55.89,196.85)
  cts_inv_9403313/Y (INVX16_RVT)                                       0.0000      1.0000              0.0000     20.0000 f    (56.02,196.75)
  ctsbuf_net_2042 (net)                            16     27.5705                                                                                d
  clock_module_0/lfxt_clk (omsp_clock_module)                          0.0000      1.0000              0.0000     20.0000 f    (hierarchical)    h
  clock_module_0/lfxt_clk (net)                    16     27.5705                                                                                d
  clock_module_0/clock_gate_aclk/p_abuf0 (omsp_clock_gate_32)          0.0000      1.0000              0.0000     20.0000 f    (hierarchical)    h
  clock_module_0/clock_gate_aclk/p_abuf0 (net)     16     27.5705                                                                                d
  clock_module_0/clock_gate_aclk/U2/A (INVX8_RVT)                      0.0000      1.0000              0.0000     20.0000 f    (83.55,144.83)
  clock_module_0/clock_gate_aclk/U2/Y (INVX8_RVT)                      0.0000      1.0000              0.0000     20.0000 r    (83.68,144.93)
  clock_module_0/clock_gate_aclk/n2 (net)           5      8.1492                                                                                d
  clock_module_0/clock_gate_aclk/n2 (omsp_clock_gate_32)               0.0000      1.0000              0.0000     20.0000 r    (hierarchical)    h
  clock_module_0/cts2 (net)                         5      8.1492                                                                                d
  clock_module_0/sync_cell_lfxt_wkup/clk (omsp_sync_cell_14)           0.0000      1.0000              0.0000     20.0000 r    (hierarchical)    h
  clock_module_0/sync_cell_lfxt_wkup/clk (net)      5      8.1492                                                                                d
  clock_module_0/sync_cell_lfxt_wkup/data_sync_reg[1]/CLK (DFFARX1_RVT)
                                                                       0.0000      1.0000              0.0000     20.0000 r    (68.12,135.56)    s, n

  library setup time                                                               1.0000              0.0355     20.0355
  data required time                                                                                              20.0355
  ----------------------------------------------------------------------------------------------------------------------------------------------------------------
  data required time                                                                                              20.0355
  data arrival time                                                                                               -3.6364
  ----------------------------------------------------------------------------------------------------------------------------------------------------------------
  slack (MET)                                                                                                     16.3991



  Startpoint: dmem_dout[8] (input port clocked by dco_clk)
  Endpoint: pmem_addr[7] (output port clocked by dco_clk)
  Mode: func
  Corner: slow
  Scenario: func_slow
  Path Group: FEEDTHROUGH
  Path Type: max


Attributes
    b - black-box (unknown)
    s - size_only
    d - dont_touch
    u - dont_use
    g - generic
    h - hierarchical
    i - ideal
    n - noncombinational
    E - extracted timing model
    Q - Quick timing model


  Point                                          Fanout     Cap        Trans      Derate    Delta       Incr        Path           Location       Attributes
  ----------------------------------------------------------------------------------------------------------------------------------------------------------------
  clock dco_clk (rise edge)                                                                            0.0000      0.0000
  clock network delay (ideal)                                                                          0.0000      0.0000
  input external delay                                                                                 2.2500      2.2500

  dmem_dout[8] (in)                                                    0.0272      1.0000              0.0095      2.2595 r    (131.93,211.12)
  dmem_dout[8] (net)                                1      2.4661
  mem_backbone_0/dmem_dout[8] (omsp_mem_backbone)                      0.0272      1.0000              0.0095      2.2595 r    (hierarchical)    h
  mem_backbone_0/dmem_dout[8] (net)                        2.4661
  mem_backbone_0/placeZBUF_inst_193/A (NBUFFX4_RVT)                    0.0273      1.0000              0.0001      2.2596 r    (125.51,194.98)
  mem_backbone_0/placeZBUF_inst_193/Y (NBUFFX4_RVT)                    0.0558      1.0000              0.0716      2.3312 r    (124.85,195.09)
  mem_backbone_0/placeZBUF_1 (net)                  2     17.9758
  mem_backbone_0/U101/A3 (AO222X1_RVT)                                 0.0562      1.0000              0.0033      2.3345 r    (31.78,110.50)
  mem_backbone_0/U101/Y (AO222X1_RVT)                                  0.0945      1.0000              0.1610      2.4956 r    (32.68,109.80)
  mem_backbone_0/eu_mdb_in[8] (net)                 4      6.5777
  mem_backbone_0/eu_mdb_in[8] (omsp_mem_backbone)                      0.0945      1.0000              0.0000      2.4956 r    (hierarchical)    h
  eu_mdb_in[8] (net)                                       6.5777
  execution_unit_0/mdb_in[8] (omsp_execution_unit)                     0.0945      1.0000              0.0000      2.4956 r    (hierarchical)    h
  execution_unit_0/mdb_in[8] (net)                         6.5777
  execution_unit_0/U177/A2 (AO22X1_RVT)                                0.0945      1.0000              0.0002      2.4958 r    (38.32,98.31)
  execution_unit_0/U177/Y (AO22X1_RVT)                                 0.0802      1.0000              0.1427      2.6385 r    (39.06,98.13)
  execution_unit_0/mdb_in_bw[0] (net)               3      6.6223
  execution_unit_0/U90/A4 (AO222X1_RVT)                                0.0802      1.0000              0.0004      2.6388 r    (47.29,61.47)
  execution_unit_0/U90/Y (AO222X1_RVT)                                 0.0515      1.0000              0.1322      2.7710 r    (48.34,61.33)
  execution_unit_0/n78 (net)                        1      1.2297
  execution_unit_0/U86/A1 (OR2X1_RVT)                                  0.0515      1.0000              0.0000      2.7710 r    (52.76,59.68)
  execution_unit_0/U86/Y (OR2X1_RVT)                                   0.0788      1.0000              0.1057      2.8767 r    (53.44,59.62)
  execution_unit_0/op_src[0] (net)                  3      7.4451
  execution_unit_0/alu_0/op_src[0] (omsp_alu)                          0.0788      1.0000              0.0000      2.8767 r    (hierarchical)    h
  execution_unit_0/alu_0/op_src[0] (net)                   7.4451
  execution_unit_0/alu_0/U26/A1 (XOR2X2_RVT)                           0.0788      1.0000              0.0001      2.8768 r    (60.68,59.85)
  execution_unit_0/alu_0/U26/Y (XOR2X2_RVT)                            0.0666      1.0000              0.1067      2.9835 r    (61.95,59.64)
  execution_unit_0/alu_0/op_src_inv[0] (net)        6      8.8785
  execution_unit_0/alu_0/add_1_root_add_100_2_C185/U1_0/A (FADDX1_RVT)
                                                                       0.0666      1.0000              0.0002      2.9837 r    (76.76,64.88)
  execution_unit_0/alu_0/add_1_root_add_100_2_C185/U1_0/CO (FADDX1_RVT)
                                                                       0.0542      1.0000              0.1221      3.1058 r    (75.29,64.56)
  execution_unit_0/alu_0/add_1_root_add_100_2_C185/carry[1] (net)
                                                    1      2.3268
  execution_unit_0/alu_0/add_1_root_add_100_2_C185/U1_1/CI (FADDX1_RVT)
                                                                       0.0542      1.0000              0.0000      3.1058 r    (69.47,66.57)
  execution_unit_0/alu_0/add_1_root_add_100_2_C185/U1_1/CO (FADDX1_RVT)
                                                                       0.0524      1.0000              0.1040      3.2098 r    (70.92,66.45)
  execution_unit_0/alu_0/add_1_root_add_100_2_C185/carry[2] (net)
                                                    1      1.9879
  execution_unit_0/alu_0/add_1_root_add_100_2_C185/U1_2/CI (FADDX1_RVT)
                                                                       0.0524      1.0000              0.0000      3.2098 r    (70.83,71.13)
  execution_unit_0/alu_0/add_1_root_add_100_2_C185/U1_2/CO (FADDX1_RVT)
                                                                       0.0522      1.0000              0.1036      3.3134 r    (72.28,71.24)
  execution_unit_0/alu_0/add_1_root_add_100_2_C185/carry[3] (net)
                                                    1      2.0186
  execution_unit_0/alu_0/add_1_root_add_100_2_C185/U1_3/CI (FADDX1_RVT)
                                                                       0.0522      1.0000              0.0000      3.3134 r    (74.03,74.47)
  execution_unit_0/alu_0/add_1_root_add_100_2_C185/U1_3/S (FADDX1_RVT)
                                                                       0.0561      1.0000              0.1620      3.4755 f    (75.16,74.66)
  execution_unit_0/alu_0/N13 (net)                  3      3.0076
  execution_unit_0/alu_0/U143/A3 (OA21X1_RVT)                          0.0561      1.0000              0.0000      3.4755 f    (76.93,74.76)
  execution_unit_0/alu_0/U143/Y (OA21X1_RVT)                           0.0302      1.0000              0.0740      3.5495 f    (77.46,74.67)
  execution_unit_0/alu_0/n9 (net)                   1      0.9082
  execution_unit_0/alu_0/U7/A2 (OR2X1_RVT)                             0.0302      1.0000              0.0000      3.5495 f    (78.25,74.59)
  execution_unit_0/alu_0/U7/Y (OR2X1_RVT)                              0.0516      1.0000              0.0734      3.6228 f    (78.67,74.74)
  execution_unit_0/alu_0/n4 (net)                   3      4.4182
  execution_unit_0/alu_0/U106/A1 (AND2X1_RVT)                          0.0516      1.0000              0.0000      3.6228 f    (79.97,71.43)
  execution_unit_0/alu_0/U106/Y (AND2X1_RVT)                           0.0338      1.0000              0.0698      3.6926 f    (80.49,71.36)
  execution_unit_0/alu_0/add_102_C185_aco/carry[2] (net)
                                                    1      1.9096
  execution_unit_0/alu_0/add_102_C185_aco/U1_2/CI (FADDX1_RVT)         0.0338      1.0000              0.0000      3.6926 f    (80.41,74.47)
  execution_unit_0/alu_0/add_102_C185_aco/U1_2/CO (FADDX1_RVT)         0.0445      1.0000              0.0884      3.7810 f    (81.86,74.59)
  execution_unit_0/alu_0/add_102_C185_aco/carry[3] (net)
                                                    2      2.2445
  execution_unit_0/alu_0/U104/A1 (AND2X1_RVT)                          0.0445      1.0000              0.0000      3.7810 f    (80.37,76.30)
  execution_unit_0/alu_0/U104/Y (AND2X1_RVT)                           0.0287      1.0000              0.0621      3.8432 f    (79.85,76.37)
  execution_unit_0/alu_0/add_102_C185_aco/carry[4] (net)
                                                    1      1.2918
  execution_unit_0/alu_0/U103/A2 (XOR2X1_RVT)                          0.0287      1.0000              0.0000      3.8432 f    (78.23,77.98)
  execution_unit_0/alu_0/U103/Y (XOR2X1_RVT)                           0.0504      1.0000              0.1299      3.9731 r    (76.96,78.06)
  execution_unit_0/alu_0/alu_dadd0[4]1 (net)        1      2.0397
  execution_unit_0/alu_0/add_1_root_add_100_2_C186/U1_0/CI (FADDX1_RVT)
                                                                       0.0504      1.0000              0.0000      3.9731 r    (73.11,81.16)
  execution_unit_0/alu_0/add_1_root_add_100_2_C186/U1_0/CO (FADDX1_RVT)
                                                                       0.0531      1.0000              0.1038      4.0769 r    (74.56,81.28)
  execution_unit_0/alu_0/add_1_root_add_100_2_C186/carry[1] (net)
                                                    1      2.1076
  execution_unit_0/alu_0/add_1_root_add_100_2_C186/U1_1/CI (FADDX1_RVT)
                                                                       0.0531      1.0000              0.0000      4.0769 r    (72.51,84.50)
  execution_unit_0/alu_0/add_1_root_add_100_2_C186/U1_1/CO (FADDX1_RVT)
                                                                       0.0529      1.0000              0.1048      4.1816 r    (73.96,84.62)
  execution_unit_0/alu_0/add_1_root_add_100_2_C186/carry[2] (net)
                                                    1      2.1240
  execution_unit_0/alu_0/add_1_root_add_100_2_C186/U1_2/CI (FADDX1_RVT)
                                                                       0.0529      1.0000              0.0000      4.1817 r    (71.90,87.85)
  execution_unit_0/alu_0/add_1_root_add_100_2_C186/U1_2/CO (FADDX1_RVT)
                                                                       0.0503      1.0000              0.1018      4.2834 r    (73.35,87.96)
  execution_unit_0/alu_0/add_1_root_add_100_2_C186/carry[3] (net)
                                                    1      1.8179
  execution_unit_0/alu_0/add_1_root_add_100_2_C186/U1_3/CI (FADDX1_RVT)
                                                                       0.0503      1.0000              0.0000      4.2835 r    (74.79,91.19)
  execution_unit_0/alu_0/add_1_root_add_100_2_C186/U1_3/S (FADDX1_RVT)
                                                                       0.0562      1.0000              0.1620      4.4455 f    (75.92,91.38)
  execution_unit_0/alu_0/N26 (net)                  3      3.0814
  execution_unit_0/alu_0/U162/A3 (OA21X1_RVT)                          0.0562      1.0000              0.0000      4.4455 f    (77.54,88.14)
  execution_unit_0/alu_0/U162/Y (OA21X1_RVT)                           0.0298      1.0000              0.0743      4.5198 f    (78.07,88.05)
  execution_unit_0/alu_0/n10 (net)                  1      0.9351
  execution_unit_0/alu_0/U6/A2 (OR2X1_RVT)                             0.0298      1.0000              0.0000      4.5198 f    (78.70,89.86)
  execution_unit_0/alu_0/U6/Y (OR2X1_RVT)                              0.0515      1.0000              0.0731      4.5929 f    (79.12,89.71)
  execution_unit_0/alu_0/n3 (net)                   3      4.4029
  execution_unit_0/alu_0/U91/A1 (AND2X1_RVT)                           0.0515      1.0000              0.0000      4.5929 f    (78.91,86.33)
  execution_unit_0/alu_0/U91/Y (AND2X1_RVT)                            0.0314      1.0000              0.0680      4.6610 f    (79.43,86.40)
  execution_unit_0/alu_0/add_102_C186_aco/carry[2] (net)
                                                    1      1.6691
  execution_unit_0/alu_0/add_102_C186_aco/U1_2/CI (FADDX1_RVT)         0.0314      1.0000              0.0000      4.6610 f    (81.78,86.63)
  execution_unit_0/alu_0/add_102_C186_aco/U1_2/CO (FADDX1_RVT)         0.0487      1.0000              0.0917      4.7527 f    (83.23,86.52)
  execution_unit_0/alu_0/add_102_C186_aco/carry[3] (net)
                                                    2      2.7790
  execution_unit_0/alu_0/U89/A1 (AND2X1_RVT)                           0.0487      1.0000              0.0000      4.7527 f    (78.39,91.50)
  execution_unit_0/alu_0/U89/Y (AND2X1_RVT)                            0.0323      1.0000              0.0676      4.8204 f    (77.88,91.42)
  execution_unit_0/alu_0/add_102_C186_aco/carry[4] (net)
                                                    1      1.7950
  execution_unit_0/alu_0/U88/A2 (XOR2X1_RVT)                           0.0323      1.0000              0.0000      4.8204 f    (78.39,98.04)
  execution_unit_0/alu_0/U88/Y (XOR2X1_RVT)                            0.0476      1.0000              0.1285      4.9489 r    (77.12,98.12)
  execution_unit_0/alu_0/alu_dadd1[4]1 (net)        1      1.7102
  execution_unit_0/alu_0/add_1_root_add_100_2_C187/U1_0/CI (FADDX1_RVT)
                                                                       0.0476      1.0000              0.0000      4.9489 r    (75.07,97.88)
  execution_unit_0/alu_0/add_1_root_add_100_2_C187/U1_0/CO (FADDX1_RVT)
                                                                       0.0640      1.0000              0.1129      5.0618 r    (73.62,98.00)
  execution_unit_0/alu_0/add_1_root_add_100_2_C187/carry[1] (net)
                                                    1      3.2901
  execution_unit_0/alu_0/add_1_root_add_100_2_C187/U1_1/CI (FADDX1_RVT)
                                                                       0.0640      1.0000              0.0001      5.0619 r    (69.45,110.04)
  execution_unit_0/alu_0/add_1_root_add_100_2_C187/U1_1/CO (FADDX1_RVT)
                                                                       0.0616      1.0000              0.1159      5.1777 r    (68.00,109.93)
  execution_unit_0/alu_0/add_1_root_add_100_2_C187/carry[2] (net)
                                                    1      3.0327
  execution_unit_0/alu_0/add_1_root_add_100_2_C187/U1_2/CI (FADDX1_RVT)
                                                                       0.0616      1.0000              0.0001      5.1778 r    (63.69,121.29)
  execution_unit_0/alu_0/add_1_root_add_100_2_C187/U1_2/CO (FADDX1_RVT)
                                                                       0.0511      1.0000              0.1039      5.2817 r    (65.14,121.40)
  execution_unit_0/alu_0/add_1_root_add_100_2_C187/carry[3] (net)
                                                    1      1.7546
  execution_unit_0/alu_0/add_1_root_add_100_2_C187/U1_3/CI (FADDX1_RVT)
                                                                       0.0511      1.0000              0.0000      5.2817 r    (66.73,121.29)
  execution_unit_0/alu_0/add_1_root_add_100_2_C187/U1_3/S (FADDX1_RVT)
                                                                       0.0620      1.0000              0.1672      5.4489 f    (67.86,121.48)
  execution_unit_0/alu_0/N39 (net)                  3      3.7605
  execution_unit_0/alu_0/U168/A3 (OA21X1_RVT)                          0.0620      1.0000              0.0000      5.4489 f    (71.26,123.13)
  execution_unit_0/alu_0/U168/Y (OA21X1_RVT)                           0.0307      1.0000              0.0772      5.5262 f    (70.72,123.22)
  execution_unit_0/alu_0/n11 (net)                  1      0.9388
  execution_unit_0/alu_0/U5/A2 (OR2X1_RVT)                             0.0307      1.0000              0.0000      5.5262 f    (72.17,124.75)
  execution_unit_0/alu_0/U5/Y (OR2X1_RVT)                              0.0526      1.0000              0.0742      5.6004 f    (72.59,124.90)
  execution_unit_0/alu_0/n2 (net)                   3      4.5359
  execution_unit_0/alu_0/U86/A1 (AND2X1_RVT)                           0.0526      1.0000              0.0000      5.6004 f    (75.20,121.59)
  execution_unit_0/alu_0/U86/Y (AND2X1_RVT)                            0.0334      1.0000              0.0695      5.6699 f    (74.68,121.52)
  execution_unit_0/alu_0/add_102_C187_aco/carry[2] (net)
                                                    1      1.7965
  execution_unit_0/alu_0/add_102_C187_aco/U1_2/CI (FADDX1_RVT)         0.0334      1.0000              0.0000      5.6699 f    (73.27,123.42)
  execution_unit_0/alu_0/add_102_C187_aco/U1_2/CO (FADDX1_RVT)         0.0489      1.0000              0.0926      5.7625 f    (74.71,123.30)
  execution_unit_0/alu_0/add_102_C187_aco/carry[3] (net)
                                                    2      2.7971
  execution_unit_0/alu_0/U84/A1 (AND2X1_RVT)                           0.0489      1.0000              0.0000      5.7625 f    (68.36,128.28)
  execution_unit_0/alu_0/U84/Y (AND2X1_RVT)                            0.0311      1.0000              0.0662      5.8287 f    (67.85,128.21)
  execution_unit_0/alu_0/add_102_C187_aco/carry[4] (net)
                                                    1      1.5740
  execution_unit_0/alu_0/U83/A2 (XOR2X1_RVT)                           0.0311      1.0000              0.0000      5.8287 f    (70.10,124.79)
  execution_unit_0/alu_0/U83/Y (XOR2X1_RVT)                            0.0530      1.0000              0.1335      5.9622 r    (71.37,124.87)
  execution_unit_0/alu_0/alu_dadd2[4]1 (net)        1      2.3395
  execution_unit_0/alu_0/add_1_root_add_100_2_C188/U1_0/CI (FADDX1_RVT)
                                                                       0.0530      1.0000              0.0000      5.9622 r    (70.07,120.07)
  execution_unit_0/alu_0/add_1_root_add_100_2_C188/U1_0/CO (FADDX1_RVT)
                                                                       0.0500      1.0000              0.1004      6.0625 r    (71.52,119.96)
  execution_unit_0/alu_0/add_1_root_add_100_2_C188/carry[1] (net)
                                                    1      1.6783
  execution_unit_0/alu_0/add_1_root_add_100_2_C188/U1_1/CI (FADDX1_RVT)
                                                                       0.0500      1.0000              0.0000      6.0625 r    (73.11,120.07)
  execution_unit_0/alu_0/add_1_root_add_100_2_C188/U1_1/CO (FADDX1_RVT)
                                                                       0.0488      1.0000              0.0993      6.1619 r    (74.56,119.96)
  execution_unit_0/alu_0/add_1_root_add_100_2_C188/carry[2] (net)
                                                    1      1.6687
  execution_unit_0/alu_0/add_1_root_add_100_2_C188/U1_2/CI (FADDX1_RVT)
                                                                       0.0488      1.0000              0.0000      6.1619 r    (76.00,120.07)
  execution_unit_0/alu_0/add_1_root_add_100_2_C188/U1_2/CO (FADDX1_RVT)
                                                                       0.0529      1.0000              0.1033      6.2652 r    (77.45,119.96)
  execution_unit_0/alu_0/add_1_root_add_100_2_C188/carry[3] (net)
                                                    1      2.1161
  execution_unit_0/alu_0/add_1_root_add_100_2_C188/U1_3/CI (FADDX1_RVT)
                                                                       0.0529      1.0000              0.0000      6.2652 r    (80.26,116.73)
  execution_unit_0/alu_0/add_1_root_add_100_2_C188/U1_3/S (FADDX1_RVT)
                                                                       0.0587      1.0000              0.1650      6.4302 f    (81.39,116.54)
  execution_unit_0/alu_0/N52 (net)                  3      3.3879
  execution_unit_0/alu_0/U173/A3 (OA21X1_RVT)                          0.0587      1.0000              0.0000      6.4303 f    (84.22,119.78)
  execution_unit_0/alu_0/U173/Y (OA21X1_RVT)                           0.0301      1.0000              0.0756      6.5058 f    (84.75,119.87)
  execution_unit_0/alu_0/n12 (net)                  1      0.9437
  execution_unit_0/alu_0/U4/A2 (OR2X1_RVT)                             0.0301      1.0000              0.0000      6.5058 f    (82.86,119.95)
  execution_unit_0/alu_0/U4/Y (OR2X1_RVT)                              0.0536      1.0000              0.0746      6.5805 f    (82.44,119.81)
  execution_unit_0/alu_0/n1 (net)                   3      4.6446
  execution_unit_0/alu_0/U81/A1 (AND2X1_RVT)                           0.0536      1.0000              0.0000      6.5805 f    (81.95,123.11)
  execution_unit_0/alu_0/U81/Y (AND2X1_RVT)                            0.0315      1.0000              0.0688      6.6493 f    (82.47,123.19)
  execution_unit_0/alu_0/add_102_C188_aco/carry[2] (net)
                                                    1      1.6364
  execution_unit_0/alu_0/add_102_C188_aco/U1_2/CI (FADDX1_RVT)         0.0315      1.0000              0.0000      6.6493 f    (84.67,123.42)
  execution_unit_0/alu_0/add_102_C188_aco/U1_2/CO (FADDX1_RVT)         0.0491      1.0000              0.0921      6.7414 f    (86.11,123.30)
  execution_unit_0/alu_0/add_102_C188_aco/carry[3] (net)
                                                    2      2.8245
  execution_unit_0/alu_0/U62/A2 (XOR2X1_RVT)                           0.0491      1.0000              0.0000      6.7414 f    (84.47,113.22)
  execution_unit_0/alu_0/U62/Y (XOR2X1_RVT)                            0.0508      1.0000              0.1237      6.8651 f    (83.20,113.14)
  execution_unit_0/alu_0/alu_dadd3[3] (net)         1      2.2548
  execution_unit_0/alu_0/U198/A1 (AO222X1_RVT)                         0.0508      1.0000              0.0000      6.8651 f    (82.10,101.53)
  execution_unit_0/alu_0/U198/Y (AO222X1_RVT)                          0.0765      1.0000              0.1469      7.0120 f    (83.45,101.46)
  execution_unit_0/alu_0/alu_out[15] (net)          6      6.4849
  execution_unit_0/alu_0/alu_out[15] (omsp_alu)                        0.0765      1.0000              0.0000      7.0120 f    (hierarchical)    h
  execution_unit_0/alu_out[15] (net)                       6.4849
  execution_unit_0/register_file_0/reg_dest_val[15] (omsp_register_file)
                                                                       0.0765      1.0000              0.0000      7.0120 f    (hierarchical)    h
  execution_unit_0/register_file_0/reg_dest_val[15] (net)
                                                           6.4849
  execution_unit_0/register_file_0/U56/A1 (AND2X4_RVT)                 0.0765      1.0000              0.0001      7.0121 f    (89.94,88.00)
  execution_unit_0/register_file_0/U56/Y (AND2X4_RVT)                  0.0875      1.0000              0.1425      7.1546 f    (90.52,88.08)
  execution_unit_0/register_file_0/pc_sw[15] (net)
                                                   15     26.1795
  execution_unit_0/register_file_0/pc_sw[15] (omsp_register_file)      0.0875      1.0000              0.0000      7.1546 f    (hierarchical)    h
  execution_unit_0/pc_sw[15] (net)                        26.1795
  execution_unit_0/pc_sw[15] (omsp_execution_unit)                     0.0875      1.0000              0.0000      7.1546 f    (hierarchical)    h
  pc_sw[15] (net)                                         26.1795
  frontend_0/pc_sw[15] (omsp_frontend)                                 0.0875      1.0000              0.0000      7.1546 f    (hierarchical)    h
  frontend_0/pc_sw[15] (net)                              26.1795
  frontend_0/U23/A3 (AO221X1_RVT)                                      0.0875      1.0000              0.0000      7.1546 f    (89.54,80.40)
  frontend_0/U23/Y (AO221X1_RVT)                                       0.0555      1.0000              0.1312      7.2858 f    (90.29,79.70)
  frontend_0/mab[15] (net)                          3      3.7091
  frontend_0/mab[15] (omsp_frontend)                                   0.0555      1.0000              0.0000      7.2858 f    (hierarchical)    h
  fe_mab[15] (net)                                         3.7091
  mem_backbone_0/fe_mab[14] (omsp_mem_backbone)                        0.0555      1.0000              0.0000      7.2858 f    (hierarchical)    h
  mem_backbone_0/fe_mab[14] (net)                          3.7091
  mem_backbone_0/U24/A3 (AND4X1_RVT)                                   0.0555      1.0000              0.0000      7.2858 f    (90.25,82.83)
  mem_backbone_0/U24/Y (AND4X1_RVT)                                    0.0475      1.0000              0.1130      7.3988 f    (89.43,83.06)
  mem_backbone_0/fe_pmem_sel (net)                  1      1.6819
  mem_backbone_0/U179/A1 (NAND2X2_RVT)                                 0.0475      1.0000              0.0000      7.3988 f    (84.46,79.64)
  mem_backbone_0/U179/Y (NAND2X2_RVT)                                  0.0578      1.0000              0.1108      7.5097 r    (85.28,79.72)
  mem_backbone_0/n11 (net)                          3      9.7024
  mem_backbone_0/U174/A2 (NAND4X0_RVT)                                 0.0578      1.0000              0.0002      7.5099 r    (91.31,114.75)
  mem_backbone_0/U174/Y (NAND4X0_RVT)                                  0.1993      1.0000              0.1513      7.6612 f    (91.32,114.83)
  mem_backbone_0/n14 (net)                          3      4.7426
  mem_backbone_0/U39/A1 (AND2X2_RVT)                                   0.1993      1.0000              0.0000      7.6612 f    (93.96,114.90)
  mem_backbone_0/U39/Y (AND2X2_RVT)                                    0.0988      1.0000              0.1776      7.8389 f    (94.47,114.83)
  mem_backbone_0/n10 (net)                         12     15.5581
  mem_backbone_0/U30/A4 (AO222X1_RVT)                                  0.0988      1.0000              0.0007      7.8395 f    (105.97,96.29)
  mem_backbone_0/U30/Y (AO222X1_RVT)                                   0.0876      1.0000              0.1622      8.0017 f    (107.01,96.43)
  mem_backbone_0/pmem_addr[7] (net)                 1      7.8161
  mem_backbone_0/pmem_addr[7] (omsp_mem_backbone)                      0.0876      1.0000              0.0000      8.0017 f    (hierarchical)    h
  pmem_addr[7] (net)                                       7.8161
  pmem_addr[7] (out)                                                   0.0876      1.0000              0.0007      8.0024 f    (211.88,100.77)
  data arrival time                                                                                                8.0024

  clock dco_clk (rise edge)                                                                           40.0000     40.0000
  clock network delay (ideal)                                                                          0.0000     40.0000
  output external delay                                                                               -0.6400     39.3600
  data required time                                                                                              39.3600
  ----------------------------------------------------------------------------------------------------------------------------------------------------------------
  data required time                                                                                              39.3600
  data arrival time                                                                                               -8.0024
  ----------------------------------------------------------------------------------------------------------------------------------------------------------------
  slack (MET)                                                                                                     31.3576



  Startpoint: dmem_dout[8] (input port clocked by dco_clk)
  Endpoint: clock_module_0/sync_cell_dco_wkup/data_sync_reg[1] (recovery check against rising-edge clock clocked by dco_clk')
  Mode: func
  Corner: slow
  Scenario: func_slow
  Path Group: REGIN
  Path Type: max


Attributes
    b - black-box (unknown)
    s - size_only
    d - dont_touch
    u - dont_use
    g - generic
    h - hierarchical
    i - ideal
    n - noncombinational
    E - extracted timing model
    Q - Quick timing model


  Point                                          Fanout     Cap        Trans      Derate    Delta       Incr        Path           Location       Attributes
  ----------------------------------------------------------------------------------------------------------------------------------------------------------------
  clock dco_clk (rise edge)                                                                            0.0000      0.0000
  clock network delay (ideal)                                                                          0.0000      0.0000
  input external delay                                                                                 2.2500      2.2500

  dmem_dout[8] (in)                                                    0.0272      1.0000              0.0095      2.2595 r    (131.93,211.12)
  dmem_dout[8] (net)                                1      2.4661
  mem_backbone_0/dmem_dout[8] (omsp_mem_backbone)                      0.0272      1.0000              0.0095      2.2595 r    (hierarchical)    h
  mem_backbone_0/dmem_dout[8] (net)                        2.4661
  mem_backbone_0/placeZBUF_inst_193/A (NBUFFX4_RVT)                    0.0273      1.0000              0.0001      2.2596 r    (125.51,194.98)
  mem_backbone_0/placeZBUF_inst_193/Y (NBUFFX4_RVT)                    0.0558      1.0000              0.0716      2.3312 r    (124.85,195.09)
  mem_backbone_0/placeZBUF_1 (net)                  2     17.9758
  mem_backbone_0/U101/A3 (AO222X1_RVT)                                 0.0562      1.0000              0.0033      2.3345 r    (31.78,110.50)
  mem_backbone_0/U101/Y (AO222X1_RVT)                                  0.0945      1.0000              0.1610      2.4956 r    (32.68,109.80)
  mem_backbone_0/eu_mdb_in[8] (net)                 4      6.5777
  mem_backbone_0/eu_mdb_in[8] (omsp_mem_backbone)                      0.0945      1.0000              0.0000      2.4956 r    (hierarchical)    h
  eu_mdb_in[8] (net)                                       6.5777
  execution_unit_0/mdb_in[8] (omsp_execution_unit)                     0.0945      1.0000              0.0000      2.4956 r    (hierarchical)    h
  execution_unit_0/mdb_in[8] (net)                         6.5777
  execution_unit_0/U177/A2 (AO22X1_RVT)                                0.0945      1.0000              0.0002      2.4958 r    (38.32,98.31)
  execution_unit_0/U177/Y (AO22X1_RVT)                                 0.0802      1.0000              0.1427      2.6385 r    (39.06,98.13)
  execution_unit_0/mdb_in_bw[0] (net)               3      6.6223
  execution_unit_0/U90/A4 (AO222X1_RVT)                                0.0802      1.0000              0.0004      2.6388 r    (47.29,61.47)
  execution_unit_0/U90/Y (AO222X1_RVT)                                 0.0515      1.0000              0.1322      2.7710 r    (48.34,61.33)
  execution_unit_0/n78 (net)                        1      1.2297
  execution_unit_0/U86/A1 (OR2X1_RVT)                                  0.0515      1.0000              0.0000      2.7710 r    (52.76,59.68)
  execution_unit_0/U86/Y (OR2X1_RVT)                                   0.0788      1.0000              0.1057      2.8767 r    (53.44,59.62)
  execution_unit_0/op_src[0] (net)                  3      7.4451
  execution_unit_0/alu_0/op_src[0] (omsp_alu)                          0.0788      1.0000              0.0000      2.8767 r    (hierarchical)    h
  execution_unit_0/alu_0/op_src[0] (net)                   7.4451
  execution_unit_0/alu_0/U26/A1 (XOR2X2_RVT)                           0.0788      1.0000              0.0001      2.8768 r    (60.68,59.85)
  execution_unit_0/alu_0/U26/Y (XOR2X2_RVT)                            0.0645      1.0000              0.1388      3.0156 f    (61.95,59.64)
  execution_unit_0/alu_0/op_src_inv[0] (net)        6      8.8546
  execution_unit_0/alu_0/add_1_root_add_100_2_C185/U1_0/A (FADDX1_RVT)
                                                                       0.0645      1.0000              0.0002      3.0158 f    (76.76,64.88)
  execution_unit_0/alu_0/add_1_root_add_100_2_C185/U1_0/CO (FADDX1_RVT)
                                                                       0.0457      1.0000              0.1121      3.1279 f    (75.29,64.56)
  execution_unit_0/alu_0/add_1_root_add_100_2_C185/carry[1] (net)
                                                    1      2.3223
  execution_unit_0/alu_0/add_1_root_add_100_2_C185/U1_1/CI (FADDX1_RVT)
                                                                       0.0457      1.0000              0.0000      3.1280 f    (69.47,66.57)
  execution_unit_0/alu_0/add_1_root_add_100_2_C185/U1_1/CO (FADDX1_RVT)
                                                                       0.0459      1.0000              0.0906      3.2186 f    (70.92,66.45)
  execution_unit_0/alu_0/add_1_root_add_100_2_C185/carry[2] (net)
                                                    1      1.9834
  execution_unit_0/alu_0/add_1_root_add_100_2_C185/U1_2/CI (FADDX1_RVT)
                                                                       0.0459      1.0000              0.0000      3.2186 f    (70.83,71.13)
  execution_unit_0/alu_0/add_1_root_add_100_2_C185/U1_2/CO (FADDX1_RVT)
                                                                       0.0434      1.0000              0.0910      3.3096 f    (72.28,71.24)
  execution_unit_0/alu_0/add_1_root_add_100_2_C185/carry[3] (net)
                                                    1      2.0140
  execution_unit_0/alu_0/add_1_root_add_100_2_C185/U1_3/CI (FADDX1_RVT)
                                                                       0.0434      1.0000              0.0000      3.3096 f    (74.03,74.47)
  execution_unit_0/alu_0/add_1_root_add_100_2_C185/U1_3/S (FADDX1_RVT)
                                                                       0.0549      1.0000              0.1626      3.4722 r    (75.16,74.66)
  execution_unit_0/alu_0/N13 (net)                  3      3.0184
  execution_unit_0/alu_0/U143/A3 (OA21X1_RVT)                          0.0549      1.0000              0.0000      3.4722 r    (76.93,74.76)
  execution_unit_0/alu_0/U143/Y (OA21X1_RVT)                           0.0314      1.0000              0.0703      3.5426 r    (77.46,74.67)
  execution_unit_0/alu_0/n9 (net)                   1      0.9151
  execution_unit_0/alu_0/U7/A2 (OR2X1_RVT)                             0.0314      1.0000              0.0000      3.5426 r    (78.25,74.59)
  execution_unit_0/alu_0/U7/Y (OR2X1_RVT)                              0.0542      1.0000              0.0747      3.6173 r    (78.67,74.74)
  execution_unit_0/alu_0/n4 (net)                   3      4.4309
  execution_unit_0/alu_0/U106/A1 (AND2X1_RVT)                          0.0542      1.0000              0.0000      3.6173 r    (79.97,71.43)
  execution_unit_0/alu_0/U106/Y (AND2X1_RVT)                           0.0344      1.0000              0.0637      3.6810 r    (80.49,71.36)
  execution_unit_0/alu_0/add_102_C185_aco/carry[2] (net)
                                                    1      1.9142
  execution_unit_0/alu_0/add_102_C185_aco/U1_2/CI (FADDX1_RVT)         0.0344      1.0000              0.0000      3.6810 r    (80.41,74.47)
  execution_unit_0/alu_0/add_102_C185_aco/U1_2/CO (FADDX1_RVT)         0.0530      1.0000              0.0999      3.7810 r    (81.86,74.59)
  execution_unit_0/alu_0/add_102_C185_aco/carry[3] (net)
                                                    2      2.2463
  execution_unit_0/alu_0/U104/A1 (AND2X1_RVT)                          0.0530      1.0000              0.0000      3.7810 r    (80.37,76.30)
  execution_unit_0/alu_0/U104/Y (AND2X1_RVT)                           0.0298      1.0000              0.0590      3.8400 r    (79.85,76.37)
  execution_unit_0/alu_0/add_102_C185_aco/carry[4] (net)
                                                    1      1.2925
  execution_unit_0/alu_0/U103/A2 (XOR2X1_RVT)                          0.0298      1.0000              0.0000      3.8400 r    (78.23,77.98)
  execution_unit_0/alu_0/U103/Y (XOR2X1_RVT)                           0.0491      1.0000              0.1306      3.9705 f    (76.96,78.06)
  execution_unit_0/alu_0/alu_dadd0[4]1 (net)        1      2.0351
  execution_unit_0/alu_0/add_1_root_add_100_2_C186/U1_0/CI (FADDX1_RVT)
                                                                       0.0491      1.0000              0.0000      3.9706 f    (73.11,81.16)
  execution_unit_0/alu_0/add_1_root_add_100_2_C186/U1_0/S (FADDX1_RVT)
                                                                       0.0413      1.0000              0.1505      4.1210 r    (74.25,81.35)
  execution_unit_0/alu_0/alu_dadd1[0] (net)         1      1.2215
  execution_unit_0/alu_0/U17/A1 (AO222X1_RVT)                          0.0413      1.0000              0.0000      4.1210 r    (79.21,79.64)
  execution_unit_0/alu_0/U17/Y (AO222X1_RVT)                           0.0525      1.0000              0.1369      4.2580 r    (80.56,79.71)
  execution_unit_0/alu_0/aps_rename_20_ (net)       1      1.3421
  execution_unit_0/alu_0/clockcopt_h_inst_5229/A (NBUFFX4_RVT)         0.0525      1.0000              0.0000      4.2580 r    (84.69,81.29)
  execution_unit_0/alu_0/clockcopt_h_inst_5229/Y (NBUFFX4_RVT)         0.0795      1.0000              0.0946      4.3526 r    (85.36,81.39)
  execution_unit_0/alu_0/alu_out[4] (net)          19     28.9387
  execution_unit_0/alu_0/alu_out[4] (omsp_alu)                         0.0795      1.0000              0.0000      4.3526 r    (hierarchical)    h
  execution_unit_0/placeHFSNET_68 (net)                   28.9387
  execution_unit_0/register_file_0/placeHFSNET_68 (omsp_register_file)
                                                                       0.0795      1.0000              0.0000      4.3526 r    (hierarchical)    h
  execution_unit_0/register_file_0/placeHFSNET_68 (net)   28.9387
  execution_unit_0/register_file_0/U399/A1 (AO21X2_RVT)                0.0797      1.0000              0.0026      4.3552 r    (105.14,41.34)
  execution_unit_0/register_file_0/U399/Y (AO21X2_RVT)                 0.0754      1.0000              0.1381      4.4933 r    (105.79,41.28)
  execution_unit_0/register_file_0/cpuoff (net)     5      9.1184
  execution_unit_0/register_file_0/cpuoff (omsp_register_file)         0.0754      1.0000              0.0000      4.4933 r    (hierarchical)    h
  execution_unit_0/cpuoff (net)                            9.1184
  execution_unit_0/cpuoff (omsp_execution_unit)                        0.0754      1.0000              0.0000      4.4933 r    (hierarchical)    h
  cpuoff (net)                                             9.1184
  frontend_0/cpuoff (omsp_frontend)                                    0.0754      1.0000              0.0000      4.4933 r    (hierarchical)    h
  frontend_0/cpuoff (net)                                  9.1184
  frontend_0/U69/A2 (NAND2X0_RVT)                                      0.0754      1.0000              0.0006      4.4939 r    (69.19,24.46)
  frontend_0/U69/Y (NAND2X0_RVT)                                       0.0694      1.0000              0.0578      4.5516 f    (69.32,24.53)
  frontend_0/n74 (net)                              1      1.2728
  frontend_0/U68/A4 (AO22X2_RVT)                                       0.0694      1.0000              0.0000      4.5517 f    (73.43,24.31)
  frontend_0/U68/Y (AO22X2_RVT)                                        0.0811      1.0000              0.1221      4.6737 f    (74.02,24.52)
  frontend_0/mclk_enable (net)                      4     13.6289
  frontend_0/mclk_enable (omsp_frontend)                               0.0811      1.0000              0.0000      4.6737 f    (hierarchical)    h
  placeHFSNET_62 (net)                                    13.6289
  clock_module_0/placeHFSNET_62 (omsp_clock_module)                    0.0811      1.0000              0.0000      4.6737 f    (hierarchical)    h
  clock_module_0/placeHFSNET_62 (net)                     13.6289
  clock_module_0/and_cpuoff_mclk_en/b (omsp_and_gate_0)                0.0811      1.0000              0.0000      4.6737 f    (hierarchical)    h
  clock_module_0/and_cpuoff_mclk_en/b (net)               13.6289
  clock_module_0/and_cpuoff_mclk_en/U1/A1 (AND2X2_RVT)                 0.0811      1.0000              0.0004      4.6741 f    (81.19,39.51)
  clock_module_0/and_cpuoff_mclk_en/U1/Y (AND2X2_RVT)                  0.0599      1.0000              0.1126      4.7867 f    (81.71,39.59)
  clock_module_0/and_cpuoff_mclk_en/y (net)         1      8.8156
  clock_module_0/and_cpuoff_mclk_en/y (omsp_and_gate_0)                0.0599      1.0000              0.0000      4.7867 f    (hierarchical)    h
  clock_module_0/cpuoff_and_mclk_enable (net)              8.8156
  clock_module_0/and_dco_dis1/b (omsp_and_gate_21)                     0.0599      1.0000              0.0000      4.7867 f    (hierarchical)    h
  clock_module_0/and_dco_dis1/b (net)                      8.8156
  clock_module_0/and_dco_dis1/U1/A1 (AND2X1_RVT)                       0.0599      1.0000              0.0007      4.7874 f    (87.12,119.77)
  clock_module_0/and_dco_dis1/U1/Y (AND2X1_RVT)                        0.0259      1.0000              0.0661      4.8535 f    (87.64,119.84)
  clock_module_0/and_dco_dis1/y (net)               1      0.8688
  clock_module_0/and_dco_dis1/y (omsp_and_gate_21)                     0.0259      1.0000              0.0000      4.8535 f    (hierarchical)    h
  clock_module_0/cpu_enabled_with_dco (net)                0.8688
  clock_module_0/U55/A2 (NOR2X0_RVT)                                   0.0259      1.0000              0.0000      4.8535 f    (88.12,121.32)
  clock_module_0/U55/Y (NOR2X0_RVT)                                    0.0229      1.0000              0.0712      4.9247 r    (88.85,121.52)
  clock_module_0/n117 (net)                         1      1.0244
  clock_module_0/and_dco_dis2/b (omsp_and_gate_20)                     0.0229      1.0000              0.0000      4.9247 r    (hierarchical)    h
  clock_module_0/and_dco_dis2/b (net)                      1.0244
  clock_module_0/and_dco_dis2/U1/A1 (AND2X1_RVT)                       0.0229      1.0000              0.0000      4.9247 r    (91.53,121.59)
  clock_module_0/and_dco_dis2/U1/Y (AND2X1_RVT)                        0.0269      1.0000              0.0493      4.9740 r    (92.04,121.52)
  clock_module_0/and_dco_dis2/y (net)               1      0.9479
  clock_module_0/and_dco_dis2/y (omsp_and_gate_20)                     0.0269      1.0000              0.0000      4.9740 r    (hierarchical)    h
  clock_module_0/dco_not_enabled_by_dbg (net)              0.9479
  clock_module_0/and_dco_dis3/b (omsp_and_gate_19)                     0.0269      1.0000              0.0000      4.9740 r    (hierarchical)    h
  clock_module_0/and_dco_dis3/b (net)                      0.9479
  clock_module_0/and_dco_dis3/U1/A1 (AND2X1_RVT)                       0.0269      1.0000              0.0000      4.9740 r    (92.68,119.77)
  clock_module_0/and_dco_dis3/U1/Y (AND2X1_RVT)                        0.0273      1.0000              0.0515      5.0255 r    (92.17,119.84)
  clock_module_0/and_dco_dis3/y (net)               1      1.0872
  clock_module_0/and_dco_dis3/y (omsp_and_gate_19)                     0.0273      1.0000              0.0000      5.0255 r    (hierarchical)    h
  clock_module_0/dco_disable_by_scg0 (net)                 1.0872
  clock_module_0/U45/A (INVX0_RVT)                                     0.0273      1.0000              0.0000      5.0255 r    (91.46,123.28)
  clock_module_0/U45/Y (INVX0_RVT)                                     0.0315      1.0000              0.0301      5.0556 f    (91.25,123.23)
  clock_module_0/n23 (net)                          1      1.4900
  clock_module_0/and_dco_dis5/a (omsp_and_gate_17)                     0.0315      1.0000              0.0000      5.0556 f    (hierarchical)    h
  clock_module_0/and_dco_dis5/a (net)                      1.4900
  clock_module_0/and_dco_dis5/U1/A2 (AND2X1_RVT)                       0.0315      1.0000              0.0000      5.0556 f    (87.57,128.13)
  clock_module_0/and_dco_dis5/U1/Y (AND2X1_RVT)                        0.0388      1.0000              0.0696      5.1252 f    (88.24,128.21)
  clock_module_0/and_dco_dis5/y (net)               2      2.8209
  clock_module_0/and_dco_dis5/y (omsp_and_gate_17)                     0.0388      1.0000              0.0000      5.1252 f    (hierarchical)    h
  clock_module_0/dco_enable_nxt (net)                      2.8209
  clock_module_0/and_dco_en_wkup/b (omsp_and_gate_15)                  0.0388      1.0000              0.0000      5.1252 f    (hierarchical)    h
  clock_module_0/and_dco_en_wkup/b (net)                   2.8209
  clock_module_0/and_dco_en_wkup/U1/A1 (AND2X1_RVT)                    0.0388      1.0000              0.0000      5.1252 f    (92.83,123.11)
  clock_module_0/and_dco_en_wkup/U1/Y (AND2X1_RVT)                     0.0344      1.0000              0.0652      5.1904 f    (92.32,123.19)
  clock_module_0/and_dco_en_wkup/y (net)            1      2.1201
  clock_module_0/and_dco_en_wkup/y (omsp_and_gate_15)                  0.0344      1.0000              0.0000      5.1904 f    (hierarchical)    h
  clock_module_0/dco_en_wkup (net)                         2.1201
  clock_module_0/U120/A3 (OR3X1_RVT)                                   0.0344      1.0000              0.0000      5.1905 f    (89.85,133.41)
  clock_module_0/U120/Y (OR3X1_RVT)                                    0.0364      1.0000              0.0697      5.2601 f    (89.43,133.22)
  clock_module_0/N169 (net)                         2      1.9097
  clock_module_0/U112/A1 (OR2X1_RVT)                                   0.0364      1.0000              0.0000      5.2601 f    (88.74,133.25)
  clock_module_0/U112/Y (OR2X1_RVT)                                    0.0311      1.0000              0.0629      5.3230 f    (88.06,133.18)
  clock_module_0/_9_net_ (net)                      1      1.0393
  clock_module_0/scan_mux_dco_wkup/data_in_func (omsp_scan_mux_1)      0.0311      1.0000              0.0000      5.3230 f    (hierarchical)    h
  clock_module_0/scan_mux_dco_wkup/data_in_func (net)      1.0393
  clock_module_0/scan_mux_dco_wkup/U2/A3 (AO22X1_RVT)                  0.0311      1.0000              0.0000      5.3230 f    (86.66,130.56)
  clock_module_0/scan_mux_dco_wkup/U2/Y (AO22X1_RVT)                   0.0302      1.0000              0.0568      5.3798 f    (87.09,129.86)
  clock_module_0/scan_mux_dco_wkup/data_out (net)
                                                    1      1.2767
  clock_module_0/scan_mux_dco_wkup/data_out (omsp_scan_mux_1)          0.0302      1.0000              0.0000      5.3798 f    (hierarchical)    h
  clock_module_0/dco_wkup_set_scan (net)                   1.2767
  clock_module_0/sync_cell_dco_wkup/rst (omsp_sync_cell_0)             0.0302      1.0000              0.0000      5.3798 f    (hierarchical)    h
  clock_module_0/sync_cell_dco_wkup/rst (net)              1.2767
  clock_module_0/sync_cell_dco_wkup/U3/A (INVX1_RVT)                   0.0302      1.0000              0.0000      5.3798 f    (86.82,126.63)
  clock_module_0/sync_cell_dco_wkup/U3/Y (INVX1_RVT)                   0.0392      1.0000              0.0389      5.4187 r    (86.95,126.53)
  clock_module_0/sync_cell_dco_wkup/n1 (net)        2      3.2830
  clock_module_0/sync_cell_dco_wkup/data_sync_reg[1]/RSTB (DFFARX1_RVT)
                                                                       0.0392      1.0000              0.0001      5.4187 r    (96.52,120.84)    s, n
  data arrival time                                                                                                5.4187

  clock dco_clk' (rise edge)                                                                          20.0000     20.0000
  source latency                                                                                       0.0000     20.0000
  dco_clk (in)                                                         0.0000      1.0000              0.0000     20.0000 f    (157.77,211.12)
  dco_clk (net)                                     4     25.6736                                                                                d
  cts_inv_8993272/A (IBUFFX2_RVT)                                      0.0000      1.0000              0.0000     20.0000 f    (155.37,196.85)
  cts_inv_8993272/Y (IBUFFX2_RVT)                                      0.0000      1.0000              0.0000     20.0000 r    (156.19,196.75)
  ctsbuf_net_1941 (net)                             1      0.7026                                                                                d
  cts_inv_8943267/A (IBUFFX8_RVT)                                      0.0000      1.0000              0.0000     20.0000 r    (155.07,198.34)
  cts_inv_8943267/Y (IBUFFX8_RVT)                                      0.0000      1.0000              0.0000     20.0000 f    (156.49,198.43)
  ctsbuf_net_1840 (net)                            17     29.6653                                                                                d
  clock_module_0/dco_clk (omsp_clock_module)                           0.0000      1.0000              0.0000     20.0000 f    (hierarchical)    h
  clock_module_0/dco_clk (net)                     17     29.6653                                                                                d
  clock_module_0/clock_gate_smclk/p_abuf1 (omsp_clock_gate_31)         0.0000      1.0000              0.0000     20.0000 f    (hierarchical)    h
  clock_module_0/clock_gate_smclk/p_abuf1 (net)    17     29.6653                                                                                d
  clock_module_0/clock_gate_smclk/U2/A (INVX2_RVT)                     0.0000      1.0000              0.0000     20.0000 f    (115.47,134.79)
  clock_module_0/clock_gate_smclk/U2/Y (INVX2_RVT)                     0.0000      1.0000              0.0000     20.0000 r    (115.60,134.90)
  clock_module_0/clock_gate_smclk/n2 (net)          6     10.8455                                                                                d
  clock_module_0/clock_gate_smclk/n2 (omsp_clock_gate_31)              0.0000      1.0000              0.0000     20.0000 r    (hierarchical)    h
  clock_module_0/cts0 (net)                         6     10.8455                                                                                d
  clock_module_0/sync_cell_dco_wkup/clk (omsp_sync_cell_0)             0.0000      1.0000              0.0000     20.0000 r    (hierarchical)    h
  clock_module_0/sync_cell_dco_wkup/clk (net)       6     10.8455                                                                                d
  clock_module_0/sync_cell_dco_wkup/data_sync_reg[1]/CLK (DFFARX1_RVT)
                                                                       0.0000      1.0000              0.0000     20.0000 r    (94.87,122.18)    s, n

  library setup time                                                               1.0000              0.0355     20.0355
  data required time                                                                                              20.0355
  ----------------------------------------------------------------------------------------------------------------------------------------------------------------
  data required time                                                                                              20.0355
  data arrival time                                                                                               -5.4187
  ----------------------------------------------------------------------------------------------------------------------------------------------------------------
  slack (MET)                                                                                                     14.6168



  Startpoint: frontend_0/e_state_reg[1] (rising edge-triggered flip-flop clocked by dco_clk)
  Endpoint: pmem_addr[7] (output port clocked by dco_clk)
  Mode: func
  Corner: slow
  Scenario: func_slow
  Path Group: REGOUT
  Path Type: max


Attributes
    b - black-box (unknown)
    s - size_only
    d - dont_touch
    u - dont_use
    g - generic
    h - hierarchical
    i - ideal
    n - noncombinational
    E - extracted timing model
    Q - Quick timing model


  Point                                          Fanout     Cap        Trans      Derate    Delta       Incr        Path           Location       Attributes
  ----------------------------------------------------------------------------------------------------------------------------------------------------------------
  clock dco_clk (rise edge)                                                                            0.0000      0.0000
  source latency                                                                                       0.0000      0.0000
  dco_clk (in)                                                         0.0000      1.0000              0.0000      0.0000 r    (157.77,211.12)
  dco_clk (net)                                     4     26.2634                                                                                d
  clock_module_0/p_abuf15 (omsp_clock_module)                          0.0000      1.0000              0.0000      0.0000 r    (hierarchical)    h
  clock_module_0/p_abuf15 (net)                     4     26.2634                                                                                d
  clock_module_0/clock_gate_mclk/clk (omsp_clock_gate_0)               0.0000      1.0000              0.0000      0.0000 r    (hierarchical)    h
  clock_module_0/clock_gate_mclk/clk (net)          4     26.2634                                                                                d
  clock_module_0/clock_gate_mclk/U3/A2 (AND2X4_RVT)                    0.0000      1.0000              0.0000      0.0000 r    (71.46,64.59)     s
  clock_module_0/clock_gate_mclk/U3/Y (AND2X4_RVT)                     0.0000      1.0000              0.0000      0.0000 r    (72.28,64.67)     s
  clock_module_0/clock_gate_mclk/gclk (net)         1     11.1499                                                                                d
  clock_module_0/clock_gate_mclk/cts_inv_8313204/A (INVX16_RVT)        0.0000      1.0000              0.0000      0.0000 r    (73.83,69.78)
  clock_module_0/clock_gate_mclk/cts_inv_8313204/Y (INVX16_RVT)        0.0000      1.0000              0.0000      0.0000 f    (73.96,69.68)
  clock_module_0/clock_gate_mclk/ctsbuf_net_1335 (net)
                                                    1     10.6641                                                                                d
  clock_module_0/clock_gate_mclk/cts_inv_8263199/A (INVX16_RVT)        0.0000      1.0000              0.0000      0.0000 f    (73.83,67.91)
  clock_module_0/clock_gate_mclk/cts_inv_8263199/Y (INVX16_RVT)        0.0000      1.0000              0.0000      0.0000 r    (73.96,68.02)
  clock_module_0/clock_gate_mclk/p_abuf5 (net)      3     27.5456                                                                                d
  clock_module_0/clock_gate_mclk/cts_inv_8213194/A (INVX16_RVT)        0.0000      1.0000              0.0000      0.0000 r    (22.45,81.29)
  clock_module_0/clock_gate_mclk/cts_inv_8213194/Y (INVX16_RVT)        0.0000      1.0000              0.0000      0.0000 f    (22.58,81.39)
  clock_module_0/clock_gate_mclk/ctsbuf_net_1133 (net)
                                                    1     24.7647                                                                                d
  clock_module_0/clock_gate_mclk/cts_inv_8163189/A (INVX32_RVT)        0.0000      1.0000              0.0000      0.0000 f    (65.47,87.98)
  clock_module_0/clock_gate_mclk/cts_inv_8163189/Y (INVX32_RVT)        0.0000      1.0000              0.0000      0.0000 r    (65.60,88.08)
  clock_module_0/clock_gate_mclk/p_abuf3 (net)     43     88.0325                                                                                d
  clock_module_0/clock_gate_mclk/p_abuf3 (omsp_clock_gate_0)           0.0000      1.0000              0.0000      0.0000 r    (hierarchical)    h
  clock_module_0/p_abuf11 (net)                    43     88.0325                                                                                d
  clock_module_0/p_abuf11 (omsp_clock_module)                          0.0000      1.0000              0.0000      0.0000 r    (hierarchical)    h
  p_abuf8 (net)                                    43     88.0325                                                                                d
  frontend_0/p_abuf3 (omsp_frontend)                                   0.0000      1.0000              0.0000      0.0000 r    (hierarchical)    h
  frontend_0/p_abuf3 (net)                         43     88.0325                                                                                d
  frontend_0/e_state_reg[1]/CLK (DFFARX1_RVT)                          0.0000      1.0000              0.0000      0.0000 r    (26.32,12.17)     s, n

  frontend_0/e_state_reg[1]/CLK (DFFARX1_RVT)                          0.0000      1.0000              0.0000      0.0000 r    (26.32,12.17)     s, n
  frontend_0/e_state_reg[1]/Q (DFFARX1_RVT)                            0.0303      1.0000              0.1573      0.1573 f    (29.50,12.82)     s, n
  frontend_0/e_state[1] (net)                       1      0.8192
  frontend_0/e_state[1] (omsp_frontend)                                0.0303      1.0000              0.0000      0.1573 f    (hierarchical)    h
  e_state[1] (net)                                         0.8192
  placeZBUF_inst_524/A (NBUFFX2_RVT)                                   0.0303      1.0000              0.0000      0.1573 f    (30.82,12.93)
  placeZBUF_inst_524/Y (NBUFFX2_RVT)                                   0.0684      1.0000              0.0815      0.2388 f    (30.30,12.83)
  placeZBUF_115 (net)                              11     12.6290
  execution_unit_0/e_state[1] (omsp_execution_unit)                    0.0684      1.0000              0.0000      0.2388 f    (hierarchical)    h
  execution_unit_0/e_state[1] (net)                       12.6290
  execution_unit_0/placeHFSINV_588_178/A (INVX0_RVT)                   0.0684      1.0000              0.0002      0.2390 f    (49.42,16.27)
  execution_unit_0/placeHFSINV_588_178/Y (INVX0_RVT)                   0.0565      1.0000              0.0607      0.2998 r    (49.63,16.22)
  execution_unit_0/placeHFSNET_137 (net)            3      2.6004
  execution_unit_0/U193/A3 (NAND3X0_RVT)                               0.0565      1.0000              0.0000      0.2998 r    (50.12,19.45)
  execution_unit_0/U193/Y (NAND3X0_RVT)                                0.0823      1.0000              0.0752      0.3750 f    (49.76,19.53)
  execution_unit_0/n128 (net)                       2      1.5673
  execution_unit_0/U99/A (INVX0_RVT)                                   0.0823      1.0000              0.0000      0.3750 f    (51.70,19.61)
  execution_unit_0/U99/Y (INVX0_RVT)                                   0.0591      1.0000              0.0624      0.4373 r    (51.92,19.56)
  execution_unit_0/n22 (net)                        2      2.2794
  execution_unit_0/U160/A1 (AND2X2_RVT)                                0.0591      1.0000              0.0000      0.4373 r    (51.85,21.27)
  execution_unit_0/U160/Y (AND2X2_RVT)                                 0.0681      1.0000              0.1011      0.5384 r    (52.37,21.20)
  execution_unit_0/n141 (net)                       4     10.6614
  execution_unit_0/register_file_0/reg_sr_clr (omsp_register_file)     0.0681      1.0000              0.0000      0.5384 r    (hierarchical)    h
  execution_unit_0/register_file_0/reg_sr_clr (net)       10.6614
  execution_unit_0/register_file_0/placeHFSINV_1500_168/A (INVX4_RVT)
                                                                       0.0681      1.0000              0.0008      0.5392 r    (98.07,27.79)
  execution_unit_0/register_file_0/placeHFSINV_1500_168/Y (INVX4_RVT)
                                                                       0.0701      1.0000              0.0618      0.6010 f    (97.94,27.89)
  execution_unit_0/register_file_0/placeHFSNET_130 (net)
                                                   20     22.6800
  execution_unit_0/register_file_0/U70/A2 (NAND2X4_RVT)                0.0701      1.0000              0.0010      0.6020 f    (123.99,19.60)
  execution_unit_0/register_file_0/U70/Y (NAND2X4_RVT)                 0.0655      1.0000              0.1362      0.7382 r    (125.03,19.51)
  execution_unit_0/register_file_0/n322 (net)      17     22.5787
  execution_unit_0/register_file_0/U221/A1 (OA22X1_RVT)                0.0654      1.0000              0.0008      0.7390 r    (138.80,26.29)
  execution_unit_0/register_file_0/U221/Y (OA22X1_RVT)                 0.0547      1.0000              0.1126      0.8515 r    (139.79,26.24)
  execution_unit_0/register_file_0/n451 (net)       1      3.5596
  execution_unit_0/register_file_0/U220/A5 (OA221X1_RVT)               0.0547      1.0000              0.0001      0.8517 r    (172.79,24.38)
  execution_unit_0/register_file_0/U220/Y (OA221X1_RVT)                0.0450      1.0000              0.0839      0.9356 r    (172.25,24.51)
  execution_unit_0/register_file_0/n448 (net)       1      1.8061
  execution_unit_0/register_file_0/U214/A3 (NAND4X0_RVT)               0.0450      1.0000              0.0000      0.9356 r    (160.54,24.62)
  execution_unit_0/register_file_0/U214/Y (NAND4X0_RVT)                0.1189      1.0000              0.1047      1.0403 f    (160.68,24.54)
  execution_unit_0/register_file_0/reg_src[0] (net)
                                                    1      2.4581
  execution_unit_0/register_file_0/reg_src[0] (omsp_register_file)     0.1189      1.0000              0.0000      1.0403 f    (hierarchical)    h
  execution_unit_0/reg_src[0] (net)                        2.4581
  execution_unit_0/placeZBUF_inst_210/A (NBUFFX2_RVT)                  0.1189      1.0000              0.0001      1.0403 f    (144.82,26.30)
  execution_unit_0/placeZBUF_inst_210/Y (NBUFFX2_RVT)                  0.0732      1.0000              0.1130      1.1533 f    (144.30,26.21)
  execution_unit_0/placeZBUF_6 (net)                3     12.2311
  execution_unit_0/U87/A5 (AO222X1_RVT)                                0.0730      1.0000              0.0013      1.1546 f    (52.77,49.69)
  execution_unit_0/U87/Y (AO222X1_RVT)                                 0.0380      1.0000              0.0814      1.2360 f    (53.35,49.61)
  execution_unit_0/n79 (net)                        1      1.8163
  execution_unit_0/U86/A2 (OR2X1_RVT)                                  0.0380      1.0000              0.0000      1.2360 f    (53.01,59.76)
  execution_unit_0/U86/Y (OR2X1_RVT)                                   0.0778      1.0000              0.0936      1.3297 f    (53.44,59.62)
  execution_unit_0/op_src[0] (net)                  3      7.4430
  execution_unit_0/alu_0/op_src[0] (omsp_alu)                          0.0778      1.0000              0.0000      1.3297 f    (hierarchical)    h
  execution_unit_0/alu_0/op_src[0] (net)                   7.4430
  execution_unit_0/alu_0/U26/A1 (XOR2X2_RVT)                           0.0778      1.0000              0.0001      1.3298 f    (60.68,59.85)
  execution_unit_0/alu_0/U26/Y (XOR2X2_RVT)                            0.0666      1.0000              0.1412      1.4710 r    (61.95,59.64)
  execution_unit_0/alu_0/op_src_inv[0] (net)        6      8.8785
  execution_unit_0/alu_0/add_1_root_add_100_2_C185/U1_0/A (FADDX1_RVT)
                                                                       0.0666      1.0000              0.0002      1.4712 r    (76.76,64.88)
  execution_unit_0/alu_0/add_1_root_add_100_2_C185/U1_0/CO (FADDX1_RVT)
                                                                       0.0542      1.0000              0.1221      1.5933 r    (75.29,64.56)
  execution_unit_0/alu_0/add_1_root_add_100_2_C185/carry[1] (net)
                                                    1      2.3268
  execution_unit_0/alu_0/add_1_root_add_100_2_C185/U1_1/CI (FADDX1_RVT)
                                                                       0.0542      1.0000              0.0000      1.5933 r    (69.47,66.57)
  execution_unit_0/alu_0/add_1_root_add_100_2_C185/U1_1/CO (FADDX1_RVT)
                                                                       0.0524      1.0000              0.1040      1.6973 r    (70.92,66.45)
  execution_unit_0/alu_0/add_1_root_add_100_2_C185/carry[2] (net)
                                                    1      1.9879
  execution_unit_0/alu_0/add_1_root_add_100_2_C185/U1_2/CI (FADDX1_RVT)
                                                                       0.0524      1.0000              0.0000      1.6973 r    (70.83,71.13)
  execution_unit_0/alu_0/add_1_root_add_100_2_C185/U1_2/CO (FADDX1_RVT)
                                                                       0.0522      1.0000              0.1036      1.8009 r    (72.28,71.24)
  execution_unit_0/alu_0/add_1_root_add_100_2_C185/carry[3] (net)
                                                    1      2.0186
  execution_unit_0/alu_0/add_1_root_add_100_2_C185/U1_3/CI (FADDX1_RVT)
                                                                       0.0522      1.0000              0.0000      1.8009 r    (74.03,74.47)
  execution_unit_0/alu_0/add_1_root_add_100_2_C185/U1_3/S (FADDX1_RVT)
                                                                       0.0561      1.0000              0.1620      1.9630 f    (75.16,74.66)
  execution_unit_0/alu_0/N13 (net)                  3      3.0076
  execution_unit_0/alu_0/U143/A3 (OA21X1_RVT)                          0.0561      1.0000              0.0000      1.9630 f    (76.93,74.76)
  execution_unit_0/alu_0/U143/Y (OA21X1_RVT)                           0.0302      1.0000              0.0740      2.0370 f    (77.46,74.67)
  execution_unit_0/alu_0/n9 (net)                   1      0.9082
  execution_unit_0/alu_0/U7/A2 (OR2X1_RVT)                             0.0302      1.0000              0.0000      2.0370 f    (78.25,74.59)
  execution_unit_0/alu_0/U7/Y (OR2X1_RVT)                              0.0516      1.0000              0.0734      2.1103 f    (78.67,74.74)
  execution_unit_0/alu_0/n4 (net)                   3      4.4182
  execution_unit_0/alu_0/U106/A1 (AND2X1_RVT)                          0.0516      1.0000              0.0000      2.1103 f    (79.97,71.43)
  execution_unit_0/alu_0/U106/Y (AND2X1_RVT)                           0.0338      1.0000              0.0698      2.1801 f    (80.49,71.36)
  execution_unit_0/alu_0/add_102_C185_aco/carry[2] (net)
                                                    1      1.9096
  execution_unit_0/alu_0/add_102_C185_aco/U1_2/CI (FADDX1_RVT)         0.0338      1.0000              0.0000      2.1801 f    (80.41,74.47)
  execution_unit_0/alu_0/add_102_C185_aco/U1_2/CO (FADDX1_RVT)         0.0445      1.0000              0.0884      2.2685 f    (81.86,74.59)
  execution_unit_0/alu_0/add_102_C185_aco/carry[3] (net)
                                                    2      2.2445
  execution_unit_0/alu_0/U104/A1 (AND2X1_RVT)                          0.0445      1.0000              0.0000      2.2685 f    (80.37,76.30)
  execution_unit_0/alu_0/U104/Y (AND2X1_RVT)                           0.0287      1.0000              0.0621      2.3307 f    (79.85,76.37)
  execution_unit_0/alu_0/add_102_C185_aco/carry[4] (net)
                                                    1      1.2918
  execution_unit_0/alu_0/U103/A2 (XOR2X1_RVT)                          0.0287      1.0000              0.0000      2.3307 f    (78.23,77.98)
  execution_unit_0/alu_0/U103/Y (XOR2X1_RVT)                           0.0504      1.0000              0.1299      2.4606 r    (76.96,78.06)
  execution_unit_0/alu_0/alu_dadd0[4]1 (net)        1      2.0397
  execution_unit_0/alu_0/add_1_root_add_100_2_C186/U1_0/CI (FADDX1_RVT)
                                                                       0.0504      1.0000              0.0000      2.4606 r    (73.11,81.16)
  execution_unit_0/alu_0/add_1_root_add_100_2_C186/U1_0/CO (FADDX1_RVT)
                                                                       0.0531      1.0000              0.1038      2.5644 r    (74.56,81.28)
  execution_unit_0/alu_0/add_1_root_add_100_2_C186/carry[1] (net)
                                                    1      2.1076
  execution_unit_0/alu_0/add_1_root_add_100_2_C186/U1_1/CI (FADDX1_RVT)
                                                                       0.0531      1.0000              0.0000      2.5644 r    (72.51,84.50)
  execution_unit_0/alu_0/add_1_root_add_100_2_C186/U1_1/CO (FADDX1_RVT)
                                                                       0.0529      1.0000              0.1048      2.6691 r    (73.96,84.62)
  execution_unit_0/alu_0/add_1_root_add_100_2_C186/carry[2] (net)
                                                    1      2.1240
  execution_unit_0/alu_0/add_1_root_add_100_2_C186/U1_2/CI (FADDX1_RVT)
                                                                       0.0529      1.0000              0.0000      2.6692 r    (71.90,87.85)
  execution_unit_0/alu_0/add_1_root_add_100_2_C186/U1_2/CO (FADDX1_RVT)
                                                                       0.0503      1.0000              0.1018      2.7709 r    (73.35,87.96)
  execution_unit_0/alu_0/add_1_root_add_100_2_C186/carry[3] (net)
                                                    1      1.8179
  execution_unit_0/alu_0/add_1_root_add_100_2_C186/U1_3/CI (FADDX1_RVT)
                                                                       0.0503      1.0000              0.0000      2.7710 r    (74.79,91.19)
  execution_unit_0/alu_0/add_1_root_add_100_2_C186/U1_3/S (FADDX1_RVT)
                                                                       0.0562      1.0000              0.1620      2.9330 f    (75.92,91.38)
  execution_unit_0/alu_0/N26 (net)                  3      3.0814
  execution_unit_0/alu_0/U162/A3 (OA21X1_RVT)                          0.0562      1.0000              0.0000      2.9330 f    (77.54,88.14)
  execution_unit_0/alu_0/U162/Y (OA21X1_RVT)                           0.0298      1.0000              0.0743      3.0073 f    (78.07,88.05)
  execution_unit_0/alu_0/n10 (net)                  1      0.9351
  execution_unit_0/alu_0/U6/A2 (OR2X1_RVT)                             0.0298      1.0000              0.0000      3.0073 f    (78.70,89.86)
  execution_unit_0/alu_0/U6/Y (OR2X1_RVT)                              0.0515      1.0000              0.0731      3.0804 f    (79.12,89.71)
  execution_unit_0/alu_0/n3 (net)                   3      4.4029
  execution_unit_0/alu_0/U91/A1 (AND2X1_RVT)                           0.0515      1.0000              0.0000      3.0804 f    (78.91,86.33)
  execution_unit_0/alu_0/U91/Y (AND2X1_RVT)                            0.0314      1.0000              0.0680      3.1485 f    (79.43,86.40)
  execution_unit_0/alu_0/add_102_C186_aco/carry[2] (net)
                                                    1      1.6691
  execution_unit_0/alu_0/add_102_C186_aco/U1_2/CI (FADDX1_RVT)         0.0314      1.0000              0.0000      3.1485 f    (81.78,86.63)
  execution_unit_0/alu_0/add_102_C186_aco/U1_2/CO (FADDX1_RVT)         0.0487      1.0000              0.0917      3.2402 f    (83.23,86.52)
  execution_unit_0/alu_0/add_102_C186_aco/carry[3] (net)
                                                    2      2.7790
  execution_unit_0/alu_0/U89/A1 (AND2X1_RVT)                           0.0487      1.0000              0.0000      3.2402 f    (78.39,91.50)
  execution_unit_0/alu_0/U89/Y (AND2X1_RVT)                            0.0323      1.0000              0.0676      3.3079 f    (77.88,91.42)
  execution_unit_0/alu_0/add_102_C186_aco/carry[4] (net)
                                                    1      1.7950
  execution_unit_0/alu_0/U88/A2 (XOR2X1_RVT)                           0.0323      1.0000              0.0000      3.3079 f    (78.39,98.04)
  execution_unit_0/alu_0/U88/Y (XOR2X1_RVT)                            0.0476      1.0000              0.1285      3.4364 r    (77.12,98.12)
  execution_unit_0/alu_0/alu_dadd1[4]1 (net)        1      1.7102
  execution_unit_0/alu_0/add_1_root_add_100_2_C187/U1_0/CI (FADDX1_RVT)
                                                                       0.0476      1.0000              0.0000      3.4364 r    (75.07,97.88)
  execution_unit_0/alu_0/add_1_root_add_100_2_C187/U1_0/CO (FADDX1_RVT)
                                                                       0.0640      1.0000              0.1129      3.5493 r    (73.62,98.00)
  execution_unit_0/alu_0/add_1_root_add_100_2_C187/carry[1] (net)
                                                    1      3.2901
  execution_unit_0/alu_0/add_1_root_add_100_2_C187/U1_1/CI (FADDX1_RVT)
                                                                       0.0640      1.0000              0.0001      3.5494 r    (69.45,110.04)
  execution_unit_0/alu_0/add_1_root_add_100_2_C187/U1_1/CO (FADDX1_RVT)
                                                                       0.0616      1.0000              0.1159      3.6652 r    (68.00,109.93)
  execution_unit_0/alu_0/add_1_root_add_100_2_C187/carry[2] (net)
                                                    1      3.0327
  execution_unit_0/alu_0/add_1_root_add_100_2_C187/U1_2/CI (FADDX1_RVT)
                                                                       0.0616      1.0000              0.0001      3.6653 r    (63.69,121.29)
  execution_unit_0/alu_0/add_1_root_add_100_2_C187/U1_2/CO (FADDX1_RVT)
                                                                       0.0511      1.0000              0.1039      3.7692 r    (65.14,121.40)
  execution_unit_0/alu_0/add_1_root_add_100_2_C187/carry[3] (net)
                                                    1      1.7546
  execution_unit_0/alu_0/add_1_root_add_100_2_C187/U1_3/CI (FADDX1_RVT)
                                                                       0.0511      1.0000              0.0000      3.7692 r    (66.73,121.29)
  execution_unit_0/alu_0/add_1_root_add_100_2_C187/U1_3/S (FADDX1_RVT)
                                                                       0.0620      1.0000              0.1672      3.9364 f    (67.86,121.48)
  execution_unit_0/alu_0/N39 (net)                  3      3.7605
  execution_unit_0/alu_0/U168/A3 (OA21X1_RVT)                          0.0620      1.0000              0.0000      3.9364 f    (71.26,123.13)
  execution_unit_0/alu_0/U168/Y (OA21X1_RVT)                           0.0307      1.0000              0.0772      4.0137 f    (70.72,123.22)
  execution_unit_0/alu_0/n11 (net)                  1      0.9388
  execution_unit_0/alu_0/U5/A2 (OR2X1_RVT)                             0.0307      1.0000              0.0000      4.0137 f    (72.17,124.75)
  execution_unit_0/alu_0/U5/Y (OR2X1_RVT)                              0.0526      1.0000              0.0742      4.0879 f    (72.59,124.90)
  execution_unit_0/alu_0/n2 (net)                   3      4.5359
  execution_unit_0/alu_0/U86/A1 (AND2X1_RVT)                           0.0526      1.0000              0.0000      4.0879 f    (75.20,121.59)
  execution_unit_0/alu_0/U86/Y (AND2X1_RVT)                            0.0334      1.0000              0.0695      4.1574 f    (74.68,121.52)
  execution_unit_0/alu_0/add_102_C187_aco/carry[2] (net)
                                                    1      1.7965
  execution_unit_0/alu_0/add_102_C187_aco/U1_2/CI (FADDX1_RVT)         0.0334      1.0000              0.0000      4.1574 f    (73.27,123.42)
  execution_unit_0/alu_0/add_102_C187_aco/U1_2/CO (FADDX1_RVT)         0.0489      1.0000              0.0926      4.2500 f    (74.71,123.30)
  execution_unit_0/alu_0/add_102_C187_aco/carry[3] (net)
                                                    2      2.7971
  execution_unit_0/alu_0/U84/A1 (AND2X1_RVT)                           0.0489      1.0000              0.0000      4.2500 f    (68.36,128.28)
  execution_unit_0/alu_0/U84/Y (AND2X1_RVT)                            0.0311      1.0000              0.0662      4.3162 f    (67.85,128.21)
  execution_unit_0/alu_0/add_102_C187_aco/carry[4] (net)
                                                    1      1.5740
  execution_unit_0/alu_0/U83/A2 (XOR2X1_RVT)                           0.0311      1.0000              0.0000      4.3162 f    (70.10,124.79)
  execution_unit_0/alu_0/U83/Y (XOR2X1_RVT)                            0.0530      1.0000              0.1335      4.4497 r    (71.37,124.87)
  execution_unit_0/alu_0/alu_dadd2[4]1 (net)        1      2.3395
  execution_unit_0/alu_0/add_1_root_add_100_2_C188/U1_0/CI (FADDX1_RVT)
                                                                       0.0530      1.0000              0.0000      4.4497 r    (70.07,120.07)
  execution_unit_0/alu_0/add_1_root_add_100_2_C188/U1_0/CO (FADDX1_RVT)
                                                                       0.0500      1.0000              0.1004      4.5500 r    (71.52,119.96)
  execution_unit_0/alu_0/add_1_root_add_100_2_C188/carry[1] (net)
                                                    1      1.6783
  execution_unit_0/alu_0/add_1_root_add_100_2_C188/U1_1/CI (FADDX1_RVT)
                                                                       0.0500      1.0000              0.0000      4.5500 r    (73.11,120.07)
  execution_unit_0/alu_0/add_1_root_add_100_2_C188/U1_1/CO (FADDX1_RVT)
                                                                       0.0488      1.0000              0.0993      4.6494 r    (74.56,119.96)
  execution_unit_0/alu_0/add_1_root_add_100_2_C188/carry[2] (net)
                                                    1      1.6687
  execution_unit_0/alu_0/add_1_root_add_100_2_C188/U1_2/CI (FADDX1_RVT)
                                                                       0.0488      1.0000              0.0000      4.6494 r    (76.00,120.07)
  execution_unit_0/alu_0/add_1_root_add_100_2_C188/U1_2/CO (FADDX1_RVT)
                                                                       0.0529      1.0000              0.1033      4.7527 r    (77.45,119.96)
  execution_unit_0/alu_0/add_1_root_add_100_2_C188/carry[3] (net)
                                                    1      2.1161
  execution_unit_0/alu_0/add_1_root_add_100_2_C188/U1_3/CI (FADDX1_RVT)
                                                                       0.0529      1.0000              0.0000      4.7527 r    (80.26,116.73)
  execution_unit_0/alu_0/add_1_root_add_100_2_C188/U1_3/S (FADDX1_RVT)
                                                                       0.0587      1.0000              0.1650      4.9177 f    (81.39,116.54)
  execution_unit_0/alu_0/N52 (net)                  3      3.3879
  execution_unit_0/alu_0/U173/A3 (OA21X1_RVT)                          0.0587      1.0000              0.0000      4.9178 f    (84.22,119.78)
  execution_unit_0/alu_0/U173/Y (OA21X1_RVT)                           0.0301      1.0000              0.0756      4.9933 f    (84.75,119.87)
  execution_unit_0/alu_0/n12 (net)                  1      0.9437
  execution_unit_0/alu_0/U4/A2 (OR2X1_RVT)                             0.0301      1.0000              0.0000      4.9933 f    (82.86,119.95)
  execution_unit_0/alu_0/U4/Y (OR2X1_RVT)                              0.0536      1.0000              0.0746      5.0680 f    (82.44,119.81)
  execution_unit_0/alu_0/n1 (net)                   3      4.6446
  execution_unit_0/alu_0/U81/A1 (AND2X1_RVT)                           0.0536      1.0000              0.0000      5.0680 f    (81.95,123.11)
  execution_unit_0/alu_0/U81/Y (AND2X1_RVT)                            0.0315      1.0000              0.0688      5.1368 f    (82.47,123.19)
  execution_unit_0/alu_0/add_102_C188_aco/carry[2] (net)
                                                    1      1.6364
  execution_unit_0/alu_0/add_102_C188_aco/U1_2/CI (FADDX1_RVT)         0.0315      1.0000              0.0000      5.1368 f    (84.67,123.42)
  execution_unit_0/alu_0/add_102_C188_aco/U1_2/CO (FADDX1_RVT)         0.0491      1.0000              0.0921      5.2289 f    (86.11,123.30)
  execution_unit_0/alu_0/add_102_C188_aco/carry[3] (net)
                                                    2      2.8245
  execution_unit_0/alu_0/U62/A2 (XOR2X1_RVT)                           0.0491      1.0000              0.0000      5.2289 f    (84.47,113.22)
  execution_unit_0/alu_0/U62/Y (XOR2X1_RVT)                            0.0508      1.0000              0.1237      5.3526 f    (83.20,113.14)
  execution_unit_0/alu_0/alu_dadd3[3] (net)         1      2.2548
  execution_unit_0/alu_0/U198/A1 (AO222X1_RVT)                         0.0508      1.0000              0.0000      5.3526 f    (82.10,101.53)
  execution_unit_0/alu_0/U198/Y (AO222X1_RVT)                          0.0765      1.0000              0.1469      5.4995 f    (83.45,101.46)
  execution_unit_0/alu_0/alu_out[15] (net)          6      6.4849
  execution_unit_0/alu_0/alu_out[15] (omsp_alu)                        0.0765      1.0000              0.0000      5.4995 f    (hierarchical)    h
  execution_unit_0/alu_out[15] (net)                       6.4849
  execution_unit_0/register_file_0/reg_dest_val[15] (omsp_register_file)
                                                                       0.0765      1.0000              0.0000      5.4995 f    (hierarchical)    h
  execution_unit_0/register_file_0/reg_dest_val[15] (net)
                                                           6.4849
  execution_unit_0/register_file_0/U56/A1 (AND2X4_RVT)                 0.0765      1.0000              0.0001      5.4996 f    (89.94,88.00)
  execution_unit_0/register_file_0/U56/Y (AND2X4_RVT)                  0.0875      1.0000              0.1425      5.6421 f    (90.52,88.08)
  execution_unit_0/register_file_0/pc_sw[15] (net)
                                                   15     26.1795
  execution_unit_0/register_file_0/pc_sw[15] (omsp_register_file)      0.0875      1.0000              0.0000      5.6421 f    (hierarchical)    h
  execution_unit_0/pc_sw[15] (net)                        26.1795
  execution_unit_0/pc_sw[15] (omsp_execution_unit)                     0.0875      1.0000              0.0000      5.6421 f    (hierarchical)    h
  pc_sw[15] (net)                                         26.1795
  frontend_0/pc_sw[15] (omsp_frontend)                                 0.0875      1.0000              0.0000      5.6421 f    (hierarchical)    h
  frontend_0/pc_sw[15] (net)                              26.1795
  frontend_0/U23/A3 (AO221X1_RVT)                                      0.0875      1.0000              0.0000      5.6421 f    (89.54,80.40)
  frontend_0/U23/Y (AO221X1_RVT)                                       0.0555      1.0000              0.1312      5.7733 f    (90.29,79.70)
  frontend_0/mab[15] (net)                          3      3.7091
  frontend_0/mab[15] (omsp_frontend)                                   0.0555      1.0000              0.0000      5.7733 f    (hierarchical)    h
  fe_mab[15] (net)                                         3.7091
  mem_backbone_0/fe_mab[14] (omsp_mem_backbone)                        0.0555      1.0000              0.0000      5.7733 f    (hierarchical)    h
  mem_backbone_0/fe_mab[14] (net)                          3.7091
  mem_backbone_0/U24/A3 (AND4X1_RVT)                                   0.0555      1.0000              0.0000      5.7733 f    (90.25,82.83)
  mem_backbone_0/U24/Y (AND4X1_RVT)                                    0.0475      1.0000              0.1130      5.8863 f    (89.43,83.06)
  mem_backbone_0/fe_pmem_sel (net)                  1      1.6819
  mem_backbone_0/U179/A1 (NAND2X2_RVT)                                 0.0475      1.0000              0.0000      5.8863 f    (84.46,79.64)
  mem_backbone_0/U179/Y (NAND2X2_RVT)                                  0.0578      1.0000              0.1108      5.9972 r    (85.28,79.72)
  mem_backbone_0/n11 (net)                          3      9.7024
  mem_backbone_0/U174/A2 (NAND4X0_RVT)                                 0.0578      1.0000              0.0002      5.9974 r    (91.31,114.75)
  mem_backbone_0/U174/Y (NAND4X0_RVT)                                  0.1993      1.0000              0.1513      6.1487 f    (91.32,114.83)
  mem_backbone_0/n14 (net)                          3      4.7426
  mem_backbone_0/U39/A1 (AND2X2_RVT)                                   0.1993      1.0000              0.0000      6.1487 f    (93.96,114.90)
  mem_backbone_0/U39/Y (AND2X2_RVT)                                    0.0988      1.0000              0.1776      6.3264 f    (94.47,114.83)
  mem_backbone_0/n10 (net)                         12     15.5581
  mem_backbone_0/U30/A4 (AO222X1_RVT)                                  0.0988      1.0000              0.0007      6.3270 f    (105.97,96.29)
  mem_backbone_0/U30/Y (AO222X1_RVT)                                   0.0876      1.0000              0.1622      6.4892 f    (107.01,96.43)
  mem_backbone_0/pmem_addr[7] (net)                 1      7.8161
  mem_backbone_0/pmem_addr[7] (omsp_mem_backbone)                      0.0876      1.0000              0.0000      6.4892 f    (hierarchical)    h
  pmem_addr[7] (net)                                       7.8161
  pmem_addr[7] (out)                                                   0.0876      1.0000              0.0007      6.4899 f    (211.88,100.77)
  data arrival time                                                                                                6.4899

  clock dco_clk (rise edge)                                                                           40.0000     40.0000
  clock network delay (ideal)                                                                          0.0000     40.0000
  output external delay                                                                               -0.6400     39.3600
  data required time                                                                                              39.3600
  ----------------------------------------------------------------------------------------------------------------------------------------------------------------
  data required time                                                                                              39.3600
  data arrival time                                                                                               -6.4899
  ----------------------------------------------------------------------------------------------------------------------------------------------------------------
  slack (MET)                                                                                                     32.8701


1
