Information: Updating design information... (UID-85)
 
****************************************
Report : timing
        -path full
        -delay max
        -max_paths 10
Design : openMSP430
Version: O-2018.06-SP1
Date   : Mon Sep  7 11:00:55 2026
****************************************

Operating Conditions: ss0p95v125c   Library: saed32rvt_ss0p95v125c
Wire Load Model Mode: enclosed

  Startpoint: dmem_dout[8]
              (input port clocked by dco_clk)
  Endpoint: pmem_addr[9]
            (output port clocked by dco_clk)
  Path Group: FEEDTHROUGH
  Path Type: max

  Des/Clust/Port     Wire Load Model       Library
  ------------------------------------------------
  openMSP430         16000                 saed32rvt_tt1p05v25c
  omsp_execution_unit 8000                 saed32rvt_tt1p05v25c
  omsp_alu           8000                  saed32rvt_tt1p05v25c
  omsp_mem_backbone  8000                  saed32rvt_tt1p05v25c

  Point                                                   Incr       Path
  --------------------------------------------------------------------------
  clock dco_clk (rise edge)                               0.00       0.00
  clock network delay (ideal)                             0.00       0.00
  input external delay                                    2.25       2.25 r
  dmem_dout[8] (in)                                       0.00       2.25 r
  mem_backbone_0/dmem_dout[8] (omsp_mem_backbone)         0.00       2.25 r
  mem_backbone_0/U101/Y (AO222X1_RVT)                     0.07       2.32 r
  mem_backbone_0/eu_mdb_in[8] (omsp_mem_backbone)         0.00       2.32 r
  execution_unit_0/mdb_in[8] (omsp_execution_unit)        0.00       2.32 r
  execution_unit_0/U177/Y (AO22X1_RVT)                    0.06       2.38 r
  execution_unit_0/U90/Y (AO222X1_RVT)                    0.06       2.44 r
  execution_unit_0/U86/Y (OR2X1_RVT)                      0.04       2.48 r
  execution_unit_0/alu_0/op_src[0] (omsp_alu)             0.00       2.48 r
  execution_unit_0/alu_0/U26/Y (XOR2X1_RVT)               0.06       2.54 r
  execution_unit_0/alu_0/add_1_root_add_100_2_C185/U1_0/CO (FADDX1_RVT)     0.06     2.61 r
  execution_unit_0/alu_0/add_1_root_add_100_2_C185/U1_1/CO (FADDX1_RVT)     0.06     2.66 r
  execution_unit_0/alu_0/add_1_root_add_100_2_C185/U1_2/CO (FADDX1_RVT)     0.06     2.72 r
  execution_unit_0/alu_0/add_1_root_add_100_2_C185/U1_3/S (FADDX1_RVT)     0.09     2.81 f
  execution_unit_0/alu_0/U143/Y (OA21X1_RVT)              0.04       2.84 f
  execution_unit_0/alu_0/U7/Y (OR2X1_RVT)                 0.04       2.88 f
  execution_unit_0/alu_0/U106/Y (AND2X1_RVT)              0.04       2.92 f
  execution_unit_0/alu_0/add_102_C185_aco/U1_2/CO (FADDX1_RVT)     0.05     2.97 f
  execution_unit_0/alu_0/U104/Y (AND2X1_RVT)              0.03       3.00 f
  execution_unit_0/alu_0/U103/Y (XOR2X1_RVT)              0.07       3.07 r
  execution_unit_0/alu_0/add_1_root_add_100_2_C186/U1_0/CO (FADDX1_RVT)     0.05     3.12 r
  execution_unit_0/alu_0/add_1_root_add_100_2_C186/U1_1/CO (FADDX1_RVT)     0.06     3.18 r
  execution_unit_0/alu_0/add_1_root_add_100_2_C186/U1_2/CO (FADDX1_RVT)     0.06     3.24 r
  execution_unit_0/alu_0/add_1_root_add_100_2_C186/U1_3/S (FADDX1_RVT)     0.09     3.32 f
  execution_unit_0/alu_0/U162/Y (OA21X1_RVT)              0.04       3.36 f
  execution_unit_0/alu_0/U6/Y (OR2X1_RVT)                 0.04       3.40 f
  execution_unit_0/alu_0/U91/Y (AND2X1_RVT)               0.04       3.44 f
  execution_unit_0/alu_0/add_102_C186_aco/U1_2/CO (FADDX1_RVT)     0.05     3.48 f
  execution_unit_0/alu_0/U89/Y (AND2X1_RVT)               0.03       3.52 f
  execution_unit_0/alu_0/U88/Y (XOR2X1_RVT)               0.07       3.59 r
  execution_unit_0/alu_0/add_1_root_add_100_2_C187/U1_0/CO (FADDX1_RVT)     0.05     3.64 r
  execution_unit_0/alu_0/add_1_root_add_100_2_C187/U1_1/CO (FADDX1_RVT)     0.06     3.70 r
  execution_unit_0/alu_0/add_1_root_add_100_2_C187/U1_2/CO (FADDX1_RVT)     0.06     3.75 r
  execution_unit_0/alu_0/add_1_root_add_100_2_C187/U1_3/S (FADDX1_RVT)     0.09     3.84 f
  execution_unit_0/alu_0/U168/Y (OA21X1_RVT)              0.04       3.88 f
  execution_unit_0/alu_0/U5/Y (OR2X1_RVT)                 0.04       3.92 f
  execution_unit_0/alu_0/U86/Y (AND2X1_RVT)               0.04       3.95 f
  execution_unit_0/alu_0/add_102_C187_aco/U1_2/CO (FADDX1_RVT)     0.05     4.00 f
  execution_unit_0/alu_0/U84/Y (AND2X1_RVT)               0.03       4.03 f
  execution_unit_0/alu_0/U83/Y (XOR2X1_RVT)               0.07       4.11 r
  execution_unit_0/alu_0/add_1_root_add_100_2_C188/U1_0/CO (FADDX1_RVT)     0.05     4.16 r
  execution_unit_0/alu_0/add_1_root_add_100_2_C188/U1_1/CO (FADDX1_RVT)     0.06     4.22 r
  execution_unit_0/alu_0/add_1_root_add_100_2_C188/U1_2/CO (FADDX1_RVT)     0.06     4.27 r
  execution_unit_0/alu_0/add_1_root_add_100_2_C188/U1_3/S (FADDX1_RVT)     0.09     4.36 f
  execution_unit_0/alu_0/U173/Y (OA21X1_RVT)              0.04       4.40 f
  execution_unit_0/alu_0/U4/Y (OR2X1_RVT)                 0.04       4.44 f
  execution_unit_0/alu_0/U81/Y (AND2X1_RVT)               0.04       4.47 f
  execution_unit_0/alu_0/add_102_C188_aco/U1_2/CO (FADDX1_RVT)     0.05     4.52 f
  execution_unit_0/alu_0/U62/Y (XOR2X1_RVT)               0.06       4.57 f
  execution_unit_0/alu_0/U198/Y (AO222X1_RVT)             0.07       4.64 f
  execution_unit_0/alu_0/alu_out[15] (omsp_alu)           0.00       4.64 f
  execution_unit_0/register_file_0/reg_dest_val[15] (omsp_register_file)     0.00     4.64 f
  execution_unit_0/register_file_0/U56/Y (AND2X1_RVT)     0.07       4.71 f
  execution_unit_0/register_file_0/pc_sw[15] (omsp_register_file)     0.00     4.71 f
  execution_unit_0/pc_sw[15] (omsp_execution_unit)        0.00       4.71 f
  frontend_0/pc_sw[15] (omsp_frontend)                    0.00       4.71 f
  frontend_0/U23/Y (AO221X1_RVT)                          0.06       4.77 f
  frontend_0/mab[15] (omsp_frontend)                      0.00       4.77 f
  mem_backbone_0/fe_mab[14] (omsp_mem_backbone)           0.00       4.77 f
  mem_backbone_0/U24/Y (AND4X1_RVT)                       0.05       4.82 f
  mem_backbone_0/U179/Y (NAND2X0_RVT)                     0.03       4.86 r
  mem_backbone_0/U174/Y (NAND4X0_RVT)                     0.05       4.91 f
  mem_backbone_0/U10/Y (INVX1_RVT)                        0.06       4.97 r
  mem_backbone_0/U28/Y (AO222X1_RVT)                      0.08       5.05 r
  mem_backbone_0/pmem_addr[9] (omsp_mem_backbone)         0.00       5.05 r
  pmem_addr[9] (out)                                      0.00       5.05 r
  data arrival time                                                  5.05

  clock dco_clk (rise edge)                              40.00      40.00
  clock network delay (ideal)                             0.00      40.00
  output external delay                                  -0.64      39.36
  data required time                                                39.36
  --------------------------------------------------------------------------
  data required time                                                39.36
  data arrival time                                                 -5.05
  --------------------------------------------------------------------------
  slack (MET)                                                       34.31


  Startpoint: dmem_dout[8]
              (input port clocked by dco_clk)
  Endpoint: pmem_addr[8]
            (output port clocked by dco_clk)
  Path Group: FEEDTHROUGH
  Path Type: max

  Des/Clust/Port     Wire Load Model       Library
  ------------------------------------------------
  openMSP430         16000                 saed32rvt_tt1p05v25c
  omsp_execution_unit 8000                 saed32rvt_tt1p05v25c
  omsp_alu           8000                  saed32rvt_tt1p05v25c
  omsp_mem_backbone  8000                  saed32rvt_tt1p05v25c

  Point                                                   Incr       Path
  --------------------------------------------------------------------------
  clock dco_clk (rise edge)                               0.00       0.00
  clock network delay (ideal)                             0.00       0.00
  input external delay                                    2.25       2.25 r
  dmem_dout[8] (in)                                       0.00       2.25 r
  mem_backbone_0/dmem_dout[8] (omsp_mem_backbone)         0.00       2.25 r
  mem_backbone_0/U101/Y (AO222X1_RVT)                     0.07       2.32 r
  mem_backbone_0/eu_mdb_in[8] (omsp_mem_backbone)         0.00       2.32 r
  execution_unit_0/mdb_in[8] (omsp_execution_unit)        0.00       2.32 r
  execution_unit_0/U177/Y (AO22X1_RVT)                    0.06       2.38 r
  execution_unit_0/U90/Y (AO222X1_RVT)                    0.06       2.44 r
  execution_unit_0/U86/Y (OR2X1_RVT)                      0.04       2.48 r
  execution_unit_0/alu_0/op_src[0] (omsp_alu)             0.00       2.48 r
  execution_unit_0/alu_0/U26/Y (XOR2X1_RVT)               0.06       2.54 r
  execution_unit_0/alu_0/add_1_root_add_100_2_C185/U1_0/CO (FADDX1_RVT)     0.06     2.61 r
  execution_unit_0/alu_0/add_1_root_add_100_2_C185/U1_1/CO (FADDX1_RVT)     0.06     2.66 r
  execution_unit_0/alu_0/add_1_root_add_100_2_C185/U1_2/CO (FADDX1_RVT)     0.06     2.72 r
  execution_unit_0/alu_0/add_1_root_add_100_2_C185/U1_3/S (FADDX1_RVT)     0.09     2.81 f
  execution_unit_0/alu_0/U143/Y (OA21X1_RVT)              0.04       2.84 f
  execution_unit_0/alu_0/U7/Y (OR2X1_RVT)                 0.04       2.88 f
  execution_unit_0/alu_0/U106/Y (AND2X1_RVT)              0.04       2.92 f
  execution_unit_0/alu_0/add_102_C185_aco/U1_2/CO (FADDX1_RVT)     0.05     2.97 f
  execution_unit_0/alu_0/U104/Y (AND2X1_RVT)              0.03       3.00 f
  execution_unit_0/alu_0/U103/Y (XOR2X1_RVT)              0.07       3.07 r
  execution_unit_0/alu_0/add_1_root_add_100_2_C186/U1_0/CO (FADDX1_RVT)     0.05     3.12 r
  execution_unit_0/alu_0/add_1_root_add_100_2_C186/U1_1/CO (FADDX1_RVT)     0.06     3.18 r
  execution_unit_0/alu_0/add_1_root_add_100_2_C186/U1_2/CO (FADDX1_RVT)     0.06     3.24 r
  execution_unit_0/alu_0/add_1_root_add_100_2_C186/U1_3/S (FADDX1_RVT)     0.09     3.32 f
  execution_unit_0/alu_0/U162/Y (OA21X1_RVT)              0.04       3.36 f
  execution_unit_0/alu_0/U6/Y (OR2X1_RVT)                 0.04       3.40 f
  execution_unit_0/alu_0/U91/Y (AND2X1_RVT)               0.04       3.44 f
  execution_unit_0/alu_0/add_102_C186_aco/U1_2/CO (FADDX1_RVT)     0.05     3.48 f
  execution_unit_0/alu_0/U89/Y (AND2X1_RVT)               0.03       3.52 f
  execution_unit_0/alu_0/U88/Y (XOR2X1_RVT)               0.07       3.59 r
  execution_unit_0/alu_0/add_1_root_add_100_2_C187/U1_0/CO (FADDX1_RVT)     0.05     3.64 r
  execution_unit_0/alu_0/add_1_root_add_100_2_C187/U1_1/CO (FADDX1_RVT)     0.06     3.70 r
  execution_unit_0/alu_0/add_1_root_add_100_2_C187/U1_2/CO (FADDX1_RVT)     0.06     3.75 r
  execution_unit_0/alu_0/add_1_root_add_100_2_C187/U1_3/S (FADDX1_RVT)     0.09     3.84 f
  execution_unit_0/alu_0/U168/Y (OA21X1_RVT)              0.04       3.88 f
  execution_unit_0/alu_0/U5/Y (OR2X1_RVT)                 0.04       3.92 f
  execution_unit_0/alu_0/U86/Y (AND2X1_RVT)               0.04       3.95 f
  execution_unit_0/alu_0/add_102_C187_aco/U1_2/CO (FADDX1_RVT)     0.05     4.00 f
  execution_unit_0/alu_0/U84/Y (AND2X1_RVT)               0.03       4.03 f
  execution_unit_0/alu_0/U83/Y (XOR2X1_RVT)               0.07       4.11 r
  execution_unit_0/alu_0/add_1_root_add_100_2_C188/U1_0/CO (FADDX1_RVT)     0.05     4.16 r
  execution_unit_0/alu_0/add_1_root_add_100_2_C188/U1_1/CO (FADDX1_RVT)     0.06     4.22 r
  execution_unit_0/alu_0/add_1_root_add_100_2_C188/U1_2/CO (FADDX1_RVT)     0.06     4.27 r
  execution_unit_0/alu_0/add_1_root_add_100_2_C188/U1_3/S (FADDX1_RVT)     0.09     4.36 f
  execution_unit_0/alu_0/U173/Y (OA21X1_RVT)              0.04       4.40 f
  execution_unit_0/alu_0/U4/Y (OR2X1_RVT)                 0.04       4.44 f
  execution_unit_0/alu_0/U81/Y (AND2X1_RVT)               0.04       4.47 f
  execution_unit_0/alu_0/add_102_C188_aco/U1_2/CO (FADDX1_RVT)     0.05     4.52 f
  execution_unit_0/alu_0/U62/Y (XOR2X1_RVT)               0.06       4.57 f
  execution_unit_0/alu_0/U198/Y (AO222X1_RVT)             0.07       4.64 f
  execution_unit_0/alu_0/alu_out[15] (omsp_alu)           0.00       4.64 f
  execution_unit_0/register_file_0/reg_dest_val[15] (omsp_register_file)     0.00     4.64 f
  execution_unit_0/register_file_0/U56/Y (AND2X1_RVT)     0.07       4.71 f
  execution_unit_0/register_file_0/pc_sw[15] (omsp_register_file)     0.00     4.71 f
  execution_unit_0/pc_sw[15] (omsp_execution_unit)        0.00       4.71 f
  frontend_0/pc_sw[15] (omsp_frontend)                    0.00       4.71 f
  frontend_0/U23/Y (AO221X1_RVT)                          0.06       4.77 f
  frontend_0/mab[15] (omsp_frontend)                      0.00       4.77 f
  mem_backbone_0/fe_mab[14] (omsp_mem_backbone)           0.00       4.77 f
  mem_backbone_0/U24/Y (AND4X1_RVT)                       0.05       4.82 f
  mem_backbone_0/U179/Y (NAND2X0_RVT)                     0.03       4.86 r
  mem_backbone_0/U174/Y (NAND4X0_RVT)                     0.05       4.91 f
  mem_backbone_0/U10/Y (INVX1_RVT)                        0.06       4.97 r
  mem_backbone_0/U29/Y (AO222X1_RVT)                      0.08       5.05 r
  mem_backbone_0/pmem_addr[8] (omsp_mem_backbone)         0.00       5.05 r
  pmem_addr[8] (out)                                      0.00       5.05 r
  data arrival time                                                  5.05

  clock dco_clk (rise edge)                              40.00      40.00
  clock network delay (ideal)                             0.00      40.00
  output external delay                                  -0.64      39.36
  data required time                                                39.36
  --------------------------------------------------------------------------
  data required time                                                39.36
  data arrival time                                                 -5.05
  --------------------------------------------------------------------------
  slack (MET)                                                       34.31


  Startpoint: dmem_dout[8]
              (input port clocked by dco_clk)
  Endpoint: pmem_addr[7]
            (output port clocked by dco_clk)
  Path Group: FEEDTHROUGH
  Path Type: max

  Des/Clust/Port     Wire Load Model       Library
  ------------------------------------------------
  openMSP430         16000                 saed32rvt_tt1p05v25c
  omsp_execution_unit 8000                 saed32rvt_tt1p05v25c
  omsp_alu           8000                  saed32rvt_tt1p05v25c
  omsp_mem_backbone  8000                  saed32rvt_tt1p05v25c

  Point                                                   Incr       Path
  --------------------------------------------------------------------------
  clock dco_clk (rise edge)                               0.00       0.00
  clock network delay (ideal)                             0.00       0.00
  input external delay                                    2.25       2.25 r
  dmem_dout[8] (in)                                       0.00       2.25 r
  mem_backbone_0/dmem_dout[8] (omsp_mem_backbone)         0.00       2.25 r
  mem_backbone_0/U101/Y (AO222X1_RVT)                     0.07       2.32 r
  mem_backbone_0/eu_mdb_in[8] (omsp_mem_backbone)         0.00       2.32 r
  execution_unit_0/mdb_in[8] (omsp_execution_unit)        0.00       2.32 r
  execution_unit_0/U177/Y (AO22X1_RVT)                    0.06       2.38 r
  execution_unit_0/U90/Y (AO222X1_RVT)                    0.06       2.44 r
  execution_unit_0/U86/Y (OR2X1_RVT)                      0.04       2.48 r
  execution_unit_0/alu_0/op_src[0] (omsp_alu)             0.00       2.48 r
  execution_unit_0/alu_0/U26/Y (XOR2X1_RVT)               0.06       2.54 r
  execution_unit_0/alu_0/add_1_root_add_100_2_C185/U1_0/CO (FADDX1_RVT)     0.06     2.61 r
  execution_unit_0/alu_0/add_1_root_add_100_2_C185/U1_1/CO (FADDX1_RVT)     0.06     2.66 r
  execution_unit_0/alu_0/add_1_root_add_100_2_C185/U1_2/CO (FADDX1_RVT)     0.06     2.72 r
  execution_unit_0/alu_0/add_1_root_add_100_2_C185/U1_3/S (FADDX1_RVT)     0.09     2.81 f
  execution_unit_0/alu_0/U143/Y (OA21X1_RVT)              0.04       2.84 f
  execution_unit_0/alu_0/U7/Y (OR2X1_RVT)                 0.04       2.88 f
  execution_unit_0/alu_0/U106/Y (AND2X1_RVT)              0.04       2.92 f
  execution_unit_0/alu_0/add_102_C185_aco/U1_2/CO (FADDX1_RVT)     0.05     2.97 f
  execution_unit_0/alu_0/U104/Y (AND2X1_RVT)              0.03       3.00 f
  execution_unit_0/alu_0/U103/Y (XOR2X1_RVT)              0.07       3.07 r
  execution_unit_0/alu_0/add_1_root_add_100_2_C186/U1_0/CO (FADDX1_RVT)     0.05     3.12 r
  execution_unit_0/alu_0/add_1_root_add_100_2_C186/U1_1/CO (FADDX1_RVT)     0.06     3.18 r
  execution_unit_0/alu_0/add_1_root_add_100_2_C186/U1_2/CO (FADDX1_RVT)     0.06     3.24 r
  execution_unit_0/alu_0/add_1_root_add_100_2_C186/U1_3/S (FADDX1_RVT)     0.09     3.32 f
  execution_unit_0/alu_0/U162/Y (OA21X1_RVT)              0.04       3.36 f
  execution_unit_0/alu_0/U6/Y (OR2X1_RVT)                 0.04       3.40 f
  execution_unit_0/alu_0/U91/Y (AND2X1_RVT)               0.04       3.44 f
  execution_unit_0/alu_0/add_102_C186_aco/U1_2/CO (FADDX1_RVT)     0.05     3.48 f
  execution_unit_0/alu_0/U89/Y (AND2X1_RVT)               0.03       3.52 f
  execution_unit_0/alu_0/U88/Y (XOR2X1_RVT)               0.07       3.59 r
  execution_unit_0/alu_0/add_1_root_add_100_2_C187/U1_0/CO (FADDX1_RVT)     0.05     3.64 r
  execution_unit_0/alu_0/add_1_root_add_100_2_C187/U1_1/CO (FADDX1_RVT)     0.06     3.70 r
  execution_unit_0/alu_0/add_1_root_add_100_2_C187/U1_2/CO (FADDX1_RVT)     0.06     3.75 r
  execution_unit_0/alu_0/add_1_root_add_100_2_C187/U1_3/S (FADDX1_RVT)     0.09     3.84 f
  execution_unit_0/alu_0/U168/Y (OA21X1_RVT)              0.04       3.88 f
  execution_unit_0/alu_0/U5/Y (OR2X1_RVT)                 0.04       3.92 f
  execution_unit_0/alu_0/U86/Y (AND2X1_RVT)               0.04       3.95 f
  execution_unit_0/alu_0/add_102_C187_aco/U1_2/CO (FADDX1_RVT)     0.05     4.00 f
  execution_unit_0/alu_0/U84/Y (AND2X1_RVT)               0.03       4.03 f
  execution_unit_0/alu_0/U83/Y (XOR2X1_RVT)               0.07       4.11 r
  execution_unit_0/alu_0/add_1_root_add_100_2_C188/U1_0/CO (FADDX1_RVT)     0.05     4.16 r
  execution_unit_0/alu_0/add_1_root_add_100_2_C188/U1_1/CO (FADDX1_RVT)     0.06     4.22 r
  execution_unit_0/alu_0/add_1_root_add_100_2_C188/U1_2/CO (FADDX1_RVT)     0.06     4.27 r
  execution_unit_0/alu_0/add_1_root_add_100_2_C188/U1_3/S (FADDX1_RVT)     0.09     4.36 f
  execution_unit_0/alu_0/U173/Y (OA21X1_RVT)              0.04       4.40 f
  execution_unit_0/alu_0/U4/Y (OR2X1_RVT)                 0.04       4.44 f
  execution_unit_0/alu_0/U81/Y (AND2X1_RVT)               0.04       4.47 f
  execution_unit_0/alu_0/add_102_C188_aco/U1_2/CO (FADDX1_RVT)     0.05     4.52 f
  execution_unit_0/alu_0/U62/Y (XOR2X1_RVT)               0.06       4.57 f
  execution_unit_0/alu_0/U198/Y (AO222X1_RVT)             0.07       4.64 f
  execution_unit_0/alu_0/alu_out[15] (omsp_alu)           0.00       4.64 f
  execution_unit_0/register_file_0/reg_dest_val[15] (omsp_register_file)     0.00     4.64 f
  execution_unit_0/register_file_0/U56/Y (AND2X1_RVT)     0.07       4.71 f
  execution_unit_0/register_file_0/pc_sw[15] (omsp_register_file)     0.00     4.71 f
  execution_unit_0/pc_sw[15] (omsp_execution_unit)        0.00       4.71 f
  frontend_0/pc_sw[15] (omsp_frontend)                    0.00       4.71 f
  frontend_0/U23/Y (AO221X1_RVT)                          0.06       4.77 f
  frontend_0/mab[15] (omsp_frontend)                      0.00       4.77 f
  mem_backbone_0/fe_mab[14] (omsp_mem_backbone)           0.00       4.77 f
  mem_backbone_0/U24/Y (AND4X1_RVT)                       0.05       4.82 f
  mem_backbone_0/U179/Y (NAND2X0_RVT)                     0.03       4.86 r
  mem_backbone_0/U174/Y (NAND4X0_RVT)                     0.05       4.91 f
  mem_backbone_0/U10/Y (INVX1_RVT)                        0.06       4.97 r
  mem_backbone_0/U30/Y (AO222X1_RVT)                      0.08       5.05 r
  mem_backbone_0/pmem_addr[7] (omsp_mem_backbone)         0.00       5.05 r
  pmem_addr[7] (out)                                      0.00       5.05 r
  data arrival time                                                  5.05

  clock dco_clk (rise edge)                              40.00      40.00
  clock network delay (ideal)                             0.00      40.00
  output external delay                                  -0.64      39.36
  data required time                                                39.36
  --------------------------------------------------------------------------
  data required time                                                39.36
  data arrival time                                                 -5.05
  --------------------------------------------------------------------------
  slack (MET)                                                       34.31


  Startpoint: dmem_dout[8]
              (input port clocked by dco_clk)
  Endpoint: pmem_addr[6]
            (output port clocked by dco_clk)
  Path Group: FEEDTHROUGH
  Path Type: max

  Des/Clust/Port     Wire Load Model       Library
  ------------------------------------------------
  openMSP430         16000                 saed32rvt_tt1p05v25c
  omsp_execution_unit 8000                 saed32rvt_tt1p05v25c
  omsp_alu           8000                  saed32rvt_tt1p05v25c
  omsp_mem_backbone  8000                  saed32rvt_tt1p05v25c

  Point                                                   Incr       Path
  --------------------------------------------------------------------------
  clock dco_clk (rise edge)                               0.00       0.00
  clock network delay (ideal)                             0.00       0.00
  input external delay                                    2.25       2.25 r
  dmem_dout[8] (in)                                       0.00       2.25 r
  mem_backbone_0/dmem_dout[8] (omsp_mem_backbone)         0.00       2.25 r
  mem_backbone_0/U101/Y (AO222X1_RVT)                     0.07       2.32 r
  mem_backbone_0/eu_mdb_in[8] (omsp_mem_backbone)         0.00       2.32 r
  execution_unit_0/mdb_in[8] (omsp_execution_unit)        0.00       2.32 r
  execution_unit_0/U177/Y (AO22X1_RVT)                    0.06       2.38 r
  execution_unit_0/U90/Y (AO222X1_RVT)                    0.06       2.44 r
  execution_unit_0/U86/Y (OR2X1_RVT)                      0.04       2.48 r
  execution_unit_0/alu_0/op_src[0] (omsp_alu)             0.00       2.48 r
  execution_unit_0/alu_0/U26/Y (XOR2X1_RVT)               0.06       2.54 r
  execution_unit_0/alu_0/add_1_root_add_100_2_C185/U1_0/CO (FADDX1_RVT)     0.06     2.61 r
  execution_unit_0/alu_0/add_1_root_add_100_2_C185/U1_1/CO (FADDX1_RVT)     0.06     2.66 r
  execution_unit_0/alu_0/add_1_root_add_100_2_C185/U1_2/CO (FADDX1_RVT)     0.06     2.72 r
  execution_unit_0/alu_0/add_1_root_add_100_2_C185/U1_3/S (FADDX1_RVT)     0.09     2.81 f
  execution_unit_0/alu_0/U143/Y (OA21X1_RVT)              0.04       2.84 f
  execution_unit_0/alu_0/U7/Y (OR2X1_RVT)                 0.04       2.88 f
  execution_unit_0/alu_0/U106/Y (AND2X1_RVT)              0.04       2.92 f
  execution_unit_0/alu_0/add_102_C185_aco/U1_2/CO (FADDX1_RVT)     0.05     2.97 f
  execution_unit_0/alu_0/U104/Y (AND2X1_RVT)              0.03       3.00 f
  execution_unit_0/alu_0/U103/Y (XOR2X1_RVT)              0.07       3.07 r
  execution_unit_0/alu_0/add_1_root_add_100_2_C186/U1_0/CO (FADDX1_RVT)     0.05     3.12 r
  execution_unit_0/alu_0/add_1_root_add_100_2_C186/U1_1/CO (FADDX1_RVT)     0.06     3.18 r
  execution_unit_0/alu_0/add_1_root_add_100_2_C186/U1_2/CO (FADDX1_RVT)     0.06     3.24 r
  execution_unit_0/alu_0/add_1_root_add_100_2_C186/U1_3/S (FADDX1_RVT)     0.09     3.32 f
  execution_unit_0/alu_0/U162/Y (OA21X1_RVT)              0.04       3.36 f
  execution_unit_0/alu_0/U6/Y (OR2X1_RVT)                 0.04       3.40 f
  execution_unit_0/alu_0/U91/Y (AND2X1_RVT)               0.04       3.44 f
  execution_unit_0/alu_0/add_102_C186_aco/U1_2/CO (FADDX1_RVT)     0.05     3.48 f
  execution_unit_0/alu_0/U89/Y (AND2X1_RVT)               0.03       3.52 f
  execution_unit_0/alu_0/U88/Y (XOR2X1_RVT)               0.07       3.59 r
  execution_unit_0/alu_0/add_1_root_add_100_2_C187/U1_0/CO (FADDX1_RVT)     0.05     3.64 r
  execution_unit_0/alu_0/add_1_root_add_100_2_C187/U1_1/CO (FADDX1_RVT)     0.06     3.70 r
  execution_unit_0/alu_0/add_1_root_add_100_2_C187/U1_2/CO (FADDX1_RVT)     0.06     3.75 r
  execution_unit_0/alu_0/add_1_root_add_100_2_C187/U1_3/S (FADDX1_RVT)     0.09     3.84 f
  execution_unit_0/alu_0/U168/Y (OA21X1_RVT)              0.04       3.88 f
  execution_unit_0/alu_0/U5/Y (OR2X1_RVT)                 0.04       3.92 f
  execution_unit_0/alu_0/U86/Y (AND2X1_RVT)               0.04       3.95 f
  execution_unit_0/alu_0/add_102_C187_aco/U1_2/CO (FADDX1_RVT)     0.05     4.00 f
  execution_unit_0/alu_0/U84/Y (AND2X1_RVT)               0.03       4.03 f
  execution_unit_0/alu_0/U83/Y (XOR2X1_RVT)               0.07       4.11 r
  execution_unit_0/alu_0/add_1_root_add_100_2_C188/U1_0/CO (FADDX1_RVT)     0.05     4.16 r
  execution_unit_0/alu_0/add_1_root_add_100_2_C188/U1_1/CO (FADDX1_RVT)     0.06     4.22 r
  execution_unit_0/alu_0/add_1_root_add_100_2_C188/U1_2/CO (FADDX1_RVT)     0.06     4.27 r
  execution_unit_0/alu_0/add_1_root_add_100_2_C188/U1_3/S (FADDX1_RVT)     0.09     4.36 f
  execution_unit_0/alu_0/U173/Y (OA21X1_RVT)              0.04       4.40 f
  execution_unit_0/alu_0/U4/Y (OR2X1_RVT)                 0.04       4.44 f
  execution_unit_0/alu_0/U81/Y (AND2X1_RVT)               0.04       4.47 f
  execution_unit_0/alu_0/add_102_C188_aco/U1_2/CO (FADDX1_RVT)     0.05     4.52 f
  execution_unit_0/alu_0/U62/Y (XOR2X1_RVT)               0.06       4.57 f
  execution_unit_0/alu_0/U198/Y (AO222X1_RVT)             0.07       4.64 f
  execution_unit_0/alu_0/alu_out[15] (omsp_alu)           0.00       4.64 f
  execution_unit_0/register_file_0/reg_dest_val[15] (omsp_register_file)     0.00     4.64 f
  execution_unit_0/register_file_0/U56/Y (AND2X1_RVT)     0.07       4.71 f
  execution_unit_0/register_file_0/pc_sw[15] (omsp_register_file)     0.00     4.71 f
  execution_unit_0/pc_sw[15] (omsp_execution_unit)        0.00       4.71 f
  frontend_0/pc_sw[15] (omsp_frontend)                    0.00       4.71 f
  frontend_0/U23/Y (AO221X1_RVT)                          0.06       4.77 f
  frontend_0/mab[15] (omsp_frontend)                      0.00       4.77 f
  mem_backbone_0/fe_mab[14] (omsp_mem_backbone)           0.00       4.77 f
  mem_backbone_0/U24/Y (AND4X1_RVT)                       0.05       4.82 f
  mem_backbone_0/U179/Y (NAND2X0_RVT)                     0.03       4.86 r
  mem_backbone_0/U174/Y (NAND4X0_RVT)                     0.05       4.91 f
  mem_backbone_0/U10/Y (INVX1_RVT)                        0.06       4.97 r
  mem_backbone_0/U31/Y (AO222X1_RVT)                      0.08       5.05 r
  mem_backbone_0/pmem_addr[6] (omsp_mem_backbone)         0.00       5.05 r
  pmem_addr[6] (out)                                      0.00       5.05 r
  data arrival time                                                  5.05

  clock dco_clk (rise edge)                              40.00      40.00
  clock network delay (ideal)                             0.00      40.00
  output external delay                                  -0.64      39.36
  data required time                                                39.36
  --------------------------------------------------------------------------
  data required time                                                39.36
  data arrival time                                                 -5.05
  --------------------------------------------------------------------------
  slack (MET)                                                       34.31


  Startpoint: dmem_dout[8]
              (input port clocked by dco_clk)
  Endpoint: pmem_addr[5]
            (output port clocked by dco_clk)
  Path Group: FEEDTHROUGH
  Path Type: max

  Des/Clust/Port     Wire Load Model       Library
  ------------------------------------------------
  openMSP430         16000                 saed32rvt_tt1p05v25c
  omsp_execution_unit 8000                 saed32rvt_tt1p05v25c
  omsp_alu           8000                  saed32rvt_tt1p05v25c
  omsp_mem_backbone  8000                  saed32rvt_tt1p05v25c

  Point                                                   Incr       Path
  --------------------------------------------------------------------------
  clock dco_clk (rise edge)                               0.00       0.00
  clock network delay (ideal)                             0.00       0.00
  input external delay                                    2.25       2.25 r
  dmem_dout[8] (in)                                       0.00       2.25 r
  mem_backbone_0/dmem_dout[8] (omsp_mem_backbone)         0.00       2.25 r
  mem_backbone_0/U101/Y (AO222X1_RVT)                     0.07       2.32 r
  mem_backbone_0/eu_mdb_in[8] (omsp_mem_backbone)         0.00       2.32 r
  execution_unit_0/mdb_in[8] (omsp_execution_unit)        0.00       2.32 r
  execution_unit_0/U177/Y (AO22X1_RVT)                    0.06       2.38 r
  execution_unit_0/U90/Y (AO222X1_RVT)                    0.06       2.44 r
  execution_unit_0/U86/Y (OR2X1_RVT)                      0.04       2.48 r
  execution_unit_0/alu_0/op_src[0] (omsp_alu)             0.00       2.48 r
  execution_unit_0/alu_0/U26/Y (XOR2X1_RVT)               0.06       2.54 r
  execution_unit_0/alu_0/add_1_root_add_100_2_C185/U1_0/CO (FADDX1_RVT)     0.06     2.61 r
  execution_unit_0/alu_0/add_1_root_add_100_2_C185/U1_1/CO (FADDX1_RVT)     0.06     2.66 r
  execution_unit_0/alu_0/add_1_root_add_100_2_C185/U1_2/CO (FADDX1_RVT)     0.06     2.72 r
  execution_unit_0/alu_0/add_1_root_add_100_2_C185/U1_3/S (FADDX1_RVT)     0.09     2.81 f
  execution_unit_0/alu_0/U143/Y (OA21X1_RVT)              0.04       2.84 f
  execution_unit_0/alu_0/U7/Y (OR2X1_RVT)                 0.04       2.88 f
  execution_unit_0/alu_0/U106/Y (AND2X1_RVT)              0.04       2.92 f
  execution_unit_0/alu_0/add_102_C185_aco/U1_2/CO (FADDX1_RVT)     0.05     2.97 f
  execution_unit_0/alu_0/U104/Y (AND2X1_RVT)              0.03       3.00 f
  execution_unit_0/alu_0/U103/Y (XOR2X1_RVT)              0.07       3.07 r
  execution_unit_0/alu_0/add_1_root_add_100_2_C186/U1_0/CO (FADDX1_RVT)     0.05     3.12 r
  execution_unit_0/alu_0/add_1_root_add_100_2_C186/U1_1/CO (FADDX1_RVT)     0.06     3.18 r
  execution_unit_0/alu_0/add_1_root_add_100_2_C186/U1_2/CO (FADDX1_RVT)     0.06     3.24 r
  execution_unit_0/alu_0/add_1_root_add_100_2_C186/U1_3/S (FADDX1_RVT)     0.09     3.32 f
  execution_unit_0/alu_0/U162/Y (OA21X1_RVT)              0.04       3.36 f
  execution_unit_0/alu_0/U6/Y (OR2X1_RVT)                 0.04       3.40 f
  execution_unit_0/alu_0/U91/Y (AND2X1_RVT)               0.04       3.44 f
  execution_unit_0/alu_0/add_102_C186_aco/U1_2/CO (FADDX1_RVT)     0.05     3.48 f
  execution_unit_0/alu_0/U89/Y (AND2X1_RVT)               0.03       3.52 f
  execution_unit_0/alu_0/U88/Y (XOR2X1_RVT)               0.07       3.59 r
  execution_unit_0/alu_0/add_1_root_add_100_2_C187/U1_0/CO (FADDX1_RVT)     0.05     3.64 r
  execution_unit_0/alu_0/add_1_root_add_100_2_C187/U1_1/CO (FADDX1_RVT)     0.06     3.70 r
  execution_unit_0/alu_0/add_1_root_add_100_2_C187/U1_2/CO (FADDX1_RVT)     0.06     3.75 r
  execution_unit_0/alu_0/add_1_root_add_100_2_C187/U1_3/S (FADDX1_RVT)     0.09     3.84 f
  execution_unit_0/alu_0/U168/Y (OA21X1_RVT)              0.04       3.88 f
  execution_unit_0/alu_0/U5/Y (OR2X1_RVT)                 0.04       3.92 f
  execution_unit_0/alu_0/U86/Y (AND2X1_RVT)               0.04       3.95 f
  execution_unit_0/alu_0/add_102_C187_aco/U1_2/CO (FADDX1_RVT)     0.05     4.00 f
  execution_unit_0/alu_0/U84/Y (AND2X1_RVT)               0.03       4.03 f
  execution_unit_0/alu_0/U83/Y (XOR2X1_RVT)               0.07       4.11 r
  execution_unit_0/alu_0/add_1_root_add_100_2_C188/U1_0/CO (FADDX1_RVT)     0.05     4.16 r
  execution_unit_0/alu_0/add_1_root_add_100_2_C188/U1_1/CO (FADDX1_RVT)     0.06     4.22 r
  execution_unit_0/alu_0/add_1_root_add_100_2_C188/U1_2/CO (FADDX1_RVT)     0.06     4.27 r
  execution_unit_0/alu_0/add_1_root_add_100_2_C188/U1_3/S (FADDX1_RVT)     0.09     4.36 f
  execution_unit_0/alu_0/U173/Y (OA21X1_RVT)              0.04       4.40 f
  execution_unit_0/alu_0/U4/Y (OR2X1_RVT)                 0.04       4.44 f
  execution_unit_0/alu_0/U81/Y (AND2X1_RVT)               0.04       4.47 f
  execution_unit_0/alu_0/add_102_C188_aco/U1_2/CO (FADDX1_RVT)     0.05     4.52 f
  execution_unit_0/alu_0/U62/Y (XOR2X1_RVT)               0.06       4.57 f
  execution_unit_0/alu_0/U198/Y (AO222X1_RVT)             0.07       4.64 f
  execution_unit_0/alu_0/alu_out[15] (omsp_alu)           0.00       4.64 f
  execution_unit_0/register_file_0/reg_dest_val[15] (omsp_register_file)     0.00     4.64 f
  execution_unit_0/register_file_0/U56/Y (AND2X1_RVT)     0.07       4.71 f
  execution_unit_0/register_file_0/pc_sw[15] (omsp_register_file)     0.00     4.71 f
  execution_unit_0/pc_sw[15] (omsp_execution_unit)        0.00       4.71 f
  frontend_0/pc_sw[15] (omsp_frontend)                    0.00       4.71 f
  frontend_0/U23/Y (AO221X1_RVT)                          0.06       4.77 f
  frontend_0/mab[15] (omsp_frontend)                      0.00       4.77 f
  mem_backbone_0/fe_mab[14] (omsp_mem_backbone)           0.00       4.77 f
  mem_backbone_0/U24/Y (AND4X1_RVT)                       0.05       4.82 f
  mem_backbone_0/U179/Y (NAND2X0_RVT)                     0.03       4.86 r
  mem_backbone_0/U174/Y (NAND4X0_RVT)                     0.05       4.91 f
  mem_backbone_0/U10/Y (INVX1_RVT)                        0.06       4.97 r
  mem_backbone_0/U32/Y (AO222X1_RVT)                      0.08       5.05 r
  mem_backbone_0/pmem_addr[5] (omsp_mem_backbone)         0.00       5.05 r
  pmem_addr[5] (out)                                      0.00       5.05 r
  data arrival time                                                  5.05

  clock dco_clk (rise edge)                              40.00      40.00
  clock network delay (ideal)                             0.00      40.00
  output external delay                                  -0.64      39.36
  data required time                                                39.36
  --------------------------------------------------------------------------
  data required time                                                39.36
  data arrival time                                                 -5.05
  --------------------------------------------------------------------------
  slack (MET)                                                       34.31


  Startpoint: dmem_dout[8]
              (input port clocked by dco_clk)
  Endpoint: pmem_addr[4]
            (output port clocked by dco_clk)
  Path Group: FEEDTHROUGH
  Path Type: max

  Des/Clust/Port     Wire Load Model       Library
  ------------------------------------------------
  openMSP430         16000                 saed32rvt_tt1p05v25c
  omsp_execution_unit 8000                 saed32rvt_tt1p05v25c
  omsp_alu           8000                  saed32rvt_tt1p05v25c
  omsp_mem_backbone  8000                  saed32rvt_tt1p05v25c

  Point                                                   Incr       Path
  --------------------------------------------------------------------------
  clock dco_clk (rise edge)                               0.00       0.00
  clock network delay (ideal)                             0.00       0.00
  input external delay                                    2.25       2.25 r
  dmem_dout[8] (in)                                       0.00       2.25 r
  mem_backbone_0/dmem_dout[8] (omsp_mem_backbone)         0.00       2.25 r
  mem_backbone_0/U101/Y (AO222X1_RVT)                     0.07       2.32 r
  mem_backbone_0/eu_mdb_in[8] (omsp_mem_backbone)         0.00       2.32 r
  execution_unit_0/mdb_in[8] (omsp_execution_unit)        0.00       2.32 r
  execution_unit_0/U177/Y (AO22X1_RVT)                    0.06       2.38 r
  execution_unit_0/U90/Y (AO222X1_RVT)                    0.06       2.44 r
  execution_unit_0/U86/Y (OR2X1_RVT)                      0.04       2.48 r
  execution_unit_0/alu_0/op_src[0] (omsp_alu)             0.00       2.48 r
  execution_unit_0/alu_0/U26/Y (XOR2X1_RVT)               0.06       2.54 r
  execution_unit_0/alu_0/add_1_root_add_100_2_C185/U1_0/CO (FADDX1_RVT)     0.06     2.61 r
  execution_unit_0/alu_0/add_1_root_add_100_2_C185/U1_1/CO (FADDX1_RVT)     0.06     2.66 r
  execution_unit_0/alu_0/add_1_root_add_100_2_C185/U1_2/CO (FADDX1_RVT)     0.06     2.72 r
  execution_unit_0/alu_0/add_1_root_add_100_2_C185/U1_3/S (FADDX1_RVT)     0.09     2.81 f
  execution_unit_0/alu_0/U143/Y (OA21X1_RVT)              0.04       2.84 f
  execution_unit_0/alu_0/U7/Y (OR2X1_RVT)                 0.04       2.88 f
  execution_unit_0/alu_0/U106/Y (AND2X1_RVT)              0.04       2.92 f
  execution_unit_0/alu_0/add_102_C185_aco/U1_2/CO (FADDX1_RVT)     0.05     2.97 f
  execution_unit_0/alu_0/U104/Y (AND2X1_RVT)              0.03       3.00 f
  execution_unit_0/alu_0/U103/Y (XOR2X1_RVT)              0.07       3.07 r
  execution_unit_0/alu_0/add_1_root_add_100_2_C186/U1_0/CO (FADDX1_RVT)     0.05     3.12 r
  execution_unit_0/alu_0/add_1_root_add_100_2_C186/U1_1/CO (FADDX1_RVT)     0.06     3.18 r
  execution_unit_0/alu_0/add_1_root_add_100_2_C186/U1_2/CO (FADDX1_RVT)     0.06     3.24 r
  execution_unit_0/alu_0/add_1_root_add_100_2_C186/U1_3/S (FADDX1_RVT)     0.09     3.32 f
  execution_unit_0/alu_0/U162/Y (OA21X1_RVT)              0.04       3.36 f
  execution_unit_0/alu_0/U6/Y (OR2X1_RVT)                 0.04       3.40 f
  execution_unit_0/alu_0/U91/Y (AND2X1_RVT)               0.04       3.44 f
  execution_unit_0/alu_0/add_102_C186_aco/U1_2/CO (FADDX1_RVT)     0.05     3.48 f
  execution_unit_0/alu_0/U89/Y (AND2X1_RVT)               0.03       3.52 f
  execution_unit_0/alu_0/U88/Y (XOR2X1_RVT)               0.07       3.59 r
  execution_unit_0/alu_0/add_1_root_add_100_2_C187/U1_0/CO (FADDX1_RVT)     0.05     3.64 r
  execution_unit_0/alu_0/add_1_root_add_100_2_C187/U1_1/CO (FADDX1_RVT)     0.06     3.70 r
  execution_unit_0/alu_0/add_1_root_add_100_2_C187/U1_2/CO (FADDX1_RVT)     0.06     3.75 r
  execution_unit_0/alu_0/add_1_root_add_100_2_C187/U1_3/S (FADDX1_RVT)     0.09     3.84 f
  execution_unit_0/alu_0/U168/Y (OA21X1_RVT)              0.04       3.88 f
  execution_unit_0/alu_0/U5/Y (OR2X1_RVT)                 0.04       3.92 f
  execution_unit_0/alu_0/U86/Y (AND2X1_RVT)               0.04       3.95 f
  execution_unit_0/alu_0/add_102_C187_aco/U1_2/CO (FADDX1_RVT)     0.05     4.00 f
  execution_unit_0/alu_0/U84/Y (AND2X1_RVT)               0.03       4.03 f
  execution_unit_0/alu_0/U83/Y (XOR2X1_RVT)               0.07       4.11 r
  execution_unit_0/alu_0/add_1_root_add_100_2_C188/U1_0/CO (FADDX1_RVT)     0.05     4.16 r
  execution_unit_0/alu_0/add_1_root_add_100_2_C188/U1_1/CO (FADDX1_RVT)     0.06     4.22 r
  execution_unit_0/alu_0/add_1_root_add_100_2_C188/U1_2/CO (FADDX1_RVT)     0.06     4.27 r
  execution_unit_0/alu_0/add_1_root_add_100_2_C188/U1_3/S (FADDX1_RVT)     0.09     4.36 f
  execution_unit_0/alu_0/U173/Y (OA21X1_RVT)              0.04       4.40 f
  execution_unit_0/alu_0/U4/Y (OR2X1_RVT)                 0.04       4.44 f
  execution_unit_0/alu_0/U81/Y (AND2X1_RVT)               0.04       4.47 f
  execution_unit_0/alu_0/add_102_C188_aco/U1_2/CO (FADDX1_RVT)     0.05     4.52 f
  execution_unit_0/alu_0/U62/Y (XOR2X1_RVT)               0.06       4.57 f
  execution_unit_0/alu_0/U198/Y (AO222X1_RVT)             0.07       4.64 f
  execution_unit_0/alu_0/alu_out[15] (omsp_alu)           0.00       4.64 f
  execution_unit_0/register_file_0/reg_dest_val[15] (omsp_register_file)     0.00     4.64 f
  execution_unit_0/register_file_0/U56/Y (AND2X1_RVT)     0.07       4.71 f
  execution_unit_0/register_file_0/pc_sw[15] (omsp_register_file)     0.00     4.71 f
  execution_unit_0/pc_sw[15] (omsp_execution_unit)        0.00       4.71 f
  frontend_0/pc_sw[15] (omsp_frontend)                    0.00       4.71 f
  frontend_0/U23/Y (AO221X1_RVT)                          0.06       4.77 f
  frontend_0/mab[15] (omsp_frontend)                      0.00       4.77 f
  mem_backbone_0/fe_mab[14] (omsp_mem_backbone)           0.00       4.77 f
  mem_backbone_0/U24/Y (AND4X1_RVT)                       0.05       4.82 f
  mem_backbone_0/U179/Y (NAND2X0_RVT)                     0.03       4.86 r
  mem_backbone_0/U174/Y (NAND4X0_RVT)                     0.05       4.91 f
  mem_backbone_0/U10/Y (INVX1_RVT)                        0.06       4.97 r
  mem_backbone_0/U33/Y (AO222X1_RVT)                      0.08       5.05 r
  mem_backbone_0/pmem_addr[4] (omsp_mem_backbone)         0.00       5.05 r
  pmem_addr[4] (out)                                      0.00       5.05 r
  data arrival time                                                  5.05

  clock dco_clk (rise edge)                              40.00      40.00
  clock network delay (ideal)                             0.00      40.00
  output external delay                                  -0.64      39.36
  data required time                                                39.36
  --------------------------------------------------------------------------
  data required time                                                39.36
  data arrival time                                                 -5.05
  --------------------------------------------------------------------------
  slack (MET)                                                       34.31


  Startpoint: dmem_dout[8]
              (input port clocked by dco_clk)
  Endpoint: pmem_addr[3]
            (output port clocked by dco_clk)
  Path Group: FEEDTHROUGH
  Path Type: max

  Des/Clust/Port     Wire Load Model       Library
  ------------------------------------------------
  openMSP430         16000                 saed32rvt_tt1p05v25c
  omsp_execution_unit 8000                 saed32rvt_tt1p05v25c
  omsp_alu           8000                  saed32rvt_tt1p05v25c
  omsp_mem_backbone  8000                  saed32rvt_tt1p05v25c

  Point                                                   Incr       Path
  --------------------------------------------------------------------------
  clock dco_clk (rise edge)                               0.00       0.00
  clock network delay (ideal)                             0.00       0.00
  input external delay                                    2.25       2.25 r
  dmem_dout[8] (in)                                       0.00       2.25 r
  mem_backbone_0/dmem_dout[8] (omsp_mem_backbone)         0.00       2.25 r
  mem_backbone_0/U101/Y (AO222X1_RVT)                     0.07       2.32 r
  mem_backbone_0/eu_mdb_in[8] (omsp_mem_backbone)         0.00       2.32 r
  execution_unit_0/mdb_in[8] (omsp_execution_unit)        0.00       2.32 r
  execution_unit_0/U177/Y (AO22X1_RVT)                    0.06       2.38 r
  execution_unit_0/U90/Y (AO222X1_RVT)                    0.06       2.44 r
  execution_unit_0/U86/Y (OR2X1_RVT)                      0.04       2.48 r
  execution_unit_0/alu_0/op_src[0] (omsp_alu)             0.00       2.48 r
  execution_unit_0/alu_0/U26/Y (XOR2X1_RVT)               0.06       2.54 r
  execution_unit_0/alu_0/add_1_root_add_100_2_C185/U1_0/CO (FADDX1_RVT)     0.06     2.61 r
  execution_unit_0/alu_0/add_1_root_add_100_2_C185/U1_1/CO (FADDX1_RVT)     0.06     2.66 r
  execution_unit_0/alu_0/add_1_root_add_100_2_C185/U1_2/CO (FADDX1_RVT)     0.06     2.72 r
  execution_unit_0/alu_0/add_1_root_add_100_2_C185/U1_3/S (FADDX1_RVT)     0.09     2.81 f
  execution_unit_0/alu_0/U143/Y (OA21X1_RVT)              0.04       2.84 f
  execution_unit_0/alu_0/U7/Y (OR2X1_RVT)                 0.04       2.88 f
  execution_unit_0/alu_0/U106/Y (AND2X1_RVT)              0.04       2.92 f
  execution_unit_0/alu_0/add_102_C185_aco/U1_2/CO (FADDX1_RVT)     0.05     2.97 f
  execution_unit_0/alu_0/U104/Y (AND2X1_RVT)              0.03       3.00 f
  execution_unit_0/alu_0/U103/Y (XOR2X1_RVT)              0.07       3.07 r
  execution_unit_0/alu_0/add_1_root_add_100_2_C186/U1_0/CO (FADDX1_RVT)     0.05     3.12 r
  execution_unit_0/alu_0/add_1_root_add_100_2_C186/U1_1/CO (FADDX1_RVT)     0.06     3.18 r
  execution_unit_0/alu_0/add_1_root_add_100_2_C186/U1_2/CO (FADDX1_RVT)     0.06     3.24 r
  execution_unit_0/alu_0/add_1_root_add_100_2_C186/U1_3/S (FADDX1_RVT)     0.09     3.32 f
  execution_unit_0/alu_0/U162/Y (OA21X1_RVT)              0.04       3.36 f
  execution_unit_0/alu_0/U6/Y (OR2X1_RVT)                 0.04       3.40 f
  execution_unit_0/alu_0/U91/Y (AND2X1_RVT)               0.04       3.44 f
  execution_unit_0/alu_0/add_102_C186_aco/U1_2/CO (FADDX1_RVT)     0.05     3.48 f
  execution_unit_0/alu_0/U89/Y (AND2X1_RVT)               0.03       3.52 f
  execution_unit_0/alu_0/U88/Y (XOR2X1_RVT)               0.07       3.59 r
  execution_unit_0/alu_0/add_1_root_add_100_2_C187/U1_0/CO (FADDX1_RVT)     0.05     3.64 r
  execution_unit_0/alu_0/add_1_root_add_100_2_C187/U1_1/CO (FADDX1_RVT)     0.06     3.70 r
  execution_unit_0/alu_0/add_1_root_add_100_2_C187/U1_2/CO (FADDX1_RVT)     0.06     3.75 r
  execution_unit_0/alu_0/add_1_root_add_100_2_C187/U1_3/S (FADDX1_RVT)     0.09     3.84 f
  execution_unit_0/alu_0/U168/Y (OA21X1_RVT)              0.04       3.88 f
  execution_unit_0/alu_0/U5/Y (OR2X1_RVT)                 0.04       3.92 f
  execution_unit_0/alu_0/U86/Y (AND2X1_RVT)               0.04       3.95 f
  execution_unit_0/alu_0/add_102_C187_aco/U1_2/CO (FADDX1_RVT)     0.05     4.00 f
  execution_unit_0/alu_0/U84/Y (AND2X1_RVT)               0.03       4.03 f
  execution_unit_0/alu_0/U83/Y (XOR2X1_RVT)               0.07       4.11 r
  execution_unit_0/alu_0/add_1_root_add_100_2_C188/U1_0/CO (FADDX1_RVT)     0.05     4.16 r
  execution_unit_0/alu_0/add_1_root_add_100_2_C188/U1_1/CO (FADDX1_RVT)     0.06     4.22 r
  execution_unit_0/alu_0/add_1_root_add_100_2_C188/U1_2/CO (FADDX1_RVT)     0.06     4.27 r
  execution_unit_0/alu_0/add_1_root_add_100_2_C188/U1_3/S (FADDX1_RVT)     0.09     4.36 f
  execution_unit_0/alu_0/U173/Y (OA21X1_RVT)              0.04       4.40 f
  execution_unit_0/alu_0/U4/Y (OR2X1_RVT)                 0.04       4.44 f
  execution_unit_0/alu_0/U81/Y (AND2X1_RVT)               0.04       4.47 f
  execution_unit_0/alu_0/add_102_C188_aco/U1_2/CO (FADDX1_RVT)     0.05     4.52 f
  execution_unit_0/alu_0/U62/Y (XOR2X1_RVT)               0.06       4.57 f
  execution_unit_0/alu_0/U198/Y (AO222X1_RVT)             0.07       4.64 f
  execution_unit_0/alu_0/alu_out[15] (omsp_alu)           0.00       4.64 f
  execution_unit_0/register_file_0/reg_dest_val[15] (omsp_register_file)     0.00     4.64 f
  execution_unit_0/register_file_0/U56/Y (AND2X1_RVT)     0.07       4.71 f
  execution_unit_0/register_file_0/pc_sw[15] (omsp_register_file)     0.00     4.71 f
  execution_unit_0/pc_sw[15] (omsp_execution_unit)        0.00       4.71 f
  frontend_0/pc_sw[15] (omsp_frontend)                    0.00       4.71 f
  frontend_0/U23/Y (AO221X1_RVT)                          0.06       4.77 f
  frontend_0/mab[15] (omsp_frontend)                      0.00       4.77 f
  mem_backbone_0/fe_mab[14] (omsp_mem_backbone)           0.00       4.77 f
  mem_backbone_0/U24/Y (AND4X1_RVT)                       0.05       4.82 f
  mem_backbone_0/U179/Y (NAND2X0_RVT)                     0.03       4.86 r
  mem_backbone_0/U174/Y (NAND4X0_RVT)                     0.05       4.91 f
  mem_backbone_0/U10/Y (INVX1_RVT)                        0.06       4.97 r
  mem_backbone_0/U34/Y (AO222X1_RVT)                      0.08       5.05 r
  mem_backbone_0/pmem_addr[3] (omsp_mem_backbone)         0.00       5.05 r
  pmem_addr[3] (out)                                      0.00       5.05 r
  data arrival time                                                  5.05

  clock dco_clk (rise edge)                              40.00      40.00
  clock network delay (ideal)                             0.00      40.00
  output external delay                                  -0.64      39.36
  data required time                                                39.36
  --------------------------------------------------------------------------
  data required time                                                39.36
  data arrival time                                                 -5.05
  --------------------------------------------------------------------------
  slack (MET)                                                       34.31


  Startpoint: dmem_dout[8]
              (input port clocked by dco_clk)
  Endpoint: pmem_addr[2]
            (output port clocked by dco_clk)
  Path Group: FEEDTHROUGH
  Path Type: max

  Des/Clust/Port     Wire Load Model       Library
  ------------------------------------------------
  openMSP430         16000                 saed32rvt_tt1p05v25c
  omsp_execution_unit 8000                 saed32rvt_tt1p05v25c
  omsp_alu           8000                  saed32rvt_tt1p05v25c
  omsp_mem_backbone  8000                  saed32rvt_tt1p05v25c

  Point                                                   Incr       Path
  --------------------------------------------------------------------------
  clock dco_clk (rise edge)                               0.00       0.00
  clock network delay (ideal)                             0.00       0.00
  input external delay                                    2.25       2.25 r
  dmem_dout[8] (in)                                       0.00       2.25 r
  mem_backbone_0/dmem_dout[8] (omsp_mem_backbone)         0.00       2.25 r
  mem_backbone_0/U101/Y (AO222X1_RVT)                     0.07       2.32 r
  mem_backbone_0/eu_mdb_in[8] (omsp_mem_backbone)         0.00       2.32 r
  execution_unit_0/mdb_in[8] (omsp_execution_unit)        0.00       2.32 r
  execution_unit_0/U177/Y (AO22X1_RVT)                    0.06       2.38 r
  execution_unit_0/U90/Y (AO222X1_RVT)                    0.06       2.44 r
  execution_unit_0/U86/Y (OR2X1_RVT)                      0.04       2.48 r
  execution_unit_0/alu_0/op_src[0] (omsp_alu)             0.00       2.48 r
  execution_unit_0/alu_0/U26/Y (XOR2X1_RVT)               0.06       2.54 r
  execution_unit_0/alu_0/add_1_root_add_100_2_C185/U1_0/CO (FADDX1_RVT)     0.06     2.61 r
  execution_unit_0/alu_0/add_1_root_add_100_2_C185/U1_1/CO (FADDX1_RVT)     0.06     2.66 r
  execution_unit_0/alu_0/add_1_root_add_100_2_C185/U1_2/CO (FADDX1_RVT)     0.06     2.72 r
  execution_unit_0/alu_0/add_1_root_add_100_2_C185/U1_3/S (FADDX1_RVT)     0.09     2.81 f
  execution_unit_0/alu_0/U143/Y (OA21X1_RVT)              0.04       2.84 f
  execution_unit_0/alu_0/U7/Y (OR2X1_RVT)                 0.04       2.88 f
  execution_unit_0/alu_0/U106/Y (AND2X1_RVT)              0.04       2.92 f
  execution_unit_0/alu_0/add_102_C185_aco/U1_2/CO (FADDX1_RVT)     0.05     2.97 f
  execution_unit_0/alu_0/U104/Y (AND2X1_RVT)              0.03       3.00 f
  execution_unit_0/alu_0/U103/Y (XOR2X1_RVT)              0.07       3.07 r
  execution_unit_0/alu_0/add_1_root_add_100_2_C186/U1_0/CO (FADDX1_RVT)     0.05     3.12 r
  execution_unit_0/alu_0/add_1_root_add_100_2_C186/U1_1/CO (FADDX1_RVT)     0.06     3.18 r
  execution_unit_0/alu_0/add_1_root_add_100_2_C186/U1_2/CO (FADDX1_RVT)     0.06     3.24 r
  execution_unit_0/alu_0/add_1_root_add_100_2_C186/U1_3/S (FADDX1_RVT)     0.09     3.32 f
  execution_unit_0/alu_0/U162/Y (OA21X1_RVT)              0.04       3.36 f
  execution_unit_0/alu_0/U6/Y (OR2X1_RVT)                 0.04       3.40 f
  execution_unit_0/alu_0/U91/Y (AND2X1_RVT)               0.04       3.44 f
  execution_unit_0/alu_0/add_102_C186_aco/U1_2/CO (FADDX1_RVT)     0.05     3.48 f
  execution_unit_0/alu_0/U89/Y (AND2X1_RVT)               0.03       3.52 f
  execution_unit_0/alu_0/U88/Y (XOR2X1_RVT)               0.07       3.59 r
  execution_unit_0/alu_0/add_1_root_add_100_2_C187/U1_0/CO (FADDX1_RVT)     0.05     3.64 r
  execution_unit_0/alu_0/add_1_root_add_100_2_C187/U1_1/CO (FADDX1_RVT)     0.06     3.70 r
  execution_unit_0/alu_0/add_1_root_add_100_2_C187/U1_2/CO (FADDX1_RVT)     0.06     3.75 r
  execution_unit_0/alu_0/add_1_root_add_100_2_C187/U1_3/S (FADDX1_RVT)     0.09     3.84 f
  execution_unit_0/alu_0/U168/Y (OA21X1_RVT)              0.04       3.88 f
  execution_unit_0/alu_0/U5/Y (OR2X1_RVT)                 0.04       3.92 f
  execution_unit_0/alu_0/U86/Y (AND2X1_RVT)               0.04       3.95 f
  execution_unit_0/alu_0/add_102_C187_aco/U1_2/CO (FADDX1_RVT)     0.05     4.00 f
  execution_unit_0/alu_0/U84/Y (AND2X1_RVT)               0.03       4.03 f
  execution_unit_0/alu_0/U83/Y (XOR2X1_RVT)               0.07       4.11 r
  execution_unit_0/alu_0/add_1_root_add_100_2_C188/U1_0/CO (FADDX1_RVT)     0.05     4.16 r
  execution_unit_0/alu_0/add_1_root_add_100_2_C188/U1_1/CO (FADDX1_RVT)     0.06     4.22 r
  execution_unit_0/alu_0/add_1_root_add_100_2_C188/U1_2/CO (FADDX1_RVT)     0.06     4.27 r
  execution_unit_0/alu_0/add_1_root_add_100_2_C188/U1_3/S (FADDX1_RVT)     0.09     4.36 f
  execution_unit_0/alu_0/U173/Y (OA21X1_RVT)              0.04       4.40 f
  execution_unit_0/alu_0/U4/Y (OR2X1_RVT)                 0.04       4.44 f
  execution_unit_0/alu_0/U81/Y (AND2X1_RVT)               0.04       4.47 f
  execution_unit_0/alu_0/add_102_C188_aco/U1_2/CO (FADDX1_RVT)     0.05     4.52 f
  execution_unit_0/alu_0/U62/Y (XOR2X1_RVT)               0.06       4.57 f
  execution_unit_0/alu_0/U198/Y (AO222X1_RVT)             0.07       4.64 f
  execution_unit_0/alu_0/alu_out[15] (omsp_alu)           0.00       4.64 f
  execution_unit_0/register_file_0/reg_dest_val[15] (omsp_register_file)     0.00     4.64 f
  execution_unit_0/register_file_0/U56/Y (AND2X1_RVT)     0.07       4.71 f
  execution_unit_0/register_file_0/pc_sw[15] (omsp_register_file)     0.00     4.71 f
  execution_unit_0/pc_sw[15] (omsp_execution_unit)        0.00       4.71 f
  frontend_0/pc_sw[15] (omsp_frontend)                    0.00       4.71 f
  frontend_0/U23/Y (AO221X1_RVT)                          0.06       4.77 f
  frontend_0/mab[15] (omsp_frontend)                      0.00       4.77 f
  mem_backbone_0/fe_mab[14] (omsp_mem_backbone)           0.00       4.77 f
  mem_backbone_0/U24/Y (AND4X1_RVT)                       0.05       4.82 f
  mem_backbone_0/U179/Y (NAND2X0_RVT)                     0.03       4.86 r
  mem_backbone_0/U174/Y (NAND4X0_RVT)                     0.05       4.91 f
  mem_backbone_0/U10/Y (INVX1_RVT)                        0.06       4.97 r
  mem_backbone_0/U35/Y (AO222X1_RVT)                      0.08       5.05 r
  mem_backbone_0/pmem_addr[2] (omsp_mem_backbone)         0.00       5.05 r
  pmem_addr[2] (out)                                      0.00       5.05 r
  data arrival time                                                  5.05

  clock dco_clk (rise edge)                              40.00      40.00
  clock network delay (ideal)                             0.00      40.00
  output external delay                                  -0.64      39.36
  data required time                                                39.36
  --------------------------------------------------------------------------
  data required time                                                39.36
  data arrival time                                                 -5.05
  --------------------------------------------------------------------------
  slack (MET)                                                       34.31


  Startpoint: dmem_dout[8]
              (input port clocked by dco_clk)
  Endpoint: pmem_addr[1]
            (output port clocked by dco_clk)
  Path Group: FEEDTHROUGH
  Path Type: max

  Des/Clust/Port     Wire Load Model       Library
  ------------------------------------------------
  openMSP430         16000                 saed32rvt_tt1p05v25c
  omsp_execution_unit 8000                 saed32rvt_tt1p05v25c
  omsp_alu           8000                  saed32rvt_tt1p05v25c
  omsp_mem_backbone  8000                  saed32rvt_tt1p05v25c

  Point                                                   Incr       Path
  --------------------------------------------------------------------------
  clock dco_clk (rise edge)                               0.00       0.00
  clock network delay (ideal)                             0.00       0.00
  input external delay                                    2.25       2.25 r
  dmem_dout[8] (in)                                       0.00       2.25 r
  mem_backbone_0/dmem_dout[8] (omsp_mem_backbone)         0.00       2.25 r
  mem_backbone_0/U101/Y (AO222X1_RVT)                     0.07       2.32 r
  mem_backbone_0/eu_mdb_in[8] (omsp_mem_backbone)         0.00       2.32 r
  execution_unit_0/mdb_in[8] (omsp_execution_unit)        0.00       2.32 r
  execution_unit_0/U177/Y (AO22X1_RVT)                    0.06       2.38 r
  execution_unit_0/U90/Y (AO222X1_RVT)                    0.06       2.44 r
  execution_unit_0/U86/Y (OR2X1_RVT)                      0.04       2.48 r
  execution_unit_0/alu_0/op_src[0] (omsp_alu)             0.00       2.48 r
  execution_unit_0/alu_0/U26/Y (XOR2X1_RVT)               0.06       2.54 r
  execution_unit_0/alu_0/add_1_root_add_100_2_C185/U1_0/CO (FADDX1_RVT)     0.06     2.61 r
  execution_unit_0/alu_0/add_1_root_add_100_2_C185/U1_1/CO (FADDX1_RVT)     0.06     2.66 r
  execution_unit_0/alu_0/add_1_root_add_100_2_C185/U1_2/CO (FADDX1_RVT)     0.06     2.72 r
  execution_unit_0/alu_0/add_1_root_add_100_2_C185/U1_3/S (FADDX1_RVT)     0.09     2.81 f
  execution_unit_0/alu_0/U143/Y (OA21X1_RVT)              0.04       2.84 f
  execution_unit_0/alu_0/U7/Y (OR2X1_RVT)                 0.04       2.88 f
  execution_unit_0/alu_0/U106/Y (AND2X1_RVT)              0.04       2.92 f
  execution_unit_0/alu_0/add_102_C185_aco/U1_2/CO (FADDX1_RVT)     0.05     2.97 f
  execution_unit_0/alu_0/U104/Y (AND2X1_RVT)              0.03       3.00 f
  execution_unit_0/alu_0/U103/Y (XOR2X1_RVT)              0.07       3.07 r
  execution_unit_0/alu_0/add_1_root_add_100_2_C186/U1_0/CO (FADDX1_RVT)     0.05     3.12 r
  execution_unit_0/alu_0/add_1_root_add_100_2_C186/U1_1/CO (FADDX1_RVT)     0.06     3.18 r
  execution_unit_0/alu_0/add_1_root_add_100_2_C186/U1_2/CO (FADDX1_RVT)     0.06     3.24 r
  execution_unit_0/alu_0/add_1_root_add_100_2_C186/U1_3/S (FADDX1_RVT)     0.09     3.32 f
  execution_unit_0/alu_0/U162/Y (OA21X1_RVT)              0.04       3.36 f
  execution_unit_0/alu_0/U6/Y (OR2X1_RVT)                 0.04       3.40 f
  execution_unit_0/alu_0/U91/Y (AND2X1_RVT)               0.04       3.44 f
  execution_unit_0/alu_0/add_102_C186_aco/U1_2/CO (FADDX1_RVT)     0.05     3.48 f
  execution_unit_0/alu_0/U89/Y (AND2X1_RVT)               0.03       3.52 f
  execution_unit_0/alu_0/U88/Y (XOR2X1_RVT)               0.07       3.59 r
  execution_unit_0/alu_0/add_1_root_add_100_2_C187/U1_0/CO (FADDX1_RVT)     0.05     3.64 r
  execution_unit_0/alu_0/add_1_root_add_100_2_C187/U1_1/CO (FADDX1_RVT)     0.06     3.70 r
  execution_unit_0/alu_0/add_1_root_add_100_2_C187/U1_2/CO (FADDX1_RVT)     0.06     3.75 r
  execution_unit_0/alu_0/add_1_root_add_100_2_C187/U1_3/S (FADDX1_RVT)     0.09     3.84 f
  execution_unit_0/alu_0/U168/Y (OA21X1_RVT)              0.04       3.88 f
  execution_unit_0/alu_0/U5/Y (OR2X1_RVT)                 0.04       3.92 f
  execution_unit_0/alu_0/U86/Y (AND2X1_RVT)               0.04       3.95 f
  execution_unit_0/alu_0/add_102_C187_aco/U1_2/CO (FADDX1_RVT)     0.05     4.00 f
  execution_unit_0/alu_0/U84/Y (AND2X1_RVT)               0.03       4.03 f
  execution_unit_0/alu_0/U83/Y (XOR2X1_RVT)               0.07       4.11 r
  execution_unit_0/alu_0/add_1_root_add_100_2_C188/U1_0/CO (FADDX1_RVT)     0.05     4.16 r
  execution_unit_0/alu_0/add_1_root_add_100_2_C188/U1_1/CO (FADDX1_RVT)     0.06     4.22 r
  execution_unit_0/alu_0/add_1_root_add_100_2_C188/U1_2/CO (FADDX1_RVT)     0.06     4.27 r
  execution_unit_0/alu_0/add_1_root_add_100_2_C188/U1_3/S (FADDX1_RVT)     0.09     4.36 f
  execution_unit_0/alu_0/U173/Y (OA21X1_RVT)              0.04       4.40 f
  execution_unit_0/alu_0/U4/Y (OR2X1_RVT)                 0.04       4.44 f
  execution_unit_0/alu_0/U81/Y (AND2X1_RVT)               0.04       4.47 f
  execution_unit_0/alu_0/add_102_C188_aco/U1_2/CO (FADDX1_RVT)     0.05     4.52 f
  execution_unit_0/alu_0/U62/Y (XOR2X1_RVT)               0.06       4.57 f
  execution_unit_0/alu_0/U198/Y (AO222X1_RVT)             0.07       4.64 f
  execution_unit_0/alu_0/alu_out[15] (omsp_alu)           0.00       4.64 f
  execution_unit_0/register_file_0/reg_dest_val[15] (omsp_register_file)     0.00     4.64 f
  execution_unit_0/register_file_0/U56/Y (AND2X1_RVT)     0.07       4.71 f
  execution_unit_0/register_file_0/pc_sw[15] (omsp_register_file)     0.00     4.71 f
  execution_unit_0/pc_sw[15] (omsp_execution_unit)        0.00       4.71 f
  frontend_0/pc_sw[15] (omsp_frontend)                    0.00       4.71 f
  frontend_0/U23/Y (AO221X1_RVT)                          0.06       4.77 f
  frontend_0/mab[15] (omsp_frontend)                      0.00       4.77 f
  mem_backbone_0/fe_mab[14] (omsp_mem_backbone)           0.00       4.77 f
  mem_backbone_0/U24/Y (AND4X1_RVT)                       0.05       4.82 f
  mem_backbone_0/U179/Y (NAND2X0_RVT)                     0.03       4.86 r
  mem_backbone_0/U174/Y (NAND4X0_RVT)                     0.05       4.91 f
  mem_backbone_0/U10/Y (INVX1_RVT)                        0.06       4.97 r
  mem_backbone_0/U36/Y (AO222X1_RVT)                      0.08       5.05 r
  mem_backbone_0/pmem_addr[1] (omsp_mem_backbone)         0.00       5.05 r
  pmem_addr[1] (out)                                      0.00       5.05 r
  data arrival time                                                  5.05

  clock dco_clk (rise edge)                              40.00      40.00
  clock network delay (ideal)                             0.00      40.00
  output external delay                                  -0.64      39.36
  data required time                                                39.36
  --------------------------------------------------------------------------
  data required time                                                39.36
  data arrival time                                                 -5.05
  --------------------------------------------------------------------------
  slack (MET)                                                       34.31


  Startpoint: dmem_dout[8]
              (input port clocked by dco_clk)
  Endpoint: pmem_addr[0]
            (output port clocked by dco_clk)
  Path Group: FEEDTHROUGH
  Path Type: max

  Des/Clust/Port     Wire Load Model       Library
  ------------------------------------------------
  openMSP430         16000                 saed32rvt_tt1p05v25c
  omsp_execution_unit 8000                 saed32rvt_tt1p05v25c
  omsp_alu           8000                  saed32rvt_tt1p05v25c
  omsp_mem_backbone  8000                  saed32rvt_tt1p05v25c

  Point                                                   Incr       Path
  --------------------------------------------------------------------------
  clock dco_clk (rise edge)                               0.00       0.00
  clock network delay (ideal)                             0.00       0.00
  input external delay                                    2.25       2.25 r
  dmem_dout[8] (in)                                       0.00       2.25 r
  mem_backbone_0/dmem_dout[8] (omsp_mem_backbone)         0.00       2.25 r
  mem_backbone_0/U101/Y (AO222X1_RVT)                     0.07       2.32 r
  mem_backbone_0/eu_mdb_in[8] (omsp_mem_backbone)         0.00       2.32 r
  execution_unit_0/mdb_in[8] (omsp_execution_unit)        0.00       2.32 r
  execution_unit_0/U177/Y (AO22X1_RVT)                    0.06       2.38 r
  execution_unit_0/U90/Y (AO222X1_RVT)                    0.06       2.44 r
  execution_unit_0/U86/Y (OR2X1_RVT)                      0.04       2.48 r
  execution_unit_0/alu_0/op_src[0] (omsp_alu)             0.00       2.48 r
  execution_unit_0/alu_0/U26/Y (XOR2X1_RVT)               0.06       2.54 r
  execution_unit_0/alu_0/add_1_root_add_100_2_C185/U1_0/CO (FADDX1_RVT)     0.06     2.61 r
  execution_unit_0/alu_0/add_1_root_add_100_2_C185/U1_1/CO (FADDX1_RVT)     0.06     2.66 r
  execution_unit_0/alu_0/add_1_root_add_100_2_C185/U1_2/CO (FADDX1_RVT)     0.06     2.72 r
  execution_unit_0/alu_0/add_1_root_add_100_2_C185/U1_3/S (FADDX1_RVT)     0.09     2.81 f
  execution_unit_0/alu_0/U143/Y (OA21X1_RVT)              0.04       2.84 f
  execution_unit_0/alu_0/U7/Y (OR2X1_RVT)                 0.04       2.88 f
  execution_unit_0/alu_0/U106/Y (AND2X1_RVT)              0.04       2.92 f
  execution_unit_0/alu_0/add_102_C185_aco/U1_2/CO (FADDX1_RVT)     0.05     2.97 f
  execution_unit_0/alu_0/U104/Y (AND2X1_RVT)              0.03       3.00 f
  execution_unit_0/alu_0/U103/Y (XOR2X1_RVT)              0.07       3.07 r
  execution_unit_0/alu_0/add_1_root_add_100_2_C186/U1_0/CO (FADDX1_RVT)     0.05     3.12 r
  execution_unit_0/alu_0/add_1_root_add_100_2_C186/U1_1/CO (FADDX1_RVT)     0.06     3.18 r
  execution_unit_0/alu_0/add_1_root_add_100_2_C186/U1_2/CO (FADDX1_RVT)     0.06     3.24 r
  execution_unit_0/alu_0/add_1_root_add_100_2_C186/U1_3/S (FADDX1_RVT)     0.09     3.32 f
  execution_unit_0/alu_0/U162/Y (OA21X1_RVT)              0.04       3.36 f
  execution_unit_0/alu_0/U6/Y (OR2X1_RVT)                 0.04       3.40 f
  execution_unit_0/alu_0/U91/Y (AND2X1_RVT)               0.04       3.44 f
  execution_unit_0/alu_0/add_102_C186_aco/U1_2/CO (FADDX1_RVT)     0.05     3.48 f
  execution_unit_0/alu_0/U89/Y (AND2X1_RVT)               0.03       3.52 f
  execution_unit_0/alu_0/U88/Y (XOR2X1_RVT)               0.07       3.59 r
  execution_unit_0/alu_0/add_1_root_add_100_2_C187/U1_0/CO (FADDX1_RVT)     0.05     3.64 r
  execution_unit_0/alu_0/add_1_root_add_100_2_C187/U1_1/CO (FADDX1_RVT)     0.06     3.70 r
  execution_unit_0/alu_0/add_1_root_add_100_2_C187/U1_2/CO (FADDX1_RVT)     0.06     3.75 r
  execution_unit_0/alu_0/add_1_root_add_100_2_C187/U1_3/S (FADDX1_RVT)     0.09     3.84 f
  execution_unit_0/alu_0/U168/Y (OA21X1_RVT)              0.04       3.88 f
  execution_unit_0/alu_0/U5/Y (OR2X1_RVT)                 0.04       3.92 f
  execution_unit_0/alu_0/U86/Y (AND2X1_RVT)               0.04       3.95 f
  execution_unit_0/alu_0/add_102_C187_aco/U1_2/CO (FADDX1_RVT)     0.05     4.00 f
  execution_unit_0/alu_0/U84/Y (AND2X1_RVT)               0.03       4.03 f
  execution_unit_0/alu_0/U83/Y (XOR2X1_RVT)               0.07       4.11 r
  execution_unit_0/alu_0/add_1_root_add_100_2_C188/U1_0/CO (FADDX1_RVT)     0.05     4.16 r
  execution_unit_0/alu_0/add_1_root_add_100_2_C188/U1_1/CO (FADDX1_RVT)     0.06     4.22 r
  execution_unit_0/alu_0/add_1_root_add_100_2_C188/U1_2/CO (FADDX1_RVT)     0.06     4.27 r
  execution_unit_0/alu_0/add_1_root_add_100_2_C188/U1_3/S (FADDX1_RVT)     0.09     4.36 f
  execution_unit_0/alu_0/U173/Y (OA21X1_RVT)              0.04       4.40 f
  execution_unit_0/alu_0/U4/Y (OR2X1_RVT)                 0.04       4.44 f
  execution_unit_0/alu_0/U81/Y (AND2X1_RVT)               0.04       4.47 f
  execution_unit_0/alu_0/add_102_C188_aco/U1_2/CO (FADDX1_RVT)     0.05     4.52 f
  execution_unit_0/alu_0/U62/Y (XOR2X1_RVT)               0.06       4.57 f
  execution_unit_0/alu_0/U198/Y (AO222X1_RVT)             0.07       4.64 f
  execution_unit_0/alu_0/alu_out[15] (omsp_alu)           0.00       4.64 f
  execution_unit_0/register_file_0/reg_dest_val[15] (omsp_register_file)     0.00     4.64 f
  execution_unit_0/register_file_0/U56/Y (AND2X1_RVT)     0.07       4.71 f
  execution_unit_0/register_file_0/pc_sw[15] (omsp_register_file)     0.00     4.71 f
  execution_unit_0/pc_sw[15] (omsp_execution_unit)        0.00       4.71 f
  frontend_0/pc_sw[15] (omsp_frontend)                    0.00       4.71 f
  frontend_0/U23/Y (AO221X1_RVT)                          0.06       4.77 f
  frontend_0/mab[15] (omsp_frontend)                      0.00       4.77 f
  mem_backbone_0/fe_mab[14] (omsp_mem_backbone)           0.00       4.77 f
  mem_backbone_0/U24/Y (AND4X1_RVT)                       0.05       4.82 f
  mem_backbone_0/U179/Y (NAND2X0_RVT)                     0.03       4.86 r
  mem_backbone_0/U174/Y (NAND4X0_RVT)                     0.05       4.91 f
  mem_backbone_0/U10/Y (INVX1_RVT)                        0.06       4.97 r
  mem_backbone_0/U38/Y (AO222X1_RVT)                      0.08       5.05 r
  mem_backbone_0/pmem_addr[0] (omsp_mem_backbone)         0.00       5.05 r
  pmem_addr[0] (out)                                      0.00       5.05 r
  data arrival time                                                  5.05

  clock dco_clk (rise edge)                              40.00      40.00
  clock network delay (ideal)                             0.00      40.00
  output external delay                                  -0.64      39.36
  data required time                                                39.36
  --------------------------------------------------------------------------
  data required time                                                39.36
  data arrival time                                                 -5.05
  --------------------------------------------------------------------------
  slack (MET)                                                       34.31


  Startpoint: dmem_dout[8]
              (input port clocked by dco_clk)
  Endpoint: mem_backbone_0/clock_gate_bckup/enable_latch_reg
            (positive level-sensitive latch clocked by dco_clk')
  Path Group: REGIN
  Path Type: max

  Des/Clust/Port     Wire Load Model       Library
  ------------------------------------------------
  openMSP430         16000                 saed32rvt_tt1p05v25c
  omsp_execution_unit 8000                 saed32rvt_tt1p05v25c
  omsp_alu           8000                  saed32rvt_tt1p05v25c
  omsp_mem_backbone  8000                  saed32rvt_tt1p05v25c
  omsp_clock_gate_22 ForQA                 saed32rvt_tt1p05v25c

  Point                                                   Incr       Path
  --------------------------------------------------------------------------
  clock dco_clk (rise edge)                               0.00       0.00
  clock network delay (ideal)                             0.00       0.00
  input external delay                                    2.25       2.25 r
  dmem_dout[8] (in)                                       0.00       2.25 r
  mem_backbone_0/dmem_dout[8] (omsp_mem_backbone)         0.00       2.25 r
  mem_backbone_0/U101/Y (AO222X1_RVT)                     0.07       2.32 r
  mem_backbone_0/eu_mdb_in[8] (omsp_mem_backbone)         0.00       2.32 r
  execution_unit_0/mdb_in[8] (omsp_execution_unit)        0.00       2.32 r
  execution_unit_0/U177/Y (AO22X1_RVT)                    0.06       2.38 r
  execution_unit_0/U90/Y (AO222X1_RVT)                    0.06       2.44 r
  execution_unit_0/U86/Y (OR2X1_RVT)                      0.04       2.48 r
  execution_unit_0/alu_0/op_src[0] (omsp_alu)             0.00       2.48 r
  execution_unit_0/alu_0/U26/Y (XOR2X1_RVT)               0.06       2.54 r
  execution_unit_0/alu_0/add_1_root_add_100_2_C185/U1_0/CO (FADDX1_RVT)     0.06     2.61 r
  execution_unit_0/alu_0/add_1_root_add_100_2_C185/U1_1/CO (FADDX1_RVT)     0.06     2.66 r
  execution_unit_0/alu_0/add_1_root_add_100_2_C185/U1_2/CO (FADDX1_RVT)     0.06     2.72 r
  execution_unit_0/alu_0/add_1_root_add_100_2_C185/U1_3/S (FADDX1_RVT)     0.09     2.81 f
  execution_unit_0/alu_0/U143/Y (OA21X1_RVT)              0.04       2.84 f
  execution_unit_0/alu_0/U7/Y (OR2X1_RVT)                 0.04       2.88 f
  execution_unit_0/alu_0/U106/Y (AND2X1_RVT)              0.04       2.92 f
  execution_unit_0/alu_0/add_102_C185_aco/U1_2/CO (FADDX1_RVT)     0.05     2.97 f
  execution_unit_0/alu_0/U104/Y (AND2X1_RVT)              0.03       3.00 f
  execution_unit_0/alu_0/U103/Y (XOR2X1_RVT)              0.07       3.07 r
  execution_unit_0/alu_0/add_1_root_add_100_2_C186/U1_0/CO (FADDX1_RVT)     0.05     3.12 r
  execution_unit_0/alu_0/add_1_root_add_100_2_C186/U1_1/CO (FADDX1_RVT)     0.06     3.18 r
  execution_unit_0/alu_0/add_1_root_add_100_2_C186/U1_2/CO (FADDX1_RVT)     0.06     3.24 r
  execution_unit_0/alu_0/add_1_root_add_100_2_C186/U1_3/S (FADDX1_RVT)     0.09     3.32 f
  execution_unit_0/alu_0/U162/Y (OA21X1_RVT)              0.04       3.36 f
  execution_unit_0/alu_0/U6/Y (OR2X1_RVT)                 0.04       3.40 f
  execution_unit_0/alu_0/U91/Y (AND2X1_RVT)               0.04       3.44 f
  execution_unit_0/alu_0/add_102_C186_aco/U1_2/CO (FADDX1_RVT)     0.05     3.48 f
  execution_unit_0/alu_0/U89/Y (AND2X1_RVT)               0.03       3.52 f
  execution_unit_0/alu_0/U88/Y (XOR2X1_RVT)               0.07       3.59 r
  execution_unit_0/alu_0/add_1_root_add_100_2_C187/U1_0/CO (FADDX1_RVT)     0.05     3.64 r
  execution_unit_0/alu_0/add_1_root_add_100_2_C187/U1_1/CO (FADDX1_RVT)     0.06     3.70 r
  execution_unit_0/alu_0/add_1_root_add_100_2_C187/U1_2/CO (FADDX1_RVT)     0.06     3.75 r
  execution_unit_0/alu_0/add_1_root_add_100_2_C187/U1_3/S (FADDX1_RVT)     0.09     3.84 f
  execution_unit_0/alu_0/U168/Y (OA21X1_RVT)              0.04       3.88 f
  execution_unit_0/alu_0/U5/Y (OR2X1_RVT)                 0.04       3.92 f
  execution_unit_0/alu_0/U86/Y (AND2X1_RVT)               0.04       3.95 f
  execution_unit_0/alu_0/add_102_C187_aco/U1_2/CO (FADDX1_RVT)     0.05     4.00 f
  execution_unit_0/alu_0/U84/Y (AND2X1_RVT)               0.03       4.03 f
  execution_unit_0/alu_0/U83/Y (XOR2X1_RVT)               0.07       4.11 r
  execution_unit_0/alu_0/add_1_root_add_100_2_C188/U1_0/CO (FADDX1_RVT)     0.05     4.16 r
  execution_unit_0/alu_0/add_1_root_add_100_2_C188/U1_1/CO (FADDX1_RVT)     0.06     4.22 r
  execution_unit_0/alu_0/add_1_root_add_100_2_C188/U1_2/CO (FADDX1_RVT)     0.06     4.27 r
  execution_unit_0/alu_0/add_1_root_add_100_2_C188/U1_3/S (FADDX1_RVT)     0.09     4.36 f
  execution_unit_0/alu_0/U173/Y (OA21X1_RVT)              0.04       4.40 f
  execution_unit_0/alu_0/U4/Y (OR2X1_RVT)                 0.04       4.44 f
  execution_unit_0/alu_0/U81/Y (AND2X1_RVT)               0.04       4.47 f
  execution_unit_0/alu_0/add_102_C188_aco/U1_2/CO (FADDX1_RVT)     0.05     4.52 f
  execution_unit_0/alu_0/U62/Y (XOR2X1_RVT)               0.07       4.59 r
  execution_unit_0/alu_0/U198/Y (AO222X1_RVT)             0.09       4.68 r
  execution_unit_0/alu_0/alu_out[15] (omsp_alu)           0.00       4.68 r
  execution_unit_0/register_file_0/reg_dest_val[15] (omsp_register_file)     0.00     4.68 r
  execution_unit_0/register_file_0/U56/Y (AND2X1_RVT)     0.06       4.74 r
  execution_unit_0/register_file_0/pc_sw[15] (omsp_register_file)     0.00     4.74 r
  execution_unit_0/pc_sw[15] (omsp_execution_unit)        0.00       4.74 r
  frontend_0/pc_sw[15] (omsp_frontend)                    0.00       4.74 r
  frontend_0/U23/Y (AO221X1_RVT)                          0.06       4.80 r
  frontend_0/mab[15] (omsp_frontend)                      0.00       4.80 r
  mem_backbone_0/fe_mab[14] (omsp_mem_backbone)           0.00       4.80 r
  mem_backbone_0/U24/Y (AND4X1_RVT)                       0.05       4.85 r
  mem_backbone_0/U179/Y (NAND2X0_RVT)                     0.03       4.88 f
  mem_backbone_0/U75/Y (INVX0_RVT)                        0.03       4.91 r
  mem_backbone_0/U73/Y (OR3X1_RVT)                        0.04       4.95 r
  mem_backbone_0/U67/Y (INVX0_RVT)                        0.01       4.96 f
  mem_backbone_0/clock_gate_bckup/enable (omsp_clock_gate_22)     0.00     4.96 f
  mem_backbone_0/clock_gate_bckup/U4/Y (OR2X1_RVT)        0.03       5.00 f
  mem_backbone_0/clock_gate_bckup/enable_latch_reg/D (LATCHX1_RVT)     0.00     5.00 f
  data arrival time                                                  5.00

  clock dco_clk' (rise edge)                             20.00      20.00
  clock network delay (ideal)                             0.00      20.00
  mem_backbone_0/clock_gate_bckup/enable_latch_reg/CLK (LATCHX1_RVT)     0.00    20.00 r
  time borrowed from endpoint                             0.00      20.00
  data required time                                                20.00
  --------------------------------------------------------------------------
  data required time                                                20.00
  data arrival time                                                 -5.00
  --------------------------------------------------------------------------
  slack (MET)                                                       15.00

  Time Borrowing Information
  --------------------------------------------------------------
  dco_clk' nominal pulse width                           20.00   
  library setup time                                     -0.03   
  --------------------------------------------------------------
  max time borrow                                        19.97   
  actual time borrow                                      0.00   
  --------------------------------------------------------------


  Startpoint: dmem_dout[8]
              (input port clocked by dco_clk)
  Endpoint: multiplier_0/clock_gate_reshi/enable_latch_reg
            (positive level-sensitive latch clocked by dco_clk')
  Path Group: REGIN
  Path Type: max

  Des/Clust/Port     Wire Load Model       Library
  ------------------------------------------------
  openMSP430         16000                 saed32rvt_tt1p05v25c
  omsp_execution_unit 8000                 saed32rvt_tt1p05v25c
  omsp_alu           8000                  saed32rvt_tt1p05v25c
  omsp_alu_DW01_add_9 ForQA                saed32rvt_tt1p05v25c
  omsp_mem_backbone  8000                  saed32rvt_tt1p05v25c
  omsp_multiplier    8000                  saed32rvt_tt1p05v25c
  omsp_clock_gate_16 ForQA                 saed32rvt_tt1p05v25c

  Point                                                   Incr       Path
  --------------------------------------------------------------------------
  clock dco_clk (rise edge)                               0.00       0.00
  clock network delay (ideal)                             0.00       0.00
  input external delay                                    2.25       2.25 r
  dmem_dout[8] (in)                                       0.00       2.25 r
  mem_backbone_0/dmem_dout[8] (omsp_mem_backbone)         0.00       2.25 r
  mem_backbone_0/U101/Y (AO222X1_RVT)                     0.07       2.32 r
  mem_backbone_0/eu_mdb_in[8] (omsp_mem_backbone)         0.00       2.32 r
  execution_unit_0/mdb_in[8] (omsp_execution_unit)        0.00       2.32 r
  execution_unit_0/U177/Y (AO22X1_RVT)                    0.06       2.38 r
  execution_unit_0/U90/Y (AO222X1_RVT)                    0.06       2.44 r
  execution_unit_0/U86/Y (OR2X1_RVT)                      0.04       2.48 r
  execution_unit_0/alu_0/op_src[0] (omsp_alu)             0.00       2.48 r
  execution_unit_0/alu_0/U26/Y (XOR2X1_RVT)               0.06       2.54 r
  execution_unit_0/alu_0/U122/Y (AND2X1_RVT)              0.04       2.58 r
  execution_unit_0/alu_0/add_171/A[0] (omsp_alu_DW01_add_9)     0.00     2.58 r
  execution_unit_0/alu_0/add_171/U2/Y (AND2X1_RVT)        0.03       2.61 r
  execution_unit_0/alu_0/add_171/U1_1/CO (FADDX1_RVT)     0.05       2.67 r
  execution_unit_0/alu_0/add_171/U1_2/CO (FADDX1_RVT)     0.06       2.72 r
  execution_unit_0/alu_0/add_171/U1_3/CO (FADDX1_RVT)     0.06       2.78 r
  execution_unit_0/alu_0/add_171/U1_4/CO (FADDX1_RVT)     0.06       2.84 r
  execution_unit_0/alu_0/add_171/U1_5/CO (FADDX1_RVT)     0.06       2.89 r
  execution_unit_0/alu_0/add_171/U1_6/CO (FADDX1_RVT)     0.06       2.95 r
  execution_unit_0/alu_0/add_171/U1_7/CO (FADDX1_RVT)     0.06       3.01 r
  execution_unit_0/alu_0/add_171/U1_8/CO (FADDX1_RVT)     0.06       3.07 r
  execution_unit_0/alu_0/add_171/U1_9/CO (FADDX1_RVT)     0.06       3.12 r
  execution_unit_0/alu_0/add_171/U1_10/CO (FADDX1_RVT)     0.06      3.18 r
  execution_unit_0/alu_0/add_171/U1_11/CO (FADDX1_RVT)     0.06      3.24 r
  execution_unit_0/alu_0/add_171/U1_12/CO (FADDX1_RVT)     0.06      3.29 r
  execution_unit_0/alu_0/add_171/U1_13/CO (FADDX1_RVT)     0.06      3.35 r
  execution_unit_0/alu_0/add_171/U1_14/CO (FADDX1_RVT)     0.06      3.41 r
  execution_unit_0/alu_0/add_171/U1_15/S (FADDX1_RVT)     0.09       3.50 f
  execution_unit_0/alu_0/add_171/SUM[15] (omsp_alu_DW01_add_9)     0.00     3.50 f
  execution_unit_0/alu_0/alu_out_add[15] (omsp_alu)       0.00       3.50 f
  execution_unit_0/mab[15] (omsp_execution_unit)          0.00       3.50 f
  mem_backbone_0/eu_mab[14] (omsp_mem_backbone)           0.00       3.50 f
  mem_backbone_0/U198/Y (NOR4X0_RVT)                      0.08       3.58 r
  mem_backbone_0/U197/Y (INVX0_RVT)                       0.01       3.59 f
  mem_backbone_0/U196/Y (OR3X1_RVT)                       0.04       3.63 f
  mem_backbone_0/U21/Y (NAND3X2_RVT)                      0.08       3.71 r
  mem_backbone_0/U8/Y (INVX2_RVT)                         0.05       3.76 f
  mem_backbone_0/U60/Y (MUX21X1_RVT)                      0.08       3.84 f
  mem_backbone_0/per_addr[6] (omsp_mem_backbone)          0.00       3.84 f
  multiplier_0/per_addr[6] (omsp_multiplier)              0.00       3.84 f
  multiplier_0/U198/Y (OR3X1_RVT)                         0.03       3.87 f
  multiplier_0/U4/Y (NOR4X1_RVT)                          0.07       3.94 r
  multiplier_0/U197/Y (NAND4X0_RVT)                       0.05       3.98 f
  multiplier_0/U208/Y (INVX1_RVT)                         0.02       4.00 r
  multiplier_0/U196/Y (OA21X1_RVT)                        0.04       4.05 r
  multiplier_0/U193/Y (NAND3X0_RVT)                       0.05       4.10 f
  multiplier_0/U192/Y (OR2X1_RVT)                         0.04       4.14 f
  multiplier_0/U205/Y (AND2X2_RVT)                        0.06       4.20 f
  multiplier_0/U15/Y (NAND2X0_RVT)                        0.03       4.23 r
  multiplier_0/clock_gate_reshi/enable (omsp_clock_gate_16)     0.00     4.23 r
  multiplier_0/clock_gate_reshi/U4/Y (OR2X1_RVT)          0.04       4.26 r
  multiplier_0/clock_gate_reshi/enable_latch_reg/D (LATCHX1_RVT)     0.00     4.26 r
  data arrival time                                                  4.26

  clock dco_clk' (rise edge)                             20.00      20.00
  clock network delay (ideal)                             0.00      20.00
  multiplier_0/clock_gate_reshi/enable_latch_reg/CLK (LATCHX1_RVT)     0.00    20.00 r
  time borrowed from endpoint                             0.00      20.00
  data required time                                                20.00
  --------------------------------------------------------------------------
  data required time                                                20.00
  data arrival time                                                 -4.26
  --------------------------------------------------------------------------
  slack (MET)                                                       15.74

  Time Borrowing Information
  --------------------------------------------------------------
  dco_clk' nominal pulse width                           20.00   
  library setup time                                     -0.03   
  --------------------------------------------------------------
  max time borrow                                        19.97   
  actual time borrow                                      0.00   
  --------------------------------------------------------------


  Startpoint: dmem_dout[8]
              (input port clocked by dco_clk)
  Endpoint: multiplier_0/clock_gate_reslo/enable_latch_reg
            (positive level-sensitive latch clocked by dco_clk')
  Path Group: REGIN
  Path Type: max

  Des/Clust/Port     Wire Load Model       Library
  ------------------------------------------------
  openMSP430         16000                 saed32rvt_tt1p05v25c
  omsp_execution_unit 8000                 saed32rvt_tt1p05v25c
  omsp_alu           8000                  saed32rvt_tt1p05v25c
  omsp_alu_DW01_add_9 ForQA                saed32rvt_tt1p05v25c
  omsp_mem_backbone  8000                  saed32rvt_tt1p05v25c
  omsp_multiplier    8000                  saed32rvt_tt1p05v25c
  omsp_clock_gate_17 ForQA                 saed32rvt_tt1p05v25c

  Point                                                   Incr       Path
  --------------------------------------------------------------------------
  clock dco_clk (rise edge)                               0.00       0.00
  clock network delay (ideal)                             0.00       0.00
  input external delay                                    2.25       2.25 r
  dmem_dout[8] (in)                                       0.00       2.25 r
  mem_backbone_0/dmem_dout[8] (omsp_mem_backbone)         0.00       2.25 r
  mem_backbone_0/U101/Y (AO222X1_RVT)                     0.07       2.32 r
  mem_backbone_0/eu_mdb_in[8] (omsp_mem_backbone)         0.00       2.32 r
  execution_unit_0/mdb_in[8] (omsp_execution_unit)        0.00       2.32 r
  execution_unit_0/U177/Y (AO22X1_RVT)                    0.06       2.38 r
  execution_unit_0/U90/Y (AO222X1_RVT)                    0.06       2.44 r
  execution_unit_0/U86/Y (OR2X1_RVT)                      0.04       2.48 r
  execution_unit_0/alu_0/op_src[0] (omsp_alu)             0.00       2.48 r
  execution_unit_0/alu_0/U26/Y (XOR2X1_RVT)               0.06       2.54 r
  execution_unit_0/alu_0/U122/Y (AND2X1_RVT)              0.04       2.58 r
  execution_unit_0/alu_0/add_171/A[0] (omsp_alu_DW01_add_9)     0.00     2.58 r
  execution_unit_0/alu_0/add_171/U2/Y (AND2X1_RVT)        0.03       2.61 r
  execution_unit_0/alu_0/add_171/U1_1/CO (FADDX1_RVT)     0.05       2.67 r
  execution_unit_0/alu_0/add_171/U1_2/CO (FADDX1_RVT)     0.06       2.72 r
  execution_unit_0/alu_0/add_171/U1_3/CO (FADDX1_RVT)     0.06       2.78 r
  execution_unit_0/alu_0/add_171/U1_4/CO (FADDX1_RVT)     0.06       2.84 r
  execution_unit_0/alu_0/add_171/U1_5/CO (FADDX1_RVT)     0.06       2.89 r
  execution_unit_0/alu_0/add_171/U1_6/CO (FADDX1_RVT)     0.06       2.95 r
  execution_unit_0/alu_0/add_171/U1_7/CO (FADDX1_RVT)     0.06       3.01 r
  execution_unit_0/alu_0/add_171/U1_8/CO (FADDX1_RVT)     0.06       3.07 r
  execution_unit_0/alu_0/add_171/U1_9/CO (FADDX1_RVT)     0.06       3.12 r
  execution_unit_0/alu_0/add_171/U1_10/CO (FADDX1_RVT)     0.06      3.18 r
  execution_unit_0/alu_0/add_171/U1_11/CO (FADDX1_RVT)     0.06      3.24 r
  execution_unit_0/alu_0/add_171/U1_12/CO (FADDX1_RVT)     0.06      3.29 r
  execution_unit_0/alu_0/add_171/U1_13/CO (FADDX1_RVT)     0.06      3.35 r
  execution_unit_0/alu_0/add_171/U1_14/CO (FADDX1_RVT)     0.06      3.41 r
  execution_unit_0/alu_0/add_171/U1_15/S (FADDX1_RVT)     0.09       3.50 f
  execution_unit_0/alu_0/add_171/SUM[15] (omsp_alu_DW01_add_9)     0.00     3.50 f
  execution_unit_0/alu_0/alu_out_add[15] (omsp_alu)       0.00       3.50 f
  execution_unit_0/mab[15] (omsp_execution_unit)          0.00       3.50 f
  mem_backbone_0/eu_mab[14] (omsp_mem_backbone)           0.00       3.50 f
  mem_backbone_0/U198/Y (NOR4X0_RVT)                      0.08       3.58 r
  mem_backbone_0/U197/Y (INVX0_RVT)                       0.01       3.59 f
  mem_backbone_0/U196/Y (OR3X1_RVT)                       0.04       3.63 f
  mem_backbone_0/U21/Y (NAND3X2_RVT)                      0.08       3.71 r
  mem_backbone_0/U8/Y (INVX2_RVT)                         0.05       3.76 f
  mem_backbone_0/U60/Y (MUX21X1_RVT)                      0.08       3.84 f
  mem_backbone_0/per_addr[6] (omsp_mem_backbone)          0.00       3.84 f
  multiplier_0/per_addr[6] (omsp_multiplier)              0.00       3.84 f
  multiplier_0/U198/Y (OR3X1_RVT)                         0.03       3.87 f
  multiplier_0/U4/Y (NOR4X1_RVT)                          0.07       3.94 r
  multiplier_0/U197/Y (NAND4X0_RVT)                       0.05       3.98 f
  multiplier_0/U208/Y (INVX1_RVT)                         0.02       4.00 r
  multiplier_0/U196/Y (OA21X1_RVT)                        0.04       4.05 r
  multiplier_0/U193/Y (NAND3X0_RVT)                       0.05       4.10 f
  multiplier_0/U192/Y (OR2X1_RVT)                         0.04       4.14 f
  multiplier_0/U204/Y (AND2X2_RVT)                        0.06       4.19 f
  multiplier_0/U14/Y (NAND2X0_RVT)                        0.03       4.22 r
  multiplier_0/clock_gate_reslo/enable (omsp_clock_gate_17)     0.00     4.22 r
  multiplier_0/clock_gate_reslo/U4/Y (OR2X1_RVT)          0.04       4.26 r
  multiplier_0/clock_gate_reslo/enable_latch_reg/D (LATCHX1_RVT)     0.00     4.26 r
  data arrival time                                                  4.26

  clock dco_clk' (rise edge)                             20.00      20.00
  clock network delay (ideal)                             0.00      20.00
  multiplier_0/clock_gate_reslo/enable_latch_reg/CLK (LATCHX1_RVT)     0.00    20.00 r
  time borrowed from endpoint                             0.00      20.00
  data required time                                                20.00
  --------------------------------------------------------------------------
  data required time                                                20.00
  data arrival time                                                 -4.26
  --------------------------------------------------------------------------
  slack (MET)                                                       15.74

  Time Borrowing Information
  --------------------------------------------------------------
  dco_clk' nominal pulse width                           20.00   
  library setup time                                     -0.03   
  --------------------------------------------------------------
  max time borrow                                        19.97   
  actual time borrow                                      0.00   
  --------------------------------------------------------------


  Startpoint: dmem_dout[8]
              (input port clocked by dco_clk)
  Endpoint: multiplier_0/clock_gate_op2/enable_latch_reg
            (positive level-sensitive latch clocked by dco_clk')
  Path Group: REGIN
  Path Type: max

  Des/Clust/Port     Wire Load Model       Library
  ------------------------------------------------
  openMSP430         16000                 saed32rvt_tt1p05v25c
  omsp_execution_unit 8000                 saed32rvt_tt1p05v25c
  omsp_alu           8000                  saed32rvt_tt1p05v25c
  omsp_alu_DW01_add_9 ForQA                saed32rvt_tt1p05v25c
  omsp_mem_backbone  8000                  saed32rvt_tt1p05v25c
  omsp_multiplier    8000                  saed32rvt_tt1p05v25c
  omsp_clock_gate_18 ForQA                 saed32rvt_tt1p05v25c

  Point                                                   Incr       Path
  --------------------------------------------------------------------------
  clock dco_clk (rise edge)                               0.00       0.00
  clock network delay (ideal)                             0.00       0.00
  input external delay                                    2.25       2.25 r
  dmem_dout[8] (in)                                       0.00       2.25 r
  mem_backbone_0/dmem_dout[8] (omsp_mem_backbone)         0.00       2.25 r
  mem_backbone_0/U101/Y (AO222X1_RVT)                     0.07       2.32 r
  mem_backbone_0/eu_mdb_in[8] (omsp_mem_backbone)         0.00       2.32 r
  execution_unit_0/mdb_in[8] (omsp_execution_unit)        0.00       2.32 r
  execution_unit_0/U177/Y (AO22X1_RVT)                    0.06       2.38 r
  execution_unit_0/U90/Y (AO222X1_RVT)                    0.06       2.44 r
  execution_unit_0/U86/Y (OR2X1_RVT)                      0.04       2.48 r
  execution_unit_0/alu_0/op_src[0] (omsp_alu)             0.00       2.48 r
  execution_unit_0/alu_0/U26/Y (XOR2X1_RVT)               0.06       2.54 r
  execution_unit_0/alu_0/U122/Y (AND2X1_RVT)              0.04       2.58 r
  execution_unit_0/alu_0/add_171/A[0] (omsp_alu_DW01_add_9)     0.00     2.58 r
  execution_unit_0/alu_0/add_171/U2/Y (AND2X1_RVT)        0.03       2.61 r
  execution_unit_0/alu_0/add_171/U1_1/CO (FADDX1_RVT)     0.05       2.67 r
  execution_unit_0/alu_0/add_171/U1_2/CO (FADDX1_RVT)     0.06       2.72 r
  execution_unit_0/alu_0/add_171/U1_3/CO (FADDX1_RVT)     0.06       2.78 r
  execution_unit_0/alu_0/add_171/U1_4/CO (FADDX1_RVT)     0.06       2.84 r
  execution_unit_0/alu_0/add_171/U1_5/CO (FADDX1_RVT)     0.06       2.89 r
  execution_unit_0/alu_0/add_171/U1_6/CO (FADDX1_RVT)     0.06       2.95 r
  execution_unit_0/alu_0/add_171/U1_7/CO (FADDX1_RVT)     0.06       3.01 r
  execution_unit_0/alu_0/add_171/U1_8/CO (FADDX1_RVT)     0.06       3.07 r
  execution_unit_0/alu_0/add_171/U1_9/CO (FADDX1_RVT)     0.06       3.12 r
  execution_unit_0/alu_0/add_171/U1_10/CO (FADDX1_RVT)     0.06      3.18 r
  execution_unit_0/alu_0/add_171/U1_11/CO (FADDX1_RVT)     0.06      3.24 r
  execution_unit_0/alu_0/add_171/U1_12/CO (FADDX1_RVT)     0.06      3.29 r
  execution_unit_0/alu_0/add_171/U1_13/CO (FADDX1_RVT)     0.06      3.35 r
  execution_unit_0/alu_0/add_171/U1_14/CO (FADDX1_RVT)     0.06      3.41 r
  execution_unit_0/alu_0/add_171/U1_15/S (FADDX1_RVT)     0.09       3.50 f
  execution_unit_0/alu_0/add_171/SUM[15] (omsp_alu_DW01_add_9)     0.00     3.50 f
  execution_unit_0/alu_0/alu_out_add[15] (omsp_alu)       0.00       3.50 f
  execution_unit_0/mab[15] (omsp_execution_unit)          0.00       3.50 f
  mem_backbone_0/eu_mab[14] (omsp_mem_backbone)           0.00       3.50 f
  mem_backbone_0/U198/Y (NOR4X0_RVT)                      0.08       3.58 r
  mem_backbone_0/U197/Y (INVX0_RVT)                       0.01       3.59 f
  mem_backbone_0/U196/Y (OR3X1_RVT)                       0.04       3.63 f
  mem_backbone_0/U21/Y (NAND3X2_RVT)                      0.08       3.71 r
  mem_backbone_0/U8/Y (INVX2_RVT)                         0.05       3.76 f
  mem_backbone_0/U60/Y (MUX21X1_RVT)                      0.08       3.84 f
  mem_backbone_0/per_addr[6] (omsp_mem_backbone)          0.00       3.84 f
  multiplier_0/per_addr[6] (omsp_multiplier)              0.00       3.84 f
  multiplier_0/U198/Y (OR3X1_RVT)                         0.03       3.87 f
  multiplier_0/U4/Y (NOR4X1_RVT)                          0.07       3.94 r
  multiplier_0/U197/Y (NAND4X0_RVT)                       0.05       3.98 f
  multiplier_0/U208/Y (INVX1_RVT)                         0.02       4.00 r
  multiplier_0/U196/Y (OA21X1_RVT)                        0.04       4.05 r
  multiplier_0/U193/Y (NAND3X0_RVT)                       0.05       4.10 f
  multiplier_0/U206/Y (INVX1_RVT)                         0.02       4.12 r
  multiplier_0/clock_gate_op2/enable (omsp_clock_gate_18)     0.00     4.12 r
  multiplier_0/clock_gate_op2/U4/Y (OR2X1_RVT)            0.04       4.16 r
  multiplier_0/clock_gate_op2/enable_latch_reg/D (LATCHX1_RVT)     0.00     4.16 r
  data arrival time                                                  4.16

  clock dco_clk' (rise edge)                             20.00      20.00
  clock network delay (ideal)                             0.00      20.00
  multiplier_0/clock_gate_op2/enable_latch_reg/CLK (LATCHX1_RVT)     0.00    20.00 r
  time borrowed from endpoint                             0.00      20.00
  data required time                                                20.00
  --------------------------------------------------------------------------
  data required time                                                20.00
  data arrival time                                                 -4.16
  --------------------------------------------------------------------------
  slack (MET)                                                       15.84

  Time Borrowing Information
  --------------------------------------------------------------
  dco_clk' nominal pulse width                           20.00   
  library setup time                                     -0.03   
  --------------------------------------------------------------
  max time borrow                                        19.97   
  actual time borrow                                      0.00   
  --------------------------------------------------------------


  Startpoint: dmem_dout[8]
              (input port clocked by dco_clk)
  Endpoint: multiplier_0/clock_gate_op1/enable_latch_reg
            (positive level-sensitive latch clocked by dco_clk')
  Path Group: REGIN
  Path Type: max

  Des/Clust/Port     Wire Load Model       Library
  ------------------------------------------------
  openMSP430         16000                 saed32rvt_tt1p05v25c
  omsp_execution_unit 8000                 saed32rvt_tt1p05v25c
  omsp_alu           8000                  saed32rvt_tt1p05v25c
  omsp_alu_DW01_add_9 ForQA                saed32rvt_tt1p05v25c
  omsp_mem_backbone  8000                  saed32rvt_tt1p05v25c
  omsp_multiplier    8000                  saed32rvt_tt1p05v25c
  omsp_clock_gate_19 ForQA                 saed32rvt_tt1p05v25c

  Point                                                   Incr       Path
  --------------------------------------------------------------------------
  clock dco_clk (rise edge)                               0.00       0.00
  clock network delay (ideal)                             0.00       0.00
  input external delay                                    2.25       2.25 r
  dmem_dout[8] (in)                                       0.00       2.25 r
  mem_backbone_0/dmem_dout[8] (omsp_mem_backbone)         0.00       2.25 r
  mem_backbone_0/U101/Y (AO222X1_RVT)                     0.07       2.32 r
  mem_backbone_0/eu_mdb_in[8] (omsp_mem_backbone)         0.00       2.32 r
  execution_unit_0/mdb_in[8] (omsp_execution_unit)        0.00       2.32 r
  execution_unit_0/U177/Y (AO22X1_RVT)                    0.06       2.38 r
  execution_unit_0/U90/Y (AO222X1_RVT)                    0.06       2.44 r
  execution_unit_0/U86/Y (OR2X1_RVT)                      0.04       2.48 r
  execution_unit_0/alu_0/op_src[0] (omsp_alu)             0.00       2.48 r
  execution_unit_0/alu_0/U26/Y (XOR2X1_RVT)               0.06       2.54 r
  execution_unit_0/alu_0/U122/Y (AND2X1_RVT)              0.04       2.58 r
  execution_unit_0/alu_0/add_171/A[0] (omsp_alu_DW01_add_9)     0.00     2.58 r
  execution_unit_0/alu_0/add_171/U2/Y (AND2X1_RVT)        0.03       2.61 r
  execution_unit_0/alu_0/add_171/U1_1/CO (FADDX1_RVT)     0.05       2.67 r
  execution_unit_0/alu_0/add_171/U1_2/CO (FADDX1_RVT)     0.06       2.72 r
  execution_unit_0/alu_0/add_171/U1_3/CO (FADDX1_RVT)     0.06       2.78 r
  execution_unit_0/alu_0/add_171/U1_4/CO (FADDX1_RVT)     0.06       2.84 r
  execution_unit_0/alu_0/add_171/U1_5/CO (FADDX1_RVT)     0.06       2.89 r
  execution_unit_0/alu_0/add_171/U1_6/CO (FADDX1_RVT)     0.06       2.95 r
  execution_unit_0/alu_0/add_171/U1_7/CO (FADDX1_RVT)     0.06       3.01 r
  execution_unit_0/alu_0/add_171/U1_8/CO (FADDX1_RVT)     0.06       3.07 r
  execution_unit_0/alu_0/add_171/U1_9/CO (FADDX1_RVT)     0.06       3.12 r
  execution_unit_0/alu_0/add_171/U1_10/CO (FADDX1_RVT)     0.06      3.18 r
  execution_unit_0/alu_0/add_171/U1_11/CO (FADDX1_RVT)     0.06      3.24 r
  execution_unit_0/alu_0/add_171/U1_12/CO (FADDX1_RVT)     0.06      3.29 r
  execution_unit_0/alu_0/add_171/U1_13/CO (FADDX1_RVT)     0.06      3.35 r
  execution_unit_0/alu_0/add_171/U1_14/CO (FADDX1_RVT)     0.06      3.41 r
  execution_unit_0/alu_0/add_171/U1_15/S (FADDX1_RVT)     0.09       3.50 f
  execution_unit_0/alu_0/add_171/SUM[15] (omsp_alu_DW01_add_9)     0.00     3.50 f
  execution_unit_0/alu_0/alu_out_add[15] (omsp_alu)       0.00       3.50 f
  execution_unit_0/mab[15] (omsp_execution_unit)          0.00       3.50 f
  mem_backbone_0/eu_mab[14] (omsp_mem_backbone)           0.00       3.50 f
  mem_backbone_0/U198/Y (NOR4X0_RVT)                      0.08       3.58 r
  mem_backbone_0/U197/Y (INVX0_RVT)                       0.01       3.59 f
  mem_backbone_0/U196/Y (OR3X1_RVT)                       0.04       3.63 f
  mem_backbone_0/U21/Y (NAND3X2_RVT)                      0.08       3.71 r
  mem_backbone_0/U8/Y (INVX2_RVT)                         0.05       3.76 f
  mem_backbone_0/U60/Y (MUX21X1_RVT)                      0.08       3.84 f
  mem_backbone_0/per_addr[6] (omsp_mem_backbone)          0.00       3.84 f
  multiplier_0/per_addr[6] (omsp_multiplier)              0.00       3.84 f
  multiplier_0/U198/Y (OR3X1_RVT)                         0.03       3.87 f
  multiplier_0/U4/Y (NOR4X1_RVT)                          0.07       3.94 r
  multiplier_0/U197/Y (NAND4X0_RVT)                       0.05       3.98 f
  multiplier_0/U208/Y (INVX1_RVT)                         0.02       4.00 r
  multiplier_0/U196/Y (OA21X1_RVT)                        0.04       4.05 r
  multiplier_0/U147/Y (AND2X1_RVT)                        0.04       4.08 r
  multiplier_0/clock_gate_op1/enable (omsp_clock_gate_19)     0.00     4.08 r
  multiplier_0/clock_gate_op1/U4/Y (OR2X1_RVT)            0.03       4.12 r
  multiplier_0/clock_gate_op1/enable_latch_reg/D (LATCHX1_RVT)     0.00     4.12 r
  data arrival time                                                  4.12

  clock dco_clk' (rise edge)                             20.00      20.00
  clock network delay (ideal)                             0.00      20.00
  multiplier_0/clock_gate_op1/enable_latch_reg/CLK (LATCHX1_RVT)     0.00    20.00 r
  time borrowed from endpoint                             0.00      20.00
  data required time                                                20.00
  --------------------------------------------------------------------------
  data required time                                                20.00
  data arrival time                                                 -4.12
  --------------------------------------------------------------------------
  slack (MET)                                                       15.88

  Time Borrowing Information
  --------------------------------------------------------------
  dco_clk' nominal pulse width                           20.00   
  library setup time                                     -0.03   
  --------------------------------------------------------------
  max time borrow                                        19.97   
  actual time borrow                                      0.00   
  --------------------------------------------------------------


  Startpoint: dmem_dout[8]
              (input port clocked by dco_clk)
  Endpoint: watchdog_0/clock_gate_wdtctl/enable_latch_reg
            (positive level-sensitive latch clocked by dco_clk')
  Path Group: REGIN
  Path Type: max

  Des/Clust/Port     Wire Load Model       Library
  ------------------------------------------------
  openMSP430         16000                 saed32rvt_tt1p05v25c
  omsp_execution_unit 8000                 saed32rvt_tt1p05v25c
  omsp_alu           8000                  saed32rvt_tt1p05v25c
  omsp_alu_DW01_add_9 ForQA                saed32rvt_tt1p05v25c
  omsp_mem_backbone  8000                  saed32rvt_tt1p05v25c
  omsp_watchdog      8000                  saed32rvt_tt1p05v25c
  omsp_clock_gate_21 ForQA                 saed32rvt_tt1p05v25c

  Point                                                   Incr       Path
  --------------------------------------------------------------------------
  clock dco_clk (rise edge)                               0.00       0.00
  clock network delay (ideal)                             0.00       0.00
  input external delay                                    2.25       2.25 r
  dmem_dout[8] (in)                                       0.00       2.25 r
  mem_backbone_0/dmem_dout[8] (omsp_mem_backbone)         0.00       2.25 r
  mem_backbone_0/U101/Y (AO222X1_RVT)                     0.07       2.32 r
  mem_backbone_0/eu_mdb_in[8] (omsp_mem_backbone)         0.00       2.32 r
  execution_unit_0/mdb_in[8] (omsp_execution_unit)        0.00       2.32 r
  execution_unit_0/U177/Y (AO22X1_RVT)                    0.06       2.38 r
  execution_unit_0/U90/Y (AO222X1_RVT)                    0.06       2.44 r
  execution_unit_0/U86/Y (OR2X1_RVT)                      0.04       2.48 r
  execution_unit_0/alu_0/op_src[0] (omsp_alu)             0.00       2.48 r
  execution_unit_0/alu_0/U26/Y (XOR2X1_RVT)               0.06       2.54 r
  execution_unit_0/alu_0/U122/Y (AND2X1_RVT)              0.04       2.58 r
  execution_unit_0/alu_0/add_171/A[0] (omsp_alu_DW01_add_9)     0.00     2.58 r
  execution_unit_0/alu_0/add_171/U2/Y (AND2X1_RVT)        0.03       2.61 r
  execution_unit_0/alu_0/add_171/U1_1/CO (FADDX1_RVT)     0.05       2.67 r
  execution_unit_0/alu_0/add_171/U1_2/CO (FADDX1_RVT)     0.06       2.72 r
  execution_unit_0/alu_0/add_171/U1_3/CO (FADDX1_RVT)     0.06       2.78 r
  execution_unit_0/alu_0/add_171/U1_4/CO (FADDX1_RVT)     0.06       2.84 r
  execution_unit_0/alu_0/add_171/U1_5/CO (FADDX1_RVT)     0.06       2.89 r
  execution_unit_0/alu_0/add_171/U1_6/CO (FADDX1_RVT)     0.06       2.95 r
  execution_unit_0/alu_0/add_171/U1_7/CO (FADDX1_RVT)     0.06       3.01 r
  execution_unit_0/alu_0/add_171/U1_8/CO (FADDX1_RVT)     0.06       3.07 r
  execution_unit_0/alu_0/add_171/U1_9/CO (FADDX1_RVT)     0.06       3.12 r
  execution_unit_0/alu_0/add_171/U1_10/CO (FADDX1_RVT)     0.06      3.18 r
  execution_unit_0/alu_0/add_171/U1_11/CO (FADDX1_RVT)     0.06      3.24 r
  execution_unit_0/alu_0/add_171/U1_12/CO (FADDX1_RVT)     0.06      3.29 r
  execution_unit_0/alu_0/add_171/U1_13/CO (FADDX1_RVT)     0.06      3.35 r
  execution_unit_0/alu_0/add_171/U1_14/CO (FADDX1_RVT)     0.06      3.41 r
  execution_unit_0/alu_0/add_171/U1_15/S (FADDX1_RVT)     0.09       3.50 f
  execution_unit_0/alu_0/add_171/SUM[15] (omsp_alu_DW01_add_9)     0.00     3.50 f
  execution_unit_0/alu_0/alu_out_add[15] (omsp_alu)       0.00       3.50 f
  execution_unit_0/mab[15] (omsp_execution_unit)          0.00       3.50 f
  mem_backbone_0/eu_mab[14] (omsp_mem_backbone)           0.00       3.50 f
  mem_backbone_0/U198/Y (NOR4X0_RVT)                      0.08       3.58 r
  mem_backbone_0/U197/Y (INVX0_RVT)                       0.01       3.59 f
  mem_backbone_0/U196/Y (OR3X1_RVT)                       0.04       3.63 f
  mem_backbone_0/U21/Y (NAND3X2_RVT)                      0.08       3.71 r
  mem_backbone_0/U8/Y (INVX2_RVT)                         0.05       3.76 f
  mem_backbone_0/U66/Y (MUX21X1_RVT)                      0.10       3.85 f
  mem_backbone_0/per_addr[0] (omsp_mem_backbone)          0.00       3.85 f
  watchdog_0/per_addr[0] (omsp_watchdog)                  0.00       3.85 f
  watchdog_0/U44/Y (INVX1_RVT)                            0.02       3.88 r
  watchdog_0/U49/Y (NAND4X0_RVT)                          0.03       3.91 f
  watchdog_0/U34/Y (NOR4X1_RVT)                           0.08       3.99 r
  watchdog_0/clock_gate_wdtctl/enable (omsp_clock_gate_21)     0.00     3.99 r
  watchdog_0/clock_gate_wdtctl/U4/Y (OR2X1_RVT)           0.03       4.02 r
  watchdog_0/clock_gate_wdtctl/enable_latch_reg/D (LATCHX1_RVT)     0.00     4.02 r
  data arrival time                                                  4.02

  clock dco_clk' (rise edge)                             20.00      20.00
  clock network delay (ideal)                             0.00      20.00
  watchdog_0/clock_gate_wdtctl/enable_latch_reg/CLK (LATCHX1_RVT)     0.00    20.00 r
  time borrowed from endpoint                             0.00      20.00
  data required time                                                20.00
  --------------------------------------------------------------------------
  data required time                                                20.00
  data arrival time                                                 -4.02
  --------------------------------------------------------------------------
  slack (MET)                                                       15.98

  Time Borrowing Information
  --------------------------------------------------------------
  dco_clk' nominal pulse width                           20.00   
  library setup time                                     -0.03   
  --------------------------------------------------------------
  max time borrow                                        19.97   
  actual time borrow                                      0.00   
  --------------------------------------------------------------


  Startpoint: dmem_dout[8]
              (input port clocked by dco_clk)
  Endpoint: frontend_0/clock_gate_pc/enable_latch_reg
            (positive level-sensitive latch clocked by dco_clk')
  Path Group: REGIN
  Path Type: max

  Des/Clust/Port     Wire Load Model       Library
  ------------------------------------------------
  openMSP430         16000                 saed32rvt_tt1p05v25c
  omsp_execution_unit 8000                 saed32rvt_tt1p05v25c
  omsp_alu           8000                  saed32rvt_tt1p05v25c
  omsp_frontend      8000                  saed32rvt_tt1p05v25c
  omsp_clock_gate_28 ForQA                 saed32rvt_tt1p05v25c

  Point                                                   Incr       Path
  --------------------------------------------------------------------------
  clock dco_clk (rise edge)                               0.00       0.00
  clock network delay (ideal)                             0.00       0.00
  input external delay                                    2.25       2.25 r
  dmem_dout[8] (in)                                       0.00       2.25 r
  mem_backbone_0/dmem_dout[8] (omsp_mem_backbone)         0.00       2.25 r
  mem_backbone_0/U101/Y (AO222X1_RVT)                     0.07       2.32 r
  mem_backbone_0/eu_mdb_in[8] (omsp_mem_backbone)         0.00       2.32 r
  execution_unit_0/mdb_in[8] (omsp_execution_unit)        0.00       2.32 r
  execution_unit_0/U177/Y (AO22X1_RVT)                    0.06       2.38 r
  execution_unit_0/U90/Y (AO222X1_RVT)                    0.06       2.44 r
  execution_unit_0/U86/Y (OR2X1_RVT)                      0.04       2.48 r
  execution_unit_0/alu_0/op_src[0] (omsp_alu)             0.00       2.48 r
  execution_unit_0/alu_0/U26/Y (XOR2X1_RVT)               0.08       2.57 f
  execution_unit_0/alu_0/add_1_root_add_100_2_C185/U1_0/CO (FADDX1_RVT)     0.06     2.63 f
  execution_unit_0/alu_0/add_1_root_add_100_2_C185/U1_1/CO (FADDX1_RVT)     0.05     2.67 f
  execution_unit_0/alu_0/add_1_root_add_100_2_C185/U1_2/CO (FADDX1_RVT)     0.05     2.72 f
  execution_unit_0/alu_0/add_1_root_add_100_2_C185/U1_3/S (FADDX1_RVT)     0.09     2.81 r
  execution_unit_0/alu_0/U143/Y (OA21X1_RVT)              0.04       2.85 r
  execution_unit_0/alu_0/U7/Y (OR2X1_RVT)                 0.04       2.89 r
  execution_unit_0/alu_0/U106/Y (AND2X1_RVT)              0.03       2.92 r
  execution_unit_0/alu_0/add_102_C185_aco/U1_2/CO (FADDX1_RVT)     0.05     2.97 r
  execution_unit_0/alu_0/U104/Y (AND2X1_RVT)              0.03       3.00 r
  execution_unit_0/alu_0/U103/Y (XOR2X1_RVT)              0.07       3.07 f
  execution_unit_0/alu_0/add_1_root_add_100_2_C186/U1_0/S (FADDX1_RVT)     0.08     3.15 r
  execution_unit_0/alu_0/U17/Y (AO222X2_RVT)              0.10       3.26 r
  execution_unit_0/alu_0/alu_out[4] (omsp_alu)            0.00       3.26 r
  execution_unit_0/register_file_0/reg_dest_val[4] (omsp_register_file)     0.00     3.26 r
  execution_unit_0/register_file_0/U399/Y (AO21X1_RVT)     0.06      3.32 r
  execution_unit_0/register_file_0/cpuoff (omsp_register_file)     0.00     3.32 r
  execution_unit_0/cpuoff (omsp_execution_unit)           0.00       3.32 r
  frontend_0/cpuoff (omsp_frontend)                       0.00       3.32 r
  frontend_0/U320/Y (INVX1_RVT)                           0.02       3.34 f
  frontend_0/U280/Y (AND3X1_RVT)                          0.04       3.37 f
  frontend_0/U279/Y (NAND3X0_RVT)                         0.03       3.41 r
  frontend_0/U317/Y (INVX1_RVT)                           0.01       3.42 f
  frontend_0/U248/Y (NAND2X0_RVT)                         0.02       3.44 r
  frontend_0/U247/Y (AO222X1_RVT)                         0.07       3.51 r
  frontend_0/U75/Y (NAND3X0_RVT)                          0.02       3.53 f
  frontend_0/U74/Y (NAND2X0_RVT)                          0.04       3.57 r
  frontend_0/U40/Y (NAND3X0_RVT)                          0.03       3.60 f
  frontend_0/clock_gate_pc/enable (omsp_clock_gate_28)     0.00      3.60 f
  frontend_0/clock_gate_pc/U4/Y (OR2X1_RVT)               0.04       3.64 f
  frontend_0/clock_gate_pc/enable_latch_reg/D (LATCHX1_RVT)     0.00     3.64 f
  data arrival time                                                  3.64

  clock dco_clk' (rise edge)                             20.00      20.00
  clock network delay (ideal)                             0.00      20.00
  frontend_0/clock_gate_pc/enable_latch_reg/CLK (LATCHX1_RVT)     0.00    20.00 r
  time borrowed from endpoint                             0.00      20.00
  data required time                                                20.00
  --------------------------------------------------------------------------
  data required time                                                20.00
  data arrival time                                                 -3.64
  --------------------------------------------------------------------------
  slack (MET)                                                       16.36

  Time Borrowing Information
  --------------------------------------------------------------
  dco_clk' nominal pulse width                           20.00   
  library setup time                                     -0.03   
  --------------------------------------------------------------
  max time borrow                                        19.97   
  actual time borrow                                      0.00   
  --------------------------------------------------------------


  Startpoint: dmem_dout[8]
              (input port clocked by dco_clk)
  Endpoint: clock_module_0/clock_gate_dma_mclk/enable_latch_reg
            (positive level-sensitive latch clocked by dco_clk')
  Path Group: REGIN
  Path Type: max

  Des/Clust/Port     Wire Load Model       Library
  ------------------------------------------------
  openMSP430         16000                 saed32rvt_tt1p05v25c
  omsp_execution_unit 8000                 saed32rvt_tt1p05v25c
  omsp_alu           8000                  saed32rvt_tt1p05v25c
  omsp_frontend      8000                  saed32rvt_tt1p05v25c
  omsp_clock_module  8000                  saed32rvt_tt1p05v25c
  omsp_clock_gate_33 ForQA                 saed32rvt_tt1p05v25c

  Point                                                   Incr       Path
  --------------------------------------------------------------------------
  clock dco_clk (rise edge)                               0.00       0.00
  clock network delay (ideal)                             0.00       0.00
  input external delay                                    2.25       2.25 r
  dmem_dout[8] (in)                                       0.00       2.25 r
  mem_backbone_0/dmem_dout[8] (omsp_mem_backbone)         0.00       2.25 r
  mem_backbone_0/U101/Y (AO222X1_RVT)                     0.07       2.32 r
  mem_backbone_0/eu_mdb_in[8] (omsp_mem_backbone)         0.00       2.32 r
  execution_unit_0/mdb_in[8] (omsp_execution_unit)        0.00       2.32 r
  execution_unit_0/U177/Y (AO22X1_RVT)                    0.06       2.38 r
  execution_unit_0/U90/Y (AO222X1_RVT)                    0.06       2.44 r
  execution_unit_0/U86/Y (OR2X1_RVT)                      0.04       2.48 r
  execution_unit_0/alu_0/op_src[0] (omsp_alu)             0.00       2.48 r
  execution_unit_0/alu_0/U26/Y (XOR2X1_RVT)               0.08       2.57 f
  execution_unit_0/alu_0/add_1_root_add_100_2_C185/U1_0/CO (FADDX1_RVT)     0.06     2.63 f
  execution_unit_0/alu_0/add_1_root_add_100_2_C185/U1_1/CO (FADDX1_RVT)     0.05     2.67 f
  execution_unit_0/alu_0/add_1_root_add_100_2_C185/U1_2/CO (FADDX1_RVT)     0.05     2.72 f
  execution_unit_0/alu_0/add_1_root_add_100_2_C185/U1_3/S (FADDX1_RVT)     0.09     2.81 r
  execution_unit_0/alu_0/U143/Y (OA21X1_RVT)              0.04       2.85 r
  execution_unit_0/alu_0/U7/Y (OR2X1_RVT)                 0.04       2.89 r
  execution_unit_0/alu_0/U106/Y (AND2X1_RVT)              0.03       2.92 r
  execution_unit_0/alu_0/add_102_C185_aco/U1_2/CO (FADDX1_RVT)     0.05     2.97 r
  execution_unit_0/alu_0/U104/Y (AND2X1_RVT)              0.03       3.00 r
  execution_unit_0/alu_0/U103/Y (XOR2X1_RVT)              0.07       3.07 f
  execution_unit_0/alu_0/add_1_root_add_100_2_C186/U1_0/S (FADDX1_RVT)     0.08     3.15 r
  execution_unit_0/alu_0/U17/Y (AO222X2_RVT)              0.10       3.26 r
  execution_unit_0/alu_0/alu_out[4] (omsp_alu)            0.00       3.26 r
  execution_unit_0/register_file_0/reg_dest_val[4] (omsp_register_file)     0.00     3.26 r
  execution_unit_0/register_file_0/U399/Y (AO21X1_RVT)     0.06      3.32 r
  execution_unit_0/register_file_0/cpuoff (omsp_register_file)     0.00     3.32 r
  execution_unit_0/cpuoff (omsp_execution_unit)           0.00       3.32 r
  frontend_0/cpuoff (omsp_frontend)                       0.00       3.32 r
  frontend_0/U69/Y (NAND2X0_RVT)                          0.02       3.34 f
  frontend_0/U68/Y (AO22X1_RVT)                           0.04       3.38 f
  frontend_0/mclk_enable (omsp_frontend)                  0.00       3.38 f
  clock_module_0/mclk_enable (omsp_clock_module)          0.00       3.38 f
  clock_module_0/U68/Y (OR2X1_RVT)                        0.03       3.41 f
  clock_module_0/U67/Y (AO21X1_RVT)                       0.02       3.43 f
  clock_module_0/U62/Y (AND2X1_RVT)                       0.03       3.46 f
  clock_module_0/U60/Y (AO21X1_RVT)                       0.03       3.49 f
  clock_module_0/clock_gate_dma_mclk/enable (omsp_clock_gate_33)     0.00     3.49 f
  clock_module_0/clock_gate_dma_mclk/U4/Y (OR2X1_RVT)     0.03       3.52 f
  clock_module_0/clock_gate_dma_mclk/enable_latch_reg/D (LATCHX1_RVT)     0.00     3.52 f
  data arrival time                                                  3.52

  clock dco_clk' (rise edge)                             20.00      20.00
  clock network delay (ideal)                             0.00      20.00
  clock_module_0/clock_gate_dma_mclk/enable_latch_reg/CLK (LATCHX1_RVT)     0.00    20.00 r
  time borrowed from endpoint                             0.00      20.00
  data required time                                                20.00
  --------------------------------------------------------------------------
  data required time                                                20.00
  data arrival time                                                 -3.52
  --------------------------------------------------------------------------
  slack (MET)                                                       16.48

  Time Borrowing Information
  --------------------------------------------------------------
  dco_clk' nominal pulse width                           20.00   
  library setup time                                     -0.03   
  --------------------------------------------------------------
  max time borrow                                        19.97   
  actual time borrow                                      0.00   
  --------------------------------------------------------------


  Startpoint: dmem_dout[8]
              (input port clocked by dco_clk)
  Endpoint: clock_module_0/clock_gate_mclk/enable_latch_reg
            (positive level-sensitive latch clocked by dco_clk')
  Path Group: REGIN
  Path Type: max

  Des/Clust/Port     Wire Load Model       Library
  ------------------------------------------------
  openMSP430         16000                 saed32rvt_tt1p05v25c
  omsp_execution_unit 8000                 saed32rvt_tt1p05v25c
  omsp_alu           8000                  saed32rvt_tt1p05v25c
  omsp_frontend      8000                  saed32rvt_tt1p05v25c
  omsp_clock_module  8000                  saed32rvt_tt1p05v25c
  omsp_clock_gate_0  ForQA                 saed32rvt_tt1p05v25c

  Point                                                   Incr       Path
  --------------------------------------------------------------------------
  clock dco_clk (rise edge)                               0.00       0.00
  clock network delay (ideal)                             0.00       0.00
  input external delay                                    2.25       2.25 r
  dmem_dout[8] (in)                                       0.00       2.25 r
  mem_backbone_0/dmem_dout[8] (omsp_mem_backbone)         0.00       2.25 r
  mem_backbone_0/U101/Y (AO222X1_RVT)                     0.07       2.32 r
  mem_backbone_0/eu_mdb_in[8] (omsp_mem_backbone)         0.00       2.32 r
  execution_unit_0/mdb_in[8] (omsp_execution_unit)        0.00       2.32 r
  execution_unit_0/U177/Y (AO22X1_RVT)                    0.06       2.38 r
  execution_unit_0/U90/Y (AO222X1_RVT)                    0.06       2.44 r
  execution_unit_0/U86/Y (OR2X1_RVT)                      0.04       2.48 r
  execution_unit_0/alu_0/op_src[0] (omsp_alu)             0.00       2.48 r
  execution_unit_0/alu_0/U26/Y (XOR2X1_RVT)               0.08       2.57 f
  execution_unit_0/alu_0/add_1_root_add_100_2_C185/U1_0/CO (FADDX1_RVT)     0.06     2.63 f
  execution_unit_0/alu_0/add_1_root_add_100_2_C185/U1_1/CO (FADDX1_RVT)     0.05     2.67 f
  execution_unit_0/alu_0/add_1_root_add_100_2_C185/U1_2/CO (FADDX1_RVT)     0.05     2.72 f
  execution_unit_0/alu_0/add_1_root_add_100_2_C185/U1_3/S (FADDX1_RVT)     0.09     2.81 r
  execution_unit_0/alu_0/U143/Y (OA21X1_RVT)              0.04       2.85 r
  execution_unit_0/alu_0/U7/Y (OR2X1_RVT)                 0.04       2.89 r
  execution_unit_0/alu_0/U106/Y (AND2X1_RVT)              0.03       2.92 r
  execution_unit_0/alu_0/add_102_C185_aco/U1_2/CO (FADDX1_RVT)     0.05     2.97 r
  execution_unit_0/alu_0/U104/Y (AND2X1_RVT)              0.03       3.00 r
  execution_unit_0/alu_0/U103/Y (XOR2X1_RVT)              0.07       3.07 f
  execution_unit_0/alu_0/add_1_root_add_100_2_C186/U1_0/S (FADDX1_RVT)     0.08     3.15 r
  execution_unit_0/alu_0/U17/Y (AO222X2_RVT)              0.10       3.26 r
  execution_unit_0/alu_0/alu_out[4] (omsp_alu)            0.00       3.26 r
  execution_unit_0/register_file_0/reg_dest_val[4] (omsp_register_file)     0.00     3.26 r
  execution_unit_0/register_file_0/U399/Y (AO21X1_RVT)     0.06      3.32 r
  execution_unit_0/register_file_0/cpuoff (omsp_register_file)     0.00     3.32 r
  execution_unit_0/cpuoff (omsp_execution_unit)           0.00       3.32 r
  frontend_0/cpuoff (omsp_frontend)                       0.00       3.32 r
  frontend_0/U69/Y (NAND2X0_RVT)                          0.02       3.34 f
  frontend_0/U68/Y (AO22X1_RVT)                           0.04       3.38 f
  frontend_0/mclk_enable (omsp_frontend)                  0.00       3.38 f
  clock_module_0/mclk_enable (omsp_clock_module)          0.00       3.38 f
  clock_module_0/U68/Y (OR2X1_RVT)                        0.03       3.41 f
  clock_module_0/U67/Y (AO21X1_RVT)                       0.02       3.43 f
  clock_module_0/U62/Y (AND2X1_RVT)                       0.03       3.46 f
  clock_module_0/clock_gate_mclk/enable (omsp_clock_gate_0)     0.00     3.46 f
  clock_module_0/clock_gate_mclk/U4/Y (OR2X1_RVT)         0.03       3.50 f
  clock_module_0/clock_gate_mclk/enable_latch_reg/D (LATCHX1_RVT)     0.00     3.50 f
  data arrival time                                                  3.50

  clock dco_clk' (rise edge)                             20.00      20.00
  clock network delay (ideal)                             0.00      20.00
  clock_module_0/clock_gate_mclk/enable_latch_reg/CLK (LATCHX1_RVT)     0.00    20.00 r
  time borrowed from endpoint                             0.00      20.00
  data required time                                                20.00
  --------------------------------------------------------------------------
  data required time                                                20.00
  data arrival time                                                 -3.50
  --------------------------------------------------------------------------
  slack (MET)                                                       16.50

  Time Borrowing Information
  --------------------------------------------------------------
  dco_clk' nominal pulse width                           20.00   
  library setup time                                     -0.03   
  --------------------------------------------------------------
  max time borrow                                        19.97   
  actual time borrow                                      0.00   
  --------------------------------------------------------------


  Startpoint: pmem_dout[7]
              (input port clocked by dco_clk)
  Endpoint: frontend_0/clock_gate_inst_sext/enable_latch_reg
            (positive level-sensitive latch clocked by dco_clk')
  Path Group: REGIN
  Path Type: max

  Des/Clust/Port     Wire Load Model       Library
  ------------------------------------------------
  openMSP430         16000                 saed32rvt_tt1p05v25c
  omsp_dbg           8000                  saed32rvt_tt1p05v25c
  omsp_frontend      8000                  saed32rvt_tt1p05v25c
  omsp_clock_gate_27 ForQA                 saed32rvt_tt1p05v25c

  Point                                                   Incr       Path
  --------------------------------------------------------------------------
  clock dco_clk (rise edge)                               0.00       0.00
  clock network delay (ideal)                             0.00       0.00
  input external delay                                    2.25       2.25 f
  pmem_dout[7] (in)                                       0.01       2.26 f
  mem_backbone_0/pmem_dout[7] (omsp_mem_backbone)         0.00       2.26 f
  mem_backbone_0/U78/Y (MUX21X1_RVT)                      0.08       2.34 f
  mem_backbone_0/fe_mdb_in[7] (omsp_mem_backbone)         0.00       2.34 f
  dbg_0/fe_mdb_in[7] (omsp_dbg)                           0.00       2.34 f
  dbg_0/U247/Y (OR2X1_RVT)                                0.04       2.38 f
  dbg_0/U12/Y (NOR4X1_RVT)                                0.06       2.45 r
  dbg_0/U246/Y (NAND4X0_RVT)                              0.04       2.49 f
  dbg_0/U126/Y (AND2X1_RVT)                               0.04       2.53 f
  dbg_0/U119/Y (NAND4X0_RVT)                              0.03       2.56 r
  dbg_0/U118/Y (AND2X1_RVT)                               0.03       2.59 r
  dbg_0/dbg_halt_cmd (omsp_dbg)                           0.00       2.59 r
  mem_backbone_0/dbg_halt_cmd (omsp_mem_backbone)         0.00       2.59 r
  mem_backbone_0/U233/Y (AO21X1_RVT)                      0.03       2.62 r
  mem_backbone_0/cpu_halt_cmd (omsp_mem_backbone)         0.00       2.62 r
  frontend_0/cpu_halt_cmd (omsp_frontend)                 0.00       2.62 r
  frontend_0/U452/Y (INVX1_RVT)                           0.01       2.63 f
  frontend_0/U491/Y (NAND2X0_RVT)                         0.04       2.66 r
  frontend_0/U450/Y (INVX1_RVT)                           0.03       2.69 f
  frontend_0/U455/Y (NAND2X0_RVT)                         0.03       2.72 r
  frontend_0/U93/Y (AO221X1_RVT)                          0.07       2.79 r
  frontend_0/U431/Y (NAND3X0_RVT)                         0.07       2.85 f
  frontend_0/U413/Y (INVX1_RVT)                           0.05       2.90 r
  frontend_0/U427/Y (AOI22X1_RVT)                         0.07       2.98 f
  frontend_0/U417/Y (NAND4X0_RVT)                         0.03       3.01 r
  frontend_0/U415/Y (AND2X1_RVT)                          0.03       3.04 r
  frontend_0/U407/Y (NAND3X0_RVT)                         0.04       3.08 f
  frontend_0/U406/Y (INVX1_RVT)                           0.02       3.10 r
  frontend_0/U338/Y (NAND3X0_RVT)                         0.04       3.14 f
  frontend_0/U334/Y (NAND3X0_RVT)                         0.04       3.17 r
  frontend_0/U333/Y (AO21X1_RVT)                          0.03       3.21 r
  frontend_0/U331/Y (NAND2X0_RVT)                         0.03       3.24 f
  frontend_0/U327/Y (NAND2X0_RVT)                         0.04       3.27 r
  frontend_0/U146/Y (AO21X1_RVT)                          0.03       3.30 r
  frontend_0/clock_gate_inst_sext/enable (omsp_clock_gate_27)     0.00     3.30 r
  frontend_0/clock_gate_inst_sext/U4/Y (OR2X1_RVT)        0.03       3.33 r
  frontend_0/clock_gate_inst_sext/enable_latch_reg/D (LATCHX1_RVT)     0.00     3.33 r
  data arrival time                                                  3.33

  clock dco_clk' (rise edge)                             20.00      20.00
  clock network delay (ideal)                             0.00      20.00
  frontend_0/clock_gate_inst_sext/enable_latch_reg/CLK (LATCHX1_RVT)     0.00    20.00 r
  time borrowed from endpoint                             0.00      20.00
  data required time                                                20.00
  --------------------------------------------------------------------------
  data required time                                                20.00
  data arrival time                                                 -3.33
  --------------------------------------------------------------------------
  slack (MET)                                                       16.67

  Time Borrowing Information
  --------------------------------------------------------------
  dco_clk' nominal pulse width                           20.00   
  library setup time                                     -0.03   
  --------------------------------------------------------------
  max time borrow                                        19.97   
  actual time borrow                                      0.00   
  --------------------------------------------------------------


  Startpoint: frontend_0/e_state_reg[2]
              (rising edge-triggered flip-flop clocked by dco_clk)
  Endpoint: pmem_addr[9]
            (output port clocked by dco_clk)
  Path Group: REGOUT
  Path Type: max

  Des/Clust/Port     Wire Load Model       Library
  ------------------------------------------------
  openMSP430         16000                 saed32rvt_tt1p05v25c
  omsp_execution_unit 8000                 saed32rvt_tt1p05v25c
  omsp_alu           8000                  saed32rvt_tt1p05v25c
  omsp_mem_backbone  8000                  saed32rvt_tt1p05v25c

  Point                                                   Incr       Path
  --------------------------------------------------------------------------
  clock dco_clk (rise edge)                               0.00       0.00
  clock network delay (ideal)                             0.00       0.00
  frontend_0/e_state_reg[2]/CLK (DFFARX1_RVT)             0.00       0.00 r
  frontend_0/e_state_reg[2]/Q (DFFARX1_RVT)               0.10       0.10 f
  frontend_0/e_state[2] (omsp_frontend)                   0.00       0.10 f
  execution_unit_0/e_state[2] (omsp_execution_unit)       0.00       0.10 f
  execution_unit_0/U143/Y (INVX1_RVT)                     0.02       0.13 r
  execution_unit_0/U214/Y (AND2X1_RVT)                    0.03       0.16 r
  execution_unit_0/U185/Y (NAND3X0_RVT)                   0.07       0.23 f
  execution_unit_0/U92/Y (INVX1_RVT)                      0.05       0.28 r
  execution_unit_0/U100/Y (AND2X1_RVT)                    0.03       0.31 r
  execution_unit_0/U23/Y (AO221X2_RVT)                    0.09       0.41 r
  execution_unit_0/U97/Y (NOR2X0_RVT)                     0.05       0.46 f
  execution_unit_0/U94/Y (AND2X1_RVT)                     0.03       0.49 f
  execution_unit_0/U18/Y (AND2X1_RVT)                     0.06       0.55 f
  execution_unit_0/U90/Y (AO222X1_RVT)                    0.07       0.62 f
  execution_unit_0/U86/Y (OR2X1_RVT)                      0.04       0.66 f
  execution_unit_0/alu_0/op_src[0] (omsp_alu)             0.00       0.66 f
  execution_unit_0/alu_0/U26/Y (XOR2X1_RVT)               0.08       0.74 r
  execution_unit_0/alu_0/add_1_root_add_100_2_C185/U1_0/CO (FADDX1_RVT)     0.06     0.81 r
  execution_unit_0/alu_0/add_1_root_add_100_2_C185/U1_1/CO (FADDX1_RVT)     0.06     0.86 r
  execution_unit_0/alu_0/add_1_root_add_100_2_C185/U1_2/CO (FADDX1_RVT)     0.06     0.92 r
  execution_unit_0/alu_0/add_1_root_add_100_2_C185/U1_3/S (FADDX1_RVT)     0.09     1.01 f
  execution_unit_0/alu_0/U143/Y (OA21X1_RVT)              0.04       1.04 f
  execution_unit_0/alu_0/U7/Y (OR2X1_RVT)                 0.04       1.08 f
  execution_unit_0/alu_0/U106/Y (AND2X1_RVT)              0.04       1.12 f
  execution_unit_0/alu_0/add_102_C185_aco/U1_2/CO (FADDX1_RVT)     0.05     1.17 f
  execution_unit_0/alu_0/U104/Y (AND2X1_RVT)              0.03       1.20 f
  execution_unit_0/alu_0/U103/Y (XOR2X1_RVT)              0.07       1.27 r
  execution_unit_0/alu_0/add_1_root_add_100_2_C186/U1_0/CO (FADDX1_RVT)     0.05     1.33 r
  execution_unit_0/alu_0/add_1_root_add_100_2_C186/U1_1/CO (FADDX1_RVT)     0.06     1.38 r
  execution_unit_0/alu_0/add_1_root_add_100_2_C186/U1_2/CO (FADDX1_RVT)     0.06     1.44 r
  execution_unit_0/alu_0/add_1_root_add_100_2_C186/U1_3/S (FADDX1_RVT)     0.09     1.52 f
  execution_unit_0/alu_0/U162/Y (OA21X1_RVT)              0.04       1.56 f
  execution_unit_0/alu_0/U6/Y (OR2X1_RVT)                 0.04       1.60 f
  execution_unit_0/alu_0/U91/Y (AND2X1_RVT)               0.04       1.64 f
  execution_unit_0/alu_0/add_102_C186_aco/U1_2/CO (FADDX1_RVT)     0.05     1.68 f
  execution_unit_0/alu_0/U89/Y (AND2X1_RVT)               0.03       1.72 f
  execution_unit_0/alu_0/U88/Y (XOR2X1_RVT)               0.07       1.79 r
  execution_unit_0/alu_0/add_1_root_add_100_2_C187/U1_0/CO (FADDX1_RVT)     0.05     1.84 r
  execution_unit_0/alu_0/add_1_root_add_100_2_C187/U1_1/CO (FADDX1_RVT)     0.06     1.90 r
  execution_unit_0/alu_0/add_1_root_add_100_2_C187/U1_2/CO (FADDX1_RVT)     0.06     1.95 r
  execution_unit_0/alu_0/add_1_root_add_100_2_C187/U1_3/S (FADDX1_RVT)     0.09     2.04 f
  execution_unit_0/alu_0/U168/Y (OA21X1_RVT)              0.04       2.08 f
  execution_unit_0/alu_0/U5/Y (OR2X1_RVT)                 0.04       2.12 f
  execution_unit_0/alu_0/U86/Y (AND2X1_RVT)               0.04       2.16 f
  execution_unit_0/alu_0/add_102_C187_aco/U1_2/CO (FADDX1_RVT)     0.05     2.20 f
  execution_unit_0/alu_0/U84/Y (AND2X1_RVT)               0.03       2.23 f
  execution_unit_0/alu_0/U83/Y (XOR2X1_RVT)               0.07       2.31 r
  execution_unit_0/alu_0/add_1_root_add_100_2_C188/U1_0/CO (FADDX1_RVT)     0.05     2.36 r
  execution_unit_0/alu_0/add_1_root_add_100_2_C188/U1_1/CO (FADDX1_RVT)     0.06     2.42 r
  execution_unit_0/alu_0/add_1_root_add_100_2_C188/U1_2/CO (FADDX1_RVT)     0.06     2.47 r
  execution_unit_0/alu_0/add_1_root_add_100_2_C188/U1_3/S (FADDX1_RVT)     0.09     2.56 f
  execution_unit_0/alu_0/U173/Y (OA21X1_RVT)              0.04       2.60 f
  execution_unit_0/alu_0/U4/Y (OR2X1_RVT)                 0.04       2.64 f
  execution_unit_0/alu_0/U81/Y (AND2X1_RVT)               0.04       2.67 f
  execution_unit_0/alu_0/add_102_C188_aco/U1_2/CO (FADDX1_RVT)     0.05     2.72 f
  execution_unit_0/alu_0/U62/Y (XOR2X1_RVT)               0.06       2.78 f
  execution_unit_0/alu_0/U198/Y (AO222X1_RVT)             0.07       2.84 f
  execution_unit_0/alu_0/alu_out[15] (omsp_alu)           0.00       2.84 f
  execution_unit_0/register_file_0/reg_dest_val[15] (omsp_register_file)     0.00     2.84 f
  execution_unit_0/register_file_0/U56/Y (AND2X1_RVT)     0.07       2.91 f
  execution_unit_0/register_file_0/pc_sw[15] (omsp_register_file)     0.00     2.91 f
  execution_unit_0/pc_sw[15] (omsp_execution_unit)        0.00       2.91 f
  frontend_0/pc_sw[15] (omsp_frontend)                    0.00       2.91 f
  frontend_0/U23/Y (AO221X1_RVT)                          0.06       2.97 f
  frontend_0/mab[15] (omsp_frontend)                      0.00       2.97 f
  mem_backbone_0/fe_mab[14] (omsp_mem_backbone)           0.00       2.97 f
  mem_backbone_0/U24/Y (AND4X1_RVT)                       0.05       3.02 f
  mem_backbone_0/U179/Y (NAND2X0_RVT)                     0.03       3.06 r
  mem_backbone_0/U174/Y (NAND4X0_RVT)                     0.05       3.11 f
  mem_backbone_0/U10/Y (INVX1_RVT)                        0.06       3.17 r
  mem_backbone_0/U28/Y (AO222X1_RVT)                      0.08       3.25 r
  mem_backbone_0/pmem_addr[9] (omsp_mem_backbone)         0.00       3.25 r
  pmem_addr[9] (out)                                      0.00       3.25 r
  data arrival time                                                  3.25

  clock dco_clk (rise edge)                              40.00      40.00
  clock network delay (ideal)                             0.00      40.00
  output external delay                                  -0.64      39.36
  data required time                                                39.36
  --------------------------------------------------------------------------
  data required time                                                39.36
  data arrival time                                                 -3.25
  --------------------------------------------------------------------------
  slack (MET)                                                       36.11


  Startpoint: frontend_0/e_state_reg[2]
              (rising edge-triggered flip-flop clocked by dco_clk)
  Endpoint: pmem_addr[8]
            (output port clocked by dco_clk)
  Path Group: REGOUT
  Path Type: max

  Des/Clust/Port     Wire Load Model       Library
  ------------------------------------------------
  openMSP430         16000                 saed32rvt_tt1p05v25c
  omsp_execution_unit 8000                 saed32rvt_tt1p05v25c
  omsp_alu           8000                  saed32rvt_tt1p05v25c
  omsp_mem_backbone  8000                  saed32rvt_tt1p05v25c

  Point                                                   Incr       Path
  --------------------------------------------------------------------------
  clock dco_clk (rise edge)                               0.00       0.00
  clock network delay (ideal)                             0.00       0.00
  frontend_0/e_state_reg[2]/CLK (DFFARX1_RVT)             0.00       0.00 r
  frontend_0/e_state_reg[2]/Q (DFFARX1_RVT)               0.10       0.10 f
  frontend_0/e_state[2] (omsp_frontend)                   0.00       0.10 f
  execution_unit_0/e_state[2] (omsp_execution_unit)       0.00       0.10 f
  execution_unit_0/U143/Y (INVX1_RVT)                     0.02       0.13 r
  execution_unit_0/U214/Y (AND2X1_RVT)                    0.03       0.16 r
  execution_unit_0/U185/Y (NAND3X0_RVT)                   0.07       0.23 f
  execution_unit_0/U92/Y (INVX1_RVT)                      0.05       0.28 r
  execution_unit_0/U100/Y (AND2X1_RVT)                    0.03       0.31 r
  execution_unit_0/U23/Y (AO221X2_RVT)                    0.09       0.41 r
  execution_unit_0/U97/Y (NOR2X0_RVT)                     0.05       0.46 f
  execution_unit_0/U94/Y (AND2X1_RVT)                     0.03       0.49 f
  execution_unit_0/U18/Y (AND2X1_RVT)                     0.06       0.55 f
  execution_unit_0/U90/Y (AO222X1_RVT)                    0.07       0.62 f
  execution_unit_0/U86/Y (OR2X1_RVT)                      0.04       0.66 f
  execution_unit_0/alu_0/op_src[0] (omsp_alu)             0.00       0.66 f
  execution_unit_0/alu_0/U26/Y (XOR2X1_RVT)               0.08       0.74 r
  execution_unit_0/alu_0/add_1_root_add_100_2_C185/U1_0/CO (FADDX1_RVT)     0.06     0.81 r
  execution_unit_0/alu_0/add_1_root_add_100_2_C185/U1_1/CO (FADDX1_RVT)     0.06     0.86 r
  execution_unit_0/alu_0/add_1_root_add_100_2_C185/U1_2/CO (FADDX1_RVT)     0.06     0.92 r
  execution_unit_0/alu_0/add_1_root_add_100_2_C185/U1_3/S (FADDX1_RVT)     0.09     1.01 f
  execution_unit_0/alu_0/U143/Y (OA21X1_RVT)              0.04       1.04 f
  execution_unit_0/alu_0/U7/Y (OR2X1_RVT)                 0.04       1.08 f
  execution_unit_0/alu_0/U106/Y (AND2X1_RVT)              0.04       1.12 f
  execution_unit_0/alu_0/add_102_C185_aco/U1_2/CO (FADDX1_RVT)     0.05     1.17 f
  execution_unit_0/alu_0/U104/Y (AND2X1_RVT)              0.03       1.20 f
  execution_unit_0/alu_0/U103/Y (XOR2X1_RVT)              0.07       1.27 r
  execution_unit_0/alu_0/add_1_root_add_100_2_C186/U1_0/CO (FADDX1_RVT)     0.05     1.33 r
  execution_unit_0/alu_0/add_1_root_add_100_2_C186/U1_1/CO (FADDX1_RVT)     0.06     1.38 r
  execution_unit_0/alu_0/add_1_root_add_100_2_C186/U1_2/CO (FADDX1_RVT)     0.06     1.44 r
  execution_unit_0/alu_0/add_1_root_add_100_2_C186/U1_3/S (FADDX1_RVT)     0.09     1.52 f
  execution_unit_0/alu_0/U162/Y (OA21X1_RVT)              0.04       1.56 f
  execution_unit_0/alu_0/U6/Y (OR2X1_RVT)                 0.04       1.60 f
  execution_unit_0/alu_0/U91/Y (AND2X1_RVT)               0.04       1.64 f
  execution_unit_0/alu_0/add_102_C186_aco/U1_2/CO (FADDX1_RVT)     0.05     1.68 f
  execution_unit_0/alu_0/U89/Y (AND2X1_RVT)               0.03       1.72 f
  execution_unit_0/alu_0/U88/Y (XOR2X1_RVT)               0.07       1.79 r
  execution_unit_0/alu_0/add_1_root_add_100_2_C187/U1_0/CO (FADDX1_RVT)     0.05     1.84 r
  execution_unit_0/alu_0/add_1_root_add_100_2_C187/U1_1/CO (FADDX1_RVT)     0.06     1.90 r
  execution_unit_0/alu_0/add_1_root_add_100_2_C187/U1_2/CO (FADDX1_RVT)     0.06     1.95 r
  execution_unit_0/alu_0/add_1_root_add_100_2_C187/U1_3/S (FADDX1_RVT)     0.09     2.04 f
  execution_unit_0/alu_0/U168/Y (OA21X1_RVT)              0.04       2.08 f
  execution_unit_0/alu_0/U5/Y (OR2X1_RVT)                 0.04       2.12 f
  execution_unit_0/alu_0/U86/Y (AND2X1_RVT)               0.04       2.16 f
  execution_unit_0/alu_0/add_102_C187_aco/U1_2/CO (FADDX1_RVT)     0.05     2.20 f
  execution_unit_0/alu_0/U84/Y (AND2X1_RVT)               0.03       2.23 f
  execution_unit_0/alu_0/U83/Y (XOR2X1_RVT)               0.07       2.31 r
  execution_unit_0/alu_0/add_1_root_add_100_2_C188/U1_0/CO (FADDX1_RVT)     0.05     2.36 r
  execution_unit_0/alu_0/add_1_root_add_100_2_C188/U1_1/CO (FADDX1_RVT)     0.06     2.42 r
  execution_unit_0/alu_0/add_1_root_add_100_2_C188/U1_2/CO (FADDX1_RVT)     0.06     2.47 r
  execution_unit_0/alu_0/add_1_root_add_100_2_C188/U1_3/S (FADDX1_RVT)     0.09     2.56 f
  execution_unit_0/alu_0/U173/Y (OA21X1_RVT)              0.04       2.60 f
  execution_unit_0/alu_0/U4/Y (OR2X1_RVT)                 0.04       2.64 f
  execution_unit_0/alu_0/U81/Y (AND2X1_RVT)               0.04       2.67 f
  execution_unit_0/alu_0/add_102_C188_aco/U1_2/CO (FADDX1_RVT)     0.05     2.72 f
  execution_unit_0/alu_0/U62/Y (XOR2X1_RVT)               0.06       2.78 f
  execution_unit_0/alu_0/U198/Y (AO222X1_RVT)             0.07       2.84 f
  execution_unit_0/alu_0/alu_out[15] (omsp_alu)           0.00       2.84 f
  execution_unit_0/register_file_0/reg_dest_val[15] (omsp_register_file)     0.00     2.84 f
  execution_unit_0/register_file_0/U56/Y (AND2X1_RVT)     0.07       2.91 f
  execution_unit_0/register_file_0/pc_sw[15] (omsp_register_file)     0.00     2.91 f
  execution_unit_0/pc_sw[15] (omsp_execution_unit)        0.00       2.91 f
  frontend_0/pc_sw[15] (omsp_frontend)                    0.00       2.91 f
  frontend_0/U23/Y (AO221X1_RVT)                          0.06       2.97 f
  frontend_0/mab[15] (omsp_frontend)                      0.00       2.97 f
  mem_backbone_0/fe_mab[14] (omsp_mem_backbone)           0.00       2.97 f
  mem_backbone_0/U24/Y (AND4X1_RVT)                       0.05       3.02 f
  mem_backbone_0/U179/Y (NAND2X0_RVT)                     0.03       3.06 r
  mem_backbone_0/U174/Y (NAND4X0_RVT)                     0.05       3.11 f
  mem_backbone_0/U10/Y (INVX1_RVT)                        0.06       3.17 r
  mem_backbone_0/U29/Y (AO222X1_RVT)                      0.08       3.25 r
  mem_backbone_0/pmem_addr[8] (omsp_mem_backbone)         0.00       3.25 r
  pmem_addr[8] (out)                                      0.00       3.25 r
  data arrival time                                                  3.25

  clock dco_clk (rise edge)                              40.00      40.00
  clock network delay (ideal)                             0.00      40.00
  output external delay                                  -0.64      39.36
  data required time                                                39.36
  --------------------------------------------------------------------------
  data required time                                                39.36
  data arrival time                                                 -3.25
  --------------------------------------------------------------------------
  slack (MET)                                                       36.11


  Startpoint: frontend_0/e_state_reg[2]
              (rising edge-triggered flip-flop clocked by dco_clk)
  Endpoint: pmem_addr[7]
            (output port clocked by dco_clk)
  Path Group: REGOUT
  Path Type: max

  Des/Clust/Port     Wire Load Model       Library
  ------------------------------------------------
  openMSP430         16000                 saed32rvt_tt1p05v25c
  omsp_execution_unit 8000                 saed32rvt_tt1p05v25c
  omsp_alu           8000                  saed32rvt_tt1p05v25c
  omsp_mem_backbone  8000                  saed32rvt_tt1p05v25c

  Point                                                   Incr       Path
  --------------------------------------------------------------------------
  clock dco_clk (rise edge)                               0.00       0.00
  clock network delay (ideal)                             0.00       0.00
  frontend_0/e_state_reg[2]/CLK (DFFARX1_RVT)             0.00       0.00 r
  frontend_0/e_state_reg[2]/Q (DFFARX1_RVT)               0.10       0.10 f
  frontend_0/e_state[2] (omsp_frontend)                   0.00       0.10 f
  execution_unit_0/e_state[2] (omsp_execution_unit)       0.00       0.10 f
  execution_unit_0/U143/Y (INVX1_RVT)                     0.02       0.13 r
  execution_unit_0/U214/Y (AND2X1_RVT)                    0.03       0.16 r
  execution_unit_0/U185/Y (NAND3X0_RVT)                   0.07       0.23 f
  execution_unit_0/U92/Y (INVX1_RVT)                      0.05       0.28 r
  execution_unit_0/U100/Y (AND2X1_RVT)                    0.03       0.31 r
  execution_unit_0/U23/Y (AO221X2_RVT)                    0.09       0.41 r
  execution_unit_0/U97/Y (NOR2X0_RVT)                     0.05       0.46 f
  execution_unit_0/U94/Y (AND2X1_RVT)                     0.03       0.49 f
  execution_unit_0/U18/Y (AND2X1_RVT)                     0.06       0.55 f
  execution_unit_0/U90/Y (AO222X1_RVT)                    0.07       0.62 f
  execution_unit_0/U86/Y (OR2X1_RVT)                      0.04       0.66 f
  execution_unit_0/alu_0/op_src[0] (omsp_alu)             0.00       0.66 f
  execution_unit_0/alu_0/U26/Y (XOR2X1_RVT)               0.08       0.74 r
  execution_unit_0/alu_0/add_1_root_add_100_2_C185/U1_0/CO (FADDX1_RVT)     0.06     0.81 r
  execution_unit_0/alu_0/add_1_root_add_100_2_C185/U1_1/CO (FADDX1_RVT)     0.06     0.86 r
  execution_unit_0/alu_0/add_1_root_add_100_2_C185/U1_2/CO (FADDX1_RVT)     0.06     0.92 r
  execution_unit_0/alu_0/add_1_root_add_100_2_C185/U1_3/S (FADDX1_RVT)     0.09     1.01 f
  execution_unit_0/alu_0/U143/Y (OA21X1_RVT)              0.04       1.04 f
  execution_unit_0/alu_0/U7/Y (OR2X1_RVT)                 0.04       1.08 f
  execution_unit_0/alu_0/U106/Y (AND2X1_RVT)              0.04       1.12 f
  execution_unit_0/alu_0/add_102_C185_aco/U1_2/CO (FADDX1_RVT)     0.05     1.17 f
  execution_unit_0/alu_0/U104/Y (AND2X1_RVT)              0.03       1.20 f
  execution_unit_0/alu_0/U103/Y (XOR2X1_RVT)              0.07       1.27 r
  execution_unit_0/alu_0/add_1_root_add_100_2_C186/U1_0/CO (FADDX1_RVT)     0.05     1.33 r
  execution_unit_0/alu_0/add_1_root_add_100_2_C186/U1_1/CO (FADDX1_RVT)     0.06     1.38 r
  execution_unit_0/alu_0/add_1_root_add_100_2_C186/U1_2/CO (FADDX1_RVT)     0.06     1.44 r
  execution_unit_0/alu_0/add_1_root_add_100_2_C186/U1_3/S (FADDX1_RVT)     0.09     1.52 f
  execution_unit_0/alu_0/U162/Y (OA21X1_RVT)              0.04       1.56 f
  execution_unit_0/alu_0/U6/Y (OR2X1_RVT)                 0.04       1.60 f
  execution_unit_0/alu_0/U91/Y (AND2X1_RVT)               0.04       1.64 f
  execution_unit_0/alu_0/add_102_C186_aco/U1_2/CO (FADDX1_RVT)     0.05     1.68 f
  execution_unit_0/alu_0/U89/Y (AND2X1_RVT)               0.03       1.72 f
  execution_unit_0/alu_0/U88/Y (XOR2X1_RVT)               0.07       1.79 r
  execution_unit_0/alu_0/add_1_root_add_100_2_C187/U1_0/CO (FADDX1_RVT)     0.05     1.84 r
  execution_unit_0/alu_0/add_1_root_add_100_2_C187/U1_1/CO (FADDX1_RVT)     0.06     1.90 r
  execution_unit_0/alu_0/add_1_root_add_100_2_C187/U1_2/CO (FADDX1_RVT)     0.06     1.95 r
  execution_unit_0/alu_0/add_1_root_add_100_2_C187/U1_3/S (FADDX1_RVT)     0.09     2.04 f
  execution_unit_0/alu_0/U168/Y (OA21X1_RVT)              0.04       2.08 f
  execution_unit_0/alu_0/U5/Y (OR2X1_RVT)                 0.04       2.12 f
  execution_unit_0/alu_0/U86/Y (AND2X1_RVT)               0.04       2.16 f
  execution_unit_0/alu_0/add_102_C187_aco/U1_2/CO (FADDX1_RVT)     0.05     2.20 f
  execution_unit_0/alu_0/U84/Y (AND2X1_RVT)               0.03       2.23 f
  execution_unit_0/alu_0/U83/Y (XOR2X1_RVT)               0.07       2.31 r
  execution_unit_0/alu_0/add_1_root_add_100_2_C188/U1_0/CO (FADDX1_RVT)     0.05     2.36 r
  execution_unit_0/alu_0/add_1_root_add_100_2_C188/U1_1/CO (FADDX1_RVT)     0.06     2.42 r
  execution_unit_0/alu_0/add_1_root_add_100_2_C188/U1_2/CO (FADDX1_RVT)     0.06     2.47 r
  execution_unit_0/alu_0/add_1_root_add_100_2_C188/U1_3/S (FADDX1_RVT)     0.09     2.56 f
  execution_unit_0/alu_0/U173/Y (OA21X1_RVT)              0.04       2.60 f
  execution_unit_0/alu_0/U4/Y (OR2X1_RVT)                 0.04       2.64 f
  execution_unit_0/alu_0/U81/Y (AND2X1_RVT)               0.04       2.67 f
  execution_unit_0/alu_0/add_102_C188_aco/U1_2/CO (FADDX1_RVT)     0.05     2.72 f
  execution_unit_0/alu_0/U62/Y (XOR2X1_RVT)               0.06       2.78 f
  execution_unit_0/alu_0/U198/Y (AO222X1_RVT)             0.07       2.84 f
  execution_unit_0/alu_0/alu_out[15] (omsp_alu)           0.00       2.84 f
  execution_unit_0/register_file_0/reg_dest_val[15] (omsp_register_file)     0.00     2.84 f
  execution_unit_0/register_file_0/U56/Y (AND2X1_RVT)     0.07       2.91 f
  execution_unit_0/register_file_0/pc_sw[15] (omsp_register_file)     0.00     2.91 f
  execution_unit_0/pc_sw[15] (omsp_execution_unit)        0.00       2.91 f
  frontend_0/pc_sw[15] (omsp_frontend)                    0.00       2.91 f
  frontend_0/U23/Y (AO221X1_RVT)                          0.06       2.97 f
  frontend_0/mab[15] (omsp_frontend)                      0.00       2.97 f
  mem_backbone_0/fe_mab[14] (omsp_mem_backbone)           0.00       2.97 f
  mem_backbone_0/U24/Y (AND4X1_RVT)                       0.05       3.02 f
  mem_backbone_0/U179/Y (NAND2X0_RVT)                     0.03       3.06 r
  mem_backbone_0/U174/Y (NAND4X0_RVT)                     0.05       3.11 f
  mem_backbone_0/U10/Y (INVX1_RVT)                        0.06       3.17 r
  mem_backbone_0/U30/Y (AO222X1_RVT)                      0.08       3.25 r
  mem_backbone_0/pmem_addr[7] (omsp_mem_backbone)         0.00       3.25 r
  pmem_addr[7] (out)                                      0.00       3.25 r
  data arrival time                                                  3.25

  clock dco_clk (rise edge)                              40.00      40.00
  clock network delay (ideal)                             0.00      40.00
  output external delay                                  -0.64      39.36
  data required time                                                39.36
  --------------------------------------------------------------------------
  data required time                                                39.36
  data arrival time                                                 -3.25
  --------------------------------------------------------------------------
  slack (MET)                                                       36.11


  Startpoint: frontend_0/e_state_reg[2]
              (rising edge-triggered flip-flop clocked by dco_clk)
  Endpoint: pmem_addr[6]
            (output port clocked by dco_clk)
  Path Group: REGOUT
  Path Type: max

  Des/Clust/Port     Wire Load Model       Library
  ------------------------------------------------
  openMSP430         16000                 saed32rvt_tt1p05v25c
  omsp_execution_unit 8000                 saed32rvt_tt1p05v25c
  omsp_alu           8000                  saed32rvt_tt1p05v25c
  omsp_mem_backbone  8000                  saed32rvt_tt1p05v25c

  Point                                                   Incr       Path
  --------------------------------------------------------------------------
  clock dco_clk (rise edge)                               0.00       0.00
  clock network delay (ideal)                             0.00       0.00
  frontend_0/e_state_reg[2]/CLK (DFFARX1_RVT)             0.00       0.00 r
  frontend_0/e_state_reg[2]/Q (DFFARX1_RVT)               0.10       0.10 f
  frontend_0/e_state[2] (omsp_frontend)                   0.00       0.10 f
  execution_unit_0/e_state[2] (omsp_execution_unit)       0.00       0.10 f
  execution_unit_0/U143/Y (INVX1_RVT)                     0.02       0.13 r
  execution_unit_0/U214/Y (AND2X1_RVT)                    0.03       0.16 r
  execution_unit_0/U185/Y (NAND3X0_RVT)                   0.07       0.23 f
  execution_unit_0/U92/Y (INVX1_RVT)                      0.05       0.28 r
  execution_unit_0/U100/Y (AND2X1_RVT)                    0.03       0.31 r
  execution_unit_0/U23/Y (AO221X2_RVT)                    0.09       0.41 r
  execution_unit_0/U97/Y (NOR2X0_RVT)                     0.05       0.46 f
  execution_unit_0/U94/Y (AND2X1_RVT)                     0.03       0.49 f
  execution_unit_0/U18/Y (AND2X1_RVT)                     0.06       0.55 f
  execution_unit_0/U90/Y (AO222X1_RVT)                    0.07       0.62 f
  execution_unit_0/U86/Y (OR2X1_RVT)                      0.04       0.66 f
  execution_unit_0/alu_0/op_src[0] (omsp_alu)             0.00       0.66 f
  execution_unit_0/alu_0/U26/Y (XOR2X1_RVT)               0.08       0.74 r
  execution_unit_0/alu_0/add_1_root_add_100_2_C185/U1_0/CO (FADDX1_RVT)     0.06     0.81 r
  execution_unit_0/alu_0/add_1_root_add_100_2_C185/U1_1/CO (FADDX1_RVT)     0.06     0.86 r
  execution_unit_0/alu_0/add_1_root_add_100_2_C185/U1_2/CO (FADDX1_RVT)     0.06     0.92 r
  execution_unit_0/alu_0/add_1_root_add_100_2_C185/U1_3/S (FADDX1_RVT)     0.09     1.01 f
  execution_unit_0/alu_0/U143/Y (OA21X1_RVT)              0.04       1.04 f
  execution_unit_0/alu_0/U7/Y (OR2X1_RVT)                 0.04       1.08 f
  execution_unit_0/alu_0/U106/Y (AND2X1_RVT)              0.04       1.12 f
  execution_unit_0/alu_0/add_102_C185_aco/U1_2/CO (FADDX1_RVT)     0.05     1.17 f
  execution_unit_0/alu_0/U104/Y (AND2X1_RVT)              0.03       1.20 f
  execution_unit_0/alu_0/U103/Y (XOR2X1_RVT)              0.07       1.27 r
  execution_unit_0/alu_0/add_1_root_add_100_2_C186/U1_0/CO (FADDX1_RVT)     0.05     1.33 r
  execution_unit_0/alu_0/add_1_root_add_100_2_C186/U1_1/CO (FADDX1_RVT)     0.06     1.38 r
  execution_unit_0/alu_0/add_1_root_add_100_2_C186/U1_2/CO (FADDX1_RVT)     0.06     1.44 r
  execution_unit_0/alu_0/add_1_root_add_100_2_C186/U1_3/S (FADDX1_RVT)     0.09     1.52 f
  execution_unit_0/alu_0/U162/Y (OA21X1_RVT)              0.04       1.56 f
  execution_unit_0/alu_0/U6/Y (OR2X1_RVT)                 0.04       1.60 f
  execution_unit_0/alu_0/U91/Y (AND2X1_RVT)               0.04       1.64 f
  execution_unit_0/alu_0/add_102_C186_aco/U1_2/CO (FADDX1_RVT)     0.05     1.68 f
  execution_unit_0/alu_0/U89/Y (AND2X1_RVT)               0.03       1.72 f
  execution_unit_0/alu_0/U88/Y (XOR2X1_RVT)               0.07       1.79 r
  execution_unit_0/alu_0/add_1_root_add_100_2_C187/U1_0/CO (FADDX1_RVT)     0.05     1.84 r
  execution_unit_0/alu_0/add_1_root_add_100_2_C187/U1_1/CO (FADDX1_RVT)     0.06     1.90 r
  execution_unit_0/alu_0/add_1_root_add_100_2_C187/U1_2/CO (FADDX1_RVT)     0.06     1.95 r
  execution_unit_0/alu_0/add_1_root_add_100_2_C187/U1_3/S (FADDX1_RVT)     0.09     2.04 f
  execution_unit_0/alu_0/U168/Y (OA21X1_RVT)              0.04       2.08 f
  execution_unit_0/alu_0/U5/Y (OR2X1_RVT)                 0.04       2.12 f
  execution_unit_0/alu_0/U86/Y (AND2X1_RVT)               0.04       2.16 f
  execution_unit_0/alu_0/add_102_C187_aco/U1_2/CO (FADDX1_RVT)     0.05     2.20 f
  execution_unit_0/alu_0/U84/Y (AND2X1_RVT)               0.03       2.23 f
  execution_unit_0/alu_0/U83/Y (XOR2X1_RVT)               0.07       2.31 r
  execution_unit_0/alu_0/add_1_root_add_100_2_C188/U1_0/CO (FADDX1_RVT)     0.05     2.36 r
  execution_unit_0/alu_0/add_1_root_add_100_2_C188/U1_1/CO (FADDX1_RVT)     0.06     2.42 r
  execution_unit_0/alu_0/add_1_root_add_100_2_C188/U1_2/CO (FADDX1_RVT)     0.06     2.47 r
  execution_unit_0/alu_0/add_1_root_add_100_2_C188/U1_3/S (FADDX1_RVT)     0.09     2.56 f
  execution_unit_0/alu_0/U173/Y (OA21X1_RVT)              0.04       2.60 f
  execution_unit_0/alu_0/U4/Y (OR2X1_RVT)                 0.04       2.64 f
  execution_unit_0/alu_0/U81/Y (AND2X1_RVT)               0.04       2.67 f
  execution_unit_0/alu_0/add_102_C188_aco/U1_2/CO (FADDX1_RVT)     0.05     2.72 f
  execution_unit_0/alu_0/U62/Y (XOR2X1_RVT)               0.06       2.78 f
  execution_unit_0/alu_0/U198/Y (AO222X1_RVT)             0.07       2.84 f
  execution_unit_0/alu_0/alu_out[15] (omsp_alu)           0.00       2.84 f
  execution_unit_0/register_file_0/reg_dest_val[15] (omsp_register_file)     0.00     2.84 f
  execution_unit_0/register_file_0/U56/Y (AND2X1_RVT)     0.07       2.91 f
  execution_unit_0/register_file_0/pc_sw[15] (omsp_register_file)     0.00     2.91 f
  execution_unit_0/pc_sw[15] (omsp_execution_unit)        0.00       2.91 f
  frontend_0/pc_sw[15] (omsp_frontend)                    0.00       2.91 f
  frontend_0/U23/Y (AO221X1_RVT)                          0.06       2.97 f
  frontend_0/mab[15] (omsp_frontend)                      0.00       2.97 f
  mem_backbone_0/fe_mab[14] (omsp_mem_backbone)           0.00       2.97 f
  mem_backbone_0/U24/Y (AND4X1_RVT)                       0.05       3.02 f
  mem_backbone_0/U179/Y (NAND2X0_RVT)                     0.03       3.06 r
  mem_backbone_0/U174/Y (NAND4X0_RVT)                     0.05       3.11 f
  mem_backbone_0/U10/Y (INVX1_RVT)                        0.06       3.17 r
  mem_backbone_0/U31/Y (AO222X1_RVT)                      0.08       3.25 r
  mem_backbone_0/pmem_addr[6] (omsp_mem_backbone)         0.00       3.25 r
  pmem_addr[6] (out)                                      0.00       3.25 r
  data arrival time                                                  3.25

  clock dco_clk (rise edge)                              40.00      40.00
  clock network delay (ideal)                             0.00      40.00
  output external delay                                  -0.64      39.36
  data required time                                                39.36
  --------------------------------------------------------------------------
  data required time                                                39.36
  data arrival time                                                 -3.25
  --------------------------------------------------------------------------
  slack (MET)                                                       36.11


  Startpoint: frontend_0/e_state_reg[2]
              (rising edge-triggered flip-flop clocked by dco_clk)
  Endpoint: pmem_addr[5]
            (output port clocked by dco_clk)
  Path Group: REGOUT
  Path Type: max

  Des/Clust/Port     Wire Load Model       Library
  ------------------------------------------------
  openMSP430         16000                 saed32rvt_tt1p05v25c
  omsp_execution_unit 8000                 saed32rvt_tt1p05v25c
  omsp_alu           8000                  saed32rvt_tt1p05v25c
  omsp_mem_backbone  8000                  saed32rvt_tt1p05v25c

  Point                                                   Incr       Path
  --------------------------------------------------------------------------
  clock dco_clk (rise edge)                               0.00       0.00
  clock network delay (ideal)                             0.00       0.00
  frontend_0/e_state_reg[2]/CLK (DFFARX1_RVT)             0.00       0.00 r
  frontend_0/e_state_reg[2]/Q (DFFARX1_RVT)               0.10       0.10 f
  frontend_0/e_state[2] (omsp_frontend)                   0.00       0.10 f
  execution_unit_0/e_state[2] (omsp_execution_unit)       0.00       0.10 f
  execution_unit_0/U143/Y (INVX1_RVT)                     0.02       0.13 r
  execution_unit_0/U214/Y (AND2X1_RVT)                    0.03       0.16 r
  execution_unit_0/U185/Y (NAND3X0_RVT)                   0.07       0.23 f
  execution_unit_0/U92/Y (INVX1_RVT)                      0.05       0.28 r
  execution_unit_0/U100/Y (AND2X1_RVT)                    0.03       0.31 r
  execution_unit_0/U23/Y (AO221X2_RVT)                    0.09       0.41 r
  execution_unit_0/U97/Y (NOR2X0_RVT)                     0.05       0.46 f
  execution_unit_0/U94/Y (AND2X1_RVT)                     0.03       0.49 f
  execution_unit_0/U18/Y (AND2X1_RVT)                     0.06       0.55 f
  execution_unit_0/U90/Y (AO222X1_RVT)                    0.07       0.62 f
  execution_unit_0/U86/Y (OR2X1_RVT)                      0.04       0.66 f
  execution_unit_0/alu_0/op_src[0] (omsp_alu)             0.00       0.66 f
  execution_unit_0/alu_0/U26/Y (XOR2X1_RVT)               0.08       0.74 r
  execution_unit_0/alu_0/add_1_root_add_100_2_C185/U1_0/CO (FADDX1_RVT)     0.06     0.81 r
  execution_unit_0/alu_0/add_1_root_add_100_2_C185/U1_1/CO (FADDX1_RVT)     0.06     0.86 r
  execution_unit_0/alu_0/add_1_root_add_100_2_C185/U1_2/CO (FADDX1_RVT)     0.06     0.92 r
  execution_unit_0/alu_0/add_1_root_add_100_2_C185/U1_3/S (FADDX1_RVT)     0.09     1.01 f
  execution_unit_0/alu_0/U143/Y (OA21X1_RVT)              0.04       1.04 f
  execution_unit_0/alu_0/U7/Y (OR2X1_RVT)                 0.04       1.08 f
  execution_unit_0/alu_0/U106/Y (AND2X1_RVT)              0.04       1.12 f
  execution_unit_0/alu_0/add_102_C185_aco/U1_2/CO (FADDX1_RVT)     0.05     1.17 f
  execution_unit_0/alu_0/U104/Y (AND2X1_RVT)              0.03       1.20 f
  execution_unit_0/alu_0/U103/Y (XOR2X1_RVT)              0.07       1.27 r
  execution_unit_0/alu_0/add_1_root_add_100_2_C186/U1_0/CO (FADDX1_RVT)     0.05     1.33 r
  execution_unit_0/alu_0/add_1_root_add_100_2_C186/U1_1/CO (FADDX1_RVT)     0.06     1.38 r
  execution_unit_0/alu_0/add_1_root_add_100_2_C186/U1_2/CO (FADDX1_RVT)     0.06     1.44 r
  execution_unit_0/alu_0/add_1_root_add_100_2_C186/U1_3/S (FADDX1_RVT)     0.09     1.52 f
  execution_unit_0/alu_0/U162/Y (OA21X1_RVT)              0.04       1.56 f
  execution_unit_0/alu_0/U6/Y (OR2X1_RVT)                 0.04       1.60 f
  execution_unit_0/alu_0/U91/Y (AND2X1_RVT)               0.04       1.64 f
  execution_unit_0/alu_0/add_102_C186_aco/U1_2/CO (FADDX1_RVT)     0.05     1.68 f
  execution_unit_0/alu_0/U89/Y (AND2X1_RVT)               0.03       1.72 f
  execution_unit_0/alu_0/U88/Y (XOR2X1_RVT)               0.07       1.79 r
  execution_unit_0/alu_0/add_1_root_add_100_2_C187/U1_0/CO (FADDX1_RVT)     0.05     1.84 r
  execution_unit_0/alu_0/add_1_root_add_100_2_C187/U1_1/CO (FADDX1_RVT)     0.06     1.90 r
  execution_unit_0/alu_0/add_1_root_add_100_2_C187/U1_2/CO (FADDX1_RVT)     0.06     1.95 r
  execution_unit_0/alu_0/add_1_root_add_100_2_C187/U1_3/S (FADDX1_RVT)     0.09     2.04 f
  execution_unit_0/alu_0/U168/Y (OA21X1_RVT)              0.04       2.08 f
  execution_unit_0/alu_0/U5/Y (OR2X1_RVT)                 0.04       2.12 f
  execution_unit_0/alu_0/U86/Y (AND2X1_RVT)               0.04       2.16 f
  execution_unit_0/alu_0/add_102_C187_aco/U1_2/CO (FADDX1_RVT)     0.05     2.20 f
  execution_unit_0/alu_0/U84/Y (AND2X1_RVT)               0.03       2.23 f
  execution_unit_0/alu_0/U83/Y (XOR2X1_RVT)               0.07       2.31 r
  execution_unit_0/alu_0/add_1_root_add_100_2_C188/U1_0/CO (FADDX1_RVT)     0.05     2.36 r
  execution_unit_0/alu_0/add_1_root_add_100_2_C188/U1_1/CO (FADDX1_RVT)     0.06     2.42 r
  execution_unit_0/alu_0/add_1_root_add_100_2_C188/U1_2/CO (FADDX1_RVT)     0.06     2.47 r
  execution_unit_0/alu_0/add_1_root_add_100_2_C188/U1_3/S (FADDX1_RVT)     0.09     2.56 f
  execution_unit_0/alu_0/U173/Y (OA21X1_RVT)              0.04       2.60 f
  execution_unit_0/alu_0/U4/Y (OR2X1_RVT)                 0.04       2.64 f
  execution_unit_0/alu_0/U81/Y (AND2X1_RVT)               0.04       2.67 f
  execution_unit_0/alu_0/add_102_C188_aco/U1_2/CO (FADDX1_RVT)     0.05     2.72 f
  execution_unit_0/alu_0/U62/Y (XOR2X1_RVT)               0.06       2.78 f
  execution_unit_0/alu_0/U198/Y (AO222X1_RVT)             0.07       2.84 f
  execution_unit_0/alu_0/alu_out[15] (omsp_alu)           0.00       2.84 f
  execution_unit_0/register_file_0/reg_dest_val[15] (omsp_register_file)     0.00     2.84 f
  execution_unit_0/register_file_0/U56/Y (AND2X1_RVT)     0.07       2.91 f
  execution_unit_0/register_file_0/pc_sw[15] (omsp_register_file)     0.00     2.91 f
  execution_unit_0/pc_sw[15] (omsp_execution_unit)        0.00       2.91 f
  frontend_0/pc_sw[15] (omsp_frontend)                    0.00       2.91 f
  frontend_0/U23/Y (AO221X1_RVT)                          0.06       2.97 f
  frontend_0/mab[15] (omsp_frontend)                      0.00       2.97 f
  mem_backbone_0/fe_mab[14] (omsp_mem_backbone)           0.00       2.97 f
  mem_backbone_0/U24/Y (AND4X1_RVT)                       0.05       3.02 f
  mem_backbone_0/U179/Y (NAND2X0_RVT)                     0.03       3.06 r
  mem_backbone_0/U174/Y (NAND4X0_RVT)                     0.05       3.11 f
  mem_backbone_0/U10/Y (INVX1_RVT)                        0.06       3.17 r
  mem_backbone_0/U32/Y (AO222X1_RVT)                      0.08       3.25 r
  mem_backbone_0/pmem_addr[5] (omsp_mem_backbone)         0.00       3.25 r
  pmem_addr[5] (out)                                      0.00       3.25 r
  data arrival time                                                  3.25

  clock dco_clk (rise edge)                              40.00      40.00
  clock network delay (ideal)                             0.00      40.00
  output external delay                                  -0.64      39.36
  data required time                                                39.36
  --------------------------------------------------------------------------
  data required time                                                39.36
  data arrival time                                                 -3.25
  --------------------------------------------------------------------------
  slack (MET)                                                       36.11


  Startpoint: frontend_0/e_state_reg[2]
              (rising edge-triggered flip-flop clocked by dco_clk)
  Endpoint: pmem_addr[4]
            (output port clocked by dco_clk)
  Path Group: REGOUT
  Path Type: max

  Des/Clust/Port     Wire Load Model       Library
  ------------------------------------------------
  openMSP430         16000                 saed32rvt_tt1p05v25c
  omsp_execution_unit 8000                 saed32rvt_tt1p05v25c
  omsp_alu           8000                  saed32rvt_tt1p05v25c
  omsp_mem_backbone  8000                  saed32rvt_tt1p05v25c

  Point                                                   Incr       Path
  --------------------------------------------------------------------------
  clock dco_clk (rise edge)                               0.00       0.00
  clock network delay (ideal)                             0.00       0.00
  frontend_0/e_state_reg[2]/CLK (DFFARX1_RVT)             0.00       0.00 r
  frontend_0/e_state_reg[2]/Q (DFFARX1_RVT)               0.10       0.10 f
  frontend_0/e_state[2] (omsp_frontend)                   0.00       0.10 f
  execution_unit_0/e_state[2] (omsp_execution_unit)       0.00       0.10 f
  execution_unit_0/U143/Y (INVX1_RVT)                     0.02       0.13 r
  execution_unit_0/U214/Y (AND2X1_RVT)                    0.03       0.16 r
  execution_unit_0/U185/Y (NAND3X0_RVT)                   0.07       0.23 f
  execution_unit_0/U92/Y (INVX1_RVT)                      0.05       0.28 r
  execution_unit_0/U100/Y (AND2X1_RVT)                    0.03       0.31 r
  execution_unit_0/U23/Y (AO221X2_RVT)                    0.09       0.41 r
  execution_unit_0/U97/Y (NOR2X0_RVT)                     0.05       0.46 f
  execution_unit_0/U94/Y (AND2X1_RVT)                     0.03       0.49 f
  execution_unit_0/U18/Y (AND2X1_RVT)                     0.06       0.55 f
  execution_unit_0/U90/Y (AO222X1_RVT)                    0.07       0.62 f
  execution_unit_0/U86/Y (OR2X1_RVT)                      0.04       0.66 f
  execution_unit_0/alu_0/op_src[0] (omsp_alu)             0.00       0.66 f
  execution_unit_0/alu_0/U26/Y (XOR2X1_RVT)               0.08       0.74 r
  execution_unit_0/alu_0/add_1_root_add_100_2_C185/U1_0/CO (FADDX1_RVT)     0.06     0.81 r
  execution_unit_0/alu_0/add_1_root_add_100_2_C185/U1_1/CO (FADDX1_RVT)     0.06     0.86 r
  execution_unit_0/alu_0/add_1_root_add_100_2_C185/U1_2/CO (FADDX1_RVT)     0.06     0.92 r
  execution_unit_0/alu_0/add_1_root_add_100_2_C185/U1_3/S (FADDX1_RVT)     0.09     1.01 f
  execution_unit_0/alu_0/U143/Y (OA21X1_RVT)              0.04       1.04 f
  execution_unit_0/alu_0/U7/Y (OR2X1_RVT)                 0.04       1.08 f
  execution_unit_0/alu_0/U106/Y (AND2X1_RVT)              0.04       1.12 f
  execution_unit_0/alu_0/add_102_C185_aco/U1_2/CO (FADDX1_RVT)     0.05     1.17 f
  execution_unit_0/alu_0/U104/Y (AND2X1_RVT)              0.03       1.20 f
  execution_unit_0/alu_0/U103/Y (XOR2X1_RVT)              0.07       1.27 r
  execution_unit_0/alu_0/add_1_root_add_100_2_C186/U1_0/CO (FADDX1_RVT)     0.05     1.33 r
  execution_unit_0/alu_0/add_1_root_add_100_2_C186/U1_1/CO (FADDX1_RVT)     0.06     1.38 r
  execution_unit_0/alu_0/add_1_root_add_100_2_C186/U1_2/CO (FADDX1_RVT)     0.06     1.44 r
  execution_unit_0/alu_0/add_1_root_add_100_2_C186/U1_3/S (FADDX1_RVT)     0.09     1.52 f
  execution_unit_0/alu_0/U162/Y (OA21X1_RVT)              0.04       1.56 f
  execution_unit_0/alu_0/U6/Y (OR2X1_RVT)                 0.04       1.60 f
  execution_unit_0/alu_0/U91/Y (AND2X1_RVT)               0.04       1.64 f
  execution_unit_0/alu_0/add_102_C186_aco/U1_2/CO (FADDX1_RVT)     0.05     1.68 f
  execution_unit_0/alu_0/U89/Y (AND2X1_RVT)               0.03       1.72 f
  execution_unit_0/alu_0/U88/Y (XOR2X1_RVT)               0.07       1.79 r
  execution_unit_0/alu_0/add_1_root_add_100_2_C187/U1_0/CO (FADDX1_RVT)     0.05     1.84 r
  execution_unit_0/alu_0/add_1_root_add_100_2_C187/U1_1/CO (FADDX1_RVT)     0.06     1.90 r
  execution_unit_0/alu_0/add_1_root_add_100_2_C187/U1_2/CO (FADDX1_RVT)     0.06     1.95 r
  execution_unit_0/alu_0/add_1_root_add_100_2_C187/U1_3/S (FADDX1_RVT)     0.09     2.04 f
  execution_unit_0/alu_0/U168/Y (OA21X1_RVT)              0.04       2.08 f
  execution_unit_0/alu_0/U5/Y (OR2X1_RVT)                 0.04       2.12 f
  execution_unit_0/alu_0/U86/Y (AND2X1_RVT)               0.04       2.16 f
  execution_unit_0/alu_0/add_102_C187_aco/U1_2/CO (FADDX1_RVT)     0.05     2.20 f
  execution_unit_0/alu_0/U84/Y (AND2X1_RVT)               0.03       2.23 f
  execution_unit_0/alu_0/U83/Y (XOR2X1_RVT)               0.07       2.31 r
  execution_unit_0/alu_0/add_1_root_add_100_2_C188/U1_0/CO (FADDX1_RVT)     0.05     2.36 r
  execution_unit_0/alu_0/add_1_root_add_100_2_C188/U1_1/CO (FADDX1_RVT)     0.06     2.42 r
  execution_unit_0/alu_0/add_1_root_add_100_2_C188/U1_2/CO (FADDX1_RVT)     0.06     2.47 r
  execution_unit_0/alu_0/add_1_root_add_100_2_C188/U1_3/S (FADDX1_RVT)     0.09     2.56 f
  execution_unit_0/alu_0/U173/Y (OA21X1_RVT)              0.04       2.60 f
  execution_unit_0/alu_0/U4/Y (OR2X1_RVT)                 0.04       2.64 f
  execution_unit_0/alu_0/U81/Y (AND2X1_RVT)               0.04       2.67 f
  execution_unit_0/alu_0/add_102_C188_aco/U1_2/CO (FADDX1_RVT)     0.05     2.72 f
  execution_unit_0/alu_0/U62/Y (XOR2X1_RVT)               0.06       2.78 f
  execution_unit_0/alu_0/U198/Y (AO222X1_RVT)             0.07       2.84 f
  execution_unit_0/alu_0/alu_out[15] (omsp_alu)           0.00       2.84 f
  execution_unit_0/register_file_0/reg_dest_val[15] (omsp_register_file)     0.00     2.84 f
  execution_unit_0/register_file_0/U56/Y (AND2X1_RVT)     0.07       2.91 f
  execution_unit_0/register_file_0/pc_sw[15] (omsp_register_file)     0.00     2.91 f
  execution_unit_0/pc_sw[15] (omsp_execution_unit)        0.00       2.91 f
  frontend_0/pc_sw[15] (omsp_frontend)                    0.00       2.91 f
  frontend_0/U23/Y (AO221X1_RVT)                          0.06       2.97 f
  frontend_0/mab[15] (omsp_frontend)                      0.00       2.97 f
  mem_backbone_0/fe_mab[14] (omsp_mem_backbone)           0.00       2.97 f
  mem_backbone_0/U24/Y (AND4X1_RVT)                       0.05       3.02 f
  mem_backbone_0/U179/Y (NAND2X0_RVT)                     0.03       3.06 r
  mem_backbone_0/U174/Y (NAND4X0_RVT)                     0.05       3.11 f
  mem_backbone_0/U10/Y (INVX1_RVT)                        0.06       3.17 r
  mem_backbone_0/U33/Y (AO222X1_RVT)                      0.08       3.25 r
  mem_backbone_0/pmem_addr[4] (omsp_mem_backbone)         0.00       3.25 r
  pmem_addr[4] (out)                                      0.00       3.25 r
  data arrival time                                                  3.25

  clock dco_clk (rise edge)                              40.00      40.00
  clock network delay (ideal)                             0.00      40.00
  output external delay                                  -0.64      39.36
  data required time                                                39.36
  --------------------------------------------------------------------------
  data required time                                                39.36
  data arrival time                                                 -3.25
  --------------------------------------------------------------------------
  slack (MET)                                                       36.11


  Startpoint: frontend_0/e_state_reg[2]
              (rising edge-triggered flip-flop clocked by dco_clk)
  Endpoint: pmem_addr[3]
            (output port clocked by dco_clk)
  Path Group: REGOUT
  Path Type: max

  Des/Clust/Port     Wire Load Model       Library
  ------------------------------------------------
  openMSP430         16000                 saed32rvt_tt1p05v25c
  omsp_execution_unit 8000                 saed32rvt_tt1p05v25c
  omsp_alu           8000                  saed32rvt_tt1p05v25c
  omsp_mem_backbone  8000                  saed32rvt_tt1p05v25c

  Point                                                   Incr       Path
  --------------------------------------------------------------------------
  clock dco_clk (rise edge)                               0.00       0.00
  clock network delay (ideal)                             0.00       0.00
  frontend_0/e_state_reg[2]/CLK (DFFARX1_RVT)             0.00       0.00 r
  frontend_0/e_state_reg[2]/Q (DFFARX1_RVT)               0.10       0.10 f
  frontend_0/e_state[2] (omsp_frontend)                   0.00       0.10 f
  execution_unit_0/e_state[2] (omsp_execution_unit)       0.00       0.10 f
  execution_unit_0/U143/Y (INVX1_RVT)                     0.02       0.13 r
  execution_unit_0/U214/Y (AND2X1_RVT)                    0.03       0.16 r
  execution_unit_0/U185/Y (NAND3X0_RVT)                   0.07       0.23 f
  execution_unit_0/U92/Y (INVX1_RVT)                      0.05       0.28 r
  execution_unit_0/U100/Y (AND2X1_RVT)                    0.03       0.31 r
  execution_unit_0/U23/Y (AO221X2_RVT)                    0.09       0.41 r
  execution_unit_0/U97/Y (NOR2X0_RVT)                     0.05       0.46 f
  execution_unit_0/U94/Y (AND2X1_RVT)                     0.03       0.49 f
  execution_unit_0/U18/Y (AND2X1_RVT)                     0.06       0.55 f
  execution_unit_0/U90/Y (AO222X1_RVT)                    0.07       0.62 f
  execution_unit_0/U86/Y (OR2X1_RVT)                      0.04       0.66 f
  execution_unit_0/alu_0/op_src[0] (omsp_alu)             0.00       0.66 f
  execution_unit_0/alu_0/U26/Y (XOR2X1_RVT)               0.08       0.74 r
  execution_unit_0/alu_0/add_1_root_add_100_2_C185/U1_0/CO (FADDX1_RVT)     0.06     0.81 r
  execution_unit_0/alu_0/add_1_root_add_100_2_C185/U1_1/CO (FADDX1_RVT)     0.06     0.86 r
  execution_unit_0/alu_0/add_1_root_add_100_2_C185/U1_2/CO (FADDX1_RVT)     0.06     0.92 r
  execution_unit_0/alu_0/add_1_root_add_100_2_C185/U1_3/S (FADDX1_RVT)     0.09     1.01 f
  execution_unit_0/alu_0/U143/Y (OA21X1_RVT)              0.04       1.04 f
  execution_unit_0/alu_0/U7/Y (OR2X1_RVT)                 0.04       1.08 f
  execution_unit_0/alu_0/U106/Y (AND2X1_RVT)              0.04       1.12 f
  execution_unit_0/alu_0/add_102_C185_aco/U1_2/CO (FADDX1_RVT)     0.05     1.17 f
  execution_unit_0/alu_0/U104/Y (AND2X1_RVT)              0.03       1.20 f
  execution_unit_0/alu_0/U103/Y (XOR2X1_RVT)              0.07       1.27 r
  execution_unit_0/alu_0/add_1_root_add_100_2_C186/U1_0/CO (FADDX1_RVT)     0.05     1.33 r
  execution_unit_0/alu_0/add_1_root_add_100_2_C186/U1_1/CO (FADDX1_RVT)     0.06     1.38 r
  execution_unit_0/alu_0/add_1_root_add_100_2_C186/U1_2/CO (FADDX1_RVT)     0.06     1.44 r
  execution_unit_0/alu_0/add_1_root_add_100_2_C186/U1_3/S (FADDX1_RVT)     0.09     1.52 f
  execution_unit_0/alu_0/U162/Y (OA21X1_RVT)              0.04       1.56 f
  execution_unit_0/alu_0/U6/Y (OR2X1_RVT)                 0.04       1.60 f
  execution_unit_0/alu_0/U91/Y (AND2X1_RVT)               0.04       1.64 f
  execution_unit_0/alu_0/add_102_C186_aco/U1_2/CO (FADDX1_RVT)     0.05     1.68 f
  execution_unit_0/alu_0/U89/Y (AND2X1_RVT)               0.03       1.72 f
  execution_unit_0/alu_0/U88/Y (XOR2X1_RVT)               0.07       1.79 r
  execution_unit_0/alu_0/add_1_root_add_100_2_C187/U1_0/CO (FADDX1_RVT)     0.05     1.84 r
  execution_unit_0/alu_0/add_1_root_add_100_2_C187/U1_1/CO (FADDX1_RVT)     0.06     1.90 r
  execution_unit_0/alu_0/add_1_root_add_100_2_C187/U1_2/CO (FADDX1_RVT)     0.06     1.95 r
  execution_unit_0/alu_0/add_1_root_add_100_2_C187/U1_3/S (FADDX1_RVT)     0.09     2.04 f
  execution_unit_0/alu_0/U168/Y (OA21X1_RVT)              0.04       2.08 f
  execution_unit_0/alu_0/U5/Y (OR2X1_RVT)                 0.04       2.12 f
  execution_unit_0/alu_0/U86/Y (AND2X1_RVT)               0.04       2.16 f
  execution_unit_0/alu_0/add_102_C187_aco/U1_2/CO (FADDX1_RVT)     0.05     2.20 f
  execution_unit_0/alu_0/U84/Y (AND2X1_RVT)               0.03       2.23 f
  execution_unit_0/alu_0/U83/Y (XOR2X1_RVT)               0.07       2.31 r
  execution_unit_0/alu_0/add_1_root_add_100_2_C188/U1_0/CO (FADDX1_RVT)     0.05     2.36 r
  execution_unit_0/alu_0/add_1_root_add_100_2_C188/U1_1/CO (FADDX1_RVT)     0.06     2.42 r
  execution_unit_0/alu_0/add_1_root_add_100_2_C188/U1_2/CO (FADDX1_RVT)     0.06     2.47 r
  execution_unit_0/alu_0/add_1_root_add_100_2_C188/U1_3/S (FADDX1_RVT)     0.09     2.56 f
  execution_unit_0/alu_0/U173/Y (OA21X1_RVT)              0.04       2.60 f
  execution_unit_0/alu_0/U4/Y (OR2X1_RVT)                 0.04       2.64 f
  execution_unit_0/alu_0/U81/Y (AND2X1_RVT)               0.04       2.67 f
  execution_unit_0/alu_0/add_102_C188_aco/U1_2/CO (FADDX1_RVT)     0.05     2.72 f
  execution_unit_0/alu_0/U62/Y (XOR2X1_RVT)               0.06       2.78 f
  execution_unit_0/alu_0/U198/Y (AO222X1_RVT)             0.07       2.84 f
  execution_unit_0/alu_0/alu_out[15] (omsp_alu)           0.00       2.84 f
  execution_unit_0/register_file_0/reg_dest_val[15] (omsp_register_file)     0.00     2.84 f
  execution_unit_0/register_file_0/U56/Y (AND2X1_RVT)     0.07       2.91 f
  execution_unit_0/register_file_0/pc_sw[15] (omsp_register_file)     0.00     2.91 f
  execution_unit_0/pc_sw[15] (omsp_execution_unit)        0.00       2.91 f
  frontend_0/pc_sw[15] (omsp_frontend)                    0.00       2.91 f
  frontend_0/U23/Y (AO221X1_RVT)                          0.06       2.97 f
  frontend_0/mab[15] (omsp_frontend)                      0.00       2.97 f
  mem_backbone_0/fe_mab[14] (omsp_mem_backbone)           0.00       2.97 f
  mem_backbone_0/U24/Y (AND4X1_RVT)                       0.05       3.02 f
  mem_backbone_0/U179/Y (NAND2X0_RVT)                     0.03       3.06 r
  mem_backbone_0/U174/Y (NAND4X0_RVT)                     0.05       3.11 f
  mem_backbone_0/U10/Y (INVX1_RVT)                        0.06       3.17 r
  mem_backbone_0/U34/Y (AO222X1_RVT)                      0.08       3.25 r
  mem_backbone_0/pmem_addr[3] (omsp_mem_backbone)         0.00       3.25 r
  pmem_addr[3] (out)                                      0.00       3.25 r
  data arrival time                                                  3.25

  clock dco_clk (rise edge)                              40.00      40.00
  clock network delay (ideal)                             0.00      40.00
  output external delay                                  -0.64      39.36
  data required time                                                39.36
  --------------------------------------------------------------------------
  data required time                                                39.36
  data arrival time                                                 -3.25
  --------------------------------------------------------------------------
  slack (MET)                                                       36.11


  Startpoint: frontend_0/e_state_reg[2]
              (rising edge-triggered flip-flop clocked by dco_clk)
  Endpoint: pmem_addr[2]
            (output port clocked by dco_clk)
  Path Group: REGOUT
  Path Type: max

  Des/Clust/Port     Wire Load Model       Library
  ------------------------------------------------
  openMSP430         16000                 saed32rvt_tt1p05v25c
  omsp_execution_unit 8000                 saed32rvt_tt1p05v25c
  omsp_alu           8000                  saed32rvt_tt1p05v25c
  omsp_mem_backbone  8000                  saed32rvt_tt1p05v25c

  Point                                                   Incr       Path
  --------------------------------------------------------------------------
  clock dco_clk (rise edge)                               0.00       0.00
  clock network delay (ideal)                             0.00       0.00
  frontend_0/e_state_reg[2]/CLK (DFFARX1_RVT)             0.00       0.00 r
  frontend_0/e_state_reg[2]/Q (DFFARX1_RVT)               0.10       0.10 f
  frontend_0/e_state[2] (omsp_frontend)                   0.00       0.10 f
  execution_unit_0/e_state[2] (omsp_execution_unit)       0.00       0.10 f
  execution_unit_0/U143/Y (INVX1_RVT)                     0.02       0.13 r
  execution_unit_0/U214/Y (AND2X1_RVT)                    0.03       0.16 r
  execution_unit_0/U185/Y (NAND3X0_RVT)                   0.07       0.23 f
  execution_unit_0/U92/Y (INVX1_RVT)                      0.05       0.28 r
  execution_unit_0/U100/Y (AND2X1_RVT)                    0.03       0.31 r
  execution_unit_0/U23/Y (AO221X2_RVT)                    0.09       0.41 r
  execution_unit_0/U97/Y (NOR2X0_RVT)                     0.05       0.46 f
  execution_unit_0/U94/Y (AND2X1_RVT)                     0.03       0.49 f
  execution_unit_0/U18/Y (AND2X1_RVT)                     0.06       0.55 f
  execution_unit_0/U90/Y (AO222X1_RVT)                    0.07       0.62 f
  execution_unit_0/U86/Y (OR2X1_RVT)                      0.04       0.66 f
  execution_unit_0/alu_0/op_src[0] (omsp_alu)             0.00       0.66 f
  execution_unit_0/alu_0/U26/Y (XOR2X1_RVT)               0.08       0.74 r
  execution_unit_0/alu_0/add_1_root_add_100_2_C185/U1_0/CO (FADDX1_RVT)     0.06     0.81 r
  execution_unit_0/alu_0/add_1_root_add_100_2_C185/U1_1/CO (FADDX1_RVT)     0.06     0.86 r
  execution_unit_0/alu_0/add_1_root_add_100_2_C185/U1_2/CO (FADDX1_RVT)     0.06     0.92 r
  execution_unit_0/alu_0/add_1_root_add_100_2_C185/U1_3/S (FADDX1_RVT)     0.09     1.01 f
  execution_unit_0/alu_0/U143/Y (OA21X1_RVT)              0.04       1.04 f
  execution_unit_0/alu_0/U7/Y (OR2X1_RVT)                 0.04       1.08 f
  execution_unit_0/alu_0/U106/Y (AND2X1_RVT)              0.04       1.12 f
  execution_unit_0/alu_0/add_102_C185_aco/U1_2/CO (FADDX1_RVT)     0.05     1.17 f
  execution_unit_0/alu_0/U104/Y (AND2X1_RVT)              0.03       1.20 f
  execution_unit_0/alu_0/U103/Y (XOR2X1_RVT)              0.07       1.27 r
  execution_unit_0/alu_0/add_1_root_add_100_2_C186/U1_0/CO (FADDX1_RVT)     0.05     1.33 r
  execution_unit_0/alu_0/add_1_root_add_100_2_C186/U1_1/CO (FADDX1_RVT)     0.06     1.38 r
  execution_unit_0/alu_0/add_1_root_add_100_2_C186/U1_2/CO (FADDX1_RVT)     0.06     1.44 r
  execution_unit_0/alu_0/add_1_root_add_100_2_C186/U1_3/S (FADDX1_RVT)     0.09     1.52 f
  execution_unit_0/alu_0/U162/Y (OA21X1_RVT)              0.04       1.56 f
  execution_unit_0/alu_0/U6/Y (OR2X1_RVT)                 0.04       1.60 f
  execution_unit_0/alu_0/U91/Y (AND2X1_RVT)               0.04       1.64 f
  execution_unit_0/alu_0/add_102_C186_aco/U1_2/CO (FADDX1_RVT)     0.05     1.68 f
  execution_unit_0/alu_0/U89/Y (AND2X1_RVT)               0.03       1.72 f
  execution_unit_0/alu_0/U88/Y (XOR2X1_RVT)               0.07       1.79 r
  execution_unit_0/alu_0/add_1_root_add_100_2_C187/U1_0/CO (FADDX1_RVT)     0.05     1.84 r
  execution_unit_0/alu_0/add_1_root_add_100_2_C187/U1_1/CO (FADDX1_RVT)     0.06     1.90 r
  execution_unit_0/alu_0/add_1_root_add_100_2_C187/U1_2/CO (FADDX1_RVT)     0.06     1.95 r
  execution_unit_0/alu_0/add_1_root_add_100_2_C187/U1_3/S (FADDX1_RVT)     0.09     2.04 f
  execution_unit_0/alu_0/U168/Y (OA21X1_RVT)              0.04       2.08 f
  execution_unit_0/alu_0/U5/Y (OR2X1_RVT)                 0.04       2.12 f
  execution_unit_0/alu_0/U86/Y (AND2X1_RVT)               0.04       2.16 f
  execution_unit_0/alu_0/add_102_C187_aco/U1_2/CO (FADDX1_RVT)     0.05     2.20 f
  execution_unit_0/alu_0/U84/Y (AND2X1_RVT)               0.03       2.23 f
  execution_unit_0/alu_0/U83/Y (XOR2X1_RVT)               0.07       2.31 r
  execution_unit_0/alu_0/add_1_root_add_100_2_C188/U1_0/CO (FADDX1_RVT)     0.05     2.36 r
  execution_unit_0/alu_0/add_1_root_add_100_2_C188/U1_1/CO (FADDX1_RVT)     0.06     2.42 r
  execution_unit_0/alu_0/add_1_root_add_100_2_C188/U1_2/CO (FADDX1_RVT)     0.06     2.47 r
  execution_unit_0/alu_0/add_1_root_add_100_2_C188/U1_3/S (FADDX1_RVT)     0.09     2.56 f
  execution_unit_0/alu_0/U173/Y (OA21X1_RVT)              0.04       2.60 f
  execution_unit_0/alu_0/U4/Y (OR2X1_RVT)                 0.04       2.64 f
  execution_unit_0/alu_0/U81/Y (AND2X1_RVT)               0.04       2.67 f
  execution_unit_0/alu_0/add_102_C188_aco/U1_2/CO (FADDX1_RVT)     0.05     2.72 f
  execution_unit_0/alu_0/U62/Y (XOR2X1_RVT)               0.06       2.78 f
  execution_unit_0/alu_0/U198/Y (AO222X1_RVT)             0.07       2.84 f
  execution_unit_0/alu_0/alu_out[15] (omsp_alu)           0.00       2.84 f
  execution_unit_0/register_file_0/reg_dest_val[15] (omsp_register_file)     0.00     2.84 f
  execution_unit_0/register_file_0/U56/Y (AND2X1_RVT)     0.07       2.91 f
  execution_unit_0/register_file_0/pc_sw[15] (omsp_register_file)     0.00     2.91 f
  execution_unit_0/pc_sw[15] (omsp_execution_unit)        0.00       2.91 f
  frontend_0/pc_sw[15] (omsp_frontend)                    0.00       2.91 f
  frontend_0/U23/Y (AO221X1_RVT)                          0.06       2.97 f
  frontend_0/mab[15] (omsp_frontend)                      0.00       2.97 f
  mem_backbone_0/fe_mab[14] (omsp_mem_backbone)           0.00       2.97 f
  mem_backbone_0/U24/Y (AND4X1_RVT)                       0.05       3.02 f
  mem_backbone_0/U179/Y (NAND2X0_RVT)                     0.03       3.06 r
  mem_backbone_0/U174/Y (NAND4X0_RVT)                     0.05       3.11 f
  mem_backbone_0/U10/Y (INVX1_RVT)                        0.06       3.17 r
  mem_backbone_0/U35/Y (AO222X1_RVT)                      0.08       3.25 r
  mem_backbone_0/pmem_addr[2] (omsp_mem_backbone)         0.00       3.25 r
  pmem_addr[2] (out)                                      0.00       3.25 r
  data arrival time                                                  3.25

  clock dco_clk (rise edge)                              40.00      40.00
  clock network delay (ideal)                             0.00      40.00
  output external delay                                  -0.64      39.36
  data required time                                                39.36
  --------------------------------------------------------------------------
  data required time                                                39.36
  data arrival time                                                 -3.25
  --------------------------------------------------------------------------
  slack (MET)                                                       36.11


  Startpoint: frontend_0/e_state_reg[2]
              (rising edge-triggered flip-flop clocked by dco_clk)
  Endpoint: pmem_addr[1]
            (output port clocked by dco_clk)
  Path Group: REGOUT
  Path Type: max

  Des/Clust/Port     Wire Load Model       Library
  ------------------------------------------------
  openMSP430         16000                 saed32rvt_tt1p05v25c
  omsp_execution_unit 8000                 saed32rvt_tt1p05v25c
  omsp_alu           8000                  saed32rvt_tt1p05v25c
  omsp_mem_backbone  8000                  saed32rvt_tt1p05v25c

  Point                                                   Incr       Path
  --------------------------------------------------------------------------
  clock dco_clk (rise edge)                               0.00       0.00
  clock network delay (ideal)                             0.00       0.00
  frontend_0/e_state_reg[2]/CLK (DFFARX1_RVT)             0.00       0.00 r
  frontend_0/e_state_reg[2]/Q (DFFARX1_RVT)               0.10       0.10 f
  frontend_0/e_state[2] (omsp_frontend)                   0.00       0.10 f
  execution_unit_0/e_state[2] (omsp_execution_unit)       0.00       0.10 f
  execution_unit_0/U143/Y (INVX1_RVT)                     0.02       0.13 r
  execution_unit_0/U214/Y (AND2X1_RVT)                    0.03       0.16 r
  execution_unit_0/U185/Y (NAND3X0_RVT)                   0.07       0.23 f
  execution_unit_0/U92/Y (INVX1_RVT)                      0.05       0.28 r
  execution_unit_0/U100/Y (AND2X1_RVT)                    0.03       0.31 r
  execution_unit_0/U23/Y (AO221X2_RVT)                    0.09       0.41 r
  execution_unit_0/U97/Y (NOR2X0_RVT)                     0.05       0.46 f
  execution_unit_0/U94/Y (AND2X1_RVT)                     0.03       0.49 f
  execution_unit_0/U18/Y (AND2X1_RVT)                     0.06       0.55 f
  execution_unit_0/U90/Y (AO222X1_RVT)                    0.07       0.62 f
  execution_unit_0/U86/Y (OR2X1_RVT)                      0.04       0.66 f
  execution_unit_0/alu_0/op_src[0] (omsp_alu)             0.00       0.66 f
  execution_unit_0/alu_0/U26/Y (XOR2X1_RVT)               0.08       0.74 r
  execution_unit_0/alu_0/add_1_root_add_100_2_C185/U1_0/CO (FADDX1_RVT)     0.06     0.81 r
  execution_unit_0/alu_0/add_1_root_add_100_2_C185/U1_1/CO (FADDX1_RVT)     0.06     0.86 r
  execution_unit_0/alu_0/add_1_root_add_100_2_C185/U1_2/CO (FADDX1_RVT)     0.06     0.92 r
  execution_unit_0/alu_0/add_1_root_add_100_2_C185/U1_3/S (FADDX1_RVT)     0.09     1.01 f
  execution_unit_0/alu_0/U143/Y (OA21X1_RVT)              0.04       1.04 f
  execution_unit_0/alu_0/U7/Y (OR2X1_RVT)                 0.04       1.08 f
  execution_unit_0/alu_0/U106/Y (AND2X1_RVT)              0.04       1.12 f
  execution_unit_0/alu_0/add_102_C185_aco/U1_2/CO (FADDX1_RVT)     0.05     1.17 f
  execution_unit_0/alu_0/U104/Y (AND2X1_RVT)              0.03       1.20 f
  execution_unit_0/alu_0/U103/Y (XOR2X1_RVT)              0.07       1.27 r
  execution_unit_0/alu_0/add_1_root_add_100_2_C186/U1_0/CO (FADDX1_RVT)     0.05     1.33 r
  execution_unit_0/alu_0/add_1_root_add_100_2_C186/U1_1/CO (FADDX1_RVT)     0.06     1.38 r
  execution_unit_0/alu_0/add_1_root_add_100_2_C186/U1_2/CO (FADDX1_RVT)     0.06     1.44 r
  execution_unit_0/alu_0/add_1_root_add_100_2_C186/U1_3/S (FADDX1_RVT)     0.09     1.52 f
  execution_unit_0/alu_0/U162/Y (OA21X1_RVT)              0.04       1.56 f
  execution_unit_0/alu_0/U6/Y (OR2X1_RVT)                 0.04       1.60 f
  execution_unit_0/alu_0/U91/Y (AND2X1_RVT)               0.04       1.64 f
  execution_unit_0/alu_0/add_102_C186_aco/U1_2/CO (FADDX1_RVT)     0.05     1.68 f
  execution_unit_0/alu_0/U89/Y (AND2X1_RVT)               0.03       1.72 f
  execution_unit_0/alu_0/U88/Y (XOR2X1_RVT)               0.07       1.79 r
  execution_unit_0/alu_0/add_1_root_add_100_2_C187/U1_0/CO (FADDX1_RVT)     0.05     1.84 r
  execution_unit_0/alu_0/add_1_root_add_100_2_C187/U1_1/CO (FADDX1_RVT)     0.06     1.90 r
  execution_unit_0/alu_0/add_1_root_add_100_2_C187/U1_2/CO (FADDX1_RVT)     0.06     1.95 r
  execution_unit_0/alu_0/add_1_root_add_100_2_C187/U1_3/S (FADDX1_RVT)     0.09     2.04 f
  execution_unit_0/alu_0/U168/Y (OA21X1_RVT)              0.04       2.08 f
  execution_unit_0/alu_0/U5/Y (OR2X1_RVT)                 0.04       2.12 f
  execution_unit_0/alu_0/U86/Y (AND2X1_RVT)               0.04       2.16 f
  execution_unit_0/alu_0/add_102_C187_aco/U1_2/CO (FADDX1_RVT)     0.05     2.20 f
  execution_unit_0/alu_0/U84/Y (AND2X1_RVT)               0.03       2.23 f
  execution_unit_0/alu_0/U83/Y (XOR2X1_RVT)               0.07       2.31 r
  execution_unit_0/alu_0/add_1_root_add_100_2_C188/U1_0/CO (FADDX1_RVT)     0.05     2.36 r
  execution_unit_0/alu_0/add_1_root_add_100_2_C188/U1_1/CO (FADDX1_RVT)     0.06     2.42 r
  execution_unit_0/alu_0/add_1_root_add_100_2_C188/U1_2/CO (FADDX1_RVT)     0.06     2.47 r
  execution_unit_0/alu_0/add_1_root_add_100_2_C188/U1_3/S (FADDX1_RVT)     0.09     2.56 f
  execution_unit_0/alu_0/U173/Y (OA21X1_RVT)              0.04       2.60 f
  execution_unit_0/alu_0/U4/Y (OR2X1_RVT)                 0.04       2.64 f
  execution_unit_0/alu_0/U81/Y (AND2X1_RVT)               0.04       2.67 f
  execution_unit_0/alu_0/add_102_C188_aco/U1_2/CO (FADDX1_RVT)     0.05     2.72 f
  execution_unit_0/alu_0/U62/Y (XOR2X1_RVT)               0.06       2.78 f
  execution_unit_0/alu_0/U198/Y (AO222X1_RVT)             0.07       2.84 f
  execution_unit_0/alu_0/alu_out[15] (omsp_alu)           0.00       2.84 f
  execution_unit_0/register_file_0/reg_dest_val[15] (omsp_register_file)     0.00     2.84 f
  execution_unit_0/register_file_0/U56/Y (AND2X1_RVT)     0.07       2.91 f
  execution_unit_0/register_file_0/pc_sw[15] (omsp_register_file)     0.00     2.91 f
  execution_unit_0/pc_sw[15] (omsp_execution_unit)        0.00       2.91 f
  frontend_0/pc_sw[15] (omsp_frontend)                    0.00       2.91 f
  frontend_0/U23/Y (AO221X1_RVT)                          0.06       2.97 f
  frontend_0/mab[15] (omsp_frontend)                      0.00       2.97 f
  mem_backbone_0/fe_mab[14] (omsp_mem_backbone)           0.00       2.97 f
  mem_backbone_0/U24/Y (AND4X1_RVT)                       0.05       3.02 f
  mem_backbone_0/U179/Y (NAND2X0_RVT)                     0.03       3.06 r
  mem_backbone_0/U174/Y (NAND4X0_RVT)                     0.05       3.11 f
  mem_backbone_0/U10/Y (INVX1_RVT)                        0.06       3.17 r
  mem_backbone_0/U36/Y (AO222X1_RVT)                      0.08       3.25 r
  mem_backbone_0/pmem_addr[1] (omsp_mem_backbone)         0.00       3.25 r
  pmem_addr[1] (out)                                      0.00       3.25 r
  data arrival time                                                  3.25

  clock dco_clk (rise edge)                              40.00      40.00
  clock network delay (ideal)                             0.00      40.00
  output external delay                                  -0.64      39.36
  data required time                                                39.36
  --------------------------------------------------------------------------
  data required time                                                39.36
  data arrival time                                                 -3.25
  --------------------------------------------------------------------------
  slack (MET)                                                       36.11


  Startpoint: frontend_0/e_state_reg[2]
              (rising edge-triggered flip-flop clocked by dco_clk)
  Endpoint: pmem_addr[0]
            (output port clocked by dco_clk)
  Path Group: REGOUT
  Path Type: max

  Des/Clust/Port     Wire Load Model       Library
  ------------------------------------------------
  openMSP430         16000                 saed32rvt_tt1p05v25c
  omsp_execution_unit 8000                 saed32rvt_tt1p05v25c
  omsp_alu           8000                  saed32rvt_tt1p05v25c
  omsp_mem_backbone  8000                  saed32rvt_tt1p05v25c

  Point                                                   Incr       Path
  --------------------------------------------------------------------------
  clock dco_clk (rise edge)                               0.00       0.00
  clock network delay (ideal)                             0.00       0.00
  frontend_0/e_state_reg[2]/CLK (DFFARX1_RVT)             0.00       0.00 r
  frontend_0/e_state_reg[2]/Q (DFFARX1_RVT)               0.10       0.10 f
  frontend_0/e_state[2] (omsp_frontend)                   0.00       0.10 f
  execution_unit_0/e_state[2] (omsp_execution_unit)       0.00       0.10 f
  execution_unit_0/U143/Y (INVX1_RVT)                     0.02       0.13 r
  execution_unit_0/U214/Y (AND2X1_RVT)                    0.03       0.16 r
  execution_unit_0/U185/Y (NAND3X0_RVT)                   0.07       0.23 f
  execution_unit_0/U92/Y (INVX1_RVT)                      0.05       0.28 r
  execution_unit_0/U100/Y (AND2X1_RVT)                    0.03       0.31 r
  execution_unit_0/U23/Y (AO221X2_RVT)                    0.09       0.41 r
  execution_unit_0/U97/Y (NOR2X0_RVT)                     0.05       0.46 f
  execution_unit_0/U94/Y (AND2X1_RVT)                     0.03       0.49 f
  execution_unit_0/U18/Y (AND2X1_RVT)                     0.06       0.55 f
  execution_unit_0/U90/Y (AO222X1_RVT)                    0.07       0.62 f
  execution_unit_0/U86/Y (OR2X1_RVT)                      0.04       0.66 f
  execution_unit_0/alu_0/op_src[0] (omsp_alu)             0.00       0.66 f
  execution_unit_0/alu_0/U26/Y (XOR2X1_RVT)               0.08       0.74 r
  execution_unit_0/alu_0/add_1_root_add_100_2_C185/U1_0/CO (FADDX1_RVT)     0.06     0.81 r
  execution_unit_0/alu_0/add_1_root_add_100_2_C185/U1_1/CO (FADDX1_RVT)     0.06     0.86 r
  execution_unit_0/alu_0/add_1_root_add_100_2_C185/U1_2/CO (FADDX1_RVT)     0.06     0.92 r
  execution_unit_0/alu_0/add_1_root_add_100_2_C185/U1_3/S (FADDX1_RVT)     0.09     1.01 f
  execution_unit_0/alu_0/U143/Y (OA21X1_RVT)              0.04       1.04 f
  execution_unit_0/alu_0/U7/Y (OR2X1_RVT)                 0.04       1.08 f
  execution_unit_0/alu_0/U106/Y (AND2X1_RVT)              0.04       1.12 f
  execution_unit_0/alu_0/add_102_C185_aco/U1_2/CO (FADDX1_RVT)     0.05     1.17 f
  execution_unit_0/alu_0/U104/Y (AND2X1_RVT)              0.03       1.20 f
  execution_unit_0/alu_0/U103/Y (XOR2X1_RVT)              0.07       1.27 r
  execution_unit_0/alu_0/add_1_root_add_100_2_C186/U1_0/CO (FADDX1_RVT)     0.05     1.33 r
  execution_unit_0/alu_0/add_1_root_add_100_2_C186/U1_1/CO (FADDX1_RVT)     0.06     1.38 r
  execution_unit_0/alu_0/add_1_root_add_100_2_C186/U1_2/CO (FADDX1_RVT)     0.06     1.44 r
  execution_unit_0/alu_0/add_1_root_add_100_2_C186/U1_3/S (FADDX1_RVT)     0.09     1.52 f
  execution_unit_0/alu_0/U162/Y (OA21X1_RVT)              0.04       1.56 f
  execution_unit_0/alu_0/U6/Y (OR2X1_RVT)                 0.04       1.60 f
  execution_unit_0/alu_0/U91/Y (AND2X1_RVT)               0.04       1.64 f
  execution_unit_0/alu_0/add_102_C186_aco/U1_2/CO (FADDX1_RVT)     0.05     1.68 f
  execution_unit_0/alu_0/U89/Y (AND2X1_RVT)               0.03       1.72 f
  execution_unit_0/alu_0/U88/Y (XOR2X1_RVT)               0.07       1.79 r
  execution_unit_0/alu_0/add_1_root_add_100_2_C187/U1_0/CO (FADDX1_RVT)     0.05     1.84 r
  execution_unit_0/alu_0/add_1_root_add_100_2_C187/U1_1/CO (FADDX1_RVT)     0.06     1.90 r
  execution_unit_0/alu_0/add_1_root_add_100_2_C187/U1_2/CO (FADDX1_RVT)     0.06     1.95 r
  execution_unit_0/alu_0/add_1_root_add_100_2_C187/U1_3/S (FADDX1_RVT)     0.09     2.04 f
  execution_unit_0/alu_0/U168/Y (OA21X1_RVT)              0.04       2.08 f
  execution_unit_0/alu_0/U5/Y (OR2X1_RVT)                 0.04       2.12 f
  execution_unit_0/alu_0/U86/Y (AND2X1_RVT)               0.04       2.16 f
  execution_unit_0/alu_0/add_102_C187_aco/U1_2/CO (FADDX1_RVT)     0.05     2.20 f
  execution_unit_0/alu_0/U84/Y (AND2X1_RVT)               0.03       2.23 f
  execution_unit_0/alu_0/U83/Y (XOR2X1_RVT)               0.07       2.31 r
  execution_unit_0/alu_0/add_1_root_add_100_2_C188/U1_0/CO (FADDX1_RVT)     0.05     2.36 r
  execution_unit_0/alu_0/add_1_root_add_100_2_C188/U1_1/CO (FADDX1_RVT)     0.06     2.42 r
  execution_unit_0/alu_0/add_1_root_add_100_2_C188/U1_2/CO (FADDX1_RVT)     0.06     2.47 r
  execution_unit_0/alu_0/add_1_root_add_100_2_C188/U1_3/S (FADDX1_RVT)     0.09     2.56 f
  execution_unit_0/alu_0/U173/Y (OA21X1_RVT)              0.04       2.60 f
  execution_unit_0/alu_0/U4/Y (OR2X1_RVT)                 0.04       2.64 f
  execution_unit_0/alu_0/U81/Y (AND2X1_RVT)               0.04       2.67 f
  execution_unit_0/alu_0/add_102_C188_aco/U1_2/CO (FADDX1_RVT)     0.05     2.72 f
  execution_unit_0/alu_0/U62/Y (XOR2X1_RVT)               0.06       2.78 f
  execution_unit_0/alu_0/U198/Y (AO222X1_RVT)             0.07       2.84 f
  execution_unit_0/alu_0/alu_out[15] (omsp_alu)           0.00       2.84 f
  execution_unit_0/register_file_0/reg_dest_val[15] (omsp_register_file)     0.00     2.84 f
  execution_unit_0/register_file_0/U56/Y (AND2X1_RVT)     0.07       2.91 f
  execution_unit_0/register_file_0/pc_sw[15] (omsp_register_file)     0.00     2.91 f
  execution_unit_0/pc_sw[15] (omsp_execution_unit)        0.00       2.91 f
  frontend_0/pc_sw[15] (omsp_frontend)                    0.00       2.91 f
  frontend_0/U23/Y (AO221X1_RVT)                          0.06       2.97 f
  frontend_0/mab[15] (omsp_frontend)                      0.00       2.97 f
  mem_backbone_0/fe_mab[14] (omsp_mem_backbone)           0.00       2.97 f
  mem_backbone_0/U24/Y (AND4X1_RVT)                       0.05       3.02 f
  mem_backbone_0/U179/Y (NAND2X0_RVT)                     0.03       3.06 r
  mem_backbone_0/U174/Y (NAND4X0_RVT)                     0.05       3.11 f
  mem_backbone_0/U10/Y (INVX1_RVT)                        0.06       3.17 r
  mem_backbone_0/U38/Y (AO222X1_RVT)                      0.08       3.25 r
  mem_backbone_0/pmem_addr[0] (omsp_mem_backbone)         0.00       3.25 r
  pmem_addr[0] (out)                                      0.00       3.25 r
  data arrival time                                                  3.25

  clock dco_clk (rise edge)                              40.00      40.00
  clock network delay (ideal)                             0.00      40.00
  output external delay                                  -0.64      39.36
  data required time                                                39.36
  --------------------------------------------------------------------------
  data required time                                                39.36
  data arrival time                                                 -3.25
  --------------------------------------------------------------------------
  slack (MET)                                                       36.11


  Startpoint: frontend_0/e_state_reg[2]
              (rising edge-triggered flip-flop clocked by dco_clk)
  Endpoint: mem_backbone_0/clock_gate_bckup/enable_latch_reg
            (positive level-sensitive latch clocked by dco_clk')
  Path Group: dco_clk
  Path Type: max

  Des/Clust/Port     Wire Load Model       Library
  ------------------------------------------------
  openMSP430         16000                 saed32rvt_tt1p05v25c
  omsp_execution_unit 8000                 saed32rvt_tt1p05v25c
  omsp_alu           8000                  saed32rvt_tt1p05v25c
  omsp_mem_backbone  8000                  saed32rvt_tt1p05v25c
  omsp_clock_gate_22 ForQA                 saed32rvt_tt1p05v25c

  Point                                                   Incr       Path
  --------------------------------------------------------------------------
  clock dco_clk (rise edge)                               0.00       0.00
  clock network delay (ideal)                             0.00       0.00
  frontend_0/e_state_reg[2]/CLK (DFFARX1_RVT)             0.00       0.00 r
  frontend_0/e_state_reg[2]/Q (DFFARX1_RVT)               0.10       0.10 f
  frontend_0/e_state[2] (omsp_frontend)                   0.00       0.10 f
  execution_unit_0/e_state[2] (omsp_execution_unit)       0.00       0.10 f
  execution_unit_0/U143/Y (INVX1_RVT)                     0.02       0.13 r
  execution_unit_0/U214/Y (AND2X1_RVT)                    0.03       0.16 r
  execution_unit_0/U185/Y (NAND3X0_RVT)                   0.07       0.23 f
  execution_unit_0/U92/Y (INVX1_RVT)                      0.05       0.28 r
  execution_unit_0/U100/Y (AND2X1_RVT)                    0.03       0.31 r
  execution_unit_0/U23/Y (AO221X2_RVT)                    0.09       0.41 r
  execution_unit_0/U97/Y (NOR2X0_RVT)                     0.05       0.46 f
  execution_unit_0/U94/Y (AND2X1_RVT)                     0.03       0.49 f
  execution_unit_0/U18/Y (AND2X1_RVT)                     0.06       0.55 f
  execution_unit_0/U90/Y (AO222X1_RVT)                    0.07       0.62 f
  execution_unit_0/U86/Y (OR2X1_RVT)                      0.04       0.66 f
  execution_unit_0/alu_0/op_src[0] (omsp_alu)             0.00       0.66 f
  execution_unit_0/alu_0/U26/Y (XOR2X1_RVT)               0.08       0.74 r
  execution_unit_0/alu_0/add_1_root_add_100_2_C185/U1_0/CO (FADDX1_RVT)     0.06     0.81 r
  execution_unit_0/alu_0/add_1_root_add_100_2_C185/U1_1/CO (FADDX1_RVT)     0.06     0.86 r
  execution_unit_0/alu_0/add_1_root_add_100_2_C185/U1_2/CO (FADDX1_RVT)     0.06     0.92 r
  execution_unit_0/alu_0/add_1_root_add_100_2_C185/U1_3/S (FADDX1_RVT)     0.09     1.01 f
  execution_unit_0/alu_0/U143/Y (OA21X1_RVT)              0.04       1.04 f
  execution_unit_0/alu_0/U7/Y (OR2X1_RVT)                 0.04       1.08 f
  execution_unit_0/alu_0/U106/Y (AND2X1_RVT)              0.04       1.12 f
  execution_unit_0/alu_0/add_102_C185_aco/U1_2/CO (FADDX1_RVT)     0.05     1.17 f
  execution_unit_0/alu_0/U104/Y (AND2X1_RVT)              0.03       1.20 f
  execution_unit_0/alu_0/U103/Y (XOR2X1_RVT)              0.07       1.27 r
  execution_unit_0/alu_0/add_1_root_add_100_2_C186/U1_0/CO (FADDX1_RVT)     0.05     1.33 r
  execution_unit_0/alu_0/add_1_root_add_100_2_C186/U1_1/CO (FADDX1_RVT)     0.06     1.38 r
  execution_unit_0/alu_0/add_1_root_add_100_2_C186/U1_2/CO (FADDX1_RVT)     0.06     1.44 r
  execution_unit_0/alu_0/add_1_root_add_100_2_C186/U1_3/S (FADDX1_RVT)     0.09     1.52 f
  execution_unit_0/alu_0/U162/Y (OA21X1_RVT)              0.04       1.56 f
  execution_unit_0/alu_0/U6/Y (OR2X1_RVT)                 0.04       1.60 f
  execution_unit_0/alu_0/U91/Y (AND2X1_RVT)               0.04       1.64 f
  execution_unit_0/alu_0/add_102_C186_aco/U1_2/CO (FADDX1_RVT)     0.05     1.68 f
  execution_unit_0/alu_0/U89/Y (AND2X1_RVT)               0.03       1.72 f
  execution_unit_0/alu_0/U88/Y (XOR2X1_RVT)               0.07       1.79 r
  execution_unit_0/alu_0/add_1_root_add_100_2_C187/U1_0/CO (FADDX1_RVT)     0.05     1.84 r
  execution_unit_0/alu_0/add_1_root_add_100_2_C187/U1_1/CO (FADDX1_RVT)     0.06     1.90 r
  execution_unit_0/alu_0/add_1_root_add_100_2_C187/U1_2/CO (FADDX1_RVT)     0.06     1.95 r
  execution_unit_0/alu_0/add_1_root_add_100_2_C187/U1_3/S (FADDX1_RVT)     0.09     2.04 f
  execution_unit_0/alu_0/U168/Y (OA21X1_RVT)              0.04       2.08 f
  execution_unit_0/alu_0/U5/Y (OR2X1_RVT)                 0.04       2.12 f
  execution_unit_0/alu_0/U86/Y (AND2X1_RVT)               0.04       2.16 f
  execution_unit_0/alu_0/add_102_C187_aco/U1_2/CO (FADDX1_RVT)     0.05     2.20 f
  execution_unit_0/alu_0/U84/Y (AND2X1_RVT)               0.03       2.23 f
  execution_unit_0/alu_0/U83/Y (XOR2X1_RVT)               0.07       2.31 r
  execution_unit_0/alu_0/add_1_root_add_100_2_C188/U1_0/CO (FADDX1_RVT)     0.05     2.36 r
  execution_unit_0/alu_0/add_1_root_add_100_2_C188/U1_1/CO (FADDX1_RVT)     0.06     2.42 r
  execution_unit_0/alu_0/add_1_root_add_100_2_C188/U1_2/CO (FADDX1_RVT)     0.06     2.47 r
  execution_unit_0/alu_0/add_1_root_add_100_2_C188/U1_3/S (FADDX1_RVT)     0.09     2.56 f
  execution_unit_0/alu_0/U173/Y (OA21X1_RVT)              0.04       2.60 f
  execution_unit_0/alu_0/U4/Y (OR2X1_RVT)                 0.04       2.64 f
  execution_unit_0/alu_0/U81/Y (AND2X1_RVT)               0.04       2.67 f
  execution_unit_0/alu_0/add_102_C188_aco/U1_2/CO (FADDX1_RVT)     0.05     2.72 f
  execution_unit_0/alu_0/U62/Y (XOR2X1_RVT)               0.07       2.79 r
  execution_unit_0/alu_0/U198/Y (AO222X1_RVT)             0.09       2.88 r
  execution_unit_0/alu_0/alu_out[15] (omsp_alu)           0.00       2.88 r
  execution_unit_0/register_file_0/reg_dest_val[15] (omsp_register_file)     0.00     2.88 r
  execution_unit_0/register_file_0/U56/Y (AND2X1_RVT)     0.06       2.94 r
  execution_unit_0/register_file_0/pc_sw[15] (omsp_register_file)     0.00     2.94 r
  execution_unit_0/pc_sw[15] (omsp_execution_unit)        0.00       2.94 r
  frontend_0/pc_sw[15] (omsp_frontend)                    0.00       2.94 r
  frontend_0/U23/Y (AO221X1_RVT)                          0.06       3.00 r
  frontend_0/mab[15] (omsp_frontend)                      0.00       3.00 r
  mem_backbone_0/fe_mab[14] (omsp_mem_backbone)           0.00       3.00 r
  mem_backbone_0/U24/Y (AND4X1_RVT)                       0.05       3.05 r
  mem_backbone_0/U179/Y (NAND2X0_RVT)                     0.03       3.08 f
  mem_backbone_0/U75/Y (INVX0_RVT)                        0.03       3.11 r
  mem_backbone_0/U73/Y (OR3X1_RVT)                        0.04       3.15 r
  mem_backbone_0/U67/Y (INVX0_RVT)                        0.01       3.16 f
  mem_backbone_0/clock_gate_bckup/enable (omsp_clock_gate_22)     0.00     3.16 f
  mem_backbone_0/clock_gate_bckup/U4/Y (OR2X1_RVT)        0.03       3.20 f
  mem_backbone_0/clock_gate_bckup/enable_latch_reg/D (LATCHX1_RVT)     0.00     3.20 f
  data arrival time                                                  3.20

  clock dco_clk' (rise edge)                             20.00      20.00
  clock network delay (ideal)                             0.00      20.00
  mem_backbone_0/clock_gate_bckup/enable_latch_reg/CLK (LATCHX1_RVT)     0.00    20.00 r
  time borrowed from endpoint                             0.00      20.00
  data required time                                                20.00
  --------------------------------------------------------------------------
  data required time                                                20.00
  data arrival time                                                 -3.20
  --------------------------------------------------------------------------
  slack (MET)                                                       16.80

  Time Borrowing Information
  --------------------------------------------------------------
  dco_clk' nominal pulse width                           20.00   
  library setup time                                     -0.03   
  --------------------------------------------------------------
  max time borrow                                        19.97   
  actual time borrow                                      0.00   
  --------------------------------------------------------------


  Startpoint: frontend_0/e_state_reg[2]
              (rising edge-triggered flip-flop clocked by dco_clk)
  Endpoint: multiplier_0/clock_gate_reshi/enable_latch_reg
            (positive level-sensitive latch clocked by dco_clk')
  Path Group: dco_clk
  Path Type: max

  Des/Clust/Port     Wire Load Model       Library
  ------------------------------------------------
  openMSP430         16000                 saed32rvt_tt1p05v25c
  omsp_execution_unit 8000                 saed32rvt_tt1p05v25c
  omsp_alu           8000                  saed32rvt_tt1p05v25c
  omsp_alu_DW01_add_9 ForQA                saed32rvt_tt1p05v25c
  omsp_mem_backbone  8000                  saed32rvt_tt1p05v25c
  omsp_multiplier    8000                  saed32rvt_tt1p05v25c
  omsp_clock_gate_16 ForQA                 saed32rvt_tt1p05v25c

  Point                                                   Incr       Path
  --------------------------------------------------------------------------
  clock dco_clk (rise edge)                               0.00       0.00
  clock network delay (ideal)                             0.00       0.00
  frontend_0/e_state_reg[2]/CLK (DFFARX1_RVT)             0.00       0.00 r
  frontend_0/e_state_reg[2]/Q (DFFARX1_RVT)               0.10       0.10 f
  frontend_0/e_state[2] (omsp_frontend)                   0.00       0.10 f
  execution_unit_0/e_state[2] (omsp_execution_unit)       0.00       0.10 f
  execution_unit_0/U143/Y (INVX1_RVT)                     0.02       0.13 r
  execution_unit_0/U214/Y (AND2X1_RVT)                    0.03       0.16 r
  execution_unit_0/U185/Y (NAND3X0_RVT)                   0.07       0.23 f
  execution_unit_0/U92/Y (INVX1_RVT)                      0.05       0.28 r
  execution_unit_0/U100/Y (AND2X1_RVT)                    0.03       0.31 r
  execution_unit_0/U23/Y (AO221X2_RVT)                    0.09       0.41 r
  execution_unit_0/U97/Y (NOR2X0_RVT)                     0.05       0.46 f
  execution_unit_0/U94/Y (AND2X1_RVT)                     0.03       0.49 f
  execution_unit_0/U18/Y (AND2X1_RVT)                     0.06       0.55 f
  execution_unit_0/U90/Y (AO222X1_RVT)                    0.07       0.62 f
  execution_unit_0/U86/Y (OR2X1_RVT)                      0.04       0.66 f
  execution_unit_0/alu_0/op_src[0] (omsp_alu)             0.00       0.66 f
  execution_unit_0/alu_0/U26/Y (XOR2X1_RVT)               0.08       0.74 r
  execution_unit_0/alu_0/U122/Y (AND2X1_RVT)              0.04       0.78 r
  execution_unit_0/alu_0/add_171/A[0] (omsp_alu_DW01_add_9)     0.00     0.78 r
  execution_unit_0/alu_0/add_171/U2/Y (AND2X1_RVT)        0.03       0.81 r
  execution_unit_0/alu_0/add_171/U1_1/CO (FADDX1_RVT)     0.05       0.87 r
  execution_unit_0/alu_0/add_171/U1_2/CO (FADDX1_RVT)     0.06       0.92 r
  execution_unit_0/alu_0/add_171/U1_3/CO (FADDX1_RVT)     0.06       0.98 r
  execution_unit_0/alu_0/add_171/U1_4/CO (FADDX1_RVT)     0.06       1.04 r
  execution_unit_0/alu_0/add_171/U1_5/CO (FADDX1_RVT)     0.06       1.09 r
  execution_unit_0/alu_0/add_171/U1_6/CO (FADDX1_RVT)     0.06       1.15 r
  execution_unit_0/alu_0/add_171/U1_7/CO (FADDX1_RVT)     0.06       1.21 r
  execution_unit_0/alu_0/add_171/U1_8/CO (FADDX1_RVT)     0.06       1.27 r
  execution_unit_0/alu_0/add_171/U1_9/CO (FADDX1_RVT)     0.06       1.32 r
  execution_unit_0/alu_0/add_171/U1_10/CO (FADDX1_RVT)     0.06      1.38 r
  execution_unit_0/alu_0/add_171/U1_11/CO (FADDX1_RVT)     0.06      1.44 r
  execution_unit_0/alu_0/add_171/U1_12/CO (FADDX1_RVT)     0.06      1.49 r
  execution_unit_0/alu_0/add_171/U1_13/CO (FADDX1_RVT)     0.06      1.55 r
  execution_unit_0/alu_0/add_171/U1_14/CO (FADDX1_RVT)     0.06      1.61 r
  execution_unit_0/alu_0/add_171/U1_15/S (FADDX1_RVT)     0.09       1.70 f
  execution_unit_0/alu_0/add_171/SUM[15] (omsp_alu_DW01_add_9)     0.00     1.70 f
  execution_unit_0/alu_0/alu_out_add[15] (omsp_alu)       0.00       1.70 f
  execution_unit_0/mab[15] (omsp_execution_unit)          0.00       1.70 f
  mem_backbone_0/eu_mab[14] (omsp_mem_backbone)           0.00       1.70 f
  mem_backbone_0/U198/Y (NOR4X0_RVT)                      0.08       1.78 r
  mem_backbone_0/U197/Y (INVX0_RVT)                       0.01       1.79 f
  mem_backbone_0/U196/Y (OR3X1_RVT)                       0.04       1.83 f
  mem_backbone_0/U21/Y (NAND3X2_RVT)                      0.08       1.91 r
  mem_backbone_0/U8/Y (INVX2_RVT)                         0.05       1.96 f
  mem_backbone_0/U60/Y (MUX21X1_RVT)                      0.08       2.04 f
  mem_backbone_0/per_addr[6] (omsp_mem_backbone)          0.00       2.04 f
  multiplier_0/per_addr[6] (omsp_multiplier)              0.00       2.04 f
  multiplier_0/U198/Y (OR3X1_RVT)                         0.03       2.07 f
  multiplier_0/U4/Y (NOR4X1_RVT)                          0.07       2.14 r
  multiplier_0/U197/Y (NAND4X0_RVT)                       0.05       2.18 f
  multiplier_0/U208/Y (INVX1_RVT)                         0.02       2.20 r
  multiplier_0/U196/Y (OA21X1_RVT)                        0.04       2.25 r
  multiplier_0/U193/Y (NAND3X0_RVT)                       0.05       2.30 f
  multiplier_0/U192/Y (OR2X1_RVT)                         0.04       2.34 f
  multiplier_0/U205/Y (AND2X2_RVT)                        0.06       2.40 f
  multiplier_0/U15/Y (NAND2X0_RVT)                        0.03       2.43 r
  multiplier_0/clock_gate_reshi/enable (omsp_clock_gate_16)     0.00     2.43 r
  multiplier_0/clock_gate_reshi/U4/Y (OR2X1_RVT)          0.04       2.46 r
  multiplier_0/clock_gate_reshi/enable_latch_reg/D (LATCHX1_RVT)     0.00     2.46 r
  data arrival time                                                  2.46

  clock dco_clk' (rise edge)                             20.00      20.00
  clock network delay (ideal)                             0.00      20.00
  multiplier_0/clock_gate_reshi/enable_latch_reg/CLK (LATCHX1_RVT)     0.00    20.00 r
  time borrowed from endpoint                             0.00      20.00
  data required time                                                20.00
  --------------------------------------------------------------------------
  data required time                                                20.00
  data arrival time                                                 -2.46
  --------------------------------------------------------------------------
  slack (MET)                                                       17.54

  Time Borrowing Information
  --------------------------------------------------------------
  dco_clk' nominal pulse width                           20.00   
  library setup time                                     -0.03   
  --------------------------------------------------------------
  max time borrow                                        19.97   
  actual time borrow                                      0.00   
  --------------------------------------------------------------


  Startpoint: frontend_0/e_state_reg[2]
              (rising edge-triggered flip-flop clocked by dco_clk)
  Endpoint: multiplier_0/clock_gate_reslo/enable_latch_reg
            (positive level-sensitive latch clocked by dco_clk')
  Path Group: dco_clk
  Path Type: max

  Des/Clust/Port     Wire Load Model       Library
  ------------------------------------------------
  openMSP430         16000                 saed32rvt_tt1p05v25c
  omsp_execution_unit 8000                 saed32rvt_tt1p05v25c
  omsp_alu           8000                  saed32rvt_tt1p05v25c
  omsp_alu_DW01_add_9 ForQA                saed32rvt_tt1p05v25c
  omsp_mem_backbone  8000                  saed32rvt_tt1p05v25c
  omsp_multiplier    8000                  saed32rvt_tt1p05v25c
  omsp_clock_gate_17 ForQA                 saed32rvt_tt1p05v25c

  Point                                                   Incr       Path
  --------------------------------------------------------------------------
  clock dco_clk (rise edge)                               0.00       0.00
  clock network delay (ideal)                             0.00       0.00
  frontend_0/e_state_reg[2]/CLK (DFFARX1_RVT)             0.00       0.00 r
  frontend_0/e_state_reg[2]/Q (DFFARX1_RVT)               0.10       0.10 f
  frontend_0/e_state[2] (omsp_frontend)                   0.00       0.10 f
  execution_unit_0/e_state[2] (omsp_execution_unit)       0.00       0.10 f
  execution_unit_0/U143/Y (INVX1_RVT)                     0.02       0.13 r
  execution_unit_0/U214/Y (AND2X1_RVT)                    0.03       0.16 r
  execution_unit_0/U185/Y (NAND3X0_RVT)                   0.07       0.23 f
  execution_unit_0/U92/Y (INVX1_RVT)                      0.05       0.28 r
  execution_unit_0/U100/Y (AND2X1_RVT)                    0.03       0.31 r
  execution_unit_0/U23/Y (AO221X2_RVT)                    0.09       0.41 r
  execution_unit_0/U97/Y (NOR2X0_RVT)                     0.05       0.46 f
  execution_unit_0/U94/Y (AND2X1_RVT)                     0.03       0.49 f
  execution_unit_0/U18/Y (AND2X1_RVT)                     0.06       0.55 f
  execution_unit_0/U90/Y (AO222X1_RVT)                    0.07       0.62 f
  execution_unit_0/U86/Y (OR2X1_RVT)                      0.04       0.66 f
  execution_unit_0/alu_0/op_src[0] (omsp_alu)             0.00       0.66 f
  execution_unit_0/alu_0/U26/Y (XOR2X1_RVT)               0.08       0.74 r
  execution_unit_0/alu_0/U122/Y (AND2X1_RVT)              0.04       0.78 r
  execution_unit_0/alu_0/add_171/A[0] (omsp_alu_DW01_add_9)     0.00     0.78 r
  execution_unit_0/alu_0/add_171/U2/Y (AND2X1_RVT)        0.03       0.81 r
  execution_unit_0/alu_0/add_171/U1_1/CO (FADDX1_RVT)     0.05       0.87 r
  execution_unit_0/alu_0/add_171/U1_2/CO (FADDX1_RVT)     0.06       0.92 r
  execution_unit_0/alu_0/add_171/U1_3/CO (FADDX1_RVT)     0.06       0.98 r
  execution_unit_0/alu_0/add_171/U1_4/CO (FADDX1_RVT)     0.06       1.04 r
  execution_unit_0/alu_0/add_171/U1_5/CO (FADDX1_RVT)     0.06       1.09 r
  execution_unit_0/alu_0/add_171/U1_6/CO (FADDX1_RVT)     0.06       1.15 r
  execution_unit_0/alu_0/add_171/U1_7/CO (FADDX1_RVT)     0.06       1.21 r
  execution_unit_0/alu_0/add_171/U1_8/CO (FADDX1_RVT)     0.06       1.27 r
  execution_unit_0/alu_0/add_171/U1_9/CO (FADDX1_RVT)     0.06       1.32 r
  execution_unit_0/alu_0/add_171/U1_10/CO (FADDX1_RVT)     0.06      1.38 r
  execution_unit_0/alu_0/add_171/U1_11/CO (FADDX1_RVT)     0.06      1.44 r
  execution_unit_0/alu_0/add_171/U1_12/CO (FADDX1_RVT)     0.06      1.49 r
  execution_unit_0/alu_0/add_171/U1_13/CO (FADDX1_RVT)     0.06      1.55 r
  execution_unit_0/alu_0/add_171/U1_14/CO (FADDX1_RVT)     0.06      1.61 r
  execution_unit_0/alu_0/add_171/U1_15/S (FADDX1_RVT)     0.09       1.70 f
  execution_unit_0/alu_0/add_171/SUM[15] (omsp_alu_DW01_add_9)     0.00     1.70 f
  execution_unit_0/alu_0/alu_out_add[15] (omsp_alu)       0.00       1.70 f
  execution_unit_0/mab[15] (omsp_execution_unit)          0.00       1.70 f
  mem_backbone_0/eu_mab[14] (omsp_mem_backbone)           0.00       1.70 f
  mem_backbone_0/U198/Y (NOR4X0_RVT)                      0.08       1.78 r
  mem_backbone_0/U197/Y (INVX0_RVT)                       0.01       1.79 f
  mem_backbone_0/U196/Y (OR3X1_RVT)                       0.04       1.83 f
  mem_backbone_0/U21/Y (NAND3X2_RVT)                      0.08       1.91 r
  mem_backbone_0/U8/Y (INVX2_RVT)                         0.05       1.96 f
  mem_backbone_0/U60/Y (MUX21X1_RVT)                      0.08       2.04 f
  mem_backbone_0/per_addr[6] (omsp_mem_backbone)          0.00       2.04 f
  multiplier_0/per_addr[6] (omsp_multiplier)              0.00       2.04 f
  multiplier_0/U198/Y (OR3X1_RVT)                         0.03       2.07 f
  multiplier_0/U4/Y (NOR4X1_RVT)                          0.07       2.14 r
  multiplier_0/U197/Y (NAND4X0_RVT)                       0.05       2.18 f
  multiplier_0/U208/Y (INVX1_RVT)                         0.02       2.20 r
  multiplier_0/U196/Y (OA21X1_RVT)                        0.04       2.25 r
  multiplier_0/U193/Y (NAND3X0_RVT)                       0.05       2.30 f
  multiplier_0/U192/Y (OR2X1_RVT)                         0.04       2.34 f
  multiplier_0/U204/Y (AND2X2_RVT)                        0.06       2.39 f
  multiplier_0/U14/Y (NAND2X0_RVT)                        0.03       2.43 r
  multiplier_0/clock_gate_reslo/enable (omsp_clock_gate_17)     0.00     2.43 r
  multiplier_0/clock_gate_reslo/U4/Y (OR2X1_RVT)          0.04       2.46 r
  multiplier_0/clock_gate_reslo/enable_latch_reg/D (LATCHX1_RVT)     0.00     2.46 r
  data arrival time                                                  2.46

  clock dco_clk' (rise edge)                             20.00      20.00
  clock network delay (ideal)                             0.00      20.00
  multiplier_0/clock_gate_reslo/enable_latch_reg/CLK (LATCHX1_RVT)     0.00    20.00 r
  time borrowed from endpoint                             0.00      20.00
  data required time                                                20.00
  --------------------------------------------------------------------------
  data required time                                                20.00
  data arrival time                                                 -2.46
  --------------------------------------------------------------------------
  slack (MET)                                                       17.54

  Time Borrowing Information
  --------------------------------------------------------------
  dco_clk' nominal pulse width                           20.00   
  library setup time                                     -0.03   
  --------------------------------------------------------------
  max time borrow                                        19.97   
  actual time borrow                                      0.00   
  --------------------------------------------------------------


  Startpoint: frontend_0/e_state_reg[2]
              (rising edge-triggered flip-flop clocked by dco_clk)
  Endpoint: multiplier_0/clock_gate_op2/enable_latch_reg
            (positive level-sensitive latch clocked by dco_clk')
  Path Group: dco_clk
  Path Type: max

  Des/Clust/Port     Wire Load Model       Library
  ------------------------------------------------
  openMSP430         16000                 saed32rvt_tt1p05v25c
  omsp_execution_unit 8000                 saed32rvt_tt1p05v25c
  omsp_alu           8000                  saed32rvt_tt1p05v25c
  omsp_alu_DW01_add_9 ForQA                saed32rvt_tt1p05v25c
  omsp_mem_backbone  8000                  saed32rvt_tt1p05v25c
  omsp_multiplier    8000                  saed32rvt_tt1p05v25c
  omsp_clock_gate_18 ForQA                 saed32rvt_tt1p05v25c

  Point                                                   Incr       Path
  --------------------------------------------------------------------------
  clock dco_clk (rise edge)                               0.00       0.00
  clock network delay (ideal)                             0.00       0.00
  frontend_0/e_state_reg[2]/CLK (DFFARX1_RVT)             0.00       0.00 r
  frontend_0/e_state_reg[2]/Q (DFFARX1_RVT)               0.10       0.10 f
  frontend_0/e_state[2] (omsp_frontend)                   0.00       0.10 f
  execution_unit_0/e_state[2] (omsp_execution_unit)       0.00       0.10 f
  execution_unit_0/U143/Y (INVX1_RVT)                     0.02       0.13 r
  execution_unit_0/U214/Y (AND2X1_RVT)                    0.03       0.16 r
  execution_unit_0/U185/Y (NAND3X0_RVT)                   0.07       0.23 f
  execution_unit_0/U92/Y (INVX1_RVT)                      0.05       0.28 r
  execution_unit_0/U100/Y (AND2X1_RVT)                    0.03       0.31 r
  execution_unit_0/U23/Y (AO221X2_RVT)                    0.09       0.41 r
  execution_unit_0/U97/Y (NOR2X0_RVT)                     0.05       0.46 f
  execution_unit_0/U94/Y (AND2X1_RVT)                     0.03       0.49 f
  execution_unit_0/U18/Y (AND2X1_RVT)                     0.06       0.55 f
  execution_unit_0/U90/Y (AO222X1_RVT)                    0.07       0.62 f
  execution_unit_0/U86/Y (OR2X1_RVT)                      0.04       0.66 f
  execution_unit_0/alu_0/op_src[0] (omsp_alu)             0.00       0.66 f
  execution_unit_0/alu_0/U26/Y (XOR2X1_RVT)               0.08       0.74 r
  execution_unit_0/alu_0/U122/Y (AND2X1_RVT)              0.04       0.78 r
  execution_unit_0/alu_0/add_171/A[0] (omsp_alu_DW01_add_9)     0.00     0.78 r
  execution_unit_0/alu_0/add_171/U2/Y (AND2X1_RVT)        0.03       0.81 r
  execution_unit_0/alu_0/add_171/U1_1/CO (FADDX1_RVT)     0.05       0.87 r
  execution_unit_0/alu_0/add_171/U1_2/CO (FADDX1_RVT)     0.06       0.92 r
  execution_unit_0/alu_0/add_171/U1_3/CO (FADDX1_RVT)     0.06       0.98 r
  execution_unit_0/alu_0/add_171/U1_4/CO (FADDX1_RVT)     0.06       1.04 r
  execution_unit_0/alu_0/add_171/U1_5/CO (FADDX1_RVT)     0.06       1.09 r
  execution_unit_0/alu_0/add_171/U1_6/CO (FADDX1_RVT)     0.06       1.15 r
  execution_unit_0/alu_0/add_171/U1_7/CO (FADDX1_RVT)     0.06       1.21 r
  execution_unit_0/alu_0/add_171/U1_8/CO (FADDX1_RVT)     0.06       1.27 r
  execution_unit_0/alu_0/add_171/U1_9/CO (FADDX1_RVT)     0.06       1.32 r
  execution_unit_0/alu_0/add_171/U1_10/CO (FADDX1_RVT)     0.06      1.38 r
  execution_unit_0/alu_0/add_171/U1_11/CO (FADDX1_RVT)     0.06      1.44 r
  execution_unit_0/alu_0/add_171/U1_12/CO (FADDX1_RVT)     0.06      1.49 r
  execution_unit_0/alu_0/add_171/U1_13/CO (FADDX1_RVT)     0.06      1.55 r
  execution_unit_0/alu_0/add_171/U1_14/CO (FADDX1_RVT)     0.06      1.61 r
  execution_unit_0/alu_0/add_171/U1_15/S (FADDX1_RVT)     0.09       1.70 f
  execution_unit_0/alu_0/add_171/SUM[15] (omsp_alu_DW01_add_9)     0.00     1.70 f
  execution_unit_0/alu_0/alu_out_add[15] (omsp_alu)       0.00       1.70 f
  execution_unit_0/mab[15] (omsp_execution_unit)          0.00       1.70 f
  mem_backbone_0/eu_mab[14] (omsp_mem_backbone)           0.00       1.70 f
  mem_backbone_0/U198/Y (NOR4X0_RVT)                      0.08       1.78 r
  mem_backbone_0/U197/Y (INVX0_RVT)                       0.01       1.79 f
  mem_backbone_0/U196/Y (OR3X1_RVT)                       0.04       1.83 f
  mem_backbone_0/U21/Y (NAND3X2_RVT)                      0.08       1.91 r
  mem_backbone_0/U8/Y (INVX2_RVT)                         0.05       1.96 f
  mem_backbone_0/U60/Y (MUX21X1_RVT)                      0.08       2.04 f
  mem_backbone_0/per_addr[6] (omsp_mem_backbone)          0.00       2.04 f
  multiplier_0/per_addr[6] (omsp_multiplier)              0.00       2.04 f
  multiplier_0/U198/Y (OR3X1_RVT)                         0.03       2.07 f
  multiplier_0/U4/Y (NOR4X1_RVT)                          0.07       2.14 r
  multiplier_0/U197/Y (NAND4X0_RVT)                       0.05       2.18 f
  multiplier_0/U208/Y (INVX1_RVT)                         0.02       2.20 r
  multiplier_0/U196/Y (OA21X1_RVT)                        0.04       2.25 r
  multiplier_0/U193/Y (NAND3X0_RVT)                       0.05       2.30 f
  multiplier_0/U206/Y (INVX1_RVT)                         0.02       2.32 r
  multiplier_0/clock_gate_op2/enable (omsp_clock_gate_18)     0.00     2.32 r
  multiplier_0/clock_gate_op2/U4/Y (OR2X1_RVT)            0.04       2.36 r
  multiplier_0/clock_gate_op2/enable_latch_reg/D (LATCHX1_RVT)     0.00     2.36 r
  data arrival time                                                  2.36

  clock dco_clk' (rise edge)                             20.00      20.00
  clock network delay (ideal)                             0.00      20.00
  multiplier_0/clock_gate_op2/enable_latch_reg/CLK (LATCHX1_RVT)     0.00    20.00 r
  time borrowed from endpoint                             0.00      20.00
  data required time                                                20.00
  --------------------------------------------------------------------------
  data required time                                                20.00
  data arrival time                                                 -2.36
  --------------------------------------------------------------------------
  slack (MET)                                                       17.64

  Time Borrowing Information
  --------------------------------------------------------------
  dco_clk' nominal pulse width                           20.00   
  library setup time                                     -0.03   
  --------------------------------------------------------------
  max time borrow                                        19.97   
  actual time borrow                                      0.00   
  --------------------------------------------------------------


  Startpoint: frontend_0/e_state_reg[2]
              (rising edge-triggered flip-flop clocked by dco_clk)
  Endpoint: multiplier_0/clock_gate_op1/enable_latch_reg
            (positive level-sensitive latch clocked by dco_clk')
  Path Group: dco_clk
  Path Type: max

  Des/Clust/Port     Wire Load Model       Library
  ------------------------------------------------
  openMSP430         16000                 saed32rvt_tt1p05v25c
  omsp_execution_unit 8000                 saed32rvt_tt1p05v25c
  omsp_alu           8000                  saed32rvt_tt1p05v25c
  omsp_alu_DW01_add_9 ForQA                saed32rvt_tt1p05v25c
  omsp_mem_backbone  8000                  saed32rvt_tt1p05v25c
  omsp_multiplier    8000                  saed32rvt_tt1p05v25c
  omsp_clock_gate_19 ForQA                 saed32rvt_tt1p05v25c

  Point                                                   Incr       Path
  --------------------------------------------------------------------------
  clock dco_clk (rise edge)                               0.00       0.00
  clock network delay (ideal)                             0.00       0.00
  frontend_0/e_state_reg[2]/CLK (DFFARX1_RVT)             0.00       0.00 r
  frontend_0/e_state_reg[2]/Q (DFFARX1_RVT)               0.10       0.10 f
  frontend_0/e_state[2] (omsp_frontend)                   0.00       0.10 f
  execution_unit_0/e_state[2] (omsp_execution_unit)       0.00       0.10 f
  execution_unit_0/U143/Y (INVX1_RVT)                     0.02       0.13 r
  execution_unit_0/U214/Y (AND2X1_RVT)                    0.03       0.16 r
  execution_unit_0/U185/Y (NAND3X0_RVT)                   0.07       0.23 f
  execution_unit_0/U92/Y (INVX1_RVT)                      0.05       0.28 r
  execution_unit_0/U100/Y (AND2X1_RVT)                    0.03       0.31 r
  execution_unit_0/U23/Y (AO221X2_RVT)                    0.09       0.41 r
  execution_unit_0/U97/Y (NOR2X0_RVT)                     0.05       0.46 f
  execution_unit_0/U94/Y (AND2X1_RVT)                     0.03       0.49 f
  execution_unit_0/U18/Y (AND2X1_RVT)                     0.06       0.55 f
  execution_unit_0/U90/Y (AO222X1_RVT)                    0.07       0.62 f
  execution_unit_0/U86/Y (OR2X1_RVT)                      0.04       0.66 f
  execution_unit_0/alu_0/op_src[0] (omsp_alu)             0.00       0.66 f
  execution_unit_0/alu_0/U26/Y (XOR2X1_RVT)               0.08       0.74 r
  execution_unit_0/alu_0/U122/Y (AND2X1_RVT)              0.04       0.78 r
  execution_unit_0/alu_0/add_171/A[0] (omsp_alu_DW01_add_9)     0.00     0.78 r
  execution_unit_0/alu_0/add_171/U2/Y (AND2X1_RVT)        0.03       0.81 r
  execution_unit_0/alu_0/add_171/U1_1/CO (FADDX1_RVT)     0.05       0.87 r
  execution_unit_0/alu_0/add_171/U1_2/CO (FADDX1_RVT)     0.06       0.92 r
  execution_unit_0/alu_0/add_171/U1_3/CO (FADDX1_RVT)     0.06       0.98 r
  execution_unit_0/alu_0/add_171/U1_4/CO (FADDX1_RVT)     0.06       1.04 r
  execution_unit_0/alu_0/add_171/U1_5/CO (FADDX1_RVT)     0.06       1.09 r
  execution_unit_0/alu_0/add_171/U1_6/CO (FADDX1_RVT)     0.06       1.15 r
  execution_unit_0/alu_0/add_171/U1_7/CO (FADDX1_RVT)     0.06       1.21 r
  execution_unit_0/alu_0/add_171/U1_8/CO (FADDX1_RVT)     0.06       1.27 r
  execution_unit_0/alu_0/add_171/U1_9/CO (FADDX1_RVT)     0.06       1.32 r
  execution_unit_0/alu_0/add_171/U1_10/CO (FADDX1_RVT)     0.06      1.38 r
  execution_unit_0/alu_0/add_171/U1_11/CO (FADDX1_RVT)     0.06      1.44 r
  execution_unit_0/alu_0/add_171/U1_12/CO (FADDX1_RVT)     0.06      1.49 r
  execution_unit_0/alu_0/add_171/U1_13/CO (FADDX1_RVT)     0.06      1.55 r
  execution_unit_0/alu_0/add_171/U1_14/CO (FADDX1_RVT)     0.06      1.61 r
  execution_unit_0/alu_0/add_171/U1_15/S (FADDX1_RVT)     0.09       1.70 f
  execution_unit_0/alu_0/add_171/SUM[15] (omsp_alu_DW01_add_9)     0.00     1.70 f
  execution_unit_0/alu_0/alu_out_add[15] (omsp_alu)       0.00       1.70 f
  execution_unit_0/mab[15] (omsp_execution_unit)          0.00       1.70 f
  mem_backbone_0/eu_mab[14] (omsp_mem_backbone)           0.00       1.70 f
  mem_backbone_0/U198/Y (NOR4X0_RVT)                      0.08       1.78 r
  mem_backbone_0/U197/Y (INVX0_RVT)                       0.01       1.79 f
  mem_backbone_0/U196/Y (OR3X1_RVT)                       0.04       1.83 f
  mem_backbone_0/U21/Y (NAND3X2_RVT)                      0.08       1.91 r
  mem_backbone_0/U8/Y (INVX2_RVT)                         0.05       1.96 f
  mem_backbone_0/U60/Y (MUX21X1_RVT)                      0.08       2.04 f
  mem_backbone_0/per_addr[6] (omsp_mem_backbone)          0.00       2.04 f
  multiplier_0/per_addr[6] (omsp_multiplier)              0.00       2.04 f
  multiplier_0/U198/Y (OR3X1_RVT)                         0.03       2.07 f
  multiplier_0/U4/Y (NOR4X1_RVT)                          0.07       2.14 r
  multiplier_0/U197/Y (NAND4X0_RVT)                       0.05       2.18 f
  multiplier_0/U208/Y (INVX1_RVT)                         0.02       2.20 r
  multiplier_0/U196/Y (OA21X1_RVT)                        0.04       2.25 r
  multiplier_0/U147/Y (AND2X1_RVT)                        0.04       2.28 r
  multiplier_0/clock_gate_op1/enable (omsp_clock_gate_19)     0.00     2.28 r
  multiplier_0/clock_gate_op1/U4/Y (OR2X1_RVT)            0.03       2.32 r
  multiplier_0/clock_gate_op1/enable_latch_reg/D (LATCHX1_RVT)     0.00     2.32 r
  data arrival time                                                  2.32

  clock dco_clk' (rise edge)                             20.00      20.00
  clock network delay (ideal)                             0.00      20.00
  multiplier_0/clock_gate_op1/enable_latch_reg/CLK (LATCHX1_RVT)     0.00    20.00 r
  time borrowed from endpoint                             0.00      20.00
  data required time                                                20.00
  --------------------------------------------------------------------------
  data required time                                                20.00
  data arrival time                                                 -2.32
  --------------------------------------------------------------------------
  slack (MET)                                                       17.68

  Time Borrowing Information
  --------------------------------------------------------------
  dco_clk' nominal pulse width                           20.00   
  library setup time                                     -0.03   
  --------------------------------------------------------------
  max time borrow                                        19.97   
  actual time borrow                                      0.00   
  --------------------------------------------------------------


  Startpoint: frontend_0/e_state_reg[2]
              (rising edge-triggered flip-flop clocked by dco_clk)
  Endpoint: watchdog_0/clock_gate_wdtctl/enable_latch_reg
            (positive level-sensitive latch clocked by dco_clk')
  Path Group: dco_clk
  Path Type: max

  Des/Clust/Port     Wire Load Model       Library
  ------------------------------------------------
  openMSP430         16000                 saed32rvt_tt1p05v25c
  omsp_execution_unit 8000                 saed32rvt_tt1p05v25c
  omsp_alu           8000                  saed32rvt_tt1p05v25c
  omsp_alu_DW01_add_9 ForQA                saed32rvt_tt1p05v25c
  omsp_mem_backbone  8000                  saed32rvt_tt1p05v25c
  omsp_watchdog      8000                  saed32rvt_tt1p05v25c
  omsp_clock_gate_21 ForQA                 saed32rvt_tt1p05v25c

  Point                                                   Incr       Path
  --------------------------------------------------------------------------
  clock dco_clk (rise edge)                               0.00       0.00
  clock network delay (ideal)                             0.00       0.00
  frontend_0/e_state_reg[2]/CLK (DFFARX1_RVT)             0.00       0.00 r
  frontend_0/e_state_reg[2]/Q (DFFARX1_RVT)               0.10       0.10 f
  frontend_0/e_state[2] (omsp_frontend)                   0.00       0.10 f
  execution_unit_0/e_state[2] (omsp_execution_unit)       0.00       0.10 f
  execution_unit_0/U143/Y (INVX1_RVT)                     0.02       0.13 r
  execution_unit_0/U214/Y (AND2X1_RVT)                    0.03       0.16 r
  execution_unit_0/U185/Y (NAND3X0_RVT)                   0.07       0.23 f
  execution_unit_0/U92/Y (INVX1_RVT)                      0.05       0.28 r
  execution_unit_0/U100/Y (AND2X1_RVT)                    0.03       0.31 r
  execution_unit_0/U23/Y (AO221X2_RVT)                    0.09       0.41 r
  execution_unit_0/U97/Y (NOR2X0_RVT)                     0.05       0.46 f
  execution_unit_0/U94/Y (AND2X1_RVT)                     0.03       0.49 f
  execution_unit_0/U18/Y (AND2X1_RVT)                     0.06       0.55 f
  execution_unit_0/U90/Y (AO222X1_RVT)                    0.07       0.62 f
  execution_unit_0/U86/Y (OR2X1_RVT)                      0.04       0.66 f
  execution_unit_0/alu_0/op_src[0] (omsp_alu)             0.00       0.66 f
  execution_unit_0/alu_0/U26/Y (XOR2X1_RVT)               0.08       0.74 r
  execution_unit_0/alu_0/U122/Y (AND2X1_RVT)              0.04       0.78 r
  execution_unit_0/alu_0/add_171/A[0] (omsp_alu_DW01_add_9)     0.00     0.78 r
  execution_unit_0/alu_0/add_171/U2/Y (AND2X1_RVT)        0.03       0.81 r
  execution_unit_0/alu_0/add_171/U1_1/CO (FADDX1_RVT)     0.05       0.87 r
  execution_unit_0/alu_0/add_171/U1_2/CO (FADDX1_RVT)     0.06       0.92 r
  execution_unit_0/alu_0/add_171/U1_3/CO (FADDX1_RVT)     0.06       0.98 r
  execution_unit_0/alu_0/add_171/U1_4/CO (FADDX1_RVT)     0.06       1.04 r
  execution_unit_0/alu_0/add_171/U1_5/CO (FADDX1_RVT)     0.06       1.09 r
  execution_unit_0/alu_0/add_171/U1_6/CO (FADDX1_RVT)     0.06       1.15 r
  execution_unit_0/alu_0/add_171/U1_7/CO (FADDX1_RVT)     0.06       1.21 r
  execution_unit_0/alu_0/add_171/U1_8/CO (FADDX1_RVT)     0.06       1.27 r
  execution_unit_0/alu_0/add_171/U1_9/CO (FADDX1_RVT)     0.06       1.32 r
  execution_unit_0/alu_0/add_171/U1_10/CO (FADDX1_RVT)     0.06      1.38 r
  execution_unit_0/alu_0/add_171/U1_11/CO (FADDX1_RVT)     0.06      1.44 r
  execution_unit_0/alu_0/add_171/U1_12/CO (FADDX1_RVT)     0.06      1.49 r
  execution_unit_0/alu_0/add_171/U1_13/CO (FADDX1_RVT)     0.06      1.55 r
  execution_unit_0/alu_0/add_171/U1_14/CO (FADDX1_RVT)     0.06      1.61 r
  execution_unit_0/alu_0/add_171/U1_15/S (FADDX1_RVT)     0.09       1.70 f
  execution_unit_0/alu_0/add_171/SUM[15] (omsp_alu_DW01_add_9)     0.00     1.70 f
  execution_unit_0/alu_0/alu_out_add[15] (omsp_alu)       0.00       1.70 f
  execution_unit_0/mab[15] (omsp_execution_unit)          0.00       1.70 f
  mem_backbone_0/eu_mab[14] (omsp_mem_backbone)           0.00       1.70 f
  mem_backbone_0/U198/Y (NOR4X0_RVT)                      0.08       1.78 r
  mem_backbone_0/U197/Y (INVX0_RVT)                       0.01       1.79 f
  mem_backbone_0/U196/Y (OR3X1_RVT)                       0.04       1.83 f
  mem_backbone_0/U21/Y (NAND3X2_RVT)                      0.08       1.91 r
  mem_backbone_0/U8/Y (INVX2_RVT)                         0.05       1.96 f
  mem_backbone_0/U66/Y (MUX21X1_RVT)                      0.10       2.05 f
  mem_backbone_0/per_addr[0] (omsp_mem_backbone)          0.00       2.05 f
  watchdog_0/per_addr[0] (omsp_watchdog)                  0.00       2.05 f
  watchdog_0/U44/Y (INVX1_RVT)                            0.02       2.08 r
  watchdog_0/U49/Y (NAND4X0_RVT)                          0.03       2.11 f
  watchdog_0/U34/Y (NOR4X1_RVT)                           0.08       2.19 r
  watchdog_0/clock_gate_wdtctl/enable (omsp_clock_gate_21)     0.00     2.19 r
  watchdog_0/clock_gate_wdtctl/U4/Y (OR2X1_RVT)           0.03       2.22 r
  watchdog_0/clock_gate_wdtctl/enable_latch_reg/D (LATCHX1_RVT)     0.00     2.22 r
  data arrival time                                                  2.22

  clock dco_clk' (rise edge)                             20.00      20.00
  clock network delay (ideal)                             0.00      20.00
  watchdog_0/clock_gate_wdtctl/enable_latch_reg/CLK (LATCHX1_RVT)     0.00    20.00 r
  time borrowed from endpoint                             0.00      20.00
  data required time                                                20.00
  --------------------------------------------------------------------------
  data required time                                                20.00
  data arrival time                                                 -2.22
  --------------------------------------------------------------------------
  slack (MET)                                                       17.78

  Time Borrowing Information
  --------------------------------------------------------------
  dco_clk' nominal pulse width                           20.00   
  library setup time                                     -0.03   
  --------------------------------------------------------------
  max time borrow                                        19.97   
  actual time borrow                                      0.00   
  --------------------------------------------------------------


  Startpoint: frontend_0/e_state_reg[2]
              (rising edge-triggered flip-flop clocked by dco_clk)
  Endpoint: frontend_0/clock_gate_pc/enable_latch_reg
            (positive level-sensitive latch clocked by dco_clk')
  Path Group: dco_clk
  Path Type: max

  Des/Clust/Port     Wire Load Model       Library
  ------------------------------------------------
  openMSP430         16000                 saed32rvt_tt1p05v25c
  omsp_execution_unit 8000                 saed32rvt_tt1p05v25c
  omsp_alu           8000                  saed32rvt_tt1p05v25c
  omsp_frontend      8000                  saed32rvt_tt1p05v25c
  omsp_clock_gate_28 ForQA                 saed32rvt_tt1p05v25c

  Point                                                   Incr       Path
  --------------------------------------------------------------------------
  clock dco_clk (rise edge)                               0.00       0.00
  clock network delay (ideal)                             0.00       0.00
  frontend_0/e_state_reg[2]/CLK (DFFARX1_RVT)             0.00       0.00 r
  frontend_0/e_state_reg[2]/Q (DFFARX1_RVT)               0.10       0.10 f
  frontend_0/e_state[2] (omsp_frontend)                   0.00       0.10 f
  execution_unit_0/e_state[2] (omsp_execution_unit)       0.00       0.10 f
  execution_unit_0/U143/Y (INVX1_RVT)                     0.02       0.13 r
  execution_unit_0/U214/Y (AND2X1_RVT)                    0.03       0.16 r
  execution_unit_0/U185/Y (NAND3X0_RVT)                   0.07       0.23 f
  execution_unit_0/U92/Y (INVX1_RVT)                      0.05       0.28 r
  execution_unit_0/U100/Y (AND2X1_RVT)                    0.03       0.31 r
  execution_unit_0/U23/Y (AO221X2_RVT)                    0.09       0.41 r
  execution_unit_0/U97/Y (NOR2X0_RVT)                     0.05       0.46 f
  execution_unit_0/U94/Y (AND2X1_RVT)                     0.03       0.49 f
  execution_unit_0/U18/Y (AND2X1_RVT)                     0.06       0.55 f
  execution_unit_0/U90/Y (AO222X1_RVT)                    0.07       0.62 f
  execution_unit_0/U86/Y (OR2X1_RVT)                      0.04       0.66 f
  execution_unit_0/alu_0/op_src[0] (omsp_alu)             0.00       0.66 f
  execution_unit_0/alu_0/U26/Y (XOR2X1_RVT)               0.08       0.74 r
  execution_unit_0/alu_0/add_1_root_add_100_2_C185/U1_0/CO (FADDX1_RVT)     0.06     0.81 r
  execution_unit_0/alu_0/add_1_root_add_100_2_C185/U1_1/CO (FADDX1_RVT)     0.06     0.86 r
  execution_unit_0/alu_0/add_1_root_add_100_2_C185/U1_2/CO (FADDX1_RVT)     0.06     0.92 r
  execution_unit_0/alu_0/add_1_root_add_100_2_C185/U1_3/S (FADDX1_RVT)     0.09     1.01 f
  execution_unit_0/alu_0/U143/Y (OA21X1_RVT)              0.04       1.04 f
  execution_unit_0/alu_0/U7/Y (OR2X1_RVT)                 0.04       1.08 f
  execution_unit_0/alu_0/U106/Y (AND2X1_RVT)              0.04       1.12 f
  execution_unit_0/alu_0/add_102_C185_aco/U1_2/CO (FADDX1_RVT)     0.05     1.17 f
  execution_unit_0/alu_0/U104/Y (AND2X1_RVT)              0.03       1.20 f
  execution_unit_0/alu_0/U103/Y (XOR2X1_RVT)              0.06       1.26 f
  execution_unit_0/alu_0/add_1_root_add_100_2_C186/U1_0/S (FADDX1_RVT)     0.08     1.34 r
  execution_unit_0/alu_0/U17/Y (AO222X2_RVT)              0.10       1.44 r
  execution_unit_0/alu_0/alu_out[4] (omsp_alu)            0.00       1.44 r
  execution_unit_0/register_file_0/reg_dest_val[4] (omsp_register_file)     0.00     1.44 r
  execution_unit_0/register_file_0/U399/Y (AO21X1_RVT)     0.06      1.50 r
  execution_unit_0/register_file_0/cpuoff (omsp_register_file)     0.00     1.50 r
  execution_unit_0/cpuoff (omsp_execution_unit)           0.00       1.50 r
  frontend_0/cpuoff (omsp_frontend)                       0.00       1.50 r
  frontend_0/U320/Y (INVX1_RVT)                           0.02       1.52 f
  frontend_0/U280/Y (AND3X1_RVT)                          0.04       1.56 f
  frontend_0/U279/Y (NAND3X0_RVT)                         0.03       1.59 r
  frontend_0/U317/Y (INVX1_RVT)                           0.01       1.60 f
  frontend_0/U248/Y (NAND2X0_RVT)                         0.02       1.62 r
  frontend_0/U247/Y (AO222X1_RVT)                         0.07       1.69 r
  frontend_0/U75/Y (NAND3X0_RVT)                          0.02       1.71 f
  frontend_0/U74/Y (NAND2X0_RVT)                          0.04       1.76 r
  frontend_0/U40/Y (NAND3X0_RVT)                          0.03       1.78 f
  frontend_0/clock_gate_pc/enable (omsp_clock_gate_28)     0.00      1.78 f
  frontend_0/clock_gate_pc/U4/Y (OR2X1_RVT)               0.04       1.82 f
  frontend_0/clock_gate_pc/enable_latch_reg/D (LATCHX1_RVT)     0.00     1.82 f
  data arrival time                                                  1.82

  clock dco_clk' (rise edge)                             20.00      20.00
  clock network delay (ideal)                             0.00      20.00
  frontend_0/clock_gate_pc/enable_latch_reg/CLK (LATCHX1_RVT)     0.00    20.00 r
  time borrowed from endpoint                             0.00      20.00
  data required time                                                20.00
  --------------------------------------------------------------------------
  data required time                                                20.00
  data arrival time                                                 -1.82
  --------------------------------------------------------------------------
  slack (MET)                                                       18.18

  Time Borrowing Information
  --------------------------------------------------------------
  dco_clk' nominal pulse width                           20.00   
  library setup time                                     -0.03   
  --------------------------------------------------------------
  max time borrow                                        19.97   
  actual time borrow                                      0.00   
  --------------------------------------------------------------


  Startpoint: frontend_0/e_state_reg[2]
              (rising edge-triggered flip-flop clocked by dco_clk)
  Endpoint: clock_module_0/clock_gate_dma_mclk/enable_latch_reg
            (positive level-sensitive latch clocked by dco_clk')
  Path Group: dco_clk
  Path Type: max

  Des/Clust/Port     Wire Load Model       Library
  ------------------------------------------------
  openMSP430         16000                 saed32rvt_tt1p05v25c
  omsp_execution_unit 8000                 saed32rvt_tt1p05v25c
  omsp_alu           8000                  saed32rvt_tt1p05v25c
  omsp_frontend      8000                  saed32rvt_tt1p05v25c
  omsp_clock_module  8000                  saed32rvt_tt1p05v25c
  omsp_clock_gate_33 ForQA                 saed32rvt_tt1p05v25c

  Point                                                   Incr       Path
  --------------------------------------------------------------------------
  clock dco_clk (rise edge)                               0.00       0.00
  clock network delay (ideal)                             0.00       0.00
  frontend_0/e_state_reg[2]/CLK (DFFARX1_RVT)             0.00       0.00 r
  frontend_0/e_state_reg[2]/Q (DFFARX1_RVT)               0.10       0.10 f
  frontend_0/e_state[2] (omsp_frontend)                   0.00       0.10 f
  execution_unit_0/e_state[2] (omsp_execution_unit)       0.00       0.10 f
  execution_unit_0/U143/Y (INVX1_RVT)                     0.02       0.13 r
  execution_unit_0/U214/Y (AND2X1_RVT)                    0.03       0.16 r
  execution_unit_0/U185/Y (NAND3X0_RVT)                   0.07       0.23 f
  execution_unit_0/U92/Y (INVX1_RVT)                      0.05       0.28 r
  execution_unit_0/U100/Y (AND2X1_RVT)                    0.03       0.31 r
  execution_unit_0/U23/Y (AO221X2_RVT)                    0.09       0.41 r
  execution_unit_0/U97/Y (NOR2X0_RVT)                     0.05       0.46 f
  execution_unit_0/U94/Y (AND2X1_RVT)                     0.03       0.49 f
  execution_unit_0/U18/Y (AND2X1_RVT)                     0.06       0.55 f
  execution_unit_0/U90/Y (AO222X1_RVT)                    0.07       0.62 f
  execution_unit_0/U86/Y (OR2X1_RVT)                      0.04       0.66 f
  execution_unit_0/alu_0/op_src[0] (omsp_alu)             0.00       0.66 f
  execution_unit_0/alu_0/U26/Y (XOR2X1_RVT)               0.08       0.74 r
  execution_unit_0/alu_0/add_1_root_add_100_2_C185/U1_0/CO (FADDX1_RVT)     0.06     0.81 r
  execution_unit_0/alu_0/add_1_root_add_100_2_C185/U1_1/CO (FADDX1_RVT)     0.06     0.86 r
  execution_unit_0/alu_0/add_1_root_add_100_2_C185/U1_2/CO (FADDX1_RVT)     0.06     0.92 r
  execution_unit_0/alu_0/add_1_root_add_100_2_C185/U1_3/S (FADDX1_RVT)     0.09     1.01 f
  execution_unit_0/alu_0/U143/Y (OA21X1_RVT)              0.04       1.04 f
  execution_unit_0/alu_0/U7/Y (OR2X1_RVT)                 0.04       1.08 f
  execution_unit_0/alu_0/U106/Y (AND2X1_RVT)              0.04       1.12 f
  execution_unit_0/alu_0/add_102_C185_aco/U1_2/CO (FADDX1_RVT)     0.05     1.17 f
  execution_unit_0/alu_0/U104/Y (AND2X1_RVT)              0.03       1.20 f
  execution_unit_0/alu_0/U103/Y (XOR2X1_RVT)              0.07       1.27 r
  execution_unit_0/alu_0/add_1_root_add_100_2_C186/U1_0/S (FADDX1_RVT)     0.08     1.35 f
  execution_unit_0/alu_0/U17/Y (AO222X2_RVT)              0.08       1.43 f
  execution_unit_0/alu_0/alu_out[4] (omsp_alu)            0.00       1.43 f
  execution_unit_0/register_file_0/reg_dest_val[4] (omsp_register_file)     0.00     1.43 f
  execution_unit_0/register_file_0/U399/Y (AO21X1_RVT)     0.06      1.49 f
  execution_unit_0/register_file_0/cpuoff (omsp_register_file)     0.00     1.49 f
  execution_unit_0/cpuoff (omsp_execution_unit)           0.00       1.49 f
  frontend_0/cpuoff (omsp_frontend)                       0.00       1.49 f
  frontend_0/U69/Y (NAND2X0_RVT)                          0.03       1.51 r
  frontend_0/U68/Y (AO22X1_RVT)                           0.05       1.56 r
  frontend_0/mclk_enable (omsp_frontend)                  0.00       1.56 r
  clock_module_0/mclk_enable (omsp_clock_module)          0.00       1.56 r
  clock_module_0/U68/Y (OR2X1_RVT)                        0.03       1.59 r
  clock_module_0/U67/Y (AO21X1_RVT)                       0.03       1.62 r
  clock_module_0/U62/Y (AND2X1_RVT)                       0.03       1.65 r
  clock_module_0/U60/Y (AO21X1_RVT)                       0.03       1.67 r
  clock_module_0/clock_gate_dma_mclk/enable (omsp_clock_gate_33)     0.00     1.67 r
  clock_module_0/clock_gate_dma_mclk/U4/Y (OR2X1_RVT)     0.03       1.71 r
  clock_module_0/clock_gate_dma_mclk/enable_latch_reg/D (LATCHX1_RVT)     0.00     1.71 r
  data arrival time                                                  1.71

  clock dco_clk' (rise edge)                             20.00      20.00
  clock network delay (ideal)                             0.00      20.00
  clock_module_0/clock_gate_dma_mclk/enable_latch_reg/CLK (LATCHX1_RVT)     0.00    20.00 r
  time borrowed from endpoint                             0.00      20.00
  data required time                                                20.00
  --------------------------------------------------------------------------
  data required time                                                20.00
  data arrival time                                                 -1.71
  --------------------------------------------------------------------------
  slack (MET)                                                       18.29

  Time Borrowing Information
  --------------------------------------------------------------
  dco_clk' nominal pulse width                           20.00   
  library setup time                                     -0.03   
  --------------------------------------------------------------
  max time borrow                                        19.97   
  actual time borrow                                      0.00   
  --------------------------------------------------------------


  Startpoint: frontend_0/e_state_reg[2]
              (rising edge-triggered flip-flop clocked by dco_clk)
  Endpoint: clock_module_0/clock_gate_mclk/enable_latch_reg
            (positive level-sensitive latch clocked by dco_clk')
  Path Group: dco_clk
  Path Type: max

  Des/Clust/Port     Wire Load Model       Library
  ------------------------------------------------
  openMSP430         16000                 saed32rvt_tt1p05v25c
  omsp_execution_unit 8000                 saed32rvt_tt1p05v25c
  omsp_alu           8000                  saed32rvt_tt1p05v25c
  omsp_frontend      8000                  saed32rvt_tt1p05v25c
  omsp_clock_module  8000                  saed32rvt_tt1p05v25c
  omsp_clock_gate_0  ForQA                 saed32rvt_tt1p05v25c

  Point                                                   Incr       Path
  --------------------------------------------------------------------------
  clock dco_clk (rise edge)                               0.00       0.00
  clock network delay (ideal)                             0.00       0.00
  frontend_0/e_state_reg[2]/CLK (DFFARX1_RVT)             0.00       0.00 r
  frontend_0/e_state_reg[2]/Q (DFFARX1_RVT)               0.10       0.10 f
  frontend_0/e_state[2] (omsp_frontend)                   0.00       0.10 f
  execution_unit_0/e_state[2] (omsp_execution_unit)       0.00       0.10 f
  execution_unit_0/U143/Y (INVX1_RVT)                     0.02       0.13 r
  execution_unit_0/U214/Y (AND2X1_RVT)                    0.03       0.16 r
  execution_unit_0/U185/Y (NAND3X0_RVT)                   0.07       0.23 f
  execution_unit_0/U92/Y (INVX1_RVT)                      0.05       0.28 r
  execution_unit_0/U100/Y (AND2X1_RVT)                    0.03       0.31 r
  execution_unit_0/U23/Y (AO221X2_RVT)                    0.09       0.41 r
  execution_unit_0/U97/Y (NOR2X0_RVT)                     0.05       0.46 f
  execution_unit_0/U94/Y (AND2X1_RVT)                     0.03       0.49 f
  execution_unit_0/U18/Y (AND2X1_RVT)                     0.06       0.55 f
  execution_unit_0/U90/Y (AO222X1_RVT)                    0.07       0.62 f
  execution_unit_0/U86/Y (OR2X1_RVT)                      0.04       0.66 f
  execution_unit_0/alu_0/op_src[0] (omsp_alu)             0.00       0.66 f
  execution_unit_0/alu_0/U26/Y (XOR2X1_RVT)               0.08       0.74 r
  execution_unit_0/alu_0/add_1_root_add_100_2_C185/U1_0/CO (FADDX1_RVT)     0.06     0.81 r
  execution_unit_0/alu_0/add_1_root_add_100_2_C185/U1_1/CO (FADDX1_RVT)     0.06     0.86 r
  execution_unit_0/alu_0/add_1_root_add_100_2_C185/U1_2/CO (FADDX1_RVT)     0.06     0.92 r
  execution_unit_0/alu_0/add_1_root_add_100_2_C185/U1_3/S (FADDX1_RVT)     0.09     1.01 f
  execution_unit_0/alu_0/U143/Y (OA21X1_RVT)              0.04       1.04 f
  execution_unit_0/alu_0/U7/Y (OR2X1_RVT)                 0.04       1.08 f
  execution_unit_0/alu_0/U106/Y (AND2X1_RVT)              0.04       1.12 f
  execution_unit_0/alu_0/add_102_C185_aco/U1_2/CO (FADDX1_RVT)     0.05     1.17 f
  execution_unit_0/alu_0/U104/Y (AND2X1_RVT)              0.03       1.20 f
  execution_unit_0/alu_0/U103/Y (XOR2X1_RVT)              0.07       1.27 r
  execution_unit_0/alu_0/add_1_root_add_100_2_C186/U1_0/S (FADDX1_RVT)     0.08     1.35 f
  execution_unit_0/alu_0/U17/Y (AO222X2_RVT)              0.08       1.43 f
  execution_unit_0/alu_0/alu_out[4] (omsp_alu)            0.00       1.43 f
  execution_unit_0/register_file_0/reg_dest_val[4] (omsp_register_file)     0.00     1.43 f
  execution_unit_0/register_file_0/U399/Y (AO21X1_RVT)     0.06      1.49 f
  execution_unit_0/register_file_0/cpuoff (omsp_register_file)     0.00     1.49 f
  execution_unit_0/cpuoff (omsp_execution_unit)           0.00       1.49 f
  frontend_0/cpuoff (omsp_frontend)                       0.00       1.49 f
  frontend_0/U69/Y (NAND2X0_RVT)                          0.03       1.51 r
  frontend_0/U68/Y (AO22X1_RVT)                           0.05       1.56 r
  frontend_0/mclk_enable (omsp_frontend)                  0.00       1.56 r
  clock_module_0/mclk_enable (omsp_clock_module)          0.00       1.56 r
  clock_module_0/U68/Y (OR2X1_RVT)                        0.03       1.59 r
  clock_module_0/U67/Y (AO21X1_RVT)                       0.03       1.62 r
  clock_module_0/U62/Y (AND2X1_RVT)                       0.03       1.65 r
  clock_module_0/clock_gate_mclk/enable (omsp_clock_gate_0)     0.00     1.65 r
  clock_module_0/clock_gate_mclk/U4/Y (OR2X1_RVT)         0.03       1.68 r
  clock_module_0/clock_gate_mclk/enable_latch_reg/D (LATCHX1_RVT)     0.00     1.68 r
  data arrival time                                                  1.68

  clock dco_clk' (rise edge)                             20.00      20.00
  clock network delay (ideal)                             0.00      20.00
  clock_module_0/clock_gate_mclk/enable_latch_reg/CLK (LATCHX1_RVT)     0.00    20.00 r
  time borrowed from endpoint                             0.00      20.00
  data required time                                                20.00
  --------------------------------------------------------------------------
  data required time                                                20.00
  data arrival time                                                 -1.68
  --------------------------------------------------------------------------
  slack (MET)                                                       18.32

  Time Borrowing Information
  --------------------------------------------------------------
  dco_clk' nominal pulse width                           20.00   
  library setup time                                     -0.03   
  --------------------------------------------------------------
  max time borrow                                        19.97   
  actual time borrow                                      0.00   
  --------------------------------------------------------------


  Startpoint: frontend_0/e_state_reg[1]
              (rising edge-triggered flip-flop clocked by dco_clk)
  Endpoint: frontend_0/clock_gate_inst_sext/enable_latch_reg
            (positive level-sensitive latch clocked by dco_clk')
  Path Group: dco_clk
  Path Type: max

  Des/Clust/Port     Wire Load Model       Library
  ------------------------------------------------
  openMSP430         16000                 saed32rvt_tt1p05v25c
  omsp_frontend      8000                  saed32rvt_tt1p05v25c
  omsp_dbg           8000                  saed32rvt_tt1p05v25c
  omsp_clock_gate_27 ForQA                 saed32rvt_tt1p05v25c

  Point                                                   Incr       Path
  --------------------------------------------------------------------------
  clock dco_clk (rise edge)                               0.00       0.00
  clock network delay (ideal)                             0.00       0.00
  frontend_0/e_state_reg[1]/CLK (DFFARX1_RVT)             0.00       0.00 r
  frontend_0/e_state_reg[1]/Q (DFFARX1_RVT)               0.12       0.12 f
  frontend_0/U477/Y (AND3X1_RVT)                          0.05       0.17 f
  frontend_0/U461/Y (NAND2X0_RVT)                         0.04       0.21 r
  frontend_0/U459/Y (OR3X1_RVT)                           0.06       0.27 r
  frontend_0/U458/Y (NAND4X0_RVT)                         0.07       0.34 f
  frontend_0/U444/Y (OA21X1_RVT)                          0.06       0.40 f
  frontend_0/decode_noirq (omsp_frontend)                 0.00       0.40 f
  dbg_0/decode_noirq (omsp_dbg)                           0.00       0.40 f
  dbg_0/U248/Y (AND4X1_RVT)                               0.06       0.46 f
  dbg_0/U246/Y (NAND4X0_RVT)                              0.03       0.49 r
  dbg_0/U126/Y (AND2X1_RVT)                               0.03       0.52 r
  dbg_0/U119/Y (NAND4X0_RVT)                              0.04       0.56 f
  dbg_0/U118/Y (AND2X1_RVT)                               0.04       0.60 f
  dbg_0/dbg_halt_cmd (omsp_dbg)                           0.00       0.60 f
  mem_backbone_0/dbg_halt_cmd (omsp_mem_backbone)         0.00       0.60 f
  mem_backbone_0/U233/Y (AO21X1_RVT)                      0.03       0.63 f
  mem_backbone_0/cpu_halt_cmd (omsp_mem_backbone)         0.00       0.63 f
  frontend_0/cpu_halt_cmd (omsp_frontend)                 0.00       0.63 f
  frontend_0/U452/Y (INVX1_RVT)                           0.01       0.64 r
  frontend_0/U491/Y (NAND2X0_RVT)                         0.04       0.67 f
  frontend_0/U450/Y (INVX1_RVT)                           0.03       0.71 r
  frontend_0/U455/Y (NAND2X0_RVT)                         0.02       0.73 f
  frontend_0/U93/Y (AO221X1_RVT)                          0.06       0.78 f
  frontend_0/U431/Y (NAND3X0_RVT)                         0.05       0.83 r
  frontend_0/U413/Y (INVX1_RVT)                           0.03       0.87 f
  frontend_0/U427/Y (AOI22X1_RVT)                         0.07       0.94 r
  frontend_0/U417/Y (NAND4X0_RVT)                         0.04       0.97 f
  frontend_0/U415/Y (AND2X1_RVT)                          0.05       1.02 f
  frontend_0/U407/Y (NAND3X0_RVT)                         0.03       1.05 r
  frontend_0/U406/Y (INVX1_RVT)                           0.02       1.07 f
  frontend_0/U335/Y (NAND2X0_RVT)                         0.03       1.10 r
  frontend_0/U334/Y (NAND3X0_RVT)                         0.04       1.14 f
  frontend_0/U333/Y (AO21X1_RVT)                          0.04       1.17 f
  frontend_0/U331/Y (NAND2X0_RVT)                         0.03       1.20 r
  frontend_0/U327/Y (NAND2X0_RVT)                         0.03       1.23 f
  frontend_0/U146/Y (AO21X1_RVT)                          0.03       1.26 f
  frontend_0/clock_gate_inst_sext/enable (omsp_clock_gate_27)     0.00     1.26 f
  frontend_0/clock_gate_inst_sext/U4/Y (OR2X1_RVT)        0.03       1.30 f
  frontend_0/clock_gate_inst_sext/enable_latch_reg/D (LATCHX1_RVT)     0.00     1.30 f
  data arrival time                                                  1.30

  clock dco_clk' (rise edge)                             20.00      20.00
  clock network delay (ideal)                             0.00      20.00
  frontend_0/clock_gate_inst_sext/enable_latch_reg/CLK (LATCHX1_RVT)     0.00    20.00 r
  time borrowed from endpoint                             0.00      20.00
  data required time                                                20.00
  --------------------------------------------------------------------------
  data required time                                                20.00
  data arrival time                                                 -1.30
  --------------------------------------------------------------------------
  slack (MET)                                                       18.70

  Time Borrowing Information
  --------------------------------------------------------------
  dco_clk' nominal pulse width                           20.00   
  library setup time                                     -0.03   
  --------------------------------------------------------------
  max time borrow                                        19.97   
  actual time borrow                                      0.00   
  --------------------------------------------------------------


  Startpoint: clock_module_0/divax_ss_reg[0]
              (rising edge-triggered flip-flop clocked by lfxt_clk)
  Endpoint: clock_module_0/clock_gate_aclk/enable_latch_reg
            (positive level-sensitive latch clocked by lfxt_clk')
  Path Group: lfxt_clk
  Path Type: max

  Des/Clust/Port     Wire Load Model       Library
  ------------------------------------------------
  openMSP430         16000                 saed32rvt_tt1p05v25c
  omsp_clock_module  8000                  saed32rvt_tt1p05v25c
  omsp_clock_gate_32 ForQA                 saed32rvt_tt1p05v25c

  Point                                                   Incr       Path
  --------------------------------------------------------------------------
  clock lfxt_clk (rise edge)                              0.00       0.00
  clock network delay (ideal)                             0.00       0.00
  clock_module_0/divax_ss_reg[0]/CLK (DFFARX1_RVT)        0.00       0.00 r
  clock_module_0/divax_ss_reg[0]/Q (DFFARX1_RVT)          0.09       0.09 f
  clock_module_0/U111/Y (AOI21X1_RVT)                     0.05       0.15 r
  clock_module_0/U108/Y (OA21X1_RVT)                      0.04       0.19 r
  clock_module_0/U104/Y (OA221X1_RVT)                     0.05       0.24 r
  clock_module_0/clock_gate_aclk/enable (omsp_clock_gate_32)     0.00     0.24 r
  clock_module_0/clock_gate_aclk/U4/Y (OR2X1_RVT)         0.03       0.27 r
  clock_module_0/clock_gate_aclk/enable_latch_reg/D (LATCHX1_RVT)     0.00     0.27 r
  data arrival time                                                  0.27

  clock lfxt_clk' (rise edge)                            20.00      20.00
  clock network delay (ideal)                             0.00      20.00
  clock_module_0/clock_gate_aclk/enable_latch_reg/CLK (LATCHX1_RVT)     0.00    20.00 r
  time borrowed from endpoint                             0.00      20.00
  data required time                                                20.00
  --------------------------------------------------------------------------
  data required time                                                20.00
  data arrival time                                                 -0.27
  --------------------------------------------------------------------------
  slack (MET)                                                       19.73

  Time Borrowing Information
  --------------------------------------------------------------
  lfxt_clk' nominal pulse width                          20.00   
  library setup time                                     -0.03   
  --------------------------------------------------------------
  max time borrow                                        19.97   
  actual time borrow                                      0.00   
  --------------------------------------------------------------


  Startpoint: clock_module_0/lfxt_disable_reg
              (rising edge-triggered flip-flop clocked by dco_clk)
  Endpoint: clock_module_0/sync_cell_lfxt_disable/data_sync_reg[0]
            (rising edge-triggered flip-flop clocked by lfxt_clk')
  Path Group: lfxt_clk
  Path Type: max

  Des/Clust/Port     Wire Load Model       Library
  ------------------------------------------------
  openMSP430         16000                 saed32rvt_tt1p05v25c
  omsp_clock_module  8000                  saed32rvt_tt1p05v25c

  Point                                                   Incr       Path
  --------------------------------------------------------------------------
  clock dco_clk (rise edge)                               0.00       0.00
  clock network delay (ideal)                             0.00       0.00
  clock_module_0/lfxt_disable_reg/CLK (DFFASX1_RVT)       0.00       0.00 r
  clock_module_0/lfxt_disable_reg/QN (DFFASX1_RVT)        0.08       0.08 r
  clock_module_0/sync_cell_lfxt_disable/data_in (omsp_sync_cell_15)     0.00     0.08 r
  clock_module_0/sync_cell_lfxt_disable/data_sync_reg[0]/D (DFFARX1_RVT)     0.00     0.08 r
  data arrival time                                                  0.08

  clock lfxt_clk' (rise edge)                            20.00      20.00
  clock network delay (ideal)                             0.00      20.00
  clock_module_0/sync_cell_lfxt_disable/data_sync_reg[0]/CLK (DFFARX1_RVT)     0.00    20.00 r
  library setup time                                     -0.04      19.96
  data required time                                                19.96
  --------------------------------------------------------------------------
  data required time                                                19.96
  data arrival time                                                 -0.08
  --------------------------------------------------------------------------
  slack (MET)                                                       19.88


  Startpoint: clock_module_0/divax_ss_reg[0]
              (rising edge-triggered flip-flop clocked by lfxt_clk)
  Endpoint: clock_module_0/aclk_div_reg[2]
            (rising edge-triggered flip-flop clocked by lfxt_clk)
  Path Group: lfxt_clk
  Path Type: max

  Des/Clust/Port     Wire Load Model       Library
  ------------------------------------------------
  openMSP430         16000                 saed32rvt_tt1p05v25c
  omsp_clock_module  8000                  saed32rvt_tt1p05v25c

  Point                                                   Incr       Path
  --------------------------------------------------------------------------
  clock lfxt_clk (rise edge)                              0.00       0.00
  clock network delay (ideal)                             0.00       0.00
  clock_module_0/divax_ss_reg[0]/CLK (DFFARX1_RVT)        0.00       0.00 r
  clock_module_0/divax_ss_reg[0]/Q (DFFARX1_RVT)          0.10       0.10 r
  clock_module_0/U107/Y (OR2X1_RVT)                       0.04       0.14 r
  clock_module_0/U34/Y (NAND2X0_RVT)                      0.03       0.17 f
  clock_module_0/U32/Y (OR2X1_RVT)                        0.04       0.21 f
  clock_module_0/U31/Y (XOR2X1_RVT)                       0.06       0.26 r
  clock_module_0/aclk_div_reg[2]/D (DFFARX1_RVT)          0.00       0.26 r
  data arrival time                                                  0.26

  clock lfxt_clk (rise edge)                             40.00      40.00
  clock network delay (ideal)                             0.00      40.00
  clock_module_0/aclk_div_reg[2]/CLK (DFFARX1_RVT)        0.00      40.00 r
  library setup time                                     -0.03      39.97
  data required time                                                39.97
  --------------------------------------------------------------------------
  data required time                                                39.97
  data arrival time                                                 -0.26
  --------------------------------------------------------------------------
  slack (MET)                                                       39.70


  Startpoint: clock_module_0/divax_ss_reg[0]
              (rising edge-triggered flip-flop clocked by lfxt_clk)
  Endpoint: clock_module_0/aclk_div_reg[1]
            (rising edge-triggered flip-flop clocked by lfxt_clk)
  Path Group: lfxt_clk
  Path Type: max

  Des/Clust/Port     Wire Load Model       Library
  ------------------------------------------------
  openMSP430         16000                 saed32rvt_tt1p05v25c
  omsp_clock_module  8000                  saed32rvt_tt1p05v25c

  Point                                                   Incr       Path
  --------------------------------------------------------------------------
  clock lfxt_clk (rise edge)                              0.00       0.00
  clock network delay (ideal)                             0.00       0.00
  clock_module_0/divax_ss_reg[0]/CLK (DFFARX1_RVT)        0.00       0.00 r
  clock_module_0/divax_ss_reg[0]/Q (DFFARX1_RVT)          0.10       0.10 r
  clock_module_0/U107/Y (OR2X1_RVT)                       0.04       0.14 r
  clock_module_0/U34/Y (NAND2X0_RVT)                      0.03       0.17 f
  clock_module_0/U13/Y (XOR2X1_RVT)                       0.06       0.23 r
  clock_module_0/aclk_div_reg[1]/D (DFFARX1_RVT)          0.00       0.23 r
  data arrival time                                                  0.23

  clock lfxt_clk (rise edge)                             40.00      40.00
  clock network delay (ideal)                             0.00      40.00
  clock_module_0/aclk_div_reg[1]/CLK (DFFARX1_RVT)        0.00      40.00 r
  library setup time                                     -0.03      39.97
  data required time                                                39.97
  --------------------------------------------------------------------------
  data required time                                                39.97
  data arrival time                                                 -0.23
  --------------------------------------------------------------------------
  slack (MET)                                                       39.74


  Startpoint: clock_module_0/divax_ss_reg[0]
              (rising edge-triggered flip-flop clocked by lfxt_clk)
  Endpoint: clock_module_0/aclk_div_reg[0]
            (rising edge-triggered flip-flop clocked by lfxt_clk)
  Path Group: lfxt_clk
  Path Type: max

  Des/Clust/Port     Wire Load Model       Library
  ------------------------------------------------
  openMSP430         16000                 saed32rvt_tt1p05v25c
  omsp_clock_module  8000                  saed32rvt_tt1p05v25c

  Point                                                   Incr       Path
  --------------------------------------------------------------------------
  clock lfxt_clk (rise edge)                              0.00       0.00
  clock network delay (ideal)                             0.00       0.00
  clock_module_0/divax_ss_reg[0]/CLK (DFFARX1_RVT)        0.00       0.00 r
  clock_module_0/divax_ss_reg[0]/Q (DFFARX1_RVT)          0.10       0.10 r
  clock_module_0/U107/Y (OR2X1_RVT)                       0.04       0.14 r
  clock_module_0/U19/Y (XNOR2X1_RVT)                      0.07       0.20 r
  clock_module_0/aclk_div_reg[0]/D (DFFARX1_RVT)          0.00       0.20 r
  data arrival time                                                  0.20

  clock lfxt_clk (rise edge)                             40.00      40.00
  clock network delay (ideal)                             0.00      40.00
  clock_module_0/aclk_div_reg[0]/CLK (DFFARX1_RVT)        0.00      40.00 r
  library setup time                                     -0.03      39.97
  data required time                                                39.97
  --------------------------------------------------------------------------
  data required time                                                39.97
  data arrival time                                                 -0.20
  --------------------------------------------------------------------------
  slack (MET)                                                       39.77


  Startpoint: clock_module_0/bcsctl1_reg[1]
              (rising edge-triggered flip-flop clocked by dco_clk)
  Endpoint: clock_module_0/sync_cell_aclk_dma_wkup/data_sync_reg[0]
            (rising edge-triggered flip-flop clocked by lfxt_clk)
  Path Group: lfxt_clk
  Path Type: max

  Des/Clust/Port     Wire Load Model       Library
  ------------------------------------------------
  openMSP430         16000                 saed32rvt_tt1p05v25c
  omsp_clock_module  8000                  saed32rvt_tt1p05v25c

  Point                                                   Incr       Path
  --------------------------------------------------------------------------
  clock dco_clk (rise edge)                               0.00       0.00
  clock network delay (ideal)                             0.00       0.00
  clock_module_0/bcsctl1_reg[1]/CLK (DFFARX1_RVT)         0.00       0.00 r
  clock_module_0/bcsctl1_reg[1]/Q (DFFARX1_RVT)           0.10       0.10 f
  clock_module_0/and_oscoff_mclk_dma_wkup/a (omsp_and_gate_22)     0.00     0.10 f
  clock_module_0/and_oscoff_mclk_dma_wkup/U1/Y (AND2X1_RVT)     0.04     0.14 f
  clock_module_0/and_oscoff_mclk_dma_wkup/y (omsp_and_gate_22)     0.00     0.14 f
  clock_module_0/U113/Y (OR2X1_RVT)                       0.03       0.17 f
  clock_module_0/sync_cell_aclk_dma_wkup/data_in (omsp_sync_cell_8)     0.00     0.17 f
  clock_module_0/sync_cell_aclk_dma_wkup/data_sync_reg[0]/D (DFFARX1_RVT)     0.00     0.17 f
  data arrival time                                                  0.17

  clock lfxt_clk (rise edge)                             40.00      40.00
  clock network delay (ideal)                             0.00      40.00
  clock_module_0/sync_cell_aclk_dma_wkup/data_sync_reg[0]/CLK (DFFARX1_RVT)     0.00    40.00 r
  library setup time                                     -0.03      39.97
  data required time                                                39.97
  --------------------------------------------------------------------------
  data required time                                                39.97
  data arrival time                                                 -0.17
  --------------------------------------------------------------------------
  slack (MET)                                                       39.81


  Startpoint: execution_unit_0/register_file_0/r2_reg[5]
              (rising edge-triggered flip-flop clocked by dco_clk)
  Endpoint: clock_module_0/sync_cell_oscoff/data_sync_reg[0]
            (rising edge-triggered flip-flop clocked by lfxt_clk)
  Path Group: lfxt_clk
  Path Type: max

  Des/Clust/Port     Wire Load Model       Library
  ------------------------------------------------
  omsp_register_file 8000                  saed32rvt_tt1p05v25c
  openMSP430         16000                 saed32rvt_tt1p05v25c

  Point                                                   Incr       Path
  --------------------------------------------------------------------------
  clock dco_clk (rise edge)                               0.00       0.00
  clock network delay (ideal)                             0.00       0.00
  execution_unit_0/register_file_0/r2_reg[5]/CLK (DFFARX1_RVT)     0.00     0.00 r
  execution_unit_0/register_file_0/r2_reg[5]/Q (DFFARX1_RVT)     0.10     0.10 r
  execution_unit_0/register_file_0/oscoff (omsp_register_file)     0.00     0.10 r
  execution_unit_0/oscoff (omsp_execution_unit)           0.00       0.10 r
  clock_module_0/oscoff (omsp_clock_module)               0.00       0.10 r
  clock_module_0/sync_cell_oscoff/data_in (omsp_sync_cell_9)     0.00     0.10 r
  clock_module_0/sync_cell_oscoff/data_sync_reg[0]/D (DFFARX1_RVT)     0.00     0.10 r
  data arrival time                                                  0.10

  clock lfxt_clk (rise edge)                             40.00      40.00
  clock network delay (ideal)                             0.00      40.00
  clock_module_0/sync_cell_oscoff/data_sync_reg[0]/CLK (DFFARX1_RVT)     0.00    40.00 r
  library setup time                                     -0.03      39.97
  data required time                                                39.97
  --------------------------------------------------------------------------
  data required time                                                39.97
  data arrival time                                                 -0.10
  --------------------------------------------------------------------------
  slack (MET)                                                       39.87


  Startpoint: clock_module_0/bcsctl1_reg[5]
              (rising edge-triggered flip-flop clocked by dco_clk)
  Endpoint: clock_module_0/divax_s_reg[1]
            (rising edge-triggered flip-flop clocked by lfxt_clk)
  Path Group: lfxt_clk
  Path Type: max

  Des/Clust/Port     Wire Load Model       Library
  ------------------------------------------------
  openMSP430         16000                 saed32rvt_tt1p05v25c
  omsp_clock_module  8000                  saed32rvt_tt1p05v25c

  Point                                                   Incr       Path
  --------------------------------------------------------------------------
  clock dco_clk (rise edge)                               0.00       0.00
  clock network delay (ideal)                             0.00       0.00
  clock_module_0/bcsctl1_reg[5]/CLK (DFFARX1_RVT)         0.00       0.00 r
  clock_module_0/bcsctl1_reg[5]/Q (DFFARX1_RVT)           0.10       0.10 r
  clock_module_0/divax_s_reg[1]/D (DFFARX1_RVT)           0.00       0.10 r
  data arrival time                                                  0.10

  clock lfxt_clk (rise edge)                             40.00      40.00
  clock network delay (ideal)                             0.00      40.00
  clock_module_0/divax_s_reg[1]/CLK (DFFARX1_RVT)         0.00      40.00 r
  library setup time                                     -0.03      39.97
  data required time                                                39.97
  --------------------------------------------------------------------------
  data required time                                                39.97
  data arrival time                                                 -0.10
  --------------------------------------------------------------------------
  slack (MET)                                                       39.87


  Startpoint: clock_module_0/bcsctl1_reg[4]
              (rising edge-triggered flip-flop clocked by dco_clk)
  Endpoint: clock_module_0/divax_s_reg[0]
            (rising edge-triggered flip-flop clocked by lfxt_clk)
  Path Group: lfxt_clk
  Path Type: max

  Des/Clust/Port     Wire Load Model       Library
  ------------------------------------------------
  openMSP430         16000                 saed32rvt_tt1p05v25c
  omsp_clock_module  8000                  saed32rvt_tt1p05v25c

  Point                                                   Incr       Path
  --------------------------------------------------------------------------
  clock dco_clk (rise edge)                               0.00       0.00
  clock network delay (ideal)                             0.00       0.00
  clock_module_0/bcsctl1_reg[4]/CLK (DFFARX1_RVT)         0.00       0.00 r
  clock_module_0/bcsctl1_reg[4]/Q (DFFARX1_RVT)           0.10       0.10 r
  clock_module_0/divax_s_reg[0]/D (DFFARX1_RVT)           0.00       0.10 r
  data arrival time                                                  0.10

  clock lfxt_clk (rise edge)                             40.00      40.00
  clock network delay (ideal)                             0.00      40.00
  clock_module_0/divax_s_reg[0]/CLK (DFFARX1_RVT)         0.00      40.00 r
  library setup time                                     -0.03      39.97
  data required time                                                39.97
  --------------------------------------------------------------------------
  data required time                                                39.97
  data arrival time                                                 -0.10
  --------------------------------------------------------------------------
  slack (MET)                                                       39.87


  Startpoint: clock_module_0/sync_cell_aclk_dma_wkup/data_sync_reg[0]
              (rising edge-triggered flip-flop clocked by lfxt_clk)
  Endpoint: clock_module_0/sync_cell_aclk_dma_wkup/data_sync_reg[1]
            (rising edge-triggered flip-flop clocked by lfxt_clk)
  Path Group: lfxt_clk
  Path Type: max

  Des/Clust/Port     Wire Load Model       Library
  ------------------------------------------------
  openMSP430         16000                 saed32rvt_tt1p05v25c
  omsp_sync_cell_8   ForQA                 saed32rvt_tt1p05v25c

  Point                                                   Incr       Path
  --------------------------------------------------------------------------
  clock lfxt_clk (rise edge)                              0.00       0.00
  clock network delay (ideal)                             0.00       0.00
  clock_module_0/sync_cell_aclk_dma_wkup/data_sync_reg[0]/CLK (DFFARX1_RVT)     0.00     0.00 r
  clock_module_0/sync_cell_aclk_dma_wkup/data_sync_reg[0]/Q (DFFARX1_RVT)     0.09     0.09 r
  clock_module_0/sync_cell_aclk_dma_wkup/data_sync_reg[1]/D (DFFARX1_RVT)     0.00     0.09 r
  data arrival time                                                  0.09

  clock lfxt_clk (rise edge)                             40.00      40.00
  clock network delay (ideal)                             0.00      40.00
  clock_module_0/sync_cell_aclk_dma_wkup/data_sync_reg[1]/CLK (DFFARX1_RVT)     0.00    40.00 r
  library setup time                                     -0.03      39.97
  data required time                                                39.97
  --------------------------------------------------------------------------
  data required time                                                39.97
  data arrival time                                                 -0.09
  --------------------------------------------------------------------------
  slack (MET)                                                       39.88


1
