****************************************
Report : cell
Design : openMSP430
Version: O-2018.06-SP1
Date   : Fri Sep 11 21:19:39 2026
****************************************

Attributes
    b - black-box (unknown)
    h - hierarchical
    n - noncombinational
    u - contains unmapped logic
    E - extracted timing model
    Q - Quick timing model
    U - Unbound (missing)
    s - user size_only
    S - implicit size_only
    d - user dont_touch
    D - derived dont_touch
    o - synthetic operator


Cell                      Reference       Library          Attributes
--------------------------------------------------------------------------------
U2                        OR3X1_RVT       saed32rvt_c      
U4                        OR3X1_RVT       saed32rvt_c      
U5                        OR3X1_RVT       saed32rvt_c      
U10                       OR3X1_RVT       saed32rvt_c      
U11                       OR3X1_RVT       saed32rvt_c      
U12                       OR3X1_RVT       saed32rvt_c      
U13                       OR3X1_RVT       saed32rvt_c      
U16                       OR3X1_RVT       saed32rvt_c      
U18                       OR3X1_RVT       saed32rvt_c      
U19                       OR3X1_RVT       saed32rvt_c      
U24                       OR3X1_RVT       saed32rvt_c      
U25                       OR3X1_RVT       saed32rvt_c      
U26                       OR3X1_RVT       saed32rvt_c      
U28                       OR3X1_RVT       saed32rvt_c      
U29                       OR3X1_RVT       saed32rvt_c      
U30                       OR3X1_RVT       saed32rvt_c      
clock_module_0            omsp_clock_module                h
dbg_rst_noscan_reg        DFFASX1_RVT     saed32rvt_c      n, S
bcsctl1_reg[5]            DFFARX1_RVT     saed32rvt_c      n, S
divax_s_reg[1]            DFFARX1_RVT     saed32rvt_c      n, S
bcsctl1_reg[4]            DFFARX1_RVT     saed32rvt_c      n, S
divax_s_reg[0]            DFFARX1_RVT     saed32rvt_c      n, S
divax_ss_reg[0]           DFFARX1_RVT     saed32rvt_c      n, S
aclk_div_reg[1]           DFFARX1_RVT     saed32rvt_c      n, S
aclk_div_reg[2]           DFFARX1_RVT     saed32rvt_c      n, S
bcsctl1_reg[3]            DFFARX1_RVT     saed32rvt_c      n, S
bcsctl1_reg[2]            DFFARX1_RVT     saed32rvt_c      n, S
bcsctl1_reg[1]            DFFARX1_RVT     saed32rvt_c      n, S
bcsctl1_reg[0]            DFFARX1_RVT     saed32rvt_c      n, S
dco_enable_reg            DFFARX1_RVT     saed32rvt_c      n, S
bcsctl2_reg[5]            DFFARX1_RVT     saed32rvt_c      n, S
bcsctl2_reg[4]            DFFARX1_RVT     saed32rvt_c      n, S
mclk_div_reg[0]           DFFARX1_RVT     saed32rvt_c      n, S
mclk_div_reg[1]           DFFARX1_RVT     saed32rvt_c      n, S
mclk_div_reg[2]           DFFARX1_RVT     saed32rvt_c      n, S
bcsctl2_reg[2]            DFFARX1_RVT     saed32rvt_c      n, S
bcsctl2_reg[1]            DFFARX1_RVT     saed32rvt_c      n, S
U4                        NOR2X0_RVT      saed32rvt_c      
U5                        AO21X1_RVT      saed32rvt_c      
U7                        OR2X1_RVT       saed32rvt_c      
U9                        NAND2X0_RVT     saed32rvt_c      
U11                       AND2X1_RVT      saed32rvt_c      
U14                       NAND2X0_RVT     saed32rvt_c      
U15                       AO22X1_RVT      saed32rvt_c      
U16                       AO22X1_RVT      saed32rvt_c      
U18                       OR2X1_RVT       saed32rvt_c      
U20                       NAND2X0_RVT     saed32rvt_c      
U23                       AO22X1_RVT      saed32rvt_c      
U24                       AO22X1_RVT      saed32rvt_c      
U26                       NAND2X0_RVT     saed32rvt_c      
U27                       AO22X1_RVT      saed32rvt_c      
U28                       AO22X1_RVT      saed32rvt_c      
U29                       AO22X1_RVT      saed32rvt_c      
U30                       AO22X1_RVT      saed32rvt_c      
U32                       OR2X1_RVT       saed32rvt_c      
U34                       NAND2X0_RVT     saed32rvt_c      
U36                       AO22X1_RVT      saed32rvt_c      
U39                       AO22X1_RVT      saed32rvt_c      
U41                       NAND2X0_RVT     saed32rvt_c      
U55                       NOR2X0_RVT      saed32rvt_c      
U56                       NOR2X0_RVT      saed32rvt_c      
U57                       NOR2X0_RVT      saed32rvt_c      
U58                       AND3X1_RVT      saed32rvt_c      
U60                       AO21X1_RVT      saed32rvt_c      
U61                       OR2X1_RVT       saed32rvt_c      
U62                       AND2X1_RVT      saed32rvt_c      
U63                       NAND2X0_RVT     saed32rvt_c      
U64                       AO21X1_RVT      saed32rvt_c      
U65                       AO21X1_RVT      saed32rvt_c      
U66                       NAND2X0_RVT     saed32rvt_c      
U67                       AO21X1_RVT      saed32rvt_c      
U68                       OR2X1_RVT       saed32rvt_c      
U71                       AND2X1_RVT      saed32rvt_c      
U73                       AND2X1_RVT      saed32rvt_c      
U75                       AND2X1_RVT      saed32rvt_c      
U77                       AND2X1_RVT      saed32rvt_c      
U79                       AND3X1_RVT      saed32rvt_c      
U81                       AND2X1_RVT      saed32rvt_c      
U83                       AND2X1_RVT      saed32rvt_c      
U85                       AND2X1_RVT      saed32rvt_c      
U87                       AND2X1_RVT      saed32rvt_c      
U89                       AND2X1_RVT      saed32rvt_c      
U91                       AND2X1_RVT      saed32rvt_c      
U93                       AND3X1_RVT      saed32rvt_c      
U94                       AND4X1_RVT      saed32rvt_c      
U97                       NAND2X0_RVT     saed32rvt_c      
U99                       OR3X1_RVT       saed32rvt_c      
U101                      NAND3X0_RVT     saed32rvt_c      
U104                      OA221X1_RVT     saed32rvt_c      
U107                      OR2X1_RVT       saed32rvt_c      
U108                      OA21X1_RVT      saed32rvt_c      
U111                      AOI21X1_RVT     saed32rvt_c      
U112                      OR2X1_RVT       saed32rvt_c      
U113                      OR2X1_RVT       saed32rvt_c      
U114                      OR2X1_RVT       saed32rvt_c      
U115                      NAND2X0_RVT     saed32rvt_c      
U117                      NAND2X0_RVT     saed32rvt_c      
U119                      OR3X1_RVT       saed32rvt_c      
U120                      OR3X1_RVT       saed32rvt_c      
U69                       INVX1_RVT       saed32rvt_c      
U70                       INVX1_RVT       saed32rvt_c      
U80                       NOR4X1_RVT      saed32rvt_c      
U98                       NOR4X1_RVT      saed32rvt_c      
U100                      NOR4X1_RVT      saed32rvt_c      
and_cpuoff_mclk_en        omsp_and_gate_0                  h
U1                        AND2X1_RVT      saed32rvt_c      
and_cpuoff_mclk_dma_en    omsp_and_gate_29                 h
U1                        AND2X1_RVT      saed32rvt_c      
and_cpuoff_mclk_dma_wkup  omsp_and_gate_28                 h
U1                        AND2X1_RVT      saed32rvt_c      
and_scg0_mclk_dma_en      omsp_and_gate_27                 h
U1                        AND2X1_RVT      saed32rvt_c      
and_scg0_mclk_dma_wkup    omsp_and_gate_26                 h
U1                        AND2X1_RVT      saed32rvt_c      
and_scg1_mclk_dma_en      omsp_and_gate_25                 h
U1                        AND2X1_RVT      saed32rvt_c      
and_scg1_mclk_dma_wkup    omsp_and_gate_24                 h
U1                        AND2X1_RVT      saed32rvt_c      
and_oscoff_mclk_dma_en    omsp_and_gate_23                 h
U1                        AND2X1_RVT      saed32rvt_c      
and_oscoff_mclk_dma_wkup  omsp_and_gate_22                 h
U1                        AND2X1_RVT      saed32rvt_c      
and_dco_dis1              omsp_and_gate_21                 h
U1                        AND2X1_RVT      saed32rvt_c      
and_dco_dis2              omsp_and_gate_20                 h
U1                        AND2X1_RVT      saed32rvt_c      
and_dco_dis3              omsp_and_gate_19                 h
U1                        AND2X1_RVT      saed32rvt_c      
and_dco_dis4              omsp_and_gate_18                 h
U1                        AND2X1_RVT      saed32rvt_c      
and_dco_dis5              omsp_and_gate_17                 h
U1                        AND2X1_RVT      saed32rvt_c      
and_dco_mclk_wkup         omsp_and_gate_16                 h
U1                        AND2X1_RVT      saed32rvt_c      
and_dco_en_wkup           omsp_and_gate_15                 h
U1                        AND2X1_RVT      saed32rvt_c      
scan_mux_dco_wkup         omsp_scan_mux_1                  h
U2                        AO22X1_RVT      saed32rvt_c      
U1                        INVX0_RVT       saed32rvt_c      
scan_mux_dco_wkup_observe omsp_scan_mux_12                 h
U2                        AO22X1_RVT      saed32rvt_c      
U1                        INVX0_RVT       saed32rvt_c      
sync_cell_dco_wkup        omsp_sync_cell_0                 h
data_sync_reg[0]          DFFARX1_RVT     saed32rvt_c      n, S
data_sync_reg[1]          DFFARX1_RVT     saed32rvt_c      n, S
U3                        INVX1_RVT       saed32rvt_c      
and_dco_wkup              omsp_and_gate_14                 h
U1                        AND2X1_RVT      saed32rvt_c      
and_lfxt_dis1             omsp_and_gate_13                 h
U1                        AND2X1_RVT      saed32rvt_c      
and_lfxt_dis2             omsp_and_gate_12                 h
U1                        AND2X1_RVT      saed32rvt_c      
and_lfxt_dis3             omsp_and_gate_11                 h
U1                        AND2X1_RVT      saed32rvt_c      
and_lfxt_dis4             omsp_and_gate_10                 h
U1                        AND2X1_RVT      saed32rvt_c      
and_lfxt_dis5             omsp_and_gate_9                  h
U1                        AND2X1_RVT      saed32rvt_c      
sync_cell_lfxt_disable    omsp_sync_cell_15                h
data_sync_reg[0]          DFFARX1_RVT     saed32rvt_c      n, S
data_sync_reg[1]          DFFARX1_RVT     saed32rvt_c      n, S
U3                        INVX1_RVT       saed32rvt_c      
and_lfxt_mclk_wkup        omsp_and_gate_8                  h
U1                        AND2X1_RVT      saed32rvt_c      
and_lfxt_en_wkup          omsp_and_gate_7                  h
U1                        AND2X1_RVT      saed32rvt_c      
scan_mux_lfxt_wkup        omsp_scan_mux_11                 h
U2                        AO22X1_RVT      saed32rvt_c      
U1                        INVX0_RVT       saed32rvt_c      
scan_mux_lfxt_wkup_observe
                          omsp_scan_mux_10                 h
U2                        AO22X1_RVT      saed32rvt_c      
U1                        INVX0_RVT       saed32rvt_c      
sync_cell_lfxt_wkup       omsp_sync_cell_14                h
data_sync_reg[0]          DFFARX1_RVT     saed32rvt_c      n, S
data_sync_reg[1]          DFFARX1_RVT     saed32rvt_c      n, S
U3                        INVX1_RVT       saed32rvt_c      
and_lfxt_wkup             omsp_and_gate_6                  h
U1                        AND2X1_RVT      saed32rvt_c      
sync_cell_cpu_aux_en      omsp_sync_cell_13                h
data_sync_reg[0]          DFFARX1_RVT     saed32rvt_c      n, S
data_sync_reg[1]          DFFARX1_RVT     saed32rvt_c      n, S
U3                        INVX1_RVT       saed32rvt_c      
sync_cell_mclk_dma_wkup   omsp_sync_cell_12                h
data_sync_reg[0]          DFFARX1_RVT     saed32rvt_c      n, S
data_sync_reg[1]          DFFARX1_RVT     saed32rvt_c      n, S
U3                        INVX1_RVT       saed32rvt_c      
sync_cell_mclk_wkup       omsp_sync_cell_11                h
data_sync_reg[0]          DFFARX1_RVT     saed32rvt_c      n, S
data_sync_reg[1]          DFFARX1_RVT     saed32rvt_c      n, S
U3                        INVX1_RVT       saed32rvt_c      
clock_gate_mclk           omsp_clock_gate_0                h
enable_latch_reg          LATCHX1_RVT     saed32rvt_c      n, S
U2                        INVX1_RVT       saed32rvt_c      
U3                        AND2X1_RVT      saed32rvt_c      S
U4                        OR2X1_RVT       saed32rvt_c      
clock_gate_dma_mclk       omsp_clock_gate_33               h
enable_latch_reg          LATCHX1_RVT     saed32rvt_c      n, S
U2                        INVX1_RVT       saed32rvt_c      
U3                        AND2X1_RVT      saed32rvt_c      S
U4                        OR2X1_RVT       saed32rvt_c      
sync_cell_puc_lfxt        omsp_sync_cell_10                h
data_sync_reg[0]          DFFARX1_RVT     saed32rvt_c      n, S
data_sync_reg[1]          DFFARX1_RVT     saed32rvt_c      n, S
U3                        INVX1_RVT       saed32rvt_c      
scan_mux_puc_lfxt         omsp_scan_mux_9                  h
U2                        AO22X1_RVT      saed32rvt_c      
U1                        INVX0_RVT       saed32rvt_c      
sync_cell_oscoff          omsp_sync_cell_9                 h
data_sync_reg[0]          DFFARX1_RVT     saed32rvt_c      n, S
data_sync_reg[1]          DFFARX1_RVT     saed32rvt_c      n, S
U3                        INVX1_RVT       saed32rvt_c      
sync_cell_aclk_dma_wkup   omsp_sync_cell_8                 h
data_sync_reg[0]          DFFARX1_RVT     saed32rvt_c      n, S
data_sync_reg[1]          DFFARX1_RVT     saed32rvt_c      n, S
U3                        INVX1_RVT       saed32rvt_c      
clock_gate_aclk           omsp_clock_gate_32               h
enable_latch_reg          LATCHX1_RVT     saed32rvt_c      n, S
U2                        INVX1_RVT       saed32rvt_c      
U3                        AND2X1_RVT      saed32rvt_c      S
U4                        OR2X1_RVT       saed32rvt_c      
sync_cell_smclk_dma_wkup  omsp_sync_cell_7                 h
data_sync_reg[0]          DFFARX1_RVT     saed32rvt_c      n, S
data_sync_reg[1]          DFFARX1_RVT     saed32rvt_c      n, S
U3                        INVX1_RVT       saed32rvt_c      
clock_gate_smclk          omsp_clock_gate_31               h
enable_latch_reg          LATCHX1_RVT     saed32rvt_c      n, S
U2                        INVX1_RVT       saed32rvt_c      
U3                        AND2X1_RVT      saed32rvt_c      S
U4                        OR2X1_RVT       saed32rvt_c      
clock_gate_dbg_clk        omsp_clock_gate_30               h
enable_latch_reg          LATCHX1_RVT     saed32rvt_c      n, S
U2                        INVX1_RVT       saed32rvt_c      
U3                        AND2X1_RVT      saed32rvt_c      S
U4                        OR2X1_RVT       saed32rvt_c      
sync_reset_por            omsp_sync_reset_0                h
data_sync_reg[0]          DFFASX1_RVT     saed32rvt_c      n, S
data_sync_reg[1]          DFFASX1_RVT     saed32rvt_c      n, S
U3                        INVX1_RVT       saed32rvt_c      
scan_mux_por              omsp_scan_mux_8                  h
U2                        AO22X1_RVT      saed32rvt_c      
U1                        INVX0_RVT       saed32rvt_c      
scan_mux_dbg_rst          omsp_scan_mux_7                  h
U2                        AO22X1_RVT      saed32rvt_c      
U1                        INVX0_RVT       saed32rvt_c      
scan_mux_puc_rst_a        omsp_scan_mux_6                  h
U2                        AO22X1_RVT      saed32rvt_c      
U1                        INVX0_RVT       saed32rvt_c      
sync_cell_puc             omsp_sync_cell_6                 h
data_sync_reg[0]          DFFARX1_RVT     saed32rvt_c      n, S
data_sync_reg[1]          DFFARX1_RVT     saed32rvt_c      n, S
U3                        INVX1_RVT       saed32rvt_c      
scan_mux_puc_rst          omsp_scan_mux_5                  h
U1                        AO22X2_RVT      saed32rvt_c      
U2                        INVX0_RVT       saed32rvt_c      
lfxt_disable_reg          DFFASX1_RVT     saed32rvt_c      n, S
dco_disable_reg           DFFASX1_RVT     saed32rvt_c      n, S
smclk_div_reg[0]          DFFARX1_RVT     saed32rvt_c      n, S
smclk_div_reg[1]          DFFARX1_RVT     saed32rvt_c      n, S
smclk_div_reg[2]          DFFARX1_RVT     saed32rvt_c      n, S
divax_ss_reg[1]           DFFARX1_RVT     saed32rvt_c      n, S
aclk_div_reg[0]           DFFARX1_RVT     saed32rvt_c      n, S
U3                        INVX2_RVT       saed32rvt_c      
U6                        XNOR2X1_RVT     saed32rvt_c      
U8                        OAI21X1_RVT     saed32rvt_c      
U10                       AOI221X1_RVT    saed32rvt_c      
U12                       XOR2X1_RVT      saed32rvt_c      
U13                       XOR2X1_RVT      saed32rvt_c      
U17                       XNOR2X1_RVT     saed32rvt_c      
U19                       XNOR2X1_RVT     saed32rvt_c      
U21                       XNOR2X1_RVT     saed32rvt_c      
U22                       XOR2X1_RVT      saed32rvt_c      
U25                       XOR2X1_RVT      saed32rvt_c      
U31                       XOR2X1_RVT      saed32rvt_c      
U33                       NBUFFX2_RVT     saed32rvt_c      
U35                       INVX1_RVT       saed32rvt_c      
U37                       INVX1_RVT       saed32rvt_c      
U38                       INVX1_RVT       saed32rvt_c      
U40                       INVX1_RVT       saed32rvt_c      
U42                       INVX1_RVT       saed32rvt_c      
U43                       INVX1_RVT       saed32rvt_c      
U44                       INVX1_RVT       saed32rvt_c      
U45                       INVX1_RVT       saed32rvt_c      
U46                       INVX1_RVT       saed32rvt_c      
U47                       INVX1_RVT       saed32rvt_c      
U48                       INVX1_RVT       saed32rvt_c      
U49                       INVX1_RVT       saed32rvt_c      
U50                       INVX1_RVT       saed32rvt_c      
U51                       INVX1_RVT       saed32rvt_c      
U52                       INVX1_RVT       saed32rvt_c      
U53                       INVX1_RVT       saed32rvt_c      
U54                       INVX1_RVT       saed32rvt_c      
U59                       INVX1_RVT       saed32rvt_c      
U72                       INVX1_RVT       saed32rvt_c      
U74                       INVX1_RVT       saed32rvt_c      
U76                       INVX1_RVT       saed32rvt_c      
U78                       INVX1_RVT       saed32rvt_c      
U82                       INVX1_RVT       saed32rvt_c      
U84                       INVX1_RVT       saed32rvt_c      
U86                       INVX1_RVT       saed32rvt_c      
frontend_0                omsp_frontend                    h
pmem_busy_reg             DFFARX1_RVT     saed32rvt_c      n, S
e_state_reg[0]            DFFASX1_RVT     saed32rvt_c      n, S
e_state_reg[1]            DFFARX1_RVT     saed32rvt_c      n, S
e_state_reg[2]            DFFARX1_RVT     saed32rvt_c      n, S
exec_dst_wr_reg           DFFARX1_RVT     saed32rvt_c      n, S
e_state_reg[3]            DFFARX1_RVT     saed32rvt_c      n, S
inst_irq_rst_reg          DFFASX1_RVT     saed32rvt_c      n, S
i_state_reg[0]            DFFARX1_RVT     saed32rvt_c      n, S
cpu_halt_st_reg           DFFARX1_RVT     saed32rvt_c      n, S
inst_jmp_bin_reg[2]       DFFARX1_RVT     saed32rvt_c      n, S
inst_jmp_bin_reg[1]       DFFARX1_RVT     saed32rvt_c      n, S
inst_jmp_bin_reg[0]       DFFARX1_RVT     saed32rvt_c      n, S
inst_dest_bin_reg[3]      DFFARX1_RVT     saed32rvt_c      n, S
inst_dest_bin_reg[2]      DFFARX1_RVT     saed32rvt_c      n, S
inst_dest_bin_reg[1]      DFFARX1_RVT     saed32rvt_c      n, S
inst_dest_bin_reg[0]      DFFARX1_RVT     saed32rvt_c      n, S
inst_src_bin_reg[3]       DFFARX1_RVT     saed32rvt_c      n, S
inst_src_bin_reg[2]       DFFARX1_RVT     saed32rvt_c      n, S
inst_src_bin_reg[1]       DFFARX1_RVT     saed32rvt_c      n, S
inst_src_bin_reg[0]       DFFARX1_RVT     saed32rvt_c      n, S
inst_type_reg[1]          DFFARX1_RVT     saed32rvt_c      n, S
inst_so_reg[4]            DFFARX1_RVT     saed32rvt_c      n, S
inst_so_reg[5]            DFFARX1_RVT     saed32rvt_c      n, S
inst_so_reg[6]            DFFARX1_RVT     saed32rvt_c      n, S
inst_so_reg[7]            DFFARX1_RVT     saed32rvt_c      n, S
inst_as_reg[6]            DFFARX1_RVT     saed32rvt_c      n, S
inst_as_reg[1]            DFFARX1_RVT     saed32rvt_c      n, S
inst_as_reg[4]            DFFARX1_RVT     saed32rvt_c      n, S
inst_as_reg[5]            DFFARX1_RVT     saed32rvt_c      n, S
inst_type_reg[0]          DFFARX1_RVT     saed32rvt_c      n, S
exec_src_wr_reg           DFFARX1_RVT     saed32rvt_c      n, S
inst_type_reg[2]          DFFARX1_RVT     saed32rvt_c      n, S
inst_ad_reg[1]            DFFARX1_RVT     saed32rvt_c      n, S
inst_ad_reg[6]            DFFARX1_RVT     saed32rvt_c      n, S
inst_sz_reg[1]            DFFARX1_RVT     saed32rvt_c      n, S
inst_ad_reg[4]            DFFARX1_RVT     saed32rvt_c      n, S
exec_jmp_reg              DFFARX1_RVT     saed32rvt_c      n, S
i_state_reg[2]            DFFARX1_RVT     saed32rvt_c      n, S
i_state_reg[1]            DFFARX1_RVT     saed32rvt_c      n, S
exec_dext_rdy_reg         DFFARX1_RVT     saed32rvt_c      n, S
inst_dext_reg[11]         DFFARX1_RVT     saed32rvt_c      n, S
inst_sext_reg[11]         DFFARX1_RVT     saed32rvt_c      n, S
inst_dext_reg[12]         DFFARX1_RVT     saed32rvt_c      n, S
inst_sext_reg[12]         DFFARX1_RVT     saed32rvt_c      n, S
inst_dext_reg[13]         DFFARX1_RVT     saed32rvt_c      n, S
inst_sext_reg[13]         DFFARX1_RVT     saed32rvt_c      n, S
inst_dext_reg[14]         DFFARX1_RVT     saed32rvt_c      n, S
inst_sext_reg[14]         DFFARX1_RVT     saed32rvt_c      n, S
inst_dext_reg[15]         DFFARX1_RVT     saed32rvt_c      n, S
inst_sext_reg[15]         DFFARX1_RVT     saed32rvt_c      n, S
pc_reg[9]                 DFFARX1_RVT     saed32rvt_c      n, S
pc_reg[10]                DFFARX1_RVT     saed32rvt_c      n, S
pc_reg[11]                DFFARX1_RVT     saed32rvt_c      n, S
pc_reg[12]                DFFARX1_RVT     saed32rvt_c      n, S
pc_reg[13]                DFFARX1_RVT     saed32rvt_c      n, S
pc_reg[14]                DFFARX1_RVT     saed32rvt_c      n, S
pc_reg[15]                DFFARX1_RVT     saed32rvt_c      n, S
U3                        AO221X1_RVT     saed32rvt_c      
U4                        AO21X1_RVT      saed32rvt_c      
U5                        AO221X1_RVT     saed32rvt_c      
U8                        AO21X1_RVT      saed32rvt_c      
U9                        AO221X1_RVT     saed32rvt_c      
U10                       AO21X1_RVT      saed32rvt_c      
U11                       AO221X1_RVT     saed32rvt_c      
U12                       AO21X1_RVT      saed32rvt_c      
U13                       AO221X1_RVT     saed32rvt_c      
U14                       AO21X1_RVT      saed32rvt_c      
U15                       AO221X1_RVT     saed32rvt_c      
U16                       AO22X1_RVT      saed32rvt_c      
U17                       AO221X1_RVT     saed32rvt_c      
U18                       AO22X1_RVT      saed32rvt_c      
U19                       AO221X1_RVT     saed32rvt_c      
U20                       AO22X1_RVT      saed32rvt_c      
U21                       AO221X1_RVT     saed32rvt_c      
U22                       AO22X1_RVT      saed32rvt_c      
U23                       AO221X1_RVT     saed32rvt_c      
U24                       AO21X1_RVT      saed32rvt_c      
U25                       AO221X1_RVT     saed32rvt_c      
U26                       AO21X1_RVT      saed32rvt_c      
U27                       AO221X1_RVT     saed32rvt_c      
U28                       AO21X1_RVT      saed32rvt_c      
U29                       AO221X1_RVT     saed32rvt_c      
U30                       AO21X1_RVT      saed32rvt_c      
U31                       AO221X1_RVT     saed32rvt_c      
U32                       AO21X1_RVT      saed32rvt_c      
U33                       AO221X1_RVT     saed32rvt_c      
U34                       AO21X1_RVT      saed32rvt_c      
U36                       AO222X1_RVT     saed32rvt_c      
U39                       NAND3X0_RVT     saed32rvt_c      
U40                       NAND3X0_RVT     saed32rvt_c      
U41                       NAND2X0_RVT     saed32rvt_c      
U42                       AND2X1_RVT      saed32rvt_c      
U43                       NOR2X0_RVT      saed32rvt_c      
U50                       AND2X1_RVT      saed32rvt_c      
U54                       AND2X1_RVT      saed32rvt_c      
U55                       OAI22X1_RVT     saed32rvt_c      
U56                       NAND2X0_RVT     saed32rvt_c      
U57                       NAND3X0_RVT     saed32rvt_c      
U58                       AND2X1_RVT      saed32rvt_c      
U59                       AO22X1_RVT      saed32rvt_c      
U61                       NAND3X0_RVT     saed32rvt_c      
U62                       NAND3X0_RVT     saed32rvt_c      
U63                       AO221X1_RVT     saed32rvt_c      
U64                       NAND2X0_RVT     saed32rvt_c      
U65                       AO21X1_RVT      saed32rvt_c      
U68                       AO22X1_RVT      saed32rvt_c      
U69                       NAND2X0_RVT     saed32rvt_c      
U70                       NAND2X0_RVT     saed32rvt_c      
U71                       AND2X1_RVT      saed32rvt_c      
U72                       NAND4X0_RVT     saed32rvt_c      
U73                       OA21X1_RVT      saed32rvt_c      
U74                       NAND2X0_RVT     saed32rvt_c      
U75                       NAND3X0_RVT     saed32rvt_c      
U76                       AND2X1_RVT      saed32rvt_c      
U77                       AND2X1_RVT      saed32rvt_c      
U78                       AND2X1_RVT      saed32rvt_c      
U79                       AND2X1_RVT      saed32rvt_c      
U80                       AND3X1_RVT      saed32rvt_c      
U81                       AND2X1_RVT      saed32rvt_c      
U82                       AND2X1_RVT      saed32rvt_c      
U83                       AND2X1_RVT      saed32rvt_c      
U84                       AND2X1_RVT      saed32rvt_c      
U85                       AND2X1_RVT      saed32rvt_c      
U86                       AND2X1_RVT      saed32rvt_c      
U87                       AND2X1_RVT      saed32rvt_c      
U88                       AND2X1_RVT      saed32rvt_c      
U89                       AND3X1_RVT      saed32rvt_c      
U91                       AND2X1_RVT      saed32rvt_c      
U92                       AND2X1_RVT      saed32rvt_c      
U94                       AND2X1_RVT      saed32rvt_c      
U95                       AND2X1_RVT      saed32rvt_c      
U97                       AND3X1_RVT      saed32rvt_c      
U99                       AND2X1_RVT      saed32rvt_c      
U100                      AND3X1_RVT      saed32rvt_c      
U102                      AND2X1_RVT      saed32rvt_c      
U103                      AND3X1_RVT      saed32rvt_c      
U105                      AND3X1_RVT      saed32rvt_c      
U106                      AO22X1_RVT      saed32rvt_c      
U107                      AO22X1_RVT      saed32rvt_c      
U108                      AO22X1_RVT      saed32rvt_c      
U109                      AO22X1_RVT      saed32rvt_c      
U110                      AO22X1_RVT      saed32rvt_c      
U111                      AO22X1_RVT      saed32rvt_c      
U112                      AND3X1_RVT      saed32rvt_c      
U113                      AO22X1_RVT      saed32rvt_c      
U114                      AO22X1_RVT      saed32rvt_c      
U115                      AO222X1_RVT     saed32rvt_c      
U116                      AND3X1_RVT      saed32rvt_c      
U117                      AO22X1_RVT      saed32rvt_c      
U118                      AO22X1_RVT      saed32rvt_c      
U119                      AND2X1_RVT      saed32rvt_c      
U120                      AO22X1_RVT      saed32rvt_c      
U121                      AO22X1_RVT      saed32rvt_c      
U122                      AND2X1_RVT      saed32rvt_c      
U124                      AND3X1_RVT      saed32rvt_c      
U125                      AO22X1_RVT      saed32rvt_c      
U126                      AND3X1_RVT      saed32rvt_c      
U128                      AO22X1_RVT      saed32rvt_c      
U129                      AND3X1_RVT      saed32rvt_c      
U131                      AND2X1_RVT      saed32rvt_c      
U133                      AND3X1_RVT      saed32rvt_c      
U134                      AO222X1_RVT     saed32rvt_c      
U135                      AND3X1_RVT      saed32rvt_c      
U136                      AND4X1_RVT      saed32rvt_c      
U138                      NOR2X0_RVT      saed32rvt_c      
U140                      AND2X1_RVT      saed32rvt_c      
U141                      AND3X1_RVT      saed32rvt_c      
U143                      AND2X1_RVT      saed32rvt_c      
U144                      AND2X1_RVT      saed32rvt_c      
U145                      AND3X1_RVT      saed32rvt_c      
U146                      AO21X1_RVT      saed32rvt_c      
U147                      AND3X1_RVT      saed32rvt_c      
U148                      AND3X1_RVT      saed32rvt_c      
U149                      AND3X1_RVT      saed32rvt_c      
U150                      AND3X1_RVT      saed32rvt_c      
U151                      NOR2X0_RVT      saed32rvt_c      
U152                      AND3X1_RVT      saed32rvt_c      
U153                      AND3X1_RVT      saed32rvt_c      
U155                      AND3X1_RVT      saed32rvt_c      
U157                      AND3X1_RVT      saed32rvt_c      
U158                      AND2X1_RVT      saed32rvt_c      
U159                      AO22X1_RVT      saed32rvt_c      
U160                      AO22X1_RVT      saed32rvt_c      
U161                      AO22X1_RVT      saed32rvt_c      
U162                      AO22X1_RVT      saed32rvt_c      
U163                      AO22X1_RVT      saed32rvt_c      
U164                      AO22X1_RVT      saed32rvt_c      
U165                      AND3X1_RVT      saed32rvt_c      
U166                      AO22X1_RVT      saed32rvt_c      
U167                      AO22X1_RVT      saed32rvt_c      
U168                      AO222X1_RVT     saed32rvt_c      
U169                      AND2X1_RVT      saed32rvt_c      
U170                      AND3X1_RVT      saed32rvt_c      
U171                      AO22X1_RVT      saed32rvt_c      
U172                      AO22X1_RVT      saed32rvt_c      
U173                      AND2X1_RVT      saed32rvt_c      
U174                      AO22X1_RVT      saed32rvt_c      
U175                      AND2X1_RVT      saed32rvt_c      
U176                      AO22X1_RVT      saed32rvt_c      
U177                      AND2X1_RVT      saed32rvt_c      
U178                      AND3X1_RVT      saed32rvt_c      
U180                      AO22X1_RVT      saed32rvt_c      
U181                      AND3X1_RVT      saed32rvt_c      
U182                      AND2X1_RVT      saed32rvt_c      
U184                      AO22X1_RVT      saed32rvt_c      
U185                      AND3X1_RVT      saed32rvt_c      
U186                      AND2X1_RVT      saed32rvt_c      
U187                      AND2X1_RVT      saed32rvt_c      
U189                      AND3X1_RVT      saed32rvt_c      
U191                      AO222X1_RVT     saed32rvt_c      
U192                      AND2X1_RVT      saed32rvt_c      
U195                      AND3X1_RVT      saed32rvt_c      
U198                      AND2X1_RVT      saed32rvt_c      
U199                      AND3X1_RVT      saed32rvt_c      
U200                      NOR3X0_RVT      saed32rvt_c      
U203                      NAND3X0_RVT     saed32rvt_c      
U204                      AND2X1_RVT      saed32rvt_c      
U205                      AND2X1_RVT      saed32rvt_c      
U206                      AND3X1_RVT      saed32rvt_c      
U207                      NAND2X0_RVT     saed32rvt_c      
U208                      NAND3X0_RVT     saed32rvt_c      
U209                      NAND2X0_RVT     saed32rvt_c      
U210                      NAND4X0_RVT     saed32rvt_c      
U211                      AND2X1_RVT      saed32rvt_c      
U213                      NAND2X0_RVT     saed32rvt_c      
U215                      AO21X1_RVT      saed32rvt_c      
U216                      AND3X1_RVT      saed32rvt_c      
U218                      NAND2X0_RVT     saed32rvt_c      
U219                      NOR2X0_RVT      saed32rvt_c      
U220                      AO21X1_RVT      saed32rvt_c      
U222                      AO21X1_RVT      saed32rvt_c      
U223                      AND2X1_RVT      saed32rvt_c      
U224                      NAND4X0_RVT     saed32rvt_c      
U225                      AOI21X1_RVT     saed32rvt_c      
U226                      NAND2X0_RVT     saed32rvt_c      
U227                      NAND2X0_RVT     saed32rvt_c      
U228                      AOI21X1_RVT     saed32rvt_c      
U230                      AND2X1_RVT      saed32rvt_c      
U232                      NAND3X0_RVT     saed32rvt_c      
U233                      NAND3X0_RVT     saed32rvt_c      
U234                      AND2X1_RVT      saed32rvt_c      
U235                      NAND2X0_RVT     saed32rvt_c      
U236                      AND2X1_RVT      saed32rvt_c      
U237                      NAND3X0_RVT     saed32rvt_c      
U238                      AND3X1_RVT      saed32rvt_c      
U240                      AND2X1_RVT      saed32rvt_c      
U241                      NAND3X0_RVT     saed32rvt_c      
U243                      NAND4X0_RVT     saed32rvt_c      
U244                      NAND3X0_RVT     saed32rvt_c      
U245                      NAND2X0_RVT     saed32rvt_c      
U246                      NAND2X0_RVT     saed32rvt_c      
U247                      AO222X1_RVT     saed32rvt_c      
U248                      NAND2X0_RVT     saed32rvt_c      
U250                      OA21X1_RVT      saed32rvt_c      
U251                      NAND3X0_RVT     saed32rvt_c      
U252                      NAND3X0_RVT     saed32rvt_c      
U253                      NAND3X0_RVT     saed32rvt_c      
U254                      NAND4X0_RVT     saed32rvt_c      
U255                      OA221X1_RVT     saed32rvt_c      
U256                      OA21X1_RVT      saed32rvt_c      
U257                      OA22X1_RVT      saed32rvt_c      
U258                      OA21X1_RVT      saed32rvt_c      
U259                      OA21X1_RVT      saed32rvt_c      
U260                      AND3X1_RVT      saed32rvt_c      
U262                      OA21X1_RVT      saed32rvt_c      
U263                      NAND4X0_RVT     saed32rvt_c      
U264                      AND4X1_RVT      saed32rvt_c      
U265                      NAND3X0_RVT     saed32rvt_c      
U266                      NAND4X0_RVT     saed32rvt_c      
U267                      AND4X1_RVT      saed32rvt_c      
U268                      NAND3X0_RVT     saed32rvt_c      
U269                      NAND3X0_RVT     saed32rvt_c      
U270                      NAND4X0_RVT     saed32rvt_c      
U271                      AND2X1_RVT      saed32rvt_c      
U272                      OR3X1_RVT       saed32rvt_c      
U273                      NAND2X0_RVT     saed32rvt_c      
U274                      NAND3X0_RVT     saed32rvt_c      
U276                      NAND2X0_RVT     saed32rvt_c      
U277                      NAND3X0_RVT     saed32rvt_c      
U278                      AO21X1_RVT      saed32rvt_c      
U279                      NAND3X0_RVT     saed32rvt_c      
U280                      AND3X1_RVT      saed32rvt_c      
U281                      NAND3X0_RVT     saed32rvt_c      
U283                      OA21X1_RVT      saed32rvt_c      
U284                      NAND4X0_RVT     saed32rvt_c      
U287                      NAND2X0_RVT     saed32rvt_c      
U289                      NAND2X0_RVT     saed32rvt_c      
U290                      NAND2X0_RVT     saed32rvt_c      
U291                      NAND4X0_RVT     saed32rvt_c      
U292                      AO21X1_RVT      saed32rvt_c      
U293                      NAND3X0_RVT     saed32rvt_c      
U294                      NAND3X0_RVT     saed32rvt_c      
U295                      NAND2X0_RVT     saed32rvt_c      
U297                      AO21X1_RVT      saed32rvt_c      
U299                      NAND4X0_RVT     saed32rvt_c      
U300                      OR2X1_RVT       saed32rvt_c      
U301                      OR2X1_RVT       saed32rvt_c      
U302                      AO21X1_RVT      saed32rvt_c      
U303                      AO21X1_RVT      saed32rvt_c      
U304                      AO21X1_RVT      saed32rvt_c      
U305                      AO21X1_RVT      saed32rvt_c      
U306                      AO21X1_RVT      saed32rvt_c      
U307                      AO21X1_RVT      saed32rvt_c      
U308                      AO21X1_RVT      saed32rvt_c      
U309                      AO221X1_RVT     saed32rvt_c      
U310                      AO221X1_RVT     saed32rvt_c      
U311                      AO221X1_RVT     saed32rvt_c      
U312                      AO221X1_RVT     saed32rvt_c      
U313                      AO221X1_RVT     saed32rvt_c      
U314                      AO221X1_RVT     saed32rvt_c      
U315                      AO221X1_RVT     saed32rvt_c      
U316                      AO21X1_RVT      saed32rvt_c      
U318                      AO221X1_RVT     saed32rvt_c      
U319                      AO21X1_RVT      saed32rvt_c      
U321                      AO222X1_RVT     saed32rvt_c      
U323                      AO221X1_RVT     saed32rvt_c      
U327                      NAND2X0_RVT     saed32rvt_c      
U328                      NAND2X0_RVT     saed32rvt_c      
U331                      NAND2X0_RVT     saed32rvt_c      
U332                      OR2X1_RVT       saed32rvt_c      
U333                      AO21X1_RVT      saed32rvt_c      
U334                      NAND3X0_RVT     saed32rvt_c      
U335                      NAND2X0_RVT     saed32rvt_c      
U336                      AND2X1_RVT      saed32rvt_c      
U337                      NAND3X0_RVT     saed32rvt_c      
U338                      NAND3X0_RVT     saed32rvt_c      
U341                      AND2X1_RVT      saed32rvt_c      
U343                      AOI21X1_RVT     saed32rvt_c      
U344                      AO221X1_RVT     saed32rvt_c      
U345                      AND3X1_RVT      saed32rvt_c      
U346                      AO21X1_RVT      saed32rvt_c      
U348                      NAND3X0_RVT     saed32rvt_c      
U349                      AO22X1_RVT      saed32rvt_c      
U351                      AND2X1_RVT      saed32rvt_c      
U352                      NAND3X0_RVT     saed32rvt_c      
U353                      AND4X1_RVT      saed32rvt_c      
U354                      AND4X1_RVT      saed32rvt_c      
U355                      AND3X1_RVT      saed32rvt_c      
U356                      AND3X1_RVT      saed32rvt_c      
U357                      AND2X1_RVT      saed32rvt_c      
U358                      NAND4X0_RVT     saed32rvt_c      
U359                      NAND3X0_RVT     saed32rvt_c      
U360                      NAND2X0_RVT     saed32rvt_c      
U361                      AND4X1_RVT      saed32rvt_c      
U362                      AND2X1_RVT      saed32rvt_c      
U363                      AND4X1_RVT      saed32rvt_c      
U364                      NAND4X0_RVT     saed32rvt_c      
U365                      AND4X1_RVT      saed32rvt_c      
U366                      NAND3X0_RVT     saed32rvt_c      
U367                      AND2X1_RVT      saed32rvt_c      
U368                      NAND3X0_RVT     saed32rvt_c      
U369                      AND4X1_RVT      saed32rvt_c      
U370                      NAND3X0_RVT     saed32rvt_c      
U371                      AND2X1_RVT      saed32rvt_c      
U372                      NAND3X0_RVT     saed32rvt_c      
U373                      AND2X1_RVT      saed32rvt_c      
U374                      AND4X1_RVT      saed32rvt_c      
U375                      NAND3X0_RVT     saed32rvt_c      
U376                      AND3X1_RVT      saed32rvt_c      
U377                      AND3X1_RVT      saed32rvt_c      
U378                      NAND2X0_RVT     saed32rvt_c      
U379                      NAND4X0_RVT     saed32rvt_c      
U380                      NAND3X0_RVT     saed32rvt_c      
U381                      NAND2X0_RVT     saed32rvt_c      
U382                      OR2X1_RVT       saed32rvt_c      
U383                      AND2X1_RVT      saed32rvt_c      
U384                      AND2X1_RVT      saed32rvt_c      
U385                      NAND3X0_RVT     saed32rvt_c      
U387                      AND3X1_RVT      saed32rvt_c      
U388                      NAND3X0_RVT     saed32rvt_c      
U389                      NAND3X0_RVT     saed32rvt_c      
U390                      NAND4X0_RVT     saed32rvt_c      
U391                      OR2X1_RVT       saed32rvt_c      
U392                      AND2X1_RVT      saed32rvt_c      
U394                      NAND3X0_RVT     saed32rvt_c      
U395                      NAND3X0_RVT     saed32rvt_c      
U396                      NAND2X0_RVT     saed32rvt_c      
U397                      NAND3X0_RVT     saed32rvt_c      
U398                      NOR3X0_RVT      saed32rvt_c      
U399                      NAND3X0_RVT     saed32rvt_c      
U400                      AND3X1_RVT      saed32rvt_c      
U402                      AND2X1_RVT      saed32rvt_c      
U403                      AO21X1_RVT      saed32rvt_c      
U404                      NAND2X0_RVT     saed32rvt_c      
U405                      NAND3X0_RVT     saed32rvt_c      
U407                      NAND3X0_RVT     saed32rvt_c      
U408                      NAND3X0_RVT     saed32rvt_c      
U410                      NAND3X0_RVT     saed32rvt_c      
U411                      NAND2X0_RVT     saed32rvt_c      
U414                      NAND2X0_RVT     saed32rvt_c      
U415                      AND2X1_RVT      saed32rvt_c      
U416                      NAND3X0_RVT     saed32rvt_c      
U417                      NAND4X0_RVT     saed32rvt_c      
U418                      NAND2X0_RVT     saed32rvt_c      
U419                      NAND2X0_RVT     saed32rvt_c      
U421                      NAND3X0_RVT     saed32rvt_c      
U422                      OA22X1_RVT      saed32rvt_c      
U426                      AO22X1_RVT      saed32rvt_c      
U427                      AOI22X1_RVT     saed32rvt_c      
U428                      OR2X1_RVT       saed32rvt_c      
U429                      OR2X1_RVT       saed32rvt_c      
U431                      NAND3X0_RVT     saed32rvt_c      
U433                      NAND2X0_RVT     saed32rvt_c      
U437                      NAND2X0_RVT     saed32rvt_c      
U438                      NAND3X0_RVT     saed32rvt_c      
U440                      NAND3X0_RVT     saed32rvt_c      
U442                      NAND2X0_RVT     saed32rvt_c      
U443                      AOI22X1_RVT     saed32rvt_c      
U444                      OA21X1_RVT      saed32rvt_c      
U445                      AND3X1_RVT      saed32rvt_c      
U448                      NAND2X0_RVT     saed32rvt_c      
U449                      AOI21X1_RVT     saed32rvt_c      
U451                      NAND2X0_RVT     saed32rvt_c      
U453                      OA21X1_RVT      saed32rvt_c      
U455                      NAND2X0_RVT     saed32rvt_c      
U458                      NAND4X0_RVT     saed32rvt_c      
U459                      OR3X1_RVT       saed32rvt_c      
U460                      NAND2X0_RVT     saed32rvt_c      
U461                      NAND2X0_RVT     saed32rvt_c      
U462                      OR3X1_RVT       saed32rvt_c      
U463                      NAND2X0_RVT     saed32rvt_c      
U465                      NAND3X0_RVT     saed32rvt_c      
U466                      AND2X1_RVT      saed32rvt_c      
U468                      NAND3X0_RVT     saed32rvt_c      
U470                      NAND2X0_RVT     saed32rvt_c      
U472                      AND2X1_RVT      saed32rvt_c      
U474                      NAND3X0_RVT     saed32rvt_c      
U476                      NAND2X0_RVT     saed32rvt_c      
U477                      AND3X1_RVT      saed32rvt_c      
U481                      NAND3X0_RVT     saed32rvt_c      
U485                      NAND2X0_RVT     saed32rvt_c      
U486                      OR3X1_RVT       saed32rvt_c      
U491                      NAND2X0_RVT     saed32rvt_c      
clock_gate_irq_num        omsp_clock_gate_29               h
enable_latch_reg          LATCHX1_RVT     saed32rvt_c      n, S
U2                        INVX1_RVT       saed32rvt_c      
U3                        AND2X1_RVT      saed32rvt_c      S
U4                        OR2X1_RVT       saed32rvt_c      
and_mirq_wkup             omsp_and_gate_5                  h
U1                        AND2X1_RVT      saed32rvt_c      
and_mclk_wkup             omsp_and_gate_4                  h
U1                        AND2X1_RVT      saed32rvt_c      
and_mclk_dma_wkup         omsp_and_gate_3                  h
U1                        AND2X1_RVT      saed32rvt_c      
clock_gate_pc             omsp_clock_gate_28               h
enable_latch_reg          LATCHX1_RVT     saed32rvt_c      n, S
U2                        INVX1_RVT       saed32rvt_c      
U3                        AND2X1_RVT      saed32rvt_c      S
U4                        OR2X1_RVT       saed32rvt_c      
clock_gate_inst_sext      omsp_clock_gate_27               h
enable_latch_reg          LATCHX1_RVT     saed32rvt_c      n, S
U2                        INVX1_RVT       saed32rvt_c      
U3                        AND2X1_RVT      saed32rvt_c      S
U4                        OR2X1_RVT       saed32rvt_c      
clock_gate_inst_dext      omsp_clock_gate_26               h
enable_latch_reg          LATCHX1_RVT     saed32rvt_c      n, S
U2                        INVX1_RVT       saed32rvt_c      
U3                        AND2X1_RVT      saed32rvt_c      S
U4                        OR2X1_RVT       saed32rvt_c      
clock_gate_decode         omsp_clock_gate_25               h
enable_latch_reg          LATCHX1_RVT     saed32rvt_c      n, S
U2                        INVX1_RVT       saed32rvt_c      
U3                        AND2X1_RVT      saed32rvt_c      S
U4                        OR2X1_RVT       saed32rvt_c      
add_458/U1_2              FADDX1_RVT      saed32rvt_c      
add_458/U1_3              FADDX1_RVT      saed32rvt_c      
add_458/U1_4              FADDX1_RVT      saed32rvt_c      
add_458/U1_5              FADDX1_RVT      saed32rvt_c      
add_458/U1_6              FADDX1_RVT      saed32rvt_c      
add_458/U1_7              FADDX1_RVT      saed32rvt_c      
add_458/U1_8              FADDX1_RVT      saed32rvt_c      
add_458/U1_9              FADDX1_RVT      saed32rvt_c      
add_458/U1_10             FADDX1_RVT      saed32rvt_c      
add_458/U1_11             FADDX1_RVT      saed32rvt_c      
add_458/U1_12             FADDX1_RVT      saed32rvt_c      
add_458/U1_13             FADDX1_RVT      saed32rvt_c      
add_458/U1_14             FADDX1_RVT      saed32rvt_c      
add_458/U1_15             FADDX1_RVT      saed32rvt_c      
inst_bw_reg               DFFARX2_RVT     saed32rvt_c      n, S
irq_num_reg[1]            DFFASX1_RVT     saed32rvt_c      n, S
irq_num_reg[0]            DFFASX1_RVT     saed32rvt_c      n, S
irq_num_reg[3]            DFFASX1_RVT     saed32rvt_c      n, S
irq_num_reg[2]            DFFASX1_RVT     saed32rvt_c      n, S
inst_dext_reg[0]          DFFARX1_RVT     saed32rvt_c      n, S
inst_ad_reg[0]            DFFARX1_RVT     saed32rvt_c      n, S
inst_alu_reg[11]          DFFARX1_RVT     saed32rvt_c      n, S
inst_alu_reg[7]           DFFARX1_RVT     saed32rvt_c      n, S
inst_mov_reg              DFFARX1_RVT     saed32rvt_c      n, S
inst_alu_reg[1]           DFFARX1_RVT     saed32rvt_c      n, S
inst_so_reg[3]            DFFARX1_RVT     saed32rvt_c      n, S
inst_alu_reg[6]           DFFARX1_RVT     saed32rvt_c      n, S
inst_alu_reg[0]           DFFARX1_RVT     saed32rvt_c      n, S
inst_so_reg[0]            DFFARX1_RVT     saed32rvt_c      n, S
inst_so_reg[2]            DFFARX1_RVT     saed32rvt_c      n, S
inst_alu_reg[8]           DFFARX1_RVT     saed32rvt_c      n, S
inst_alu_reg[2]           DFFARX1_RVT     saed32rvt_c      n, S
inst_alu_reg[3]           DFFARX1_RVT     saed32rvt_c      n, S
inst_alu_reg[9]           DFFARX1_RVT     saed32rvt_c      n, S
inst_as_reg[3]            DFFARX1_RVT     saed32rvt_c      n, S
pc_reg[0]                 DFFARX1_RVT     saed32rvt_c      n, S
inst_as_reg[2]            DFFARX1_RVT     saed32rvt_c      n, S
inst_as_reg[7]            DFFARX1_RVT     saed32rvt_c      n, S
inst_as_reg[0]            DFFARX1_RVT     saed32rvt_c      n, S
inst_sz_reg[0]            DFFARX1_RVT     saed32rvt_c      n, S
inst_sext_reg[0]          DFFARX1_RVT     saed32rvt_c      n, S
inst_dext_reg[1]          DFFARX1_RVT     saed32rvt_c      n, S
pc_reg[1]                 DFFARX1_RVT     saed32rvt_c      n, S
inst_dext_reg[2]          DFFARX1_RVT     saed32rvt_c      n, S
pc_reg[2]                 DFFARX1_RVT     saed32rvt_c      n, S
inst_sext_reg[1]          DFFARX1_RVT     saed32rvt_c      n, S
pc_reg[3]                 DFFARX1_RVT     saed32rvt_c      n, S
inst_dext_reg[3]          DFFARX1_RVT     saed32rvt_c      n, S
inst_sext_reg[2]          DFFARX1_RVT     saed32rvt_c      n, S
pc_reg[4]                 DFFARX1_RVT     saed32rvt_c      n, S
inst_sext_reg[3]          DFFARX1_RVT     saed32rvt_c      n, S
inst_dext_reg[4]          DFFARX1_RVT     saed32rvt_c      n, S
inst_sext_reg[4]          DFFARX1_RVT     saed32rvt_c      n, S
pc_reg[5]                 DFFARX1_RVT     saed32rvt_c      n, S
inst_dext_reg[5]          DFFARX1_RVT     saed32rvt_c      n, S
pc_reg[6]                 DFFARX1_RVT     saed32rvt_c      n, S
inst_sext_reg[5]          DFFARX1_RVT     saed32rvt_c      n, S
inst_dext_reg[6]          DFFARX1_RVT     saed32rvt_c      n, S
pc_reg[7]                 DFFARX1_RVT     saed32rvt_c      n, S
pc_reg[8]                 DFFARX1_RVT     saed32rvt_c      n, S
inst_sext_reg[6]          DFFARX1_RVT     saed32rvt_c      n, S
inst_dext_reg[7]          DFFARX1_RVT     saed32rvt_c      n, S
inst_sext_reg[7]          DFFARX1_RVT     saed32rvt_c      n, S
inst_dext_reg[8]          DFFARX1_RVT     saed32rvt_c      n, S
inst_sext_reg[8]          DFFARX1_RVT     saed32rvt_c      n, S
inst_dext_reg[9]          DFFARX1_RVT     saed32rvt_c      n, S
inst_sext_reg[9]          DFFARX1_RVT     saed32rvt_c      n, S
inst_dext_reg[10]         DFFARX1_RVT     saed32rvt_c      n, S
inst_sext_reg[10]         DFFARX1_RVT     saed32rvt_c      n, S
inst_alu_reg[10]          DFFARX2_RVT     saed32rvt_c      n, S
inst_alu_reg[5]           DFFARX2_RVT     saed32rvt_c      n, S
inst_alu_reg[4]           DFFARX2_RVT     saed32rvt_c      n, S
inst_so_reg[1]            DFFARX2_RVT     saed32rvt_c      n, S
U6                        NOR2X1_RVT      saed32rvt_c      
U7                        INVX0_RVT       saed32rvt_c      
U35                       INVX1_RVT       saed32rvt_c      
U37                       INVX1_RVT       saed32rvt_c      
U38                       NBUFFX2_RVT     saed32rvt_c      
U44                       NBUFFX2_RVT     saed32rvt_c      
U45                       NBUFFX2_RVT     saed32rvt_c      
U46                       NBUFFX2_RVT     saed32rvt_c      
U47                       NBUFFX2_RVT     saed32rvt_c      
U48                       NBUFFX2_RVT     saed32rvt_c      
U49                       NBUFFX2_RVT     saed32rvt_c      
U51                       NBUFFX2_RVT     saed32rvt_c      
U52                       NBUFFX2_RVT     saed32rvt_c      
U53                       AND2X1_RVT      saed32rvt_c      
U60                       AND3X1_RVT      saed32rvt_c      
U66                       XOR2X1_RVT      saed32rvt_c      
U67                       INVX0_RVT       saed32rvt_c      
U90                       AND3X1_RVT      saed32rvt_c      
U93                       AO221X1_RVT     saed32rvt_c      
U96                       AOI221X1_RVT    saed32rvt_c      
U98                       OR4X1_RVT       saed32rvt_c      
U101                      OR4X1_RVT       saed32rvt_c      
U104                      OR4X1_RVT       saed32rvt_c      
U123                      OR4X1_RVT       saed32rvt_c      
U127                      NBUFFX4_RVT     saed32rvt_c      
U130                      OAI22X1_RVT     saed32rvt_c      
U132                      OAI21X1_RVT     saed32rvt_c      
U137                      AND2X1_RVT      saed32rvt_c      
U139                      XOR2X1_RVT      saed32rvt_c      
U142                      XOR2X1_RVT      saed32rvt_c      
U154                      AND2X1_RVT      saed32rvt_c      
U156                      XOR2X1_RVT      saed32rvt_c      
U179                      AND2X1_RVT      saed32rvt_c      
U183                      XOR2X1_RVT      saed32rvt_c      
U188                      AND2X1_RVT      saed32rvt_c      
U190                      XOR2X1_RVT      saed32rvt_c      
U193                      AND2X1_RVT      saed32rvt_c      
U194                      XOR2X1_RVT      saed32rvt_c      
U196                      AND2X1_RVT      saed32rvt_c      
U197                      XOR2X1_RVT      saed32rvt_c      
U201                      AND2X1_RVT      saed32rvt_c      
U202                      XOR2X1_RVT      saed32rvt_c      
U212                      AND2X1_RVT      saed32rvt_c      
U214                      XOR2X1_RVT      saed32rvt_c      
U217                      AND2X1_RVT      saed32rvt_c      
U221                      XOR2X1_RVT      saed32rvt_c      
U229                      AND2X1_RVT      saed32rvt_c      
U231                      XOR2X1_RVT      saed32rvt_c      
U239                      AND2X1_RVT      saed32rvt_c      
U242                      XOR2X1_RVT      saed32rvt_c      
U249                      AND2X1_RVT      saed32rvt_c      
U261                      XOR2X1_RVT      saed32rvt_c      
U275                      AND2X1_RVT      saed32rvt_c      
U282                      XOR2X1_RVT      saed32rvt_c      
U285                      AND2X1_RVT      saed32rvt_c      
U286                      XOR2X1_RVT      saed32rvt_c      
U288                      AND2X1_RVT      saed32rvt_c      
U296                      XOR2X1_RVT      saed32rvt_c      
U298                      INVX1_RVT       saed32rvt_c      
U317                      INVX1_RVT       saed32rvt_c      
U320                      INVX1_RVT       saed32rvt_c      
U322                      INVX1_RVT       saed32rvt_c      
U324                      INVX1_RVT       saed32rvt_c      
U325                      INVX1_RVT       saed32rvt_c      
U326                      INVX1_RVT       saed32rvt_c      
U329                      INVX1_RVT       saed32rvt_c      
U330                      INVX1_RVT       saed32rvt_c      
U339                      INVX1_RVT       saed32rvt_c      
U340                      INVX1_RVT       saed32rvt_c      
U342                      INVX1_RVT       saed32rvt_c      
U347                      INVX1_RVT       saed32rvt_c      
U350                      INVX1_RVT       saed32rvt_c      
U386                      INVX1_RVT       saed32rvt_c      
U393                      INVX1_RVT       saed32rvt_c      
U401                      INVX1_RVT       saed32rvt_c      
U406                      INVX1_RVT       saed32rvt_c      
U409                      INVX1_RVT       saed32rvt_c      
U412                      INVX1_RVT       saed32rvt_c      
U413                      INVX1_RVT       saed32rvt_c      
U420                      INVX1_RVT       saed32rvt_c      
U423                      INVX1_RVT       saed32rvt_c      
U424                      INVX1_RVT       saed32rvt_c      
U425                      INVX1_RVT       saed32rvt_c      
U430                      INVX1_RVT       saed32rvt_c      
U432                      INVX1_RVT       saed32rvt_c      
U434                      INVX1_RVT       saed32rvt_c      
U435                      INVX1_RVT       saed32rvt_c      
U436                      INVX1_RVT       saed32rvt_c      
U439                      INVX1_RVT       saed32rvt_c      
U441                      INVX1_RVT       saed32rvt_c      
U446                      INVX1_RVT       saed32rvt_c      
U447                      INVX1_RVT       saed32rvt_c      
U450                      INVX1_RVT       saed32rvt_c      
U452                      INVX1_RVT       saed32rvt_c      
U454                      INVX1_RVT       saed32rvt_c      
U456                      INVX1_RVT       saed32rvt_c      
U457                      INVX1_RVT       saed32rvt_c      
U464                      INVX1_RVT       saed32rvt_c      
U467                      INVX1_RVT       saed32rvt_c      
U469                      INVX1_RVT       saed32rvt_c      
U471                      INVX1_RVT       saed32rvt_c      
U473                      INVX1_RVT       saed32rvt_c      
U475                      INVX1_RVT       saed32rvt_c      
U478                      INVX1_RVT       saed32rvt_c      
U479                      INVX1_RVT       saed32rvt_c      
U480                      INVX1_RVT       saed32rvt_c      
U482                      INVX1_RVT       saed32rvt_c      
U483                      INVX1_RVT       saed32rvt_c      
U484                      INVX1_RVT       saed32rvt_c      
U487                      INVX1_RVT       saed32rvt_c      
U488                      INVX1_RVT       saed32rvt_c      
U489                      INVX1_RVT       saed32rvt_c      
U490                      INVX1_RVT       saed32rvt_c      
U492                      INVX1_RVT       saed32rvt_c      
U497                      INVX1_RVT       saed32rvt_c      
U498                      INVX1_RVT       saed32rvt_c      
U499                      INVX1_RVT       saed32rvt_c      
U500                      INVX1_RVT       saed32rvt_c      
U501                      INVX1_RVT       saed32rvt_c      
U502                      INVX1_RVT       saed32rvt_c      
U503                      INVX1_RVT       saed32rvt_c      
U504                      INVX1_RVT       saed32rvt_c      
U505                      INVX1_RVT       saed32rvt_c      
U506                      INVX1_RVT       saed32rvt_c      
U507                      INVX1_RVT       saed32rvt_c      
execution_unit_0          omsp_execution_unit              h
mdb_in_buf_valid_reg      DFFARX1_RVT     saed32rvt_c      n, S
mdb_out_nxt_reg[9]        DFFARX1_RVT     saed32rvt_c      n, S
mdb_out_nxt_reg[10]       DFFARX1_RVT     saed32rvt_c      n, S
mdb_out_nxt_reg[11]       DFFARX1_RVT     saed32rvt_c      n, S
mdb_out_nxt_reg[12]       DFFARX1_RVT     saed32rvt_c      n, S
mdb_out_nxt_reg[13]       DFFARX1_RVT     saed32rvt_c      n, S
mdb_out_nxt_reg[14]       DFFARX1_RVT     saed32rvt_c      n, S
mdb_out_nxt_reg[15]       DFFARX1_RVT     saed32rvt_c      n, S
U32                       AO221X1_RVT     saed32rvt_c      
U33                       NOR2X0_RVT      saed32rvt_c      
U34                       AO22X1_RVT      saed32rvt_c      
U35                       AO22X1_RVT      saed32rvt_c      
U36                       NAND2X0_RVT     saed32rvt_c      
U37                       AO21X1_RVT      saed32rvt_c      
U38                       NAND3X0_RVT     saed32rvt_c      
U39                       NAND3X0_RVT     saed32rvt_c      
U40                       NAND3X0_RVT     saed32rvt_c      
U41                       OR2X1_RVT       saed32rvt_c      
U42                       AO222X1_RVT     saed32rvt_c      
U43                       AO222X1_RVT     saed32rvt_c      
U44                       OR2X1_RVT       saed32rvt_c      
U45                       AO222X1_RVT     saed32rvt_c      
U46                       AO222X1_RVT     saed32rvt_c      
U47                       OR2X1_RVT       saed32rvt_c      
U48                       AO222X1_RVT     saed32rvt_c      
U49                       AO222X1_RVT     saed32rvt_c      
U50                       OR2X1_RVT       saed32rvt_c      
U51                       AO222X1_RVT     saed32rvt_c      
U52                       AO222X1_RVT     saed32rvt_c      
U53                       OR2X1_RVT       saed32rvt_c      
U54                       AO222X1_RVT     saed32rvt_c      
U55                       AO222X1_RVT     saed32rvt_c      
U56                       OR2X1_RVT       saed32rvt_c      
U57                       AO222X1_RVT     saed32rvt_c      
U58                       AO222X1_RVT     saed32rvt_c      
U59                       OR2X1_RVT       saed32rvt_c      
U60                       AO222X1_RVT     saed32rvt_c      
U61                       AO222X1_RVT     saed32rvt_c      
U62                       OR2X1_RVT       saed32rvt_c      
U63                       AO222X1_RVT     saed32rvt_c      
U64                       AO222X1_RVT     saed32rvt_c      
U65                       OR2X1_RVT       saed32rvt_c      
U66                       AO222X1_RVT     saed32rvt_c      
U67                       AO222X1_RVT     saed32rvt_c      
U68                       OR2X1_RVT       saed32rvt_c      
U69                       AO222X1_RVT     saed32rvt_c      
U70                       AO222X1_RVT     saed32rvt_c      
U71                       OR2X1_RVT       saed32rvt_c      
U72                       AO222X1_RVT     saed32rvt_c      
U73                       AO222X1_RVT     saed32rvt_c      
U74                       OR2X1_RVT       saed32rvt_c      
U75                       AO222X1_RVT     saed32rvt_c      
U76                       AO222X1_RVT     saed32rvt_c      
U77                       OR2X1_RVT       saed32rvt_c      
U78                       AO222X1_RVT     saed32rvt_c      
U79                       AO222X1_RVT     saed32rvt_c      
U80                       OR2X1_RVT       saed32rvt_c      
U81                       AO222X1_RVT     saed32rvt_c      
U82                       AO222X1_RVT     saed32rvt_c      
U83                       OR2X1_RVT       saed32rvt_c      
U84                       AO222X1_RVT     saed32rvt_c      
U85                       AO222X1_RVT     saed32rvt_c      
U86                       OR2X1_RVT       saed32rvt_c      
U87                       AO222X1_RVT     saed32rvt_c      
U89                       AO22X1_RVT      saed32rvt_c      
U90                       AO222X1_RVT     saed32rvt_c      
U94                       AND2X1_RVT      saed32rvt_c      
U95                       NAND2X0_RVT     saed32rvt_c      
U96                       NAND2X0_RVT     saed32rvt_c      
U97                       NOR2X0_RVT      saed32rvt_c      
U100                      AND2X1_RVT      saed32rvt_c      
U101                      AO221X1_RVT     saed32rvt_c      
U102                      AO221X1_RVT     saed32rvt_c      
U103                      AO221X1_RVT     saed32rvt_c      
U104                      AO221X1_RVT     saed32rvt_c      
U105                      AO221X1_RVT     saed32rvt_c      
U106                      AO221X1_RVT     saed32rvt_c      
U107                      AO221X1_RVT     saed32rvt_c      
U108                      AO221X1_RVT     saed32rvt_c      
U109                      AO221X1_RVT     saed32rvt_c      
U110                      AO221X1_RVT     saed32rvt_c      
U111                      AO221X1_RVT     saed32rvt_c      
U112                      AO221X1_RVT     saed32rvt_c      
U113                      AO221X1_RVT     saed32rvt_c      
U114                      AO221X1_RVT     saed32rvt_c      
U115                      AO221X1_RVT     saed32rvt_c      
U116                      AO221X1_RVT     saed32rvt_c      
U117                      AO221X1_RVT     saed32rvt_c      
U118                      AO221X1_RVT     saed32rvt_c      
U119                      AO221X1_RVT     saed32rvt_c      
U120                      AO221X1_RVT     saed32rvt_c      
U121                      AO221X1_RVT     saed32rvt_c      
U122                      AO221X1_RVT     saed32rvt_c      
U123                      AO221X1_RVT     saed32rvt_c      
U124                      AO221X1_RVT     saed32rvt_c      
U125                      AO221X1_RVT     saed32rvt_c      
U126                      AO221X1_RVT     saed32rvt_c      
U127                      AO221X1_RVT     saed32rvt_c      
U128                      AO221X1_RVT     saed32rvt_c      
U129                      AO221X1_RVT     saed32rvt_c      
U130                      AO221X1_RVT     saed32rvt_c      
U132                      AO221X1_RVT     saed32rvt_c      
U133                      AO21X1_RVT      saed32rvt_c      
U134                      AND2X1_RVT      saed32rvt_c      
U135                      AO21X1_RVT      saed32rvt_c      
U136                      AND4X1_RVT      saed32rvt_c      
U137                      AND2X1_RVT      saed32rvt_c      
U138                      AND2X1_RVT      saed32rvt_c      
U139                      OR2X1_RVT       saed32rvt_c      
U140                      AO221X1_RVT     saed32rvt_c      
U141                      AO22X1_RVT      saed32rvt_c      
U145                      OA22X1_RVT      saed32rvt_c      
U146                      OR2X1_RVT       saed32rvt_c      
U147                      OR3X1_RVT       saed32rvt_c      
U148                      OAI22X1_RVT     saed32rvt_c      
U149                      OA21X1_RVT      saed32rvt_c      
U150                      NAND2X0_RVT     saed32rvt_c      
U151                      OR2X1_RVT       saed32rvt_c      
U152                      AND2X1_RVT      saed32rvt_c      
U153                      NAND2X0_RVT     saed32rvt_c      
U154                      NAND2X0_RVT     saed32rvt_c      
U155                      OR3X1_RVT       saed32rvt_c      
U156                      AO22X1_RVT      saed32rvt_c      
U157                      OA21X1_RVT      saed32rvt_c      
U158                      NAND3X0_RVT     saed32rvt_c      
U159                      AO21X1_RVT      saed32rvt_c      
U160                      AND2X1_RVT      saed32rvt_c      
U161                      OR2X1_RVT       saed32rvt_c      
U162                      AO22X1_RVT      saed32rvt_c      
U163                      AO22X1_RVT      saed32rvt_c      
U164                      AO22X1_RVT      saed32rvt_c      
U165                      AO22X1_RVT      saed32rvt_c      
U166                      AO22X1_RVT      saed32rvt_c      
U167                      AO22X1_RVT      saed32rvt_c      
U168                      AO22X1_RVT      saed32rvt_c      
U169                      AO22X1_RVT      saed32rvt_c      
U170                      AO22X1_RVT      saed32rvt_c      
U171                      AO22X1_RVT      saed32rvt_c      
U172                      AO22X1_RVT      saed32rvt_c      
U173                      AO22X1_RVT      saed32rvt_c      
U174                      AO22X1_RVT      saed32rvt_c      
U175                      AO22X1_RVT      saed32rvt_c      
U176                      AO22X1_RVT      saed32rvt_c      
U177                      AO22X1_RVT      saed32rvt_c      
U178                      NAND2X0_RVT     saed32rvt_c      
U179                      AND2X1_RVT      saed32rvt_c      
U180                      OA21X1_RVT      saed32rvt_c      
U181                      AOI21X1_RVT     saed32rvt_c      
U182                      NAND3X0_RVT     saed32rvt_c      
U183                      OA22X1_RVT      saed32rvt_c      
U184                      NAND2X0_RVT     saed32rvt_c      
U185                      NAND3X0_RVT     saed32rvt_c      
U186                      NAND2X0_RVT     saed32rvt_c      
U187                      NAND3X0_RVT     saed32rvt_c      
U188                      NAND2X0_RVT     saed32rvt_c      
U189                      NAND3X0_RVT     saed32rvt_c      
U190                      NAND3X0_RVT     saed32rvt_c      
U191                      NAND2X0_RVT     saed32rvt_c      
U192                      NAND3X0_RVT     saed32rvt_c      
U193                      NAND3X0_RVT     saed32rvt_c      
U194                      NAND2X0_RVT     saed32rvt_c      
U195                      AND3X1_RVT      saed32rvt_c      
U196                      OR3X1_RVT       saed32rvt_c      
U197                      AO22X1_RVT      saed32rvt_c      
U198                      AO22X1_RVT      saed32rvt_c      
U199                      AO22X1_RVT      saed32rvt_c      
U200                      AO22X1_RVT      saed32rvt_c      
U201                      AO22X1_RVT      saed32rvt_c      
U202                      AO22X1_RVT      saed32rvt_c      
U203                      AO22X1_RVT      saed32rvt_c      
U204                      AO22X1_RVT      saed32rvt_c      
U205                      AO22X1_RVT      saed32rvt_c      
U206                      AO22X1_RVT      saed32rvt_c      
U207                      AO22X1_RVT      saed32rvt_c      
U208                      AO22X1_RVT      saed32rvt_c      
U209                      AO22X1_RVT      saed32rvt_c      
U210                      AO22X1_RVT      saed32rvt_c      
U211                      AO22X1_RVT      saed32rvt_c      
U212                      AO22X1_RVT      saed32rvt_c      
U214                      AND2X1_RVT      saed32rvt_c      
register_file_0           omsp_register_file               h
r2_reg[8]                 DFFARX1_RVT     saed32rvt_c      n, S
r2_reg[7]                 DFFARX1_RVT     saed32rvt_c      n, S
r2_reg[6]                 DFFARX1_RVT     saed32rvt_c      n, S
r2_reg[5]                 DFFARX1_RVT     saed32rvt_c      n, S
r2_reg[4]                 DFFARX1_RVT     saed32rvt_c      n, S
r2_reg[3]                 DFFARX1_RVT     saed32rvt_c      n, S
r2_reg[2]                 DFFARX1_RVT     saed32rvt_c      n, S
r2_reg[1]                 DFFARX1_RVT     saed32rvt_c      n, S
r2_reg[0]                 DFFARX1_RVT     saed32rvt_c      n, S
r3_reg[15]                DFFARX1_RVT     saed32rvt_c      n, S
r3_reg[14]                DFFARX1_RVT     saed32rvt_c      n, S
r3_reg[13]                DFFARX1_RVT     saed32rvt_c      n, S
r3_reg[12]                DFFARX1_RVT     saed32rvt_c      n, S
r3_reg[11]                DFFARX1_RVT     saed32rvt_c      n, S
r3_reg[10]                DFFARX1_RVT     saed32rvt_c      n, S
r3_reg[8]                 DFFARX1_RVT     saed32rvt_c      n, S
r3_reg[7]                 DFFARX1_RVT     saed32rvt_c      n, S
r3_reg[6]                 DFFARX1_RVT     saed32rvt_c      n, S
r3_reg[5]                 DFFARX1_RVT     saed32rvt_c      n, S
r3_reg[4]                 DFFARX1_RVT     saed32rvt_c      n, S
r3_reg[3]                 DFFARX1_RVT     saed32rvt_c      n, S
r3_reg[2]                 DFFARX1_RVT     saed32rvt_c      n, S
r3_reg[1]                 DFFARX1_RVT     saed32rvt_c      n, S
r3_reg[0]                 DFFARX1_RVT     saed32rvt_c      n, S
r15_reg[0]                DFFARX1_RVT     saed32rvt_c      n, S
r6_reg[0]                 DFFARX1_RVT     saed32rvt_c      n, S
r7_reg[0]                 DFFARX1_RVT     saed32rvt_c      n, S
r8_reg[0]                 DFFARX1_RVT     saed32rvt_c      n, S
r9_reg[0]                 DFFARX1_RVT     saed32rvt_c      n, S
r10_reg[0]                DFFARX1_RVT     saed32rvt_c      n, S
r11_reg[0]                DFFARX1_RVT     saed32rvt_c      n, S
r12_reg[0]                DFFARX1_RVT     saed32rvt_c      n, S
r13_reg[0]                DFFARX1_RVT     saed32rvt_c      n, S
r14_reg[0]                DFFARX1_RVT     saed32rvt_c      n, S
r4_reg[0]                 DFFARX1_RVT     saed32rvt_c      n, S
r5_reg[0]                 DFFARX1_RVT     saed32rvt_c      n, S
r6_reg[1]                 DFFARX1_RVT     saed32rvt_c      n, S
r7_reg[1]                 DFFARX1_RVT     saed32rvt_c      n, S
r8_reg[1]                 DFFARX1_RVT     saed32rvt_c      n, S
r9_reg[1]                 DFFARX1_RVT     saed32rvt_c      n, S
r10_reg[1]                DFFARX1_RVT     saed32rvt_c      n, S
r11_reg[1]                DFFARX1_RVT     saed32rvt_c      n, S
r12_reg[1]                DFFARX1_RVT     saed32rvt_c      n, S
r13_reg[1]                DFFARX1_RVT     saed32rvt_c      n, S
r14_reg[1]                DFFARX1_RVT     saed32rvt_c      n, S
r15_reg[1]                DFFARX1_RVT     saed32rvt_c      n, S
r1_reg[1]                 DFFARX1_RVT     saed32rvt_c      n, S
r4_reg[1]                 DFFARX1_RVT     saed32rvt_c      n, S
r5_reg[1]                 DFFARX1_RVT     saed32rvt_c      n, S
r5_reg[2]                 DFFARX1_RVT     saed32rvt_c      n, S
r6_reg[2]                 DFFARX1_RVT     saed32rvt_c      n, S
r7_reg[2]                 DFFARX1_RVT     saed32rvt_c      n, S
r8_reg[2]                 DFFARX1_RVT     saed32rvt_c      n, S
r9_reg[2]                 DFFARX1_RVT     saed32rvt_c      n, S
r10_reg[2]                DFFARX1_RVT     saed32rvt_c      n, S
r11_reg[2]                DFFARX1_RVT     saed32rvt_c      n, S
r12_reg[2]                DFFARX1_RVT     saed32rvt_c      n, S
r13_reg[2]                DFFARX1_RVT     saed32rvt_c      n, S
r14_reg[2]                DFFARX1_RVT     saed32rvt_c      n, S
r15_reg[2]                DFFARX1_RVT     saed32rvt_c      n, S
r1_reg[2]                 DFFARX1_RVT     saed32rvt_c      n, S
r4_reg[2]                 DFFARX1_RVT     saed32rvt_c      n, S
r5_reg[3]                 DFFARX1_RVT     saed32rvt_c      n, S
r6_reg[3]                 DFFARX1_RVT     saed32rvt_c      n, S
r7_reg[3]                 DFFARX1_RVT     saed32rvt_c      n, S
r8_reg[3]                 DFFARX1_RVT     saed32rvt_c      n, S
r9_reg[3]                 DFFARX1_RVT     saed32rvt_c      n, S
r10_reg[3]                DFFARX1_RVT     saed32rvt_c      n, S
r11_reg[3]                DFFARX1_RVT     saed32rvt_c      n, S
r12_reg[3]                DFFARX1_RVT     saed32rvt_c      n, S
r13_reg[3]                DFFARX1_RVT     saed32rvt_c      n, S
r14_reg[3]                DFFARX1_RVT     saed32rvt_c      n, S
r15_reg[3]                DFFARX1_RVT     saed32rvt_c      n, S
r1_reg[3]                 DFFARX1_RVT     saed32rvt_c      n, S
r4_reg[3]                 DFFARX1_RVT     saed32rvt_c      n, S
r5_reg[4]                 DFFARX1_RVT     saed32rvt_c      n, S
r6_reg[4]                 DFFARX1_RVT     saed32rvt_c      n, S
r7_reg[4]                 DFFARX1_RVT     saed32rvt_c      n, S
r8_reg[4]                 DFFARX1_RVT     saed32rvt_c      n, S
r9_reg[4]                 DFFARX1_RVT     saed32rvt_c      n, S
r10_reg[4]                DFFARX1_RVT     saed32rvt_c      n, S
r11_reg[4]                DFFARX1_RVT     saed32rvt_c      n, S
r12_reg[4]                DFFARX1_RVT     saed32rvt_c      n, S
r13_reg[4]                DFFARX1_RVT     saed32rvt_c      n, S
r14_reg[4]                DFFARX1_RVT     saed32rvt_c      n, S
r15_reg[4]                DFFARX1_RVT     saed32rvt_c      n, S
r1_reg[4]                 DFFARX1_RVT     saed32rvt_c      n, S
r4_reg[4]                 DFFARX1_RVT     saed32rvt_c      n, S
r5_reg[5]                 DFFARX1_RVT     saed32rvt_c      n, S
r6_reg[5]                 DFFARX1_RVT     saed32rvt_c      n, S
r7_reg[5]                 DFFARX1_RVT     saed32rvt_c      n, S
r8_reg[5]                 DFFARX1_RVT     saed32rvt_c      n, S
r9_reg[5]                 DFFARX1_RVT     saed32rvt_c      n, S
r10_reg[5]                DFFARX1_RVT     saed32rvt_c      n, S
r11_reg[5]                DFFARX1_RVT     saed32rvt_c      n, S
r12_reg[5]                DFFARX1_RVT     saed32rvt_c      n, S
r13_reg[5]                DFFARX1_RVT     saed32rvt_c      n, S
r14_reg[5]                DFFARX1_RVT     saed32rvt_c      n, S
r15_reg[5]                DFFARX1_RVT     saed32rvt_c      n, S
r1_reg[5]                 DFFARX1_RVT     saed32rvt_c      n, S
r4_reg[5]                 DFFARX1_RVT     saed32rvt_c      n, S
r5_reg[6]                 DFFARX1_RVT     saed32rvt_c      n, S
r6_reg[6]                 DFFARX1_RVT     saed32rvt_c      n, S
r7_reg[6]                 DFFARX1_RVT     saed32rvt_c      n, S
r8_reg[6]                 DFFARX1_RVT     saed32rvt_c      n, S
r9_reg[6]                 DFFARX1_RVT     saed32rvt_c      n, S
r10_reg[6]                DFFARX1_RVT     saed32rvt_c      n, S
r11_reg[6]                DFFARX1_RVT     saed32rvt_c      n, S
r12_reg[6]                DFFARX1_RVT     saed32rvt_c      n, S
r13_reg[6]                DFFARX1_RVT     saed32rvt_c      n, S
r14_reg[6]                DFFARX1_RVT     saed32rvt_c      n, S
r15_reg[6]                DFFARX1_RVT     saed32rvt_c      n, S
r1_reg[6]                 DFFARX1_RVT     saed32rvt_c      n, S
r4_reg[6]                 DFFARX1_RVT     saed32rvt_c      n, S
r5_reg[7]                 DFFARX1_RVT     saed32rvt_c      n, S
r6_reg[7]                 DFFARX1_RVT     saed32rvt_c      n, S
r7_reg[7]                 DFFARX1_RVT     saed32rvt_c      n, S
r8_reg[7]                 DFFARX1_RVT     saed32rvt_c      n, S
r9_reg[7]                 DFFARX1_RVT     saed32rvt_c      n, S
r10_reg[7]                DFFARX1_RVT     saed32rvt_c      n, S
r11_reg[7]                DFFARX1_RVT     saed32rvt_c      n, S
r12_reg[7]                DFFARX1_RVT     saed32rvt_c      n, S
r13_reg[7]                DFFARX1_RVT     saed32rvt_c      n, S
r14_reg[7]                DFFARX1_RVT     saed32rvt_c      n, S
r15_reg[7]                DFFARX1_RVT     saed32rvt_c      n, S
r1_reg[7]                 DFFARX1_RVT     saed32rvt_c      n, S
r4_reg[7]                 DFFARX1_RVT     saed32rvt_c      n, S
r5_reg[8]                 DFFARX1_RVT     saed32rvt_c      n, S
r6_reg[8]                 DFFARX1_RVT     saed32rvt_c      n, S
r7_reg[8]                 DFFARX1_RVT     saed32rvt_c      n, S
r8_reg[8]                 DFFARX1_RVT     saed32rvt_c      n, S
r9_reg[8]                 DFFARX1_RVT     saed32rvt_c      n, S
r10_reg[8]                DFFARX1_RVT     saed32rvt_c      n, S
r11_reg[8]                DFFARX1_RVT     saed32rvt_c      n, S
r12_reg[8]                DFFARX1_RVT     saed32rvt_c      n, S
r13_reg[8]                DFFARX1_RVT     saed32rvt_c      n, S
r14_reg[8]                DFFARX1_RVT     saed32rvt_c      n, S
r15_reg[8]                DFFARX1_RVT     saed32rvt_c      n, S
r1_reg[8]                 DFFARX1_RVT     saed32rvt_c      n, S
r4_reg[8]                 DFFARX1_RVT     saed32rvt_c      n, S
r5_reg[9]                 DFFARX1_RVT     saed32rvt_c      n, S
r6_reg[9]                 DFFARX1_RVT     saed32rvt_c      n, S
r7_reg[9]                 DFFARX1_RVT     saed32rvt_c      n, S
r8_reg[9]                 DFFARX1_RVT     saed32rvt_c      n, S
r9_reg[9]                 DFFARX1_RVT     saed32rvt_c      n, S
r10_reg[9]                DFFARX1_RVT     saed32rvt_c      n, S
r11_reg[9]                DFFARX1_RVT     saed32rvt_c      n, S
r12_reg[9]                DFFARX1_RVT     saed32rvt_c      n, S
r13_reg[9]                DFFARX1_RVT     saed32rvt_c      n, S
r14_reg[9]                DFFARX1_RVT     saed32rvt_c      n, S
r15_reg[9]                DFFARX1_RVT     saed32rvt_c      n, S
r1_reg[9]                 DFFARX1_RVT     saed32rvt_c      n, S
r4_reg[9]                 DFFARX1_RVT     saed32rvt_c      n, S
r5_reg[10]                DFFARX1_RVT     saed32rvt_c      n, S
r6_reg[10]                DFFARX1_RVT     saed32rvt_c      n, S
r7_reg[10]                DFFARX1_RVT     saed32rvt_c      n, S
r8_reg[10]                DFFARX1_RVT     saed32rvt_c      n, S
r9_reg[10]                DFFARX1_RVT     saed32rvt_c      n, S
r10_reg[10]               DFFARX1_RVT     saed32rvt_c      n, S
r11_reg[10]               DFFARX1_RVT     saed32rvt_c      n, S
r12_reg[10]               DFFARX1_RVT     saed32rvt_c      n, S
r13_reg[10]               DFFARX1_RVT     saed32rvt_c      n, S
r14_reg[10]               DFFARX1_RVT     saed32rvt_c      n, S
r15_reg[10]               DFFARX1_RVT     saed32rvt_c      n, S
r1_reg[10]                DFFARX1_RVT     saed32rvt_c      n, S
r4_reg[10]                DFFARX1_RVT     saed32rvt_c      n, S
r5_reg[11]                DFFARX1_RVT     saed32rvt_c      n, S
r6_reg[11]                DFFARX1_RVT     saed32rvt_c      n, S
r7_reg[11]                DFFARX1_RVT     saed32rvt_c      n, S
r8_reg[11]                DFFARX1_RVT     saed32rvt_c      n, S
r9_reg[11]                DFFARX1_RVT     saed32rvt_c      n, S
r10_reg[11]               DFFARX1_RVT     saed32rvt_c      n, S
r11_reg[11]               DFFARX1_RVT     saed32rvt_c      n, S
r12_reg[11]               DFFARX1_RVT     saed32rvt_c      n, S
r13_reg[11]               DFFARX1_RVT     saed32rvt_c      n, S
r14_reg[11]               DFFARX1_RVT     saed32rvt_c      n, S
r15_reg[11]               DFFARX1_RVT     saed32rvt_c      n, S
r1_reg[11]                DFFARX1_RVT     saed32rvt_c      n, S
r4_reg[11]                DFFARX1_RVT     saed32rvt_c      n, S
r5_reg[12]                DFFARX1_RVT     saed32rvt_c      n, S
r6_reg[12]                DFFARX1_RVT     saed32rvt_c      n, S
r7_reg[12]                DFFARX1_RVT     saed32rvt_c      n, S
r8_reg[12]                DFFARX1_RVT     saed32rvt_c      n, S
r9_reg[12]                DFFARX1_RVT     saed32rvt_c      n, S
r10_reg[12]               DFFARX1_RVT     saed32rvt_c      n, S
r11_reg[12]               DFFARX1_RVT     saed32rvt_c      n, S
r12_reg[12]               DFFARX1_RVT     saed32rvt_c      n, S
r13_reg[12]               DFFARX1_RVT     saed32rvt_c      n, S
r14_reg[12]               DFFARX1_RVT     saed32rvt_c      n, S
r15_reg[12]               DFFARX1_RVT     saed32rvt_c      n, S
r1_reg[12]                DFFARX1_RVT     saed32rvt_c      n, S
r4_reg[12]                DFFARX1_RVT     saed32rvt_c      n, S
r5_reg[13]                DFFARX1_RVT     saed32rvt_c      n, S
r6_reg[13]                DFFARX1_RVT     saed32rvt_c      n, S
r7_reg[13]                DFFARX1_RVT     saed32rvt_c      n, S
r8_reg[13]                DFFARX1_RVT     saed32rvt_c      n, S
r9_reg[13]                DFFARX1_RVT     saed32rvt_c      n, S
r10_reg[13]               DFFARX1_RVT     saed32rvt_c      n, S
r11_reg[13]               DFFARX1_RVT     saed32rvt_c      n, S
r12_reg[13]               DFFARX1_RVT     saed32rvt_c      n, S
r13_reg[13]               DFFARX1_RVT     saed32rvt_c      n, S
r14_reg[13]               DFFARX1_RVT     saed32rvt_c      n, S
r15_reg[13]               DFFARX1_RVT     saed32rvt_c      n, S
r1_reg[13]                DFFARX1_RVT     saed32rvt_c      n, S
r4_reg[13]                DFFARX1_RVT     saed32rvt_c      n, S
r5_reg[14]                DFFARX1_RVT     saed32rvt_c      n, S
r6_reg[14]                DFFARX1_RVT     saed32rvt_c      n, S
r7_reg[14]                DFFARX1_RVT     saed32rvt_c      n, S
r8_reg[14]                DFFARX1_RVT     saed32rvt_c      n, S
r9_reg[14]                DFFARX1_RVT     saed32rvt_c      n, S
r10_reg[14]               DFFARX1_RVT     saed32rvt_c      n, S
r11_reg[14]               DFFARX1_RVT     saed32rvt_c      n, S
r12_reg[14]               DFFARX1_RVT     saed32rvt_c      n, S
r13_reg[14]               DFFARX1_RVT     saed32rvt_c      n, S
r14_reg[14]               DFFARX1_RVT     saed32rvt_c      n, S
r15_reg[14]               DFFARX1_RVT     saed32rvt_c      n, S
r1_reg[14]                DFFARX1_RVT     saed32rvt_c      n, S
r4_reg[14]                DFFARX1_RVT     saed32rvt_c      n, S
r5_reg[15]                DFFARX1_RVT     saed32rvt_c      n, S
r6_reg[15]                DFFARX1_RVT     saed32rvt_c      n, S
r7_reg[15]                DFFARX1_RVT     saed32rvt_c      n, S
r8_reg[15]                DFFARX1_RVT     saed32rvt_c      n, S
r9_reg[15]                DFFARX1_RVT     saed32rvt_c      n, S
r10_reg[15]               DFFARX1_RVT     saed32rvt_c      n, S
r11_reg[15]               DFFARX1_RVT     saed32rvt_c      n, S
r12_reg[15]               DFFARX1_RVT     saed32rvt_c      n, S
r13_reg[15]               DFFARX1_RVT     saed32rvt_c      n, S
r14_reg[15]               DFFARX1_RVT     saed32rvt_c      n, S
r15_reg[15]               DFFARX1_RVT     saed32rvt_c      n, S
r1_reg[15]                DFFARX1_RVT     saed32rvt_c      n, S
r4_reg[15]                DFFARX1_RVT     saed32rvt_c      n, S
U79                       NAND4X0_RVT     saed32rvt_c      
U80                       OA221X1_RVT     saed32rvt_c      
U82                       OA221X1_RVT     saed32rvt_c      
U83                       OA22X1_RVT      saed32rvt_c      
U84                       OA221X1_RVT     saed32rvt_c      
U85                       OA22X1_RVT      saed32rvt_c      
U86                       OA221X1_RVT     saed32rvt_c      
U87                       OA22X1_RVT      saed32rvt_c      
U88                       NAND4X0_RVT     saed32rvt_c      
U89                       OA221X1_RVT     saed32rvt_c      
U90                       OA22X1_RVT      saed32rvt_c      
U91                       OA221X1_RVT     saed32rvt_c      
U92                       OA22X1_RVT      saed32rvt_c      
U93                       OA221X1_RVT     saed32rvt_c      
U94                       OA22X1_RVT      saed32rvt_c      
U95                       OA221X1_RVT     saed32rvt_c      
U96                       OA22X1_RVT      saed32rvt_c      
U97                       NAND4X0_RVT     saed32rvt_c      
U98                       OA221X1_RVT     saed32rvt_c      
U99                       OA22X1_RVT      saed32rvt_c      
U100                      OA221X1_RVT     saed32rvt_c      
U101                      OA22X1_RVT      saed32rvt_c      
U102                      OA221X1_RVT     saed32rvt_c      
U103                      OA22X1_RVT      saed32rvt_c      
U104                      OA221X1_RVT     saed32rvt_c      
U105                      OA22X1_RVT      saed32rvt_c      
U106                      NAND4X0_RVT     saed32rvt_c      
U107                      OA221X1_RVT     saed32rvt_c      
U108                      OA22X1_RVT      saed32rvt_c      
U109                      OA221X1_RVT     saed32rvt_c      
U110                      OA22X1_RVT      saed32rvt_c      
U111                      OA221X1_RVT     saed32rvt_c      
U112                      OA22X1_RVT      saed32rvt_c      
U113                      OA221X1_RVT     saed32rvt_c      
U114                      OA22X1_RVT      saed32rvt_c      
U115                      NAND4X0_RVT     saed32rvt_c      
U116                      OA221X1_RVT     saed32rvt_c      
U117                      OA22X1_RVT      saed32rvt_c      
U118                      OA221X1_RVT     saed32rvt_c      
U119                      OA22X1_RVT      saed32rvt_c      
U120                      OA221X1_RVT     saed32rvt_c      
U121                      OA22X1_RVT      saed32rvt_c      
U122                      OA221X1_RVT     saed32rvt_c      
U123                      OA22X1_RVT      saed32rvt_c      
U124                      NAND4X0_RVT     saed32rvt_c      
U125                      OA221X1_RVT     saed32rvt_c      
U126                      OA22X1_RVT      saed32rvt_c      
U127                      OA221X1_RVT     saed32rvt_c      
U128                      OA22X1_RVT      saed32rvt_c      
U129                      OA221X1_RVT     saed32rvt_c      
U130                      OA22X1_RVT      saed32rvt_c      
U131                      OA221X1_RVT     saed32rvt_c      
U132                      OA22X1_RVT      saed32rvt_c      
U133                      NAND4X0_RVT     saed32rvt_c      
U134                      OA221X1_RVT     saed32rvt_c      
U135                      OA22X1_RVT      saed32rvt_c      
U136                      OA221X1_RVT     saed32rvt_c      
U137                      OA22X1_RVT      saed32rvt_c      
U138                      OA221X1_RVT     saed32rvt_c      
U139                      OA22X1_RVT      saed32rvt_c      
U140                      OA221X1_RVT     saed32rvt_c      
U141                      OA22X1_RVT      saed32rvt_c      
U142                      NAND4X0_RVT     saed32rvt_c      
U143                      OA221X1_RVT     saed32rvt_c      
U144                      OA22X1_RVT      saed32rvt_c      
U145                      OA221X1_RVT     saed32rvt_c      
U146                      OA22X1_RVT      saed32rvt_c      
U147                      OA221X1_RVT     saed32rvt_c      
U148                      OA22X1_RVT      saed32rvt_c      
U149                      OA221X1_RVT     saed32rvt_c      
U150                      OA22X1_RVT      saed32rvt_c      
U151                      NAND4X0_RVT     saed32rvt_c      
U152                      OA221X1_RVT     saed32rvt_c      
U153                      OA22X1_RVT      saed32rvt_c      
U154                      OA221X1_RVT     saed32rvt_c      
U155                      OA22X1_RVT      saed32rvt_c      
U156                      OA221X1_RVT     saed32rvt_c      
U157                      OA22X1_RVT      saed32rvt_c      
U158                      OA221X1_RVT     saed32rvt_c      
U159                      OA22X1_RVT      saed32rvt_c      
U160                      NAND4X0_RVT     saed32rvt_c      
U161                      OA221X1_RVT     saed32rvt_c      
U163                      OA221X1_RVT     saed32rvt_c      
U164                      OA22X1_RVT      saed32rvt_c      
U165                      OA221X1_RVT     saed32rvt_c      
U166                      OA22X1_RVT      saed32rvt_c      
U167                      OA221X1_RVT     saed32rvt_c      
U168                      OA22X1_RVT      saed32rvt_c      
U169                      NAND4X0_RVT     saed32rvt_c      
U170                      OA221X1_RVT     saed32rvt_c      
U172                      OA221X1_RVT     saed32rvt_c      
U173                      OA22X1_RVT      saed32rvt_c      
U174                      OA221X1_RVT     saed32rvt_c      
U175                      OA22X1_RVT      saed32rvt_c      
U176                      OA221X1_RVT     saed32rvt_c      
U177                      OA22X1_RVT      saed32rvt_c      
U178                      NAND4X0_RVT     saed32rvt_c      
U179                      OA221X1_RVT     saed32rvt_c      
U181                      OA221X1_RVT     saed32rvt_c      
U182                      OA22X1_RVT      saed32rvt_c      
U183                      OA221X1_RVT     saed32rvt_c      
U184                      OA22X1_RVT      saed32rvt_c      
U185                      OA221X1_RVT     saed32rvt_c      
U186                      OA22X1_RVT      saed32rvt_c      
U187                      NAND4X0_RVT     saed32rvt_c      
U188                      OA221X1_RVT     saed32rvt_c      
U190                      OA221X1_RVT     saed32rvt_c      
U191                      OA22X1_RVT      saed32rvt_c      
U192                      OA221X1_RVT     saed32rvt_c      
U193                      OA22X1_RVT      saed32rvt_c      
U194                      OA221X1_RVT     saed32rvt_c      
U195                      OA22X1_RVT      saed32rvt_c      
U196                      NAND4X0_RVT     saed32rvt_c      
U197                      OA221X1_RVT     saed32rvt_c      
U199                      OA221X1_RVT     saed32rvt_c      
U200                      OA22X1_RVT      saed32rvt_c      
U201                      OA221X1_RVT     saed32rvt_c      
U202                      OA22X1_RVT      saed32rvt_c      
U203                      OA221X1_RVT     saed32rvt_c      
U204                      OA22X1_RVT      saed32rvt_c      
U205                      NAND4X0_RVT     saed32rvt_c      
U206                      OA221X1_RVT     saed32rvt_c      
U208                      OA221X1_RVT     saed32rvt_c      
U209                      OA22X1_RVT      saed32rvt_c      
U210                      OA221X1_RVT     saed32rvt_c      
U211                      OA22X1_RVT      saed32rvt_c      
U212                      OA221X1_RVT     saed32rvt_c      
U213                      OA22X1_RVT      saed32rvt_c      
U214                      NAND4X0_RVT     saed32rvt_c      
U216                      OA22X1_RVT      saed32rvt_c      
U220                      OA221X1_RVT     saed32rvt_c      
U221                      OA22X1_RVT      saed32rvt_c      
U222                      OA221X1_RVT     saed32rvt_c      
U223                      OA22X1_RVT      saed32rvt_c      
U224                      OA221X1_RVT     saed32rvt_c      
U225                      OA22X1_RVT      saed32rvt_c      
U226                      NAND4X0_RVT     saed32rvt_c      
U227                      OA221X1_RVT     saed32rvt_c      
U228                      OA22X1_RVT      saed32rvt_c      
U229                      OA221X1_RVT     saed32rvt_c      
U230                      OA22X1_RVT      saed32rvt_c      
U231                      OA221X1_RVT     saed32rvt_c      
U233                      OA221X1_RVT     saed32rvt_c      
U234                      OA22X1_RVT      saed32rvt_c      
U235                      NAND4X0_RVT     saed32rvt_c      
U236                      OA221X1_RVT     saed32rvt_c      
U237                      OA22X1_RVT      saed32rvt_c      
U238                      OA221X1_RVT     saed32rvt_c      
U239                      OA22X1_RVT      saed32rvt_c      
U240                      OA221X1_RVT     saed32rvt_c      
U241                      OA22X1_RVT      saed32rvt_c      
U242                      OA221X1_RVT     saed32rvt_c      
U243                      OA22X1_RVT      saed32rvt_c      
U244                      NAND4X0_RVT     saed32rvt_c      
U245                      OA221X1_RVT     saed32rvt_c      
U246                      OA22X1_RVT      saed32rvt_c      
U247                      OA221X1_RVT     saed32rvt_c      
U248                      OA22X1_RVT      saed32rvt_c      
U249                      OA221X1_RVT     saed32rvt_c      
U250                      OA22X1_RVT      saed32rvt_c      
U251                      OA221X1_RVT     saed32rvt_c      
U252                      OA22X1_RVT      saed32rvt_c      
U253                      NAND4X0_RVT     saed32rvt_c      
U254                      OA221X1_RVT     saed32rvt_c      
U255                      OA22X1_RVT      saed32rvt_c      
U256                      OA221X1_RVT     saed32rvt_c      
U257                      OA22X1_RVT      saed32rvt_c      
U258                      OA221X1_RVT     saed32rvt_c      
U259                      OA22X1_RVT      saed32rvt_c      
U260                      OA221X1_RVT     saed32rvt_c      
U261                      OA22X1_RVT      saed32rvt_c      
U262                      NAND4X0_RVT     saed32rvt_c      
U263                      OA221X1_RVT     saed32rvt_c      
U264                      OA22X1_RVT      saed32rvt_c      
U265                      OA221X1_RVT     saed32rvt_c      
U266                      OA22X1_RVT      saed32rvt_c      
U267                      OA221X1_RVT     saed32rvt_c      
U268                      OA22X1_RVT      saed32rvt_c      
U269                      OA221X1_RVT     saed32rvt_c      
U270                      OA22X1_RVT      saed32rvt_c      
U271                      NAND4X0_RVT     saed32rvt_c      
U272                      OA221X1_RVT     saed32rvt_c      
U273                      OA22X1_RVT      saed32rvt_c      
U274                      OA221X1_RVT     saed32rvt_c      
U275                      OA22X1_RVT      saed32rvt_c      
U276                      OA221X1_RVT     saed32rvt_c      
U277                      OA22X1_RVT      saed32rvt_c      
U278                      OA221X1_RVT     saed32rvt_c      
U279                      OA22X1_RVT      saed32rvt_c      
U280                      NAND4X0_RVT     saed32rvt_c      
U281                      OA221X1_RVT     saed32rvt_c      
U282                      OA22X1_RVT      saed32rvt_c      
U283                      OA221X1_RVT     saed32rvt_c      
U284                      OA22X1_RVT      saed32rvt_c      
U285                      OA221X1_RVT     saed32rvt_c      
U286                      OA22X1_RVT      saed32rvt_c      
U287                      OA221X1_RVT     saed32rvt_c      
U288                      OA22X1_RVT      saed32rvt_c      
U289                      NAND4X0_RVT     saed32rvt_c      
U290                      OA221X1_RVT     saed32rvt_c      
U291                      OA22X1_RVT      saed32rvt_c      
U292                      OA221X1_RVT     saed32rvt_c      
U293                      OA22X1_RVT      saed32rvt_c      
U294                      OA221X1_RVT     saed32rvt_c      
U295                      OA22X1_RVT      saed32rvt_c      
U296                      OA221X1_RVT     saed32rvt_c      
U297                      OA22X1_RVT      saed32rvt_c      
U298                      NAND4X0_RVT     saed32rvt_c      
U299                      OA221X1_RVT     saed32rvt_c      
U300                      OA22X1_RVT      saed32rvt_c      
U301                      OA221X1_RVT     saed32rvt_c      
U302                      OA22X1_RVT      saed32rvt_c      
U303                      OA221X1_RVT     saed32rvt_c      
U304                      OA22X1_RVT      saed32rvt_c      
U305                      OA221X1_RVT     saed32rvt_c      
U306                      OA22X1_RVT      saed32rvt_c      
U307                      NAND4X0_RVT     saed32rvt_c      
U308                      OA221X1_RVT     saed32rvt_c      
U309                      OA22X1_RVT      saed32rvt_c      
U310                      OA221X1_RVT     saed32rvt_c      
U311                      OA22X1_RVT      saed32rvt_c      
U312                      OA221X1_RVT     saed32rvt_c      
U314                      OA221X1_RVT     saed32rvt_c      
U315                      OA22X1_RVT      saed32rvt_c      
U316                      NAND4X0_RVT     saed32rvt_c      
U317                      OA221X1_RVT     saed32rvt_c      
U318                      OA22X1_RVT      saed32rvt_c      
U319                      OA221X1_RVT     saed32rvt_c      
U320                      OA22X1_RVT      saed32rvt_c      
U321                      OA221X1_RVT     saed32rvt_c      
U323                      OA221X1_RVT     saed32rvt_c      
U324                      OA22X1_RVT      saed32rvt_c      
U325                      NAND4X0_RVT     saed32rvt_c      
U326                      OA221X1_RVT     saed32rvt_c      
U327                      OA22X1_RVT      saed32rvt_c      
U328                      OA221X1_RVT     saed32rvt_c      
U329                      OA22X1_RVT      saed32rvt_c      
U330                      OA221X1_RVT     saed32rvt_c      
U332                      OA221X1_RVT     saed32rvt_c      
U333                      OA22X1_RVT      saed32rvt_c      
U334                      NAND4X0_RVT     saed32rvt_c      
U335                      OA221X1_RVT     saed32rvt_c      
U336                      OA22X1_RVT      saed32rvt_c      
U337                      OA221X1_RVT     saed32rvt_c      
U338                      OA22X1_RVT      saed32rvt_c      
U339                      OA221X1_RVT     saed32rvt_c      
U341                      OA221X1_RVT     saed32rvt_c      
U342                      OA22X1_RVT      saed32rvt_c      
U343                      NAND4X0_RVT     saed32rvt_c      
U344                      OA221X1_RVT     saed32rvt_c      
U345                      OA22X1_RVT      saed32rvt_c      
U346                      OA221X1_RVT     saed32rvt_c      
U347                      OA22X1_RVT      saed32rvt_c      
U348                      OA221X1_RVT     saed32rvt_c      
U350                      OA221X1_RVT     saed32rvt_c      
U351                      OA22X1_RVT      saed32rvt_c      
U352                      NAND4X0_RVT     saed32rvt_c      
U353                      OA221X1_RVT     saed32rvt_c      
U354                      OA22X1_RVT      saed32rvt_c      
U355                      OA221X1_RVT     saed32rvt_c      
U356                      OA22X1_RVT      saed32rvt_c      
U357                      OA221X1_RVT     saed32rvt_c      
U359                      OA221X1_RVT     saed32rvt_c      
U360                      OA22X1_RVT      saed32rvt_c      
U361                      NAND4X0_RVT     saed32rvt_c      
U362                      OA221X1_RVT     saed32rvt_c      
U363                      OA22X1_RVT      saed32rvt_c      
U365                      OA22X1_RVT      saed32rvt_c      
U366                      OA221X1_RVT     saed32rvt_c      
U367                      OA22X1_RVT      saed32rvt_c      
U368                      OA221X1_RVT     saed32rvt_c      
U369                      OA22X1_RVT      saed32rvt_c      
U370                      AO21X1_RVT      saed32rvt_c      
U372                      AO21X1_RVT      saed32rvt_c      
U374                      AO21X1_RVT      saed32rvt_c      
U376                      AO21X1_RVT      saed32rvt_c      
U378                      AO21X1_RVT      saed32rvt_c      
U380                      AO21X1_RVT      saed32rvt_c      
U382                      AND2X1_RVT      saed32rvt_c      
U383                      NAND3X0_RVT     saed32rvt_c      
U384                      AND3X1_RVT      saed32rvt_c      
U385                      AO21X1_RVT      saed32rvt_c      
U386                      AO21X1_RVT      saed32rvt_c      
U388                      AO21X1_RVT      saed32rvt_c      
U390                      AO21X1_RVT      saed32rvt_c      
U392                      AO21X1_RVT      saed32rvt_c      
U394                      AO21X1_RVT      saed32rvt_c      
U396                      AO21X1_RVT      saed32rvt_c      
U399                      AO21X1_RVT      saed32rvt_c      
U400                      AO22X1_RVT      saed32rvt_c      
U401                      AO22X1_RVT      saed32rvt_c      
U402                      AO22X1_RVT      saed32rvt_c      
U403                      AO22X1_RVT      saed32rvt_c      
U404                      AO22X1_RVT      saed32rvt_c      
U405                      AO22X1_RVT      saed32rvt_c      
U406                      AO22X1_RVT      saed32rvt_c      
U407                      AO22X1_RVT      saed32rvt_c      
U408                      AO22X1_RVT      saed32rvt_c      
U409                      AO22X1_RVT      saed32rvt_c      
U410                      AO22X1_RVT      saed32rvt_c      
U411                      AO22X1_RVT      saed32rvt_c      
U412                      AO22X1_RVT      saed32rvt_c      
U413                      AO22X1_RVT      saed32rvt_c      
U414                      AO22X1_RVT      saed32rvt_c      
U415                      AO22X1_RVT      saed32rvt_c      
U416                      AO22X1_RVT      saed32rvt_c      
U417                      AO22X1_RVT      saed32rvt_c      
U419                      AND2X1_RVT      saed32rvt_c      
U420                      AO22X1_RVT      saed32rvt_c      
U421                      AO22X1_RVT      saed32rvt_c      
U422                      AO22X1_RVT      saed32rvt_c      
U423                      AO22X1_RVT      saed32rvt_c      
U424                      AO22X1_RVT      saed32rvt_c      
U425                      AO22X1_RVT      saed32rvt_c      
U426                      NOR2X0_RVT      saed32rvt_c      
U427                      AND2X1_RVT      saed32rvt_c      
U428                      AO21X1_RVT      saed32rvt_c      
U429                      AND2X1_RVT      saed32rvt_c      
U430                      AO22X1_RVT      saed32rvt_c      
U431                      AND2X1_RVT      saed32rvt_c      
U432                      AO22X1_RVT      saed32rvt_c      
U433                      AND2X1_RVT      saed32rvt_c      
U434                      AO22X1_RVT      saed32rvt_c      
U435                      AO222X1_RVT     saed32rvt_c      
U436                      AO222X1_RVT     saed32rvt_c      
U437                      AO222X1_RVT     saed32rvt_c      
U438                      AO222X1_RVT     saed32rvt_c      
U439                      AO222X1_RVT     saed32rvt_c      
U440                      AO222X1_RVT     saed32rvt_c      
U441                      AO222X1_RVT     saed32rvt_c      
U442                      AO222X1_RVT     saed32rvt_c      
U443                      AO222X1_RVT     saed32rvt_c      
U444                      AO222X1_RVT     saed32rvt_c      
U445                      AO222X1_RVT     saed32rvt_c      
U446                      AO222X1_RVT     saed32rvt_c      
U447                      AO222X1_RVT     saed32rvt_c      
U448                      AO222X1_RVT     saed32rvt_c      
U449                      AO222X1_RVT     saed32rvt_c      
U450                      OR2X1_RVT       saed32rvt_c      
U452                      NAND2X0_RVT     saed32rvt_c      
U453                      NAND2X0_RVT     saed32rvt_c      
U455                      AO22X1_RVT      saed32rvt_c      
U456                      AO22X1_RVT      saed32rvt_c      
U457                      AO22X1_RVT      saed32rvt_c      
U458                      AO22X1_RVT      saed32rvt_c      
U459                      AO22X1_RVT      saed32rvt_c      
U460                      AO22X1_RVT      saed32rvt_c      
U461                      AO22X1_RVT      saed32rvt_c      
U462                      AO22X1_RVT      saed32rvt_c      
U463                      AO22X1_RVT      saed32rvt_c      
U464                      AO22X1_RVT      saed32rvt_c      
U465                      AO22X1_RVT      saed32rvt_c      
U466                      AO22X1_RVT      saed32rvt_c      
U467                      AO22X1_RVT      saed32rvt_c      
U468                      AO22X1_RVT      saed32rvt_c      
U469                      AO22X1_RVT      saed32rvt_c      
U470                      AO22X1_RVT      saed32rvt_c      
U472                      AO22X1_RVT      saed32rvt_c      
U473                      AO22X1_RVT      saed32rvt_c      
U474                      AO22X1_RVT      saed32rvt_c      
U475                      AO22X1_RVT      saed32rvt_c      
U476                      AO22X1_RVT      saed32rvt_c      
U477                      AO22X1_RVT      saed32rvt_c      
U478                      AO22X1_RVT      saed32rvt_c      
U479                      AO22X1_RVT      saed32rvt_c      
U480                      AO22X1_RVT      saed32rvt_c      
U481                      AO22X1_RVT      saed32rvt_c      
U482                      AO22X1_RVT      saed32rvt_c      
U483                      AO22X1_RVT      saed32rvt_c      
U484                      AO22X1_RVT      saed32rvt_c      
U485                      AO22X1_RVT      saed32rvt_c      
U486                      AO22X1_RVT      saed32rvt_c      
U487                      AO22X1_RVT      saed32rvt_c      
U489                      AO22X1_RVT      saed32rvt_c      
U490                      AO22X1_RVT      saed32rvt_c      
U491                      AO22X1_RVT      saed32rvt_c      
U492                      AO22X1_RVT      saed32rvt_c      
U493                      AO22X1_RVT      saed32rvt_c      
U494                      AO22X1_RVT      saed32rvt_c      
U495                      AO22X1_RVT      saed32rvt_c      
U496                      AO22X1_RVT      saed32rvt_c      
U497                      AO22X1_RVT      saed32rvt_c      
U498                      AO22X1_RVT      saed32rvt_c      
U499                      AO22X1_RVT      saed32rvt_c      
U500                      AO22X1_RVT      saed32rvt_c      
U501                      AO22X1_RVT      saed32rvt_c      
U502                      AO22X1_RVT      saed32rvt_c      
U503                      AO22X1_RVT      saed32rvt_c      
U504                      AO22X1_RVT      saed32rvt_c      
U506                      AO22X1_RVT      saed32rvt_c      
U507                      AO22X1_RVT      saed32rvt_c      
U508                      AO22X1_RVT      saed32rvt_c      
U509                      AO22X1_RVT      saed32rvt_c      
U510                      AO22X1_RVT      saed32rvt_c      
U511                      AO22X1_RVT      saed32rvt_c      
U512                      AO22X1_RVT      saed32rvt_c      
U513                      AO22X1_RVT      saed32rvt_c      
U514                      AO22X1_RVT      saed32rvt_c      
U515                      AO22X1_RVT      saed32rvt_c      
U516                      AO22X1_RVT      saed32rvt_c      
U517                      AO22X1_RVT      saed32rvt_c      
U518                      AO22X1_RVT      saed32rvt_c      
U519                      AO22X1_RVT      saed32rvt_c      
U520                      AO22X1_RVT      saed32rvt_c      
U521                      AO22X1_RVT      saed32rvt_c      
U523                      AO22X1_RVT      saed32rvt_c      
U524                      AO22X1_RVT      saed32rvt_c      
U525                      AO22X1_RVT      saed32rvt_c      
U526                      AO22X1_RVT      saed32rvt_c      
U527                      AO22X1_RVT      saed32rvt_c      
U528                      AO22X1_RVT      saed32rvt_c      
U529                      AO22X1_RVT      saed32rvt_c      
U530                      AO22X1_RVT      saed32rvt_c      
U531                      AO22X1_RVT      saed32rvt_c      
U532                      AO22X1_RVT      saed32rvt_c      
U533                      AO22X1_RVT      saed32rvt_c      
U534                      AO22X1_RVT      saed32rvt_c      
U535                      AO22X1_RVT      saed32rvt_c      
U536                      AO22X1_RVT      saed32rvt_c      
U537                      AO22X1_RVT      saed32rvt_c      
U538                      AO22X1_RVT      saed32rvt_c      
U540                      AO22X1_RVT      saed32rvt_c      
U541                      AO22X1_RVT      saed32rvt_c      
U542                      AO22X1_RVT      saed32rvt_c      
U543                      AO22X1_RVT      saed32rvt_c      
U544                      AO22X1_RVT      saed32rvt_c      
U545                      AO22X1_RVT      saed32rvt_c      
U546                      AO22X1_RVT      saed32rvt_c      
U547                      AO22X1_RVT      saed32rvt_c      
U548                      AO22X1_RVT      saed32rvt_c      
U549                      AO22X1_RVT      saed32rvt_c      
U550                      AO22X1_RVT      saed32rvt_c      
U551                      AO22X1_RVT      saed32rvt_c      
U552                      AO22X1_RVT      saed32rvt_c      
U553                      AO22X1_RVT      saed32rvt_c      
U554                      AO22X1_RVT      saed32rvt_c      
U555                      AO22X1_RVT      saed32rvt_c      
U557                      AO22X1_RVT      saed32rvt_c      
U558                      AO22X1_RVT      saed32rvt_c      
U559                      AO22X1_RVT      saed32rvt_c      
U560                      AO22X1_RVT      saed32rvt_c      
U561                      AO22X1_RVT      saed32rvt_c      
U562                      AO22X1_RVT      saed32rvt_c      
U563                      AO22X1_RVT      saed32rvt_c      
U564                      AO22X1_RVT      saed32rvt_c      
U565                      AO22X1_RVT      saed32rvt_c      
U566                      AO22X1_RVT      saed32rvt_c      
U567                      AO22X1_RVT      saed32rvt_c      
U568                      AO22X1_RVT      saed32rvt_c      
U569                      AO22X1_RVT      saed32rvt_c      
U570                      AO22X1_RVT      saed32rvt_c      
U571                      AO22X1_RVT      saed32rvt_c      
U572                      AO22X1_RVT      saed32rvt_c      
U574                      AO22X1_RVT      saed32rvt_c      
U575                      AO22X1_RVT      saed32rvt_c      
U576                      AO22X1_RVT      saed32rvt_c      
U577                      AO22X1_RVT      saed32rvt_c      
U578                      AO22X1_RVT      saed32rvt_c      
U579                      AO22X1_RVT      saed32rvt_c      
U580                      AO22X1_RVT      saed32rvt_c      
U581                      AO22X1_RVT      saed32rvt_c      
U582                      AO22X1_RVT      saed32rvt_c      
U583                      AO22X1_RVT      saed32rvt_c      
U584                      AO22X1_RVT      saed32rvt_c      
U585                      AO22X1_RVT      saed32rvt_c      
U586                      AO22X1_RVT      saed32rvt_c      
U587                      AO22X1_RVT      saed32rvt_c      
U588                      AO22X1_RVT      saed32rvt_c      
U589                      AO22X1_RVT      saed32rvt_c      
U591                      AO22X1_RVT      saed32rvt_c      
U592                      AO22X1_RVT      saed32rvt_c      
U593                      AO22X1_RVT      saed32rvt_c      
U594                      AO22X1_RVT      saed32rvt_c      
U595                      AO22X1_RVT      saed32rvt_c      
U596                      AO22X1_RVT      saed32rvt_c      
U597                      AO22X1_RVT      saed32rvt_c      
U598                      AO22X1_RVT      saed32rvt_c      
U599                      AO22X1_RVT      saed32rvt_c      
U600                      AO22X1_RVT      saed32rvt_c      
U601                      AO22X1_RVT      saed32rvt_c      
U602                      AO22X1_RVT      saed32rvt_c      
U603                      AO22X1_RVT      saed32rvt_c      
U604                      AO22X1_RVT      saed32rvt_c      
U605                      AO22X1_RVT      saed32rvt_c      
U606                      AO22X1_RVT      saed32rvt_c      
U608                      AO22X1_RVT      saed32rvt_c      
U609                      AO22X1_RVT      saed32rvt_c      
U610                      AO22X1_RVT      saed32rvt_c      
U611                      AO22X1_RVT      saed32rvt_c      
U612                      AO22X1_RVT      saed32rvt_c      
U613                      AO22X1_RVT      saed32rvt_c      
U614                      AO22X1_RVT      saed32rvt_c      
U615                      AO22X1_RVT      saed32rvt_c      
U616                      AO22X1_RVT      saed32rvt_c      
U617                      AO22X1_RVT      saed32rvt_c      
U618                      AO22X1_RVT      saed32rvt_c      
U619                      AO22X1_RVT      saed32rvt_c      
U620                      AO22X1_RVT      saed32rvt_c      
U621                      AO22X1_RVT      saed32rvt_c      
U622                      AO22X1_RVT      saed32rvt_c      
U623                      AO22X1_RVT      saed32rvt_c      
U625                      AO22X1_RVT      saed32rvt_c      
U627                      AO22X1_RVT      saed32rvt_c      
U629                      AO22X1_RVT      saed32rvt_c      
U631                      AO22X1_RVT      saed32rvt_c      
U633                      AO22X1_RVT      saed32rvt_c      
U635                      AO22X1_RVT      saed32rvt_c      
U637                      AO22X1_RVT      saed32rvt_c      
U639                      AO22X1_RVT      saed32rvt_c      
U641                      AO22X1_RVT      saed32rvt_c      
U642                      AO22X1_RVT      saed32rvt_c      
U643                      AO22X1_RVT      saed32rvt_c      
U644                      AO22X1_RVT      saed32rvt_c      
U645                      AO22X1_RVT      saed32rvt_c      
U646                      AO22X1_RVT      saed32rvt_c      
clock_gate_r1             omsp_clock_gate_15               h
enable_latch_reg          LATCHX1_RVT     saed32rvt_c      n, S
U2                        INVX1_RVT       saed32rvt_c      
U3                        AND2X1_RVT      saed32rvt_c      S
U4                        OR2X1_RVT       saed32rvt_c      
clock_gate_r2             omsp_clock_gate_14               h
enable_latch_reg          LATCHX1_RVT     saed32rvt_c      n, S
U2                        INVX1_RVT       saed32rvt_c      
U3                        AND2X1_RVT      saed32rvt_c      S
U4                        OR2X1_RVT       saed32rvt_c      
clock_gate_r3             omsp_clock_gate_13               h
enable_latch_reg          LATCHX1_RVT     saed32rvt_c      n, S
U2                        INVX1_RVT       saed32rvt_c      
U3                        AND2X1_RVT      saed32rvt_c      S
U4                        OR2X1_RVT       saed32rvt_c      
clock_gate_r4             omsp_clock_gate_12               h
enable_latch_reg          LATCHX1_RVT     saed32rvt_c      n, S
U2                        INVX1_RVT       saed32rvt_c      
U3                        AND2X1_RVT      saed32rvt_c      S
U4                        OR2X1_RVT       saed32rvt_c      
clock_gate_r5             omsp_clock_gate_11               h
enable_latch_reg          LATCHX1_RVT     saed32rvt_c      n, S
U2                        INVX1_RVT       saed32rvt_c      
U3                        AND2X1_RVT      saed32rvt_c      S
U4                        OR2X1_RVT       saed32rvt_c      
clock_gate_r6             omsp_clock_gate_10               h
enable_latch_reg          LATCHX1_RVT     saed32rvt_c      n, S
U2                        INVX1_RVT       saed32rvt_c      
U3                        AND2X1_RVT      saed32rvt_c      S
U4                        OR2X1_RVT       saed32rvt_c      
clock_gate_r7             omsp_clock_gate_9                h
enable_latch_reg          LATCHX1_RVT     saed32rvt_c      n, S
U2                        INVX1_RVT       saed32rvt_c      
U3                        AND2X1_RVT      saed32rvt_c      S
U4                        OR2X1_RVT       saed32rvt_c      
clock_gate_r8             omsp_clock_gate_8                h
enable_latch_reg          LATCHX1_RVT     saed32rvt_c      n, S
U2                        INVX1_RVT       saed32rvt_c      
U3                        AND2X1_RVT      saed32rvt_c      S
U4                        OR2X1_RVT       saed32rvt_c      
clock_gate_r9             omsp_clock_gate_7                h
enable_latch_reg          LATCHX1_RVT     saed32rvt_c      n, S
U2                        INVX1_RVT       saed32rvt_c      
U3                        AND2X1_RVT      saed32rvt_c      S
U4                        OR2X1_RVT       saed32rvt_c      
clock_gate_r10            omsp_clock_gate_6                h
enable_latch_reg          LATCHX1_RVT     saed32rvt_c      n, S
U2                        INVX1_RVT       saed32rvt_c      
U3                        AND2X1_RVT      saed32rvt_c      S
U4                        OR2X1_RVT       saed32rvt_c      
clock_gate_r11            omsp_clock_gate_5                h
enable_latch_reg          LATCHX1_RVT     saed32rvt_c      n, S
U2                        INVX1_RVT       saed32rvt_c      
U3                        AND2X1_RVT      saed32rvt_c      S
U4                        OR2X1_RVT       saed32rvt_c      
clock_gate_r12            omsp_clock_gate_4                h
enable_latch_reg          LATCHX1_RVT     saed32rvt_c      n, S
U2                        INVX1_RVT       saed32rvt_c      
U3                        AND2X1_RVT      saed32rvt_c      S
U4                        OR2X1_RVT       saed32rvt_c      
clock_gate_r13            omsp_clock_gate_3                h
enable_latch_reg          LATCHX1_RVT     saed32rvt_c      n, S
U2                        INVX1_RVT       saed32rvt_c      
U3                        AND2X1_RVT      saed32rvt_c      S
U4                        OR2X1_RVT       saed32rvt_c      
clock_gate_r14            omsp_clock_gate_2                h
enable_latch_reg          LATCHX1_RVT     saed32rvt_c      n, S
U2                        INVX1_RVT       saed32rvt_c      
U3                        AND2X1_RVT      saed32rvt_c      S
U4                        OR2X1_RVT       saed32rvt_c      
clock_gate_r15            omsp_clock_gate_1                h
enable_latch_reg          LATCHX1_RVT     saed32rvt_c      n, S
U2                        INVX1_RVT       saed32rvt_c      
U3                        AND2X1_RVT      saed32rvt_c      S
U4                        OR2X1_RVT       saed32rvt_c      
add_122/U1_1              FADDX1_RVT      saed32rvt_c      
r3_reg[9]                 DFFARX1_RVT     saed32rvt_c      n, S
U3                        AO21X2_RVT      saed32rvt_c      
U4                        INVX0_RVT       saed32rvt_c      
U5                        NBUFFX2_RVT     saed32rvt_c      
U6                        NBUFFX2_RVT     saed32rvt_c      
U7                        NBUFFX2_RVT     saed32rvt_c      
U8                        NBUFFX2_RVT     saed32rvt_c      
U9                        NBUFFX2_RVT     saed32rvt_c      
U10                       NBUFFX2_RVT     saed32rvt_c      
U11                       NBUFFX2_RVT     saed32rvt_c      
U12                       NBUFFX2_RVT     saed32rvt_c      
U13                       NBUFFX2_RVT     saed32rvt_c      
U14                       NBUFFX2_RVT     saed32rvt_c      
U15                       NBUFFX2_RVT     saed32rvt_c      
U16                       NBUFFX2_RVT     saed32rvt_c      
U17                       NBUFFX2_RVT     saed32rvt_c      
U18                       NBUFFX2_RVT     saed32rvt_c      
U19                       NBUFFX2_RVT     saed32rvt_c      
U20                       NBUFFX2_RVT     saed32rvt_c      
U21                       NBUFFX2_RVT     saed32rvt_c      
U22                       NBUFFX2_RVT     saed32rvt_c      
U23                       NBUFFX2_RVT     saed32rvt_c      
U24                       NBUFFX2_RVT     saed32rvt_c      
U25                       INVX2_RVT       saed32rvt_c      
U26                       INVX1_RVT       saed32rvt_c      
U27                       INVX1_RVT       saed32rvt_c      
U28                       INVX1_RVT       saed32rvt_c      
U29                       INVX1_RVT       saed32rvt_c      
U30                       INVX1_RVT       saed32rvt_c      
U31                       INVX1_RVT       saed32rvt_c      
U32                       INVX1_RVT       saed32rvt_c      
U33                       INVX1_RVT       saed32rvt_c      
U34                       INVX1_RVT       saed32rvt_c      
U35                       INVX1_RVT       saed32rvt_c      
U36                       INVX1_RVT       saed32rvt_c      
U37                       INVX1_RVT       saed32rvt_c      
U38                       INVX1_RVT       saed32rvt_c      
U39                       INVX1_RVT       saed32rvt_c      
U40                       NAND2X0_RVT     saed32rvt_c      
U41                       INVX1_RVT       saed32rvt_c      
U42                       INVX1_RVT       saed32rvt_c      
U43                       INVX1_RVT       saed32rvt_c      
U44                       INVX1_RVT       saed32rvt_c      
U45                       INVX1_RVT       saed32rvt_c      
U46                       INVX1_RVT       saed32rvt_c      
U47                       INVX1_RVT       saed32rvt_c      
U48                       INVX1_RVT       saed32rvt_c      
U49                       INVX1_RVT       saed32rvt_c      
U50                       INVX1_RVT       saed32rvt_c      
U51                       INVX1_RVT       saed32rvt_c      
U52                       INVX1_RVT       saed32rvt_c      
U53                       INVX1_RVT       saed32rvt_c      
U54                       INVX1_RVT       saed32rvt_c      
U55                       AND2X1_RVT      saed32rvt_c      
U56                       AND2X1_RVT      saed32rvt_c      
U57                       AND2X1_RVT      saed32rvt_c      
U58                       AND2X1_RVT      saed32rvt_c      
U59                       INVX1_RVT       saed32rvt_c      
U60                       INVX1_RVT       saed32rvt_c      
U61                       NAND2X2_RVT     saed32rvt_c      
U62                       NAND2X2_RVT     saed32rvt_c      
U63                       NAND2X2_RVT     saed32rvt_c      
U64                       NAND2X2_RVT     saed32rvt_c      
U65                       NAND2X2_RVT     saed32rvt_c      
U66                       NAND2X2_RVT     saed32rvt_c      
U67                       NAND2X0_RVT     saed32rvt_c      
U68                       NAND2X0_RVT     saed32rvt_c      
U69                       NAND2X0_RVT     saed32rvt_c      
U70                       NAND2X0_RVT     saed32rvt_c      
U71                       NAND2X0_RVT     saed32rvt_c      
U72                       NAND2X0_RVT     saed32rvt_c      
U73                       NOR2X1_RVT      saed32rvt_c      
U74                       NAND2X0_RVT     saed32rvt_c      
U75                       NAND2X2_RVT     saed32rvt_c      
U76                       NAND2X2_RVT     saed32rvt_c      
U77                       NAND2X2_RVT     saed32rvt_c      
U78                       NAND2X2_RVT     saed32rvt_c      
U81                       AND2X1_RVT      saed32rvt_c      
U162                      AND2X1_RVT      saed32rvt_c      
U171                      AND2X1_RVT      saed32rvt_c      
U180                      AND2X1_RVT      saed32rvt_c      
U189                      XOR2X1_RVT      saed32rvt_c      
U198                      XOR2X1_RVT      saed32rvt_c      
U207                      XOR2X1_RVT      saed32rvt_c      
U215                      XOR2X1_RVT      saed32rvt_c      
U217                      XOR2X1_RVT      saed32rvt_c      
U218                      XOR2X1_RVT      saed32rvt_c      
U219                      XNOR2X1_RVT     saed32rvt_c      
U232                      NAND2X0_RVT     saed32rvt_c      
U313                      XOR2X1_RVT      saed32rvt_c      
U322                      XOR2X1_RVT      saed32rvt_c      
U331                      XOR2X1_RVT      saed32rvt_c      
U340                      XOR2X1_RVT      saed32rvt_c      
U349                      XOR2X1_RVT      saed32rvt_c      
U358                      XOR2X1_RVT      saed32rvt_c      
U364                      XOR2X1_RVT      saed32rvt_c      
U371                      XOR2X1_RVT      saed32rvt_c      
U373                      AND2X1_RVT      saed32rvt_c      
U375                      NBUFFX2_RVT     saed32rvt_c      
U377                      NBUFFX2_RVT     saed32rvt_c      
U379                      NAND2X0_RVT     saed32rvt_c      
U381                      NAND2X4_RVT     saed32rvt_c      
U387                      NAND2X4_RVT     saed32rvt_c      
U389                      NAND2X4_RVT     saed32rvt_c      
U391                      NAND2X4_RVT     saed32rvt_c      
U393                      NAND2X4_RVT     saed32rvt_c      
U395                      NAND2X4_RVT     saed32rvt_c      
U397                      NAND2X4_RVT     saed32rvt_c      
U398                      NAND2X4_RVT     saed32rvt_c      
U418                      AND2X1_RVT      saed32rvt_c      
U451                      AND2X1_RVT      saed32rvt_c      
U454                      AND2X1_RVT      saed32rvt_c      
U471                      AND2X1_RVT      saed32rvt_c      
U488                      AND2X1_RVT      saed32rvt_c      
U505                      AND2X1_RVT      saed32rvt_c      
U522                      AND2X1_RVT      saed32rvt_c      
U539                      AND2X1_RVT      saed32rvt_c      
U556                      AND2X1_RVT      saed32rvt_c      
U573                      AND2X1_RVT      saed32rvt_c      
U590                      AND2X1_RVT      saed32rvt_c      
U607                      AND2X1_RVT      saed32rvt_c      
U624                      AND2X1_RVT      saed32rvt_c      
U626                      INVX1_RVT       saed32rvt_c      
U628                      INVX1_RVT       saed32rvt_c      
U630                      INVX1_RVT       saed32rvt_c      
U632                      INVX1_RVT       saed32rvt_c      
U634                      INVX1_RVT       saed32rvt_c      
U636                      INVX1_RVT       saed32rvt_c      
U638                      INVX1_RVT       saed32rvt_c      
U640                      INVX1_RVT       saed32rvt_c      
U647                      INVX1_RVT       saed32rvt_c      
U648                      INVX1_RVT       saed32rvt_c      
U649                      INVX1_RVT       saed32rvt_c      
U650                      INVX1_RVT       saed32rvt_c      
U651                      INVX1_RVT       saed32rvt_c      
U652                      INVX1_RVT       saed32rvt_c      
U653                      INVX1_RVT       saed32rvt_c      
U654                      INVX1_RVT       saed32rvt_c      
U655                      INVX1_RVT       saed32rvt_c      
U656                      INVX1_RVT       saed32rvt_c      
U657                      INVX1_RVT       saed32rvt_c      
U658                      INVX1_RVT       saed32rvt_c      
U659                      INVX1_RVT       saed32rvt_c      
U660                      INVX1_RVT       saed32rvt_c      
U661                      INVX1_RVT       saed32rvt_c      
U662                      INVX1_RVT       saed32rvt_c      
U663                      INVX1_RVT       saed32rvt_c      
U664                      INVX1_RVT       saed32rvt_c      
U665                      INVX1_RVT       saed32rvt_c      
U666                      INVX1_RVT       saed32rvt_c      
U667                      INVX1_RVT       saed32rvt_c      
U668                      INVX1_RVT       saed32rvt_c      
U669                      INVX1_RVT       saed32rvt_c      
U670                      INVX1_RVT       saed32rvt_c      
U671                      INVX1_RVT       saed32rvt_c      
U672                      INVX1_RVT       saed32rvt_c      
U673                      INVX1_RVT       saed32rvt_c      
U674                      INVX1_RVT       saed32rvt_c      
U675                      NAND2X0_RVT     saed32rvt_c      
U676                      NAND2X0_RVT     saed32rvt_c      
U677                      NAND2X0_RVT     saed32rvt_c      
U678                      NAND2X0_RVT     saed32rvt_c      
U679                      NAND2X0_RVT     saed32rvt_c      
U680                      NAND2X0_RVT     saed32rvt_c      
U681                      NAND2X0_RVT     saed32rvt_c      
U682                      NAND2X0_RVT     saed32rvt_c      
U683                      NAND2X0_RVT     saed32rvt_c      
U684                      NAND2X0_RVT     saed32rvt_c      
U685                      NAND2X0_RVT     saed32rvt_c      
U686                      NAND2X0_RVT     saed32rvt_c      
U687                      NAND2X0_RVT     saed32rvt_c      
U688                      NAND2X0_RVT     saed32rvt_c      
U689                      OA21X1_RVT      saed32rvt_c      
U690                      OA21X1_RVT      saed32rvt_c      
alu_0                     omsp_alu                         h
U107                      AND2X1_RVT      saed32rvt_c      
U108                      AND2X1_RVT      saed32rvt_c      
U109                      AND2X1_RVT      saed32rvt_c      
U110                      AND2X1_RVT      saed32rvt_c      
U111                      AND2X1_RVT      saed32rvt_c      
U112                      AND2X1_RVT      saed32rvt_c      
U113                      AND2X1_RVT      saed32rvt_c      
U114                      AND2X1_RVT      saed32rvt_c      
U115                      AND2X1_RVT      saed32rvt_c      
U116                      AND2X1_RVT      saed32rvt_c      
U117                      AND2X1_RVT      saed32rvt_c      
U118                      AND2X1_RVT      saed32rvt_c      
U119                      AND2X1_RVT      saed32rvt_c      
U120                      AND2X1_RVT      saed32rvt_c      
U121                      AND2X1_RVT      saed32rvt_c      
U122                      AND2X1_RVT      saed32rvt_c      
U124                      AO222X1_RVT     saed32rvt_c      
U125                      AO222X1_RVT     saed32rvt_c      
U126                      AO22X1_RVT      saed32rvt_c      
U127                      AO221X1_RVT     saed32rvt_c      
U128                      AO22X1_RVT      saed32rvt_c      
U129                      NAND2X0_RVT     saed32rvt_c      
U130                      NAND4X0_RVT     saed32rvt_c      
U131                      NAND3X0_RVT     saed32rvt_c      
U132                      AO21X1_RVT      saed32rvt_c      
U133                      NAND2X0_RVT     saed32rvt_c      
U134                      NAND4X0_RVT     saed32rvt_c      
U135                      NAND3X0_RVT     saed32rvt_c      
U136                      AO21X1_RVT      saed32rvt_c      
U137                      AND3X1_RVT      saed32rvt_c      
U138                      AO22X1_RVT      saed32rvt_c      
U139                      AO221X1_RVT     saed32rvt_c      
U140                      AND3X1_RVT      saed32rvt_c      
U141                      NAND4X0_RVT     saed32rvt_c      
U142                      OA21X1_RVT      saed32rvt_c      
U144                      AO22X1_RVT      saed32rvt_c      
U145                      AO22X1_RVT      saed32rvt_c      
U146                      NOR2X0_RVT      saed32rvt_c      
U147                      NAND2X0_RVT     saed32rvt_c      
U148                      AO222X1_RVT     saed32rvt_c      
U149                      AO221X1_RVT     saed32rvt_c      
U150                      AO221X1_RVT     saed32rvt_c      
U151                      AO221X1_RVT     saed32rvt_c      
U152                      AO21X1_RVT      saed32rvt_c      
U153                      NAND2X0_RVT     saed32rvt_c      
U154                      NAND2X0_RVT     saed32rvt_c      
U155                      AO222X1_RVT     saed32rvt_c      
U156                      AO221X1_RVT     saed32rvt_c      
U157                      AO221X1_RVT     saed32rvt_c      
U158                      AO221X1_RVT     saed32rvt_c      
U159                      AO21X1_RVT      saed32rvt_c      
U160                      NAND2X0_RVT     saed32rvt_c      
U161                      NAND2X0_RVT     saed32rvt_c      
U163                      AO221X1_RVT     saed32rvt_c      
U164                      AO221X1_RVT     saed32rvt_c      
U165                      AO22X1_RVT      saed32rvt_c      
U166                      AO21X1_RVT      saed32rvt_c      
U167                      AO221X1_RVT     saed32rvt_c      
U169                      AO221X1_RVT     saed32rvt_c      
U170                      AO222X1_RVT     saed32rvt_c      
U171                      AO21X1_RVT      saed32rvt_c      
U172                      AO221X1_RVT     saed32rvt_c      
U174                      AO221X1_RVT     saed32rvt_c      
U175                      AO222X1_RVT     saed32rvt_c      
U176                      AO21X1_RVT      saed32rvt_c      
U177                      AO221X1_RVT     saed32rvt_c      
U179                      AO221X1_RVT     saed32rvt_c      
U180                      AO222X1_RVT     saed32rvt_c      
U181                      AO21X1_RVT      saed32rvt_c      
U182                      AO221X1_RVT     saed32rvt_c      
U184                      AO221X1_RVT     saed32rvt_c      
U185                      AO222X1_RVT     saed32rvt_c      
U186                      AO21X1_RVT      saed32rvt_c      
U187                      AO221X1_RVT     saed32rvt_c      
U189                      AO221X1_RVT     saed32rvt_c      
U190                      AO222X1_RVT     saed32rvt_c      
U191                      AO21X1_RVT      saed32rvt_c      
U192                      AO221X1_RVT     saed32rvt_c      
U194                      AO221X1_RVT     saed32rvt_c      
U195                      AO222X1_RVT     saed32rvt_c      
U196                      AO21X1_RVT      saed32rvt_c      
U197                      AO221X1_RVT     saed32rvt_c      
U198                      AO222X1_RVT     saed32rvt_c      
U199                      AO221X1_RVT     saed32rvt_c      
U200                      AO221X1_RVT     saed32rvt_c      
U201                      AO221X1_RVT     saed32rvt_c      
U202                      AO21X1_RVT      saed32rvt_c      
U203                      NAND2X0_RVT     saed32rvt_c      
U204                      NAND2X0_RVT     saed32rvt_c      
U205                      AO22X1_RVT      saed32rvt_c      
U206                      AO22X1_RVT      saed32rvt_c      
U207                      AO222X1_RVT     saed32rvt_c      
U208                      AO221X1_RVT     saed32rvt_c      
U209                      AO221X1_RVT     saed32rvt_c      
U210                      AO221X1_RVT     saed32rvt_c      
U211                      AO21X1_RVT      saed32rvt_c      
U212                      NAND2X0_RVT     saed32rvt_c      
U213                      NAND2X0_RVT     saed32rvt_c      
U214                      AO222X1_RVT     saed32rvt_c      
U215                      AO221X1_RVT     saed32rvt_c      
U216                      AO221X1_RVT     saed32rvt_c      
U217                      AO221X1_RVT     saed32rvt_c      
U218                      AO21X1_RVT      saed32rvt_c      
U219                      NAND2X0_RVT     saed32rvt_c      
U220                      NAND2X0_RVT     saed32rvt_c      
U221                      AO222X1_RVT     saed32rvt_c      
U222                      AO221X1_RVT     saed32rvt_c      
U223                      AO221X1_RVT     saed32rvt_c      
U224                      AO221X1_RVT     saed32rvt_c      
U225                      AO21X1_RVT      saed32rvt_c      
U226                      NAND2X0_RVT     saed32rvt_c      
U227                      NAND2X0_RVT     saed32rvt_c      
U228                      AO222X1_RVT     saed32rvt_c      
U229                      AO221X1_RVT     saed32rvt_c      
U230                      AO221X1_RVT     saed32rvt_c      
U231                      AO221X1_RVT     saed32rvt_c      
U232                      AO21X1_RVT      saed32rvt_c      
U233                      NAND2X0_RVT     saed32rvt_c      
U234                      NAND2X0_RVT     saed32rvt_c      
U235                      AO222X1_RVT     saed32rvt_c      
U236                      AO221X1_RVT     saed32rvt_c      
U237                      AO221X1_RVT     saed32rvt_c      
U239                      AO221X1_RVT     saed32rvt_c      
U240                      AO21X1_RVT      saed32rvt_c      
U241                      NAND2X0_RVT     saed32rvt_c      
U242                      NAND2X0_RVT     saed32rvt_c      
U245                      AO221X1_RVT     saed32rvt_c      
U246                      AO222X1_RVT     saed32rvt_c      
U247                      AO21X1_RVT      saed32rvt_c      
U249                      NAND4X0_RVT     saed32rvt_c      
U251                      AO221X1_RVT     saed32rvt_c      
U256                      OA21X1_RVT      saed32rvt_c      
U257                      AND2X1_RVT      saed32rvt_c      
U258                      AND2X1_RVT      saed32rvt_c      
add_171                   omsp_alu_DW01_add_9              h
U1_15                     FADDX1_RVT      saed32rvt_c      
U1_14                     FADDX1_RVT      saed32rvt_c      
U1_13                     FADDX1_RVT      saed32rvt_c      
U1_12                     FADDX1_RVT      saed32rvt_c      
U1_11                     FADDX1_RVT      saed32rvt_c      
U1_10                     FADDX1_RVT      saed32rvt_c      
U1_9                      FADDX1_RVT      saed32rvt_c      
U1_8                      FADDX1_RVT      saed32rvt_c      
U1_7                      FADDX1_RVT      saed32rvt_c      
U1_6                      FADDX1_RVT      saed32rvt_c      
U1_5                      FADDX1_RVT      saed32rvt_c      
U1_4                      FADDX1_RVT      saed32rvt_c      
U1_3                      FADDX1_RVT      saed32rvt_c      
U1_2                      FADDX1_RVT      saed32rvt_c      
U1_1                      FADDX1_RVT      saed32rvt_c      
U1                        XOR2X1_RVT      saed32rvt_c      
U2                        AND2X1_RVT      saed32rvt_c      
add_102_C188_aco/U1_2     FADDX1_RVT      saed32rvt_c      
add_1_root_add_100_2_C188/U1_0
                          FADDX1_RVT      saed32rvt_c      
add_1_root_add_100_2_C188/U1_1
                          FADDX1_RVT      saed32rvt_c      
add_1_root_add_100_2_C188/U1_2
                          FADDX1_RVT      saed32rvt_c      
add_1_root_add_100_2_C188/U1_3
                          FADDX1_RVT      saed32rvt_c      
add_102_C187_aco/U1_2     FADDX1_RVT      saed32rvt_c      
add_1_root_add_100_2_C187/U1_0
                          FADDX1_RVT      saed32rvt_c      
add_1_root_add_100_2_C187/U1_1
                          FADDX1_RVT      saed32rvt_c      
add_1_root_add_100_2_C187/U1_2
                          FADDX1_RVT      saed32rvt_c      
add_1_root_add_100_2_C187/U1_3
                          FADDX1_RVT      saed32rvt_c      
add_102_C186_aco/U1_2     FADDX1_RVT      saed32rvt_c      
add_1_root_add_100_2_C186/U1_0
                          FADDX1_RVT      saed32rvt_c      
add_1_root_add_100_2_C186/U1_1
                          FADDX1_RVT      saed32rvt_c      
add_1_root_add_100_2_C186/U1_2
                          FADDX1_RVT      saed32rvt_c      
add_1_root_add_100_2_C186/U1_3
                          FADDX1_RVT      saed32rvt_c      
add_102_C185_aco/U1_2     FADDX1_RVT      saed32rvt_c      
add_1_root_add_100_2_C185/U1_0
                          FADDX1_RVT      saed32rvt_c      
add_1_root_add_100_2_C185/U1_1
                          FADDX1_RVT      saed32rvt_c      
add_1_root_add_100_2_C185/U1_2
                          FADDX1_RVT      saed32rvt_c      
add_1_root_add_100_2_C185/U1_3
                          FADDX1_RVT      saed32rvt_c      
U3                        AND2X2_RVT      saed32rvt_c      
U4                        OR2X1_RVT       saed32rvt_c      
U5                        OR2X1_RVT       saed32rvt_c      
U6                        OR2X1_RVT       saed32rvt_c      
U7                        OR2X1_RVT       saed32rvt_c      
U8                        AO222X2_RVT     saed32rvt_c      
U9                        NOR2X1_RVT      saed32rvt_c      
U10                       NOR4X0_RVT      saed32rvt_c      
U11                       AO222X2_RVT     saed32rvt_c      
U12                       AO222X2_RVT     saed32rvt_c      
U13                       NOR3X0_RVT      saed32rvt_c      
U14                       AO222X2_RVT     saed32rvt_c      
U15                       AO222X2_RVT     saed32rvt_c      
U16                       AO222X2_RVT     saed32rvt_c      
U17                       AO222X2_RVT     saed32rvt_c      
U18                       AO222X2_RVT     saed32rvt_c      
U19                       INVX0_RVT       saed32rvt_c      
U20                       INVX0_RVT       saed32rvt_c      
U21                       INVX0_RVT       saed32rvt_c      
U22                       INVX0_RVT       saed32rvt_c      
U23                       INVX0_RVT       saed32rvt_c      
U25                       INVX1_RVT       saed32rvt_c      
U26                       XOR2X1_RVT      saed32rvt_c      
U27                       XOR2X1_RVT      saed32rvt_c      
U28                       XOR2X1_RVT      saed32rvt_c      
U29                       XOR2X1_RVT      saed32rvt_c      
U30                       XOR2X1_RVT      saed32rvt_c      
U31                       XOR2X1_RVT      saed32rvt_c      
U32                       XOR2X1_RVT      saed32rvt_c      
U34                       XOR2X1_RVT      saed32rvt_c      
U35                       XOR2X1_RVT      saed32rvt_c      
U36                       XOR2X1_RVT      saed32rvt_c      
U37                       XOR2X1_RVT      saed32rvt_c      
U38                       XOR2X1_RVT      saed32rvt_c      
U39                       XOR2X1_RVT      saed32rvt_c      
U40                       XOR2X1_RVT      saed32rvt_c      
U41                       XOR2X1_RVT      saed32rvt_c      
U42                       XOR2X1_RVT      saed32rvt_c      
U43                       INVX1_RVT       saed32rvt_c      
U44                       INVX1_RVT       saed32rvt_c      
U45                       INVX1_RVT       saed32rvt_c      
U46                       OR4X1_RVT       saed32rvt_c      
U47                       OR4X1_RVT       saed32rvt_c      
U48                       AND2X1_RVT      saed32rvt_c      
U49                       NOR2X1_RVT      saed32rvt_c      
U50                       NAND2X0_RVT     saed32rvt_c      
U51                       NAND2X2_RVT     saed32rvt_c      
U52                       OR3X2_RVT       saed32rvt_c      
U53                       AND2X2_RVT      saed32rvt_c      
U54                       NOR2X2_RVT      saed32rvt_c      
U55                       XOR2X1_RVT      saed32rvt_c      
U56                       XOR2X1_RVT      saed32rvt_c      
U57                       AND2X1_RVT      saed32rvt_c      
U58                       XOR2X1_RVT      saed32rvt_c      
U59                       AND2X1_RVT      saed32rvt_c      
U60                       XOR2X1_RVT      saed32rvt_c      
U61                       AND2X1_RVT      saed32rvt_c      
U62                       XOR2X1_RVT      saed32rvt_c      
U63                       AND2X1_RVT      saed32rvt_c      
U64                       XOR2X1_RVT      saed32rvt_c      
U65                       AND2X1_RVT      saed32rvt_c      
U66                       XOR2X1_RVT      saed32rvt_c      
U67                       AND2X1_RVT      saed32rvt_c      
U68                       XOR2X1_RVT      saed32rvt_c      
U69                       AND2X1_RVT      saed32rvt_c      
U70                       XOR2X1_RVT      saed32rvt_c      
U71                       AND2X1_RVT      saed32rvt_c      
U72                       XOR2X1_RVT      saed32rvt_c      
U73                       AND2X1_RVT      saed32rvt_c      
U74                       XOR2X1_RVT      saed32rvt_c      
U75                       AND2X1_RVT      saed32rvt_c      
U76                       XOR2X1_RVT      saed32rvt_c      
U77                       AND2X1_RVT      saed32rvt_c      
U78                       XOR2X1_RVT      saed32rvt_c      
U79                       AND2X1_RVT      saed32rvt_c      
U80                       XOR2X1_RVT      saed32rvt_c      
U81                       AND2X1_RVT      saed32rvt_c      
U82                       XOR2X1_RVT      saed32rvt_c      
U83                       XOR2X1_RVT      saed32rvt_c      
U84                       AND2X1_RVT      saed32rvt_c      
U85                       XOR2X1_RVT      saed32rvt_c      
U86                       AND2X1_RVT      saed32rvt_c      
U87                       XOR2X1_RVT      saed32rvt_c      
U88                       XOR2X1_RVT      saed32rvt_c      
U89                       AND2X1_RVT      saed32rvt_c      
U90                       XOR2X1_RVT      saed32rvt_c      
U91                       AND2X1_RVT      saed32rvt_c      
U92                       XOR2X1_RVT      saed32rvt_c      
U93                       AND2X1_RVT      saed32rvt_c      
U94                       XOR2X1_RVT      saed32rvt_c      
U95                       AND2X1_RVT      saed32rvt_c      
U96                       XOR2X1_RVT      saed32rvt_c      
U97                       AND2X1_RVT      saed32rvt_c      
U98                       XOR2X1_RVT      saed32rvt_c      
U99                       AND2X1_RVT      saed32rvt_c      
U100                      XOR2X1_RVT      saed32rvt_c      
U101                      AND2X1_RVT      saed32rvt_c      
U102                      XOR2X1_RVT      saed32rvt_c      
U103                      XOR2X1_RVT      saed32rvt_c      
U104                      AND2X1_RVT      saed32rvt_c      
U105                      XOR2X1_RVT      saed32rvt_c      
U106                      AND2X1_RVT      saed32rvt_c      
U123                      XOR2X1_RVT      saed32rvt_c      
U143                      OA21X1_RVT      saed32rvt_c      
U162                      OA21X1_RVT      saed32rvt_c      
U168                      OA21X1_RVT      saed32rvt_c      
U173                      OA21X1_RVT      saed32rvt_c      
U178                      INVX1_RVT       saed32rvt_c      
U183                      INVX1_RVT       saed32rvt_c      
U188                      INVX1_RVT       saed32rvt_c      
U193                      INVX1_RVT       saed32rvt_c      
U238                      INVX1_RVT       saed32rvt_c      
U243                      INVX1_RVT       saed32rvt_c      
U244                      INVX1_RVT       saed32rvt_c      
U248                      INVX1_RVT       saed32rvt_c      
U250                      INVX1_RVT       saed32rvt_c      
U252                      INVX1_RVT       saed32rvt_c      
U253                      INVX1_RVT       saed32rvt_c      
U254                      INVX1_RVT       saed32rvt_c      
U255                      INVX1_RVT       saed32rvt_c      
U259                      INVX1_RVT       saed32rvt_c      
U260                      INVX1_RVT       saed32rvt_c      
U261                      INVX1_RVT       saed32rvt_c      
U262                      INVX1_RVT       saed32rvt_c      
U263                      INVX1_RVT       saed32rvt_c      
U264                      INVX1_RVT       saed32rvt_c      
U265                      INVX1_RVT       saed32rvt_c      
U266                      INVX1_RVT       saed32rvt_c      
U267                      INVX1_RVT       saed32rvt_c      
U268                      INVX1_RVT       saed32rvt_c      
U269                      INVX1_RVT       saed32rvt_c      
U270                      INVX1_RVT       saed32rvt_c      
U271                      INVX1_RVT       saed32rvt_c      
U272                      INVX1_RVT       saed32rvt_c      
U273                      INVX1_RVT       saed32rvt_c      
U274                      INVX1_RVT       saed32rvt_c      
U275                      INVX1_RVT       saed32rvt_c      
U276                      INVX1_RVT       saed32rvt_c      
U277                      INVX1_RVT       saed32rvt_c      
U278                      INVX1_RVT       saed32rvt_c      
U279                      INVX1_RVT       saed32rvt_c      
U280                      INVX1_RVT       saed32rvt_c      
U281                      INVX1_RVT       saed32rvt_c      
U282                      INVX1_RVT       saed32rvt_c      
U283                      INVX1_RVT       saed32rvt_c      
U284                      INVX1_RVT       saed32rvt_c      
U285                      INVX1_RVT       saed32rvt_c      
U286                      INVX1_RVT       saed32rvt_c      
U287                      INVX1_RVT       saed32rvt_c      
U288                      INVX1_RVT       saed32rvt_c      
U289                      INVX1_RVT       saed32rvt_c      
clock_gate_mdb_out_nxt    omsp_clock_gate_24               h
enable_latch_reg          LATCHX1_RVT     saed32rvt_c      n, S
U2                        INVX1_RVT       saed32rvt_c      
U3                        AND2X1_RVT      saed32rvt_c      S
U4                        OR2X1_RVT       saed32rvt_c      
clock_gate_mdb_in_buf     omsp_clock_gate_23               h
enable_latch_reg          LATCHX1_RVT     saed32rvt_c      n, S
U2                        INVX1_RVT       saed32rvt_c      
U3                        AND2X1_RVT      saed32rvt_c      S
U4                        OR2X1_RVT       saed32rvt_c      
mdb_in_buf_en_reg         DFFARX1_RVT     saed32rvt_c      n, S
mdb_in_buf_reg[15]        DFFARX1_RVT     saed32rvt_c      n, S
mdb_in_buf_reg[14]        DFFARX1_RVT     saed32rvt_c      n, S
mdb_in_buf_reg[13]        DFFARX1_RVT     saed32rvt_c      n, S
mdb_in_buf_reg[12]        DFFARX1_RVT     saed32rvt_c      n, S
mdb_in_buf_reg[11]        DFFARX1_RVT     saed32rvt_c      n, S
mdb_in_buf_reg[10]        DFFARX1_RVT     saed32rvt_c      n, S
mdb_in_buf_reg[9]         DFFARX1_RVT     saed32rvt_c      n, S
mdb_in_buf_reg[8]         DFFARX1_RVT     saed32rvt_c      n, S
mdb_in_buf_reg[7]         DFFARX1_RVT     saed32rvt_c      n, S
mdb_in_buf_reg[6]         DFFARX1_RVT     saed32rvt_c      n, S
mdb_in_buf_reg[5]         DFFARX1_RVT     saed32rvt_c      n, S
mdb_in_buf_reg[4]         DFFARX1_RVT     saed32rvt_c      n, S
mdb_in_buf_reg[3]         DFFARX1_RVT     saed32rvt_c      n, S
mdb_in_buf_reg[2]         DFFARX1_RVT     saed32rvt_c      n, S
mdb_in_buf_reg[1]         DFFARX1_RVT     saed32rvt_c      n, S
mdb_in_buf_reg[0]         DFFARX1_RVT     saed32rvt_c      n, S
mab_lsb_reg               DFFARX1_RVT     saed32rvt_c      n, S
mdb_out_nxt_reg[0]        DFFARX1_RVT     saed32rvt_c      n, S
mdb_out_nxt_reg[1]        DFFARX1_RVT     saed32rvt_c      n, S
mdb_out_nxt_reg[2]        DFFARX1_RVT     saed32rvt_c      n, S
mdb_out_nxt_reg[3]        DFFARX1_RVT     saed32rvt_c      n, S
mdb_out_nxt_reg[4]        DFFARX1_RVT     saed32rvt_c      n, S
mdb_out_nxt_reg[5]        DFFARX1_RVT     saed32rvt_c      n, S
mdb_out_nxt_reg[6]        DFFARX1_RVT     saed32rvt_c      n, S
mdb_out_nxt_reg[7]        DFFARX1_RVT     saed32rvt_c      n, S
mdb_out_nxt_reg[8]        DFFARX1_RVT     saed32rvt_c      n, S
U3                        INVX0_RVT       saed32rvt_c      
U4                        AND4X2_RVT      saed32rvt_c      
U5                        AO221X2_RVT     saed32rvt_c      
U6                        INVX1_RVT       saed32rvt_c      
U7                        NBUFFX2_RVT     saed32rvt_c      
U8                        NBUFFX2_RVT     saed32rvt_c      
U9                        NBUFFX2_RVT     saed32rvt_c      
U10                       NOR2X1_RVT      saed32rvt_c      
U11                       OAI21X1_RVT     saed32rvt_c      
U12                       INVX2_RVT       saed32rvt_c      
U13                       AND2X1_RVT      saed32rvt_c      
U14                       INVX1_RVT       saed32rvt_c      
U15                       INVX1_RVT       saed32rvt_c      
U16                       OR4X1_RVT       saed32rvt_c      
U17                       AND3X1_RVT      saed32rvt_c      
U18                       AND2X1_RVT      saed32rvt_c      
U19                       AND2X1_RVT      saed32rvt_c      
U20                       AND2X1_RVT      saed32rvt_c      
U21                       INVX0_RVT       saed32rvt_c      
U22                       NAND3X2_RVT     saed32rvt_c      
U23                       AO221X2_RVT     saed32rvt_c      
U24                       AND2X2_RVT      saed32rvt_c      
U25                       INVX1_RVT       saed32rvt_c      
U26                       INVX1_RVT       saed32rvt_c      
U27                       INVX1_RVT       saed32rvt_c      
U28                       INVX1_RVT       saed32rvt_c      
U29                       INVX1_RVT       saed32rvt_c      
U30                       INVX1_RVT       saed32rvt_c      
U31                       INVX1_RVT       saed32rvt_c      
U88                       INVX1_RVT       saed32rvt_c      
U91                       INVX1_RVT       saed32rvt_c      
U92                       INVX1_RVT       saed32rvt_c      
U93                       INVX1_RVT       saed32rvt_c      
U98                       INVX1_RVT       saed32rvt_c      
U99                       INVX1_RVT       saed32rvt_c      
U131                      INVX1_RVT       saed32rvt_c      
U142                      INVX1_RVT       saed32rvt_c      
U143                      INVX1_RVT       saed32rvt_c      
U144                      INVX1_RVT       saed32rvt_c      
U213                      INVX1_RVT       saed32rvt_c      
U215                      INVX1_RVT       saed32rvt_c      
U216                      INVX1_RVT       saed32rvt_c      
U217                      INVX1_RVT       saed32rvt_c      
U218                      INVX1_RVT       saed32rvt_c      
U219                      INVX1_RVT       saed32rvt_c      
U220                      INVX1_RVT       saed32rvt_c      
mem_backbone_0            omsp_mem_backbone                h
dma_ready_dly_reg         DFFARX1_RVT     saed32rvt_c      n, S
per_dout_val_reg[15]      DFFARX1_RVT     saed32rvt_c      n, S
per_dout_val_reg[14]      DFFARX1_RVT     saed32rvt_c      n, S
per_dout_val_reg[13]      DFFARX1_RVT     saed32rvt_c      n, S
per_dout_val_reg[12]      DFFARX1_RVT     saed32rvt_c      n, S
per_dout_val_reg[11]      DFFARX1_RVT     saed32rvt_c      n, S
per_dout_val_reg[10]      DFFARX1_RVT     saed32rvt_c      n, S
per_dout_val_reg[9]       DFFARX1_RVT     saed32rvt_c      n, S
per_dout_val_reg[8]       DFFARX1_RVT     saed32rvt_c      n, S
per_dout_val_reg[7]       DFFARX1_RVT     saed32rvt_c      n, S
per_dout_val_reg[6]       DFFARX1_RVT     saed32rvt_c      n, S
per_dout_val_reg[5]       DFFARX1_RVT     saed32rvt_c      n, S
per_dout_val_reg[4]       DFFARX1_RVT     saed32rvt_c      n, S
per_dout_val_reg[3]       DFFARX1_RVT     saed32rvt_c      n, S
per_dout_val_reg[2]       DFFARX1_RVT     saed32rvt_c      n, S
per_dout_val_reg[1]       DFFARX1_RVT     saed32rvt_c      n, S
per_dout_val_reg[0]       DFFARX1_RVT     saed32rvt_c      n, S
fe_pmem_en_dly_reg        DFFARX1_RVT     saed32rvt_c      n, S
pmem_dout_bckup_reg[15]   DFFARX1_RVT     saed32rvt_c      n, S
pmem_dout_bckup_reg[14]   DFFARX1_RVT     saed32rvt_c      n, S
pmem_dout_bckup_reg[13]   DFFARX1_RVT     saed32rvt_c      n, S
pmem_dout_bckup_reg[12]   DFFARX1_RVT     saed32rvt_c      n, S
pmem_dout_bckup_reg[11]   DFFARX1_RVT     saed32rvt_c      n, S
pmem_dout_bckup_reg[10]   DFFARX1_RVT     saed32rvt_c      n, S
pmem_dout_bckup_reg[9]    DFFARX1_RVT     saed32rvt_c      n, S
pmem_dout_bckup_reg[8]    DFFARX1_RVT     saed32rvt_c      n, S
pmem_dout_bckup_reg[7]    DFFARX1_RVT     saed32rvt_c      n, S
pmem_dout_bckup_reg[6]    DFFARX1_RVT     saed32rvt_c      n, S
pmem_dout_bckup_reg[5]    DFFARX1_RVT     saed32rvt_c      n, S
pmem_dout_bckup_reg[4]    DFFARX1_RVT     saed32rvt_c      n, S
pmem_dout_bckup_reg[3]    DFFARX1_RVT     saed32rvt_c      n, S
pmem_dout_bckup_reg[2]    DFFARX1_RVT     saed32rvt_c      n, S
pmem_dout_bckup_reg[1]    DFFARX1_RVT     saed32rvt_c      n, S
pmem_dout_bckup_reg[0]    DFFARX1_RVT     saed32rvt_c      n, S
pmem_dout_bckup_sel_reg   DFFARX1_RVT     saed32rvt_c      n, S
eu_mdb_in_sel_reg[0]      DFFARX1_RVT     saed32rvt_c      n, S
ext_mem_din_sel_reg[1]    DFFARX1_RVT     saed32rvt_c      n, S
ext_mem_din_sel_reg[0]    DFFARX1_RVT     saed32rvt_c      n, S
clock_gate_bckup          omsp_clock_gate_22               h
enable_latch_reg          LATCHX1_RVT     saed32rvt_c      n, S
U2                        INVX1_RVT       saed32rvt_c      
U3                        AND2X1_RVT      saed32rvt_c      S
U4                        OR2X1_RVT       saed32rvt_c      
eu_mdb_in_sel_reg[1]      DFFARX2_RVT     saed32rvt_c      n, S
U3                        NBUFFX4_RVT     saed32rvt_c      
U4                        NBUFFX2_RVT     saed32rvt_c      
U5                        NBUFFX2_RVT     saed32rvt_c      
U6                        NBUFFX2_RVT     saed32rvt_c      
U7                        NBUFFX2_RVT     saed32rvt_c      
U8                        INVX2_RVT       saed32rvt_c      
U9                        INVX4_RVT       saed32rvt_c      
U10                       INVX1_RVT       saed32rvt_c      
U11                       INVX1_RVT       saed32rvt_c      
U12                       INVX2_RVT       saed32rvt_c      
U13                       NOR2X1_RVT      saed32rvt_c      
U14                       NBUFFX4_RVT     saed32rvt_c      
U15                       INVX1_RVT       saed32rvt_c      
U16                       AND2X1_RVT      saed32rvt_c      
U17                       NOR2X1_RVT      saed32rvt_c      
U18                       INVX2_RVT       saed32rvt_c      
U19                       AND2X2_RVT      saed32rvt_c      
U20                       NAND3X2_RVT     saed32rvt_c      
U21                       NAND3X2_RVT     saed32rvt_c      
U22                       INVX1_RVT       saed32rvt_c      
U23                       INVX1_RVT       saed32rvt_c      
U24                       AND4X1_RVT      saed32rvt_c      
U25                       NAND2X0_RVT     saed32rvt_c      
U26                       NAND2X0_RVT     saed32rvt_c      
U27                       AND2X1_RVT      saed32rvt_c      
U28                       AO222X1_RVT     saed32rvt_c      
U29                       AO222X1_RVT     saed32rvt_c      
U30                       AO222X1_RVT     saed32rvt_c      
U31                       AO222X1_RVT     saed32rvt_c      
U32                       AO222X1_RVT     saed32rvt_c      
U33                       AO222X1_RVT     saed32rvt_c      
U34                       AO222X1_RVT     saed32rvt_c      
U35                       AO222X1_RVT     saed32rvt_c      
U36                       AO222X1_RVT     saed32rvt_c      
U37                       AO222X1_RVT     saed32rvt_c      
U38                       AO222X1_RVT     saed32rvt_c      
U39                       AND2X1_RVT      saed32rvt_c      
U40                       MUX21X1_RVT     saed32rvt_c      
U41                       MUX21X1_RVT     saed32rvt_c      
U42                       NAND2X0_RVT     saed32rvt_c      
U43                       MUX21X1_RVT     saed32rvt_c      
U44                       MUX21X1_RVT     saed32rvt_c      
U45                       MUX21X1_RVT     saed32rvt_c      
U46                       MUX21X1_RVT     saed32rvt_c      
U47                       MUX21X1_RVT     saed32rvt_c      
U48                       MUX21X1_RVT     saed32rvt_c      
U49                       MUX21X1_RVT     saed32rvt_c      
U50                       MUX21X1_RVT     saed32rvt_c      
U51                       MUX21X1_RVT     saed32rvt_c      
U52                       MUX21X1_RVT     saed32rvt_c      
U53                       MUX21X1_RVT     saed32rvt_c      
U54                       MUX21X1_RVT     saed32rvt_c      
U55                       MUX21X1_RVT     saed32rvt_c      
U56                       MUX21X1_RVT     saed32rvt_c      
U57                       MUX21X1_RVT     saed32rvt_c      
U58                       MUX21X1_RVT     saed32rvt_c      
U59                       MUX21X1_RVT     saed32rvt_c      
U60                       MUX21X1_RVT     saed32rvt_c      
U61                       MUX21X1_RVT     saed32rvt_c      
U62                       MUX21X1_RVT     saed32rvt_c      
U63                       MUX21X1_RVT     saed32rvt_c      
U64                       MUX21X1_RVT     saed32rvt_c      
U65                       MUX21X1_RVT     saed32rvt_c      
U66                       MUX21X1_RVT     saed32rvt_c      
U67                       INVX0_RVT       saed32rvt_c      
U68                       INVX0_RVT       saed32rvt_c      
U69                       INVX0_RVT       saed32rvt_c      
U70                       NAND2X0_RVT     saed32rvt_c      
U71                       NAND3X0_RVT     saed32rvt_c      
U72                       NAND2X0_RVT     saed32rvt_c      
U73                       OR3X1_RVT       saed32rvt_c      
U74                       AND2X1_RVT      saed32rvt_c      
U75                       INVX0_RVT       saed32rvt_c      
U76                       MUX21X1_RVT     saed32rvt_c      
U77                       MUX21X1_RVT     saed32rvt_c      
U78                       MUX21X1_RVT     saed32rvt_c      
U79                       MUX21X1_RVT     saed32rvt_c      
U80                       MUX21X1_RVT     saed32rvt_c      
U81                       MUX21X1_RVT     saed32rvt_c      
U82                       MUX21X1_RVT     saed32rvt_c      
U83                       MUX21X1_RVT     saed32rvt_c      
U84                       MUX21X1_RVT     saed32rvt_c      
U85                       MUX21X1_RVT     saed32rvt_c      
U86                       MUX21X1_RVT     saed32rvt_c      
U87                       MUX21X1_RVT     saed32rvt_c      
U88                       MUX21X1_RVT     saed32rvt_c      
U89                       MUX21X1_RVT     saed32rvt_c      
U90                       MUX21X1_RVT     saed32rvt_c      
U91                       MUX21X1_RVT     saed32rvt_c      
U92                       MUX21X1_RVT     saed32rvt_c      
U93                       MUX21X1_RVT     saed32rvt_c      
U94                       MUX21X1_RVT     saed32rvt_c      
U95                       MUX21X1_RVT     saed32rvt_c      
U96                       MUX21X1_RVT     saed32rvt_c      
U97                       MUX21X1_RVT     saed32rvt_c      
U98                       MUX21X1_RVT     saed32rvt_c      
U99                       MUX21X1_RVT     saed32rvt_c      
U100                      AO222X1_RVT     saed32rvt_c      
U101                      AO222X1_RVT     saed32rvt_c      
U102                      AO222X1_RVT     saed32rvt_c      
U103                      AO222X1_RVT     saed32rvt_c      
U104                      AO222X1_RVT     saed32rvt_c      
U105                      AO222X1_RVT     saed32rvt_c      
U106                      AO222X1_RVT     saed32rvt_c      
U107                      AO222X1_RVT     saed32rvt_c      
U108                      AO222X1_RVT     saed32rvt_c      
U109                      AO222X1_RVT     saed32rvt_c      
U110                      AO222X1_RVT     saed32rvt_c      
U111                      AO222X1_RVT     saed32rvt_c      
U112                      AO222X1_RVT     saed32rvt_c      
U113                      AO222X1_RVT     saed32rvt_c      
U114                      AO222X1_RVT     saed32rvt_c      
U115                      AO222X1_RVT     saed32rvt_c      
U116                      MUX21X1_RVT     saed32rvt_c      
U117                      INVX0_RVT       saed32rvt_c      
U118                      MUX21X1_RVT     saed32rvt_c      
U119                      MUX21X1_RVT     saed32rvt_c      
U120                      INVX0_RVT       saed32rvt_c      
U121                      MUX21X1_RVT     saed32rvt_c      
U122                      MUX21X1_RVT     saed32rvt_c      
U123                      MUX21X1_RVT     saed32rvt_c      
U124                      MUX21X1_RVT     saed32rvt_c      
U125                      MUX21X1_RVT     saed32rvt_c      
U126                      MUX21X1_RVT     saed32rvt_c      
U127                      MUX21X1_RVT     saed32rvt_c      
U128                      MUX21X1_RVT     saed32rvt_c      
U129                      MUX21X1_RVT     saed32rvt_c      
U130                      MUX21X1_RVT     saed32rvt_c      
U131                      MUX21X1_RVT     saed32rvt_c      
U132                      MUX21X1_RVT     saed32rvt_c      
U133                      MUX21X1_RVT     saed32rvt_c      
U134                      MUX21X1_RVT     saed32rvt_c      
U135                      MUX21X1_RVT     saed32rvt_c      
U136                      MUX21X1_RVT     saed32rvt_c      
U137                      MUX21X1_RVT     saed32rvt_c      
U138                      MUX21X1_RVT     saed32rvt_c      
U139                      MUX21X1_RVT     saed32rvt_c      
U140                      MUX21X1_RVT     saed32rvt_c      
U141                      MUX21X1_RVT     saed32rvt_c      
U142                      MUX21X1_RVT     saed32rvt_c      
U143                      MUX21X1_RVT     saed32rvt_c      
U144                      MUX21X1_RVT     saed32rvt_c      
U145                      MUX21X1_RVT     saed32rvt_c      
U146                      MUX21X1_RVT     saed32rvt_c      
U147                      MUX21X1_RVT     saed32rvt_c      
U148                      MUX21X1_RVT     saed32rvt_c      
U149                      MUX21X1_RVT     saed32rvt_c      
U150                      MUX21X1_RVT     saed32rvt_c      
U151                      MUX21X1_RVT     saed32rvt_c      
U152                      MUX21X1_RVT     saed32rvt_c      
U153                      MUX21X1_RVT     saed32rvt_c      
U154                      AND2X1_RVT      saed32rvt_c      
U155                      MUX21X1_RVT     saed32rvt_c      
U156                      MUX21X1_RVT     saed32rvt_c      
U157                      MUX21X1_RVT     saed32rvt_c      
U158                      MUX21X1_RVT     saed32rvt_c      
U159                      MUX21X1_RVT     saed32rvt_c      
U160                      MUX21X1_RVT     saed32rvt_c      
U161                      MUX21X1_RVT     saed32rvt_c      
U162                      MUX21X1_RVT     saed32rvt_c      
U163                      MUX21X1_RVT     saed32rvt_c      
U164                      AO21X1_RVT      saed32rvt_c      
U165                      AND3X1_RVT      saed32rvt_c      
U166                      AND3X1_RVT      saed32rvt_c      
U167                      NAND3X0_RVT     saed32rvt_c      
U168                      INVX0_RVT       saed32rvt_c      
U169                      NAND4X0_RVT     saed32rvt_c      
U170                      NOR4X0_RVT      saed32rvt_c      
U171                      AND2X1_RVT      saed32rvt_c      
U172                      NAND2X0_RVT     saed32rvt_c      
U173                      XOR2X1_RVT      saed32rvt_c      
U174                      NAND4X0_RVT     saed32rvt_c      
U175                      NAND4X0_RVT     saed32rvt_c      
U176                      AND4X1_RVT      saed32rvt_c      
U177                      INVX0_RVT       saed32rvt_c      
U178                      INVX0_RVT       saed32rvt_c      
U179                      NAND2X0_RVT     saed32rvt_c      
U180                      INVX0_RVT       saed32rvt_c      
U181                      NAND4X0_RVT     saed32rvt_c      
U182                      INVX0_RVT       saed32rvt_c      
U183                      NAND4X0_RVT     saed32rvt_c      
U184                      NOR4X0_RVT      saed32rvt_c      
U185                      MUX21X1_RVT     saed32rvt_c      
U186                      MUX21X1_RVT     saed32rvt_c      
U187                      MUX21X1_RVT     saed32rvt_c      
U188                      MUX21X1_RVT     saed32rvt_c      
U189                      INVX0_RVT       saed32rvt_c      
U190                      MUX21X1_RVT     saed32rvt_c      
U191                      INVX0_RVT       saed32rvt_c      
U192                      MUX21X1_RVT     saed32rvt_c      
U193                      INVX0_RVT       saed32rvt_c      
U194                      MUX21X1_RVT     saed32rvt_c      
U195                      OR2X1_RVT       saed32rvt_c      
U196                      OR3X1_RVT       saed32rvt_c      
U197                      INVX0_RVT       saed32rvt_c      
U198                      NOR4X0_RVT      saed32rvt_c      
U199                      OR3X1_RVT       saed32rvt_c      
U200                      INVX0_RVT       saed32rvt_c      
U201                      AND2X1_RVT      saed32rvt_c      
U202                      AND2X1_RVT      saed32rvt_c      
U203                      AND2X1_RVT      saed32rvt_c      
U204                      AND2X1_RVT      saed32rvt_c      
U205                      AND2X1_RVT      saed32rvt_c      
U206                      AND2X1_RVT      saed32rvt_c      
U207                      AND2X1_RVT      saed32rvt_c      
U208                      AND2X1_RVT      saed32rvt_c      
U209                      AND2X1_RVT      saed32rvt_c      
U210                      AND2X1_RVT      saed32rvt_c      
U211                      AND2X1_RVT      saed32rvt_c      
U212                      AND2X1_RVT      saed32rvt_c      
U213                      AND2X1_RVT      saed32rvt_c      
U214                      AND2X1_RVT      saed32rvt_c      
U215                      AND2X1_RVT      saed32rvt_c      
U216                      AND2X1_RVT      saed32rvt_c      
U217                      AO222X1_RVT     saed32rvt_c      
U218                      AO222X1_RVT     saed32rvt_c      
U219                      AO222X1_RVT     saed32rvt_c      
U220                      AO222X1_RVT     saed32rvt_c      
U221                      AO222X1_RVT     saed32rvt_c      
U222                      AO222X1_RVT     saed32rvt_c      
U223                      AO222X1_RVT     saed32rvt_c      
U224                      AO222X1_RVT     saed32rvt_c      
U225                      AO222X1_RVT     saed32rvt_c      
U226                      AO222X1_RVT     saed32rvt_c      
U227                      AO222X1_RVT     saed32rvt_c      
U228                      AO222X1_RVT     saed32rvt_c      
U229                      AO222X1_RVT     saed32rvt_c      
U230                      AO222X1_RVT     saed32rvt_c      
U231                      AO222X1_RVT     saed32rvt_c      
U232                      AO222X1_RVT     saed32rvt_c      
U233                      AO21X1_RVT      saed32rvt_c      
sfr_0                     omsp_sfr                         h
nmie_reg                  DFFARX1_RVT     saed32rvt_c      n, S
nmi_capture_rst_reg       DFFASX1_RVT     saed32rvt_c      n, S
nmiifg_reg                DFFARX1_RVT     saed32rvt_c      n, S
U3                        AND2X1_RVT      saed32rvt_c      
U4                        NOR2X0_RVT      saed32rvt_c      
U5                        AO21X1_RVT      saed32rvt_c      
U6                        AO221X1_RVT     saed32rvt_c      
U7                        NAND2X0_RVT     saed32rvt_c      
U8                        NAND4X0_RVT     saed32rvt_c      
U9                        AO21X1_RVT      saed32rvt_c      
U10                       AO21X1_RVT      saed32rvt_c      
U12                       AO21X1_RVT      saed32rvt_c      
U14                       AO221X1_RVT     saed32rvt_c      
U15                       NAND3X0_RVT     saed32rvt_c      
U16                       NAND3X0_RVT     saed32rvt_c      
U17                       NAND2X0_RVT     saed32rvt_c      
U18                       NAND3X0_RVT     saed32rvt_c      
U19                       AND2X1_RVT      saed32rvt_c      
U20                       AND2X1_RVT      saed32rvt_c      
U22                       AND2X1_RVT      saed32rvt_c      
U23                       AO22X1_RVT      saed32rvt_c      
U25                       NAND2X0_RVT     saed32rvt_c      
U27                       AO222X1_RVT     saed32rvt_c      
U31                       AO22X1_RVT      saed32rvt_c      
U32                       NOR2X0_RVT      saed32rvt_c      
U34                       AOI21X1_RVT     saed32rvt_c      
U35                       AND2X1_RVT      saed32rvt_c      
U36                       AND2X1_RVT      saed32rvt_c      
U37                       AND2X1_RVT      saed32rvt_c      
U38                       AND2X1_RVT      saed32rvt_c      
U39                       AND2X1_RVT      saed32rvt_c      
U40                       AND2X1_RVT      saed32rvt_c      
U41                       AND2X1_RVT      saed32rvt_c      
U42                       AND2X1_RVT      saed32rvt_c      
U43                       AND2X1_RVT      saed32rvt_c      
U44                       AND2X1_RVT      saed32rvt_c      
U47                       NOR3X0_RVT      saed32rvt_c      
U49                       NOR2X0_RVT      saed32rvt_c      
U50                       NAND2X0_RVT     saed32rvt_c      
U51                       AND4X1_RVT      saed32rvt_c      
U55                       NAND4X0_RVT     saed32rvt_c      
U57                       OR3X1_RVT       saed32rvt_c      
U58                       NOR3X0_RVT      saed32rvt_c      
U59                       NOR2X0_RVT      saed32rvt_c      
U56                       NOR4X1_RVT      saed32rvt_c      
wakeup_cell_nmi           omsp_wakeup_cell_0               h
wkup_out_reg              DFFARX1_RVT     saed32rvt_c      n, S
scan_mux_rst              omsp_scan_mux_3                  h
U2                        AO22X1_RVT      saed32rvt_c      
U1                        INVX0_RVT       saed32rvt_c      
scan_mux_clk              omsp_scan_mux_0                  h
U1                        MUX21X1_RVT     saed32rvt_c      S
U3                        INVX1_RVT       saed32rvt_c      
sync_cell_nmi             omsp_sync_cell_5                 h
data_sync_reg[0]          DFFARX1_RVT     saed32rvt_c      n, S
data_sync_reg[1]          DFFARX1_RVT     saed32rvt_c      n, S
U3                        INVX1_RVT       saed32rvt_c      
and_nmi_wkup              omsp_and_gate_2                  h
U1                        AND2X1_RVT      saed32rvt_c      
nmi_dly_reg               DFFARX1_RVT     saed32rvt_c      n, S
wdtie_reg                 DFFARX1_RVT     saed32rvt_c      n, S
U11                       AND4X2_RVT      saed32rvt_c      
U13                       XOR2X1_RVT      saed32rvt_c      
U21                       XOR2X1_RVT      saed32rvt_c      
U24                       INVX1_RVT       saed32rvt_c      
U26                       INVX1_RVT       saed32rvt_c      
U28                       INVX1_RVT       saed32rvt_c      
U29                       INVX1_RVT       saed32rvt_c      
U30                       INVX1_RVT       saed32rvt_c      
U33                       INVX1_RVT       saed32rvt_c      
U45                       INVX1_RVT       saed32rvt_c      
U46                       INVX1_RVT       saed32rvt_c      
U48                       INVX1_RVT       saed32rvt_c      
watchdog_0                omsp_watchdog                    h
wdtcnt_clr_toggle_reg     DFFARX1_RVT     saed32rvt_c      n, S
wdtcnt_clr_sync_dly_reg   DFFARX1_RVT     saed32rvt_c      n, S
wdt_evt_toggle_reg        DFFARX1_RVT     saed32rvt_c      n, S
wdtifg_clr_reg_reg        DFFASX1_RVT     saed32rvt_c      n, S
wdtifg_reg                DFFARX1_RVT     saed32rvt_c      n, S
wdt_reset_reg             DFFARX1_RVT     saed32rvt_c      n, S
U3                        NAND2X0_RVT     saed32rvt_c      
U4                        AND3X1_RVT      saed32rvt_c      
U5                        AND2X1_RVT      saed32rvt_c      
U6                        AND2X1_RVT      saed32rvt_c      
U7                        AND2X1_RVT      saed32rvt_c      
U8                        AND2X1_RVT      saed32rvt_c      
U9                        AND2X1_RVT      saed32rvt_c      
U11                       NAND4X0_RVT     saed32rvt_c      
U12                       AND4X1_RVT      saed32rvt_c      
U13                       AND3X1_RVT      saed32rvt_c      
U14                       NAND4X0_RVT     saed32rvt_c      
U15                       NAND4X0_RVT     saed32rvt_c      
U19                       NAND2X0_RVT     saed32rvt_c      
U21                       AO221X1_RVT     saed32rvt_c      
U23                       AO21X1_RVT      saed32rvt_c      
U26                       NOR2X0_RVT      saed32rvt_c      
U27                       AND2X1_RVT      saed32rvt_c      
U28                       AO22X1_RVT      saed32rvt_c      
U29                       OR2X1_RVT       saed32rvt_c      
U31                       NAND2X0_RVT     saed32rvt_c      
U33                       AND4X1_RVT      saed32rvt_c      
U35                       NAND4X0_RVT     saed32rvt_c      
U40                       NAND4X0_RVT     saed32rvt_c      
U45                       NAND4X0_RVT     saed32rvt_c      
U46                       NAND2X0_RVT     saed32rvt_c      
U49                       NAND4X0_RVT     saed32rvt_c      
U54                       OA21X1_RVT      saed32rvt_c      
U57                       AND2X1_RVT      saed32rvt_c      
U58                       AND2X1_RVT      saed32rvt_c      
U59                       AND2X1_RVT      saed32rvt_c      
U60                       AND2X1_RVT      saed32rvt_c      
U61                       AND2X1_RVT      saed32rvt_c      
U62                       AND2X1_RVT      saed32rvt_c      
U63                       AND2X1_RVT      saed32rvt_c      
U64                       AND2X1_RVT      saed32rvt_c      
U65                       AND2X1_RVT      saed32rvt_c      
U66                       AND2X1_RVT      saed32rvt_c      
U67                       AND2X1_RVT      saed32rvt_c      
U68                       AND2X1_RVT      saed32rvt_c      
U69                       AND2X1_RVT      saed32rvt_c      
U70                       AND2X1_RVT      saed32rvt_c      
U71                       AND2X1_RVT      saed32rvt_c      
U73                       AO221X1_RVT     saed32rvt_c      
U75                       OAI22X1_RVT     saed32rvt_c      
U77                       OAI22X1_RVT     saed32rvt_c      
U32                       NOR4X1_RVT      saed32rvt_c      
U34                       NOR4X1_RVT      saed32rvt_c      
clock_gate_wdtctl         omsp_clock_gate_21               h
enable_latch_reg          LATCHX1_RVT     saed32rvt_c      n, S
U2                        INVX1_RVT       saed32rvt_c      
U3                        AND2X1_RVT      saed32rvt_c      S
U4                        OR2X1_RVT       saed32rvt_c      
sync_reset_por            omsp_sync_reset_1                h
data_sync_reg[0]          DFFASX1_RVT     saed32rvt_c      n, S
data_sync_reg[1]          DFFASX1_RVT     saed32rvt_c      n, S
U3                        INVX1_RVT       saed32rvt_c      
scan_mux_wdt_rst          omsp_scan_mux_4                  h
U2                        AO22X1_RVT      saed32rvt_c      
U1                        INVX0_RVT       saed32rvt_c      
sync_cell_wdtcnt_clr      omsp_sync_cell_4                 h
data_sync_reg[0]          DFFARX1_RVT     saed32rvt_c      n, S
data_sync_reg[1]          DFFARX1_RVT     saed32rvt_c      n, S
U3                        INVX1_RVT       saed32rvt_c      
sync_cell_wdtcnt_incr     omsp_sync_cell_3                 h
data_sync_reg[0]          DFFARX1_RVT     saed32rvt_c      n, S
data_sync_reg[1]          DFFARX1_RVT     saed32rvt_c      n, S
U3                        INVX1_RVT       saed32rvt_c      
clock_gate_wdtcnt         omsp_clock_gate_20               h
enable_latch_reg          LATCHX1_RVT     saed32rvt_c      n, S
U2                        INVX1_RVT       saed32rvt_c      
U3                        AND2X1_RVT      saed32rvt_c      S
U4                        OR2X1_RVT       saed32rvt_c      
sync_cell_wdt_evt         omsp_sync_cell_2                 h
data_sync_reg[0]          DFFARX1_RVT     saed32rvt_c      n, S
data_sync_reg[1]          DFFARX1_RVT     saed32rvt_c      n, S
U3                        INVX1_RVT       saed32rvt_c      
wakeup_cell_wdog          omsp_wakeup_cell_1               h
wkup_out_reg              DFFARX1_RVT     saed32rvt_c      n, S
scan_mux_rst              omsp_scan_mux_2                  h
U2                        AO22X1_RVT      saed32rvt_c      
U1                        INVX0_RVT       saed32rvt_c      
scan_mux_clk              omsp_scan_mux_13                 h
U1                        MUX21X1_RVT     saed32rvt_c      S
U3                        INVX1_RVT       saed32rvt_c      
and_wdt_wkup              omsp_and_gate_1                  h
U1                        AND2X1_RVT      saed32rvt_c      
add_325                   omsp_watchdog_DW01_inc_0         h
U1_1_14                   HADDX1_RVT      saed32rvt_c      
U1_1_13                   HADDX1_RVT      saed32rvt_c      
U1_1_12                   HADDX1_RVT      saed32rvt_c      
U1_1_11                   HADDX1_RVT      saed32rvt_c      
U1_1_10                   HADDX1_RVT      saed32rvt_c      
U1_1_9                    HADDX1_RVT      saed32rvt_c      
U1_1_8                    HADDX1_RVT      saed32rvt_c      
U1_1_7                    HADDX1_RVT      saed32rvt_c      
U1_1_6                    HADDX1_RVT      saed32rvt_c      
U1_1_5                    HADDX1_RVT      saed32rvt_c      
U1_1_4                    HADDX1_RVT      saed32rvt_c      
U1_1_3                    HADDX1_RVT      saed32rvt_c      
U1_1_2                    HADDX1_RVT      saed32rvt_c      
U1_1_1                    HADDX1_RVT      saed32rvt_c      
U1                        INVX1_RVT       saed32rvt_c      
U2                        XOR2X1_RVT      saed32rvt_c      
wdtisx_ss_reg[1]          DFFARX1_RVT     saed32rvt_c      n, S
wdtisx_ss_reg[0]          DFFARX1_RVT     saed32rvt_c      n, S
wdtisx_s_reg[1]           DFFARX1_RVT     saed32rvt_c      n, S
wdtisx_s_reg[0]           DFFARX1_RVT     saed32rvt_c      n, S
wdt_evt_toggle_sync_dly_reg
                          DFFARX1_RVT     saed32rvt_c      n, S
wdt_wkup_en_reg           DFFARX1_RVT     saed32rvt_c      n, S
wdtqn_edge_reg_reg        DFFARX1_RVT     saed32rvt_c      n, S
wdtcnt_reg[15]            DFFARX1_RVT     saed32rvt_c      n, S
wdtcnt_reg[14]            DFFARX1_RVT     saed32rvt_c      n, S
wdtcnt_reg[13]            DFFARX1_RVT     saed32rvt_c      n, S
wdtcnt_reg[12]            DFFARX1_RVT     saed32rvt_c      n, S
wdtcnt_reg[11]            DFFARX1_RVT     saed32rvt_c      n, S
wdtcnt_reg[10]            DFFARX1_RVT     saed32rvt_c      n, S
wdtcnt_reg[9]             DFFARX1_RVT     saed32rvt_c      n, S
wdtcnt_reg[8]             DFFARX1_RVT     saed32rvt_c      n, S
wdtcnt_reg[7]             DFFARX1_RVT     saed32rvt_c      n, S
wdtcnt_reg[6]             DFFARX1_RVT     saed32rvt_c      n, S
wdtcnt_reg[5]             DFFARX1_RVT     saed32rvt_c      n, S
wdtcnt_reg[4]             DFFARX1_RVT     saed32rvt_c      n, S
wdtcnt_reg[3]             DFFARX1_RVT     saed32rvt_c      n, S
wdtcnt_reg[2]             DFFARX1_RVT     saed32rvt_c      n, S
wdtcnt_reg[1]             DFFARX1_RVT     saed32rvt_c      n, S
wdtcnt_reg[0]             DFFARX1_RVT     saed32rvt_c      n, S
wdtctl_reg[7]             DFFARX1_RVT     saed32rvt_c      n, S
wdtctl_reg[6]             DFFARX1_RVT     saed32rvt_c      n, S
wdtctl_reg[1]             DFFARX1_RVT     saed32rvt_c      n, S
wdtctl_reg[4]             DFFARX1_RVT     saed32rvt_c      n, S
wdtctl_reg[0]             DFFARX1_RVT     saed32rvt_c      n, S
U10                       INVX2_RVT       saed32rvt_c      
U16                       INVX4_RVT       saed32rvt_c      
U17                       NOR3X0_RVT      saed32rvt_c      
U18                       XOR2X1_RVT      saed32rvt_c      
U20                       XOR2X1_RVT      saed32rvt_c      
U22                       XOR2X1_RVT      saed32rvt_c      
U24                       XNOR2X1_RVT     saed32rvt_c      
U25                       AND2X2_RVT      saed32rvt_c      
U30                       INVX1_RVT       saed32rvt_c      
U36                       INVX1_RVT       saed32rvt_c      
U37                       INVX1_RVT       saed32rvt_c      
U38                       INVX1_RVT       saed32rvt_c      
U39                       INVX1_RVT       saed32rvt_c      
U41                       INVX1_RVT       saed32rvt_c      
U42                       INVX1_RVT       saed32rvt_c      
U43                       INVX1_RVT       saed32rvt_c      
U44                       INVX1_RVT       saed32rvt_c      
U47                       INVX1_RVT       saed32rvt_c      
U48                       INVX1_RVT       saed32rvt_c      
U50                       INVX1_RVT       saed32rvt_c      
U51                       INVX1_RVT       saed32rvt_c      
U52                       INVX1_RVT       saed32rvt_c      
U53                       INVX1_RVT       saed32rvt_c      
U55                       INVX1_RVT       saed32rvt_c      
U56                       INVX1_RVT       saed32rvt_c      
U72                       INVX1_RVT       saed32rvt_c      
multiplier_0              omsp_multiplier                  h
sign_sel_reg              DFFARX1_RVT     saed32rvt_c      n, S
cycle_reg[0]              DFFARX1_RVT     saed32rvt_c      n, S
cycle_reg[1]              DFFARX1_RVT     saed32rvt_c      n, S
reslo_reg[0]              DFFARX1_RVT     saed32rvt_c      n, S
reslo_reg[1]              DFFARX1_RVT     saed32rvt_c      n, S
reslo_reg[2]              DFFARX1_RVT     saed32rvt_c      n, S
reslo_reg[3]              DFFARX1_RVT     saed32rvt_c      n, S
reslo_reg[4]              DFFARX1_RVT     saed32rvt_c      n, S
reslo_reg[5]              DFFARX1_RVT     saed32rvt_c      n, S
reslo_reg[6]              DFFARX1_RVT     saed32rvt_c      n, S
reslo_reg[7]              DFFARX1_RVT     saed32rvt_c      n, S
reslo_reg[8]              DFFARX1_RVT     saed32rvt_c      n, S
reshi_reg[0]              DFFARX1_RVT     saed32rvt_c      n, S
reshi_reg[1]              DFFARX1_RVT     saed32rvt_c      n, S
reshi_reg[2]              DFFARX1_RVT     saed32rvt_c      n, S
reshi_reg[3]              DFFARX1_RVT     saed32rvt_c      n, S
reshi_reg[4]              DFFARX1_RVT     saed32rvt_c      n, S
reshi_reg[5]              DFFARX1_RVT     saed32rvt_c      n, S
reshi_reg[6]              DFFARX1_RVT     saed32rvt_c      n, S
reshi_reg[7]              DFFARX1_RVT     saed32rvt_c      n, S
reshi_reg[8]              DFFARX1_RVT     saed32rvt_c      n, S
reshi_reg[9]              DFFARX1_RVT     saed32rvt_c      n, S
reshi_reg[10]             DFFARX1_RVT     saed32rvt_c      n, S
reshi_reg[11]             DFFARX1_RVT     saed32rvt_c      n, S
reshi_reg[12]             DFFARX1_RVT     saed32rvt_c      n, S
reshi_reg[13]             DFFARX1_RVT     saed32rvt_c      n, S
reshi_reg[14]             DFFARX1_RVT     saed32rvt_c      n, S
reshi_reg[15]             DFFARX1_RVT     saed32rvt_c      n, S
sumext_s_reg[1]           DFFARX1_RVT     saed32rvt_c      n, S
sumext_s_reg[0]           DFFARX1_RVT     saed32rvt_c      n, S
U4                        NOR4X1_RVT      saed32rvt_c      
U14                       NAND2X0_RVT     saed32rvt_c      
U15                       NAND2X0_RVT     saed32rvt_c      
U16                       AO22X1_RVT      saed32rvt_c      
U17                       AO22X1_RVT      saed32rvt_c      
U18                       AND2X1_RVT      saed32rvt_c      
U19                       AND2X1_RVT      saed32rvt_c      
U20                       AND2X1_RVT      saed32rvt_c      
U21                       AND2X1_RVT      saed32rvt_c      
U22                       AND2X1_RVT      saed32rvt_c      
U23                       OA21X1_RVT      saed32rvt_c      
U24                       AO21X1_RVT      saed32rvt_c      
U25                       AND2X1_RVT      saed32rvt_c      
U26                       AO21X1_RVT      saed32rvt_c      
U27                       AO21X1_RVT      saed32rvt_c      
U28                       AO21X1_RVT      saed32rvt_c      
U29                       AO21X1_RVT      saed32rvt_c      
U30                       AO21X1_RVT      saed32rvt_c      
U31                       AO21X1_RVT      saed32rvt_c      
U32                       AND3X1_RVT      saed32rvt_c      
U33                       AO22X1_RVT      saed32rvt_c      
U34                       AO22X1_RVT      saed32rvt_c      
U35                       AO22X1_RVT      saed32rvt_c      
U36                       AO22X1_RVT      saed32rvt_c      
U37                       AND2X1_RVT      saed32rvt_c      
U38                       AO22X1_RVT      saed32rvt_c      
U39                       AO22X1_RVT      saed32rvt_c      
U40                       AO22X1_RVT      saed32rvt_c      
U41                       AO22X1_RVT      saed32rvt_c      
U42                       AO22X1_RVT      saed32rvt_c      
U43                       AO22X1_RVT      saed32rvt_c      
U44                       AO22X1_RVT      saed32rvt_c      
U45                       AO22X1_RVT      saed32rvt_c      
U46                       AO22X1_RVT      saed32rvt_c      
U47                       AO22X1_RVT      saed32rvt_c      
U48                       AND2X1_RVT      saed32rvt_c      
U49                       NAND4X0_RVT     saed32rvt_c      
U50                       AOI222X1_RVT    saed32rvt_c      
U51                       AOI22X1_RVT     saed32rvt_c      
U52                       NAND2X0_RVT     saed32rvt_c      
U53                       NAND4X0_RVT     saed32rvt_c      
U54                       AOI222X1_RVT    saed32rvt_c      
U55                       AOI22X1_RVT     saed32rvt_c      
U56                       NAND2X0_RVT     saed32rvt_c      
U57                       NAND4X0_RVT     saed32rvt_c      
U58                       AOI222X1_RVT    saed32rvt_c      
U59                       AOI22X1_RVT     saed32rvt_c      
U60                       NAND2X0_RVT     saed32rvt_c      
U61                       NAND4X0_RVT     saed32rvt_c      
U62                       AOI222X1_RVT    saed32rvt_c      
U63                       AOI22X1_RVT     saed32rvt_c      
U64                       NAND2X0_RVT     saed32rvt_c      
U65                       NAND4X0_RVT     saed32rvt_c      
U66                       AOI222X1_RVT    saed32rvt_c      
U67                       AOI22X1_RVT     saed32rvt_c      
U68                       NAND2X0_RVT     saed32rvt_c      
U69                       NAND4X0_RVT     saed32rvt_c      
U70                       AOI222X1_RVT    saed32rvt_c      
U71                       AOI22X1_RVT     saed32rvt_c      
U72                       NAND2X0_RVT     saed32rvt_c      
U73                       NAND4X0_RVT     saed32rvt_c      
U74                       AOI222X1_RVT    saed32rvt_c      
U75                       AOI22X1_RVT     saed32rvt_c      
U76                       NAND2X0_RVT     saed32rvt_c      
U77                       NAND4X0_RVT     saed32rvt_c      
U78                       AOI222X1_RVT    saed32rvt_c      
U79                       AOI22X1_RVT     saed32rvt_c      
U80                       NAND2X0_RVT     saed32rvt_c      
U81                       NAND4X0_RVT     saed32rvt_c      
U82                       AOI222X1_RVT    saed32rvt_c      
U83                       AOI22X1_RVT     saed32rvt_c      
U84                       NAND2X0_RVT     saed32rvt_c      
U85                       NAND4X0_RVT     saed32rvt_c      
U86                       AOI222X1_RVT    saed32rvt_c      
U87                       AOI22X1_RVT     saed32rvt_c      
U88                       NAND2X0_RVT     saed32rvt_c      
U89                       NAND4X0_RVT     saed32rvt_c      
U90                       AOI222X1_RVT    saed32rvt_c      
U91                       AOI22X1_RVT     saed32rvt_c      
U92                       NAND2X0_RVT     saed32rvt_c      
U93                       NAND4X0_RVT     saed32rvt_c      
U94                       AOI222X1_RVT    saed32rvt_c      
U95                       AOI22X1_RVT     saed32rvt_c      
U96                       NAND2X0_RVT     saed32rvt_c      
U97                       NAND4X0_RVT     saed32rvt_c      
U98                       AOI222X1_RVT    saed32rvt_c      
U99                       AOI22X1_RVT     saed32rvt_c      
U100                      NAND2X0_RVT     saed32rvt_c      
U101                      NAND4X0_RVT     saed32rvt_c      
U102                      AOI222X1_RVT    saed32rvt_c      
U103                      AOI22X1_RVT     saed32rvt_c      
U104                      NAND2X0_RVT     saed32rvt_c      
U105                      NAND4X0_RVT     saed32rvt_c      
U106                      AOI222X1_RVT    saed32rvt_c      
U107                      AOI22X1_RVT     saed32rvt_c      
U109                      AO22X1_RVT      saed32rvt_c      
U110                      NAND2X0_RVT     saed32rvt_c      
U111                      OR3X1_RVT       saed32rvt_c      
U112                      AO222X1_RVT     saed32rvt_c      
U116                      AO22X1_RVT      saed32rvt_c      
U118                      AND3X1_RVT      saed32rvt_c      
U120                      AO22X1_RVT      saed32rvt_c      
U121                      AO22X1_RVT      saed32rvt_c      
U122                      AND3X1_RVT      saed32rvt_c      
U124                      AND3X1_RVT      saed32rvt_c      
U125                      NOR3X0_RVT      saed32rvt_c      
U126                      AND3X1_RVT      saed32rvt_c      
U135                      AND2X1_RVT      saed32rvt_c      
U136                      AO22X1_RVT      saed32rvt_c      
U137                      AO22X1_RVT      saed32rvt_c      
U138                      AO21X1_RVT      saed32rvt_c      
U139                      AND2X1_RVT      saed32rvt_c      
U140                      OR2X1_RVT       saed32rvt_c      
U141                      AND2X1_RVT      saed32rvt_c      
U142                      NAND2X0_RVT     saed32rvt_c      
U143                      NAND2X0_RVT     saed32rvt_c      
U144                      AO22X1_RVT      saed32rvt_c      
U145                      AND2X1_RVT      saed32rvt_c      
U146                      AND2X1_RVT      saed32rvt_c      
U147                      AND2X1_RVT      saed32rvt_c      
U148                      AO22X1_RVT      saed32rvt_c      
U149                      AO22X1_RVT      saed32rvt_c      
U150                      AO22X1_RVT      saed32rvt_c      
U151                      AO22X1_RVT      saed32rvt_c      
U152                      AO22X1_RVT      saed32rvt_c      
U153                      AO22X1_RVT      saed32rvt_c      
U154                      AO22X1_RVT      saed32rvt_c      
U155                      AO22X1_RVT      saed32rvt_c      
U156                      AO22X1_RVT      saed32rvt_c      
U157                      AO22X1_RVT      saed32rvt_c      
U158                      AO22X1_RVT      saed32rvt_c      
U159                      AO22X1_RVT      saed32rvt_c      
U160                      AO22X1_RVT      saed32rvt_c      
U161                      AO22X1_RVT      saed32rvt_c      
U162                      AO22X1_RVT      saed32rvt_c      
U163                      AO22X1_RVT      saed32rvt_c      
U165                      NAND3X0_RVT     saed32rvt_c      
U166                      AND2X1_RVT      saed32rvt_c      
U167                      AO22X1_RVT      saed32rvt_c      
U168                      AND2X1_RVT      saed32rvt_c      
U169                      AO22X1_RVT      saed32rvt_c      
U170                      AND2X1_RVT      saed32rvt_c      
U171                      AO22X1_RVT      saed32rvt_c      
U172                      AND2X1_RVT      saed32rvt_c      
U173                      AO22X1_RVT      saed32rvt_c      
U174                      AND2X1_RVT      saed32rvt_c      
U175                      AO22X1_RVT      saed32rvt_c      
U176                      AND2X1_RVT      saed32rvt_c      
U177                      AO22X1_RVT      saed32rvt_c      
U178                      AND2X1_RVT      saed32rvt_c      
U179                      AO22X1_RVT      saed32rvt_c      
U180                      AND2X1_RVT      saed32rvt_c      
U181                      AO22X1_RVT      saed32rvt_c      
U182                      AND2X1_RVT      saed32rvt_c      
U183                      AO22X1_RVT      saed32rvt_c      
U184                      AO22X1_RVT      saed32rvt_c      
U185                      AO22X1_RVT      saed32rvt_c      
U186                      AO22X1_RVT      saed32rvt_c      
U187                      AO22X1_RVT      saed32rvt_c      
U188                      AO22X1_RVT      saed32rvt_c      
U189                      AO22X1_RVT      saed32rvt_c      
U190                      AO22X1_RVT      saed32rvt_c      
U192                      OR2X1_RVT       saed32rvt_c      
U193                      NAND3X0_RVT     saed32rvt_c      
U194                      NAND3X0_RVT     saed32rvt_c      
U195                      NOR2X0_RVT      saed32rvt_c      
U196                      OA21X1_RVT      saed32rvt_c      
U197                      NAND4X0_RVT     saed32rvt_c      
U198                      OR3X1_RVT       saed32rvt_c      
U199                      AND3X1_RVT      saed32rvt_c      
U200                      NOR2X0_RVT      saed32rvt_c      
clock_gate_op1            omsp_clock_gate_19               h
enable_latch_reg          LATCHX1_RVT     saed32rvt_c      n, S
U2                        INVX1_RVT       saed32rvt_c      
U3                        AND2X1_RVT      saed32rvt_c      S
U4                        OR2X1_RVT       saed32rvt_c      
clock_gate_op2            omsp_clock_gate_18               h
enable_latch_reg          LATCHX1_RVT     saed32rvt_c      n, S
U2                        INVX1_RVT       saed32rvt_c      
U3                        AND2X1_RVT      saed32rvt_c      S
U4                        OR2X1_RVT       saed32rvt_c      
clock_gate_reslo          omsp_clock_gate_17               h
enable_latch_reg          LATCHX1_RVT     saed32rvt_c      n, S
U2                        INVX1_RVT       saed32rvt_c      
U3                        AND2X1_RVT      saed32rvt_c      S
U4                        OR2X1_RVT       saed32rvt_c      
clock_gate_reshi          omsp_clock_gate_16               h
enable_latch_reg          LATCHX1_RVT     saed32rvt_c      n, S
U2                        INVX1_RVT       saed32rvt_c      
U3                        AND2X1_RVT      saed32rvt_c      S
U4                        OR2X1_RVT       saed32rvt_c      
add_402                   omsp_multiplier_DW01_add_0       h
U1_31                     FADDX1_RVT      saed32rvt_c      
U1_30                     FADDX1_RVT      saed32rvt_c      
U1_29                     FADDX1_RVT      saed32rvt_c      
U1_28                     FADDX1_RVT      saed32rvt_c      
U1_27                     FADDX1_RVT      saed32rvt_c      
U1_26                     FADDX1_RVT      saed32rvt_c      
U1_25                     FADDX1_RVT      saed32rvt_c      
U1_24                     FADDX1_RVT      saed32rvt_c      
U1_23                     FADDX1_RVT      saed32rvt_c      
U1_22                     FADDX1_RVT      saed32rvt_c      
U1_21                     FADDX1_RVT      saed32rvt_c      
U1_20                     FADDX1_RVT      saed32rvt_c      
U1_19                     FADDX1_RVT      saed32rvt_c      
U1_18                     FADDX1_RVT      saed32rvt_c      
U1_17                     FADDX1_RVT      saed32rvt_c      
U1_16                     FADDX1_RVT      saed32rvt_c      
U1_15                     FADDX1_RVT      saed32rvt_c      
U1_14                     FADDX1_RVT      saed32rvt_c      
U1_13                     FADDX1_RVT      saed32rvt_c      
U1_12                     FADDX1_RVT      saed32rvt_c      
U1_11                     FADDX1_RVT      saed32rvt_c      
U1_10                     FADDX1_RVT      saed32rvt_c      
U1_9                      FADDX1_RVT      saed32rvt_c      
U1_8                      FADDX1_RVT      saed32rvt_c      
U1_7                      FADDX1_RVT      saed32rvt_c      
U1_6                      FADDX1_RVT      saed32rvt_c      
U1_5                      FADDX1_RVT      saed32rvt_c      
U1_4                      FADDX1_RVT      saed32rvt_c      
U1_3                      FADDX1_RVT      saed32rvt_c      
U1_2                      FADDX1_RVT      saed32rvt_c      
U1_1                      FADDX1_RVT      saed32rvt_c      
U1                        XOR2X1_RVT      saed32rvt_c      
U2                        AND2X1_RVT      saed32rvt_c      
mult_396                  omsp_multiplier_DW02_mult_0      h
S4_0                      FADDX1_RVT      saed32rvt_c      
S4_1                      FADDX1_RVT      saed32rvt_c      
S4_2                      FADDX1_RVT      saed32rvt_c      
S4_3                      FADDX1_RVT      saed32rvt_c      
S4_4                      FADDX1_RVT      saed32rvt_c      
S4_5                      FADDX1_RVT      saed32rvt_c      
S4_6                      FADDX1_RVT      saed32rvt_c      
S5_7                      FADDX1_RVT      saed32rvt_c      
S14_8                     FADDX1_RVT      saed32rvt_c      
S1_15_0                   FADDX1_RVT      saed32rvt_c      
S2_15_1                   FADDX1_RVT      saed32rvt_c      
S2_15_2                   FADDX1_RVT      saed32rvt_c      
S2_15_3                   FADDX1_RVT      saed32rvt_c      
S2_15_4                   FADDX1_RVT      saed32rvt_c      
S2_15_5                   FADDX1_RVT      saed32rvt_c      
S2_15_6                   FADDX1_RVT      saed32rvt_c      
S3_15_7                   FADDX1_RVT      saed32rvt_c      
S1_14_0                   FADDX1_RVT      saed32rvt_c      
S2_14_1                   FADDX1_RVT      saed32rvt_c      
S2_14_2                   FADDX1_RVT      saed32rvt_c      
S2_14_3                   FADDX1_RVT      saed32rvt_c      
S2_14_4                   FADDX1_RVT      saed32rvt_c      
S2_14_5                   FADDX1_RVT      saed32rvt_c      
S2_14_6                   FADDX1_RVT      saed32rvt_c      
S3_14_7                   FADDX1_RVT      saed32rvt_c      
S1_13_0                   FADDX1_RVT      saed32rvt_c      
S2_13_1                   FADDX1_RVT      saed32rvt_c      
S2_13_2                   FADDX1_RVT      saed32rvt_c      
S2_13_3                   FADDX1_RVT      saed32rvt_c      
S2_13_4                   FADDX1_RVT      saed32rvt_c      
S2_13_5                   FADDX1_RVT      saed32rvt_c      
S2_13_6                   FADDX1_RVT      saed32rvt_c      
S3_13_7                   FADDX1_RVT      saed32rvt_c      
S1_12_0                   FADDX1_RVT      saed32rvt_c      
S2_12_1                   FADDX1_RVT      saed32rvt_c      
S2_12_2                   FADDX1_RVT      saed32rvt_c      
S2_12_3                   FADDX1_RVT      saed32rvt_c      
S2_12_4                   FADDX1_RVT      saed32rvt_c      
S2_12_5                   FADDX1_RVT      saed32rvt_c      
S2_12_6                   FADDX1_RVT      saed32rvt_c      
S3_12_7                   FADDX1_RVT      saed32rvt_c      
S1_11_0                   FADDX1_RVT      saed32rvt_c      
S2_11_1                   FADDX1_RVT      saed32rvt_c      
S2_11_2                   FADDX1_RVT      saed32rvt_c      
S2_11_3                   FADDX1_RVT      saed32rvt_c      
S2_11_4                   FADDX1_RVT      saed32rvt_c      
S2_11_5                   FADDX1_RVT      saed32rvt_c      
S2_11_6                   FADDX1_RVT      saed32rvt_c      
S3_11_7                   FADDX1_RVT      saed32rvt_c      
S1_10_0                   FADDX1_RVT      saed32rvt_c      
S2_10_1                   FADDX1_RVT      saed32rvt_c      
S2_10_2                   FADDX1_RVT      saed32rvt_c      
S2_10_3                   FADDX1_RVT      saed32rvt_c      
S2_10_4                   FADDX1_RVT      saed32rvt_c      
S2_10_5                   FADDX1_RVT      saed32rvt_c      
S2_10_6                   FADDX1_RVT      saed32rvt_c      
S3_10_7                   FADDX1_RVT      saed32rvt_c      
S1_9_0                    FADDX1_RVT      saed32rvt_c      
S2_9_1                    FADDX1_RVT      saed32rvt_c      
S2_9_2                    FADDX1_RVT      saed32rvt_c      
S2_9_3                    FADDX1_RVT      saed32rvt_c      
S2_9_4                    FADDX1_RVT      saed32rvt_c      
S2_9_5                    FADDX1_RVT      saed32rvt_c      
S2_9_6                    FADDX1_RVT      saed32rvt_c      
S3_9_7                    FADDX1_RVT      saed32rvt_c      
S1_8_0                    FADDX1_RVT      saed32rvt_c      
S2_8_1                    FADDX1_RVT      saed32rvt_c      
S2_8_2                    FADDX1_RVT      saed32rvt_c      
S2_8_3                    FADDX1_RVT      saed32rvt_c      
S2_8_4                    FADDX1_RVT      saed32rvt_c      
S2_8_5                    FADDX1_RVT      saed32rvt_c      
S2_8_6                    FADDX1_RVT      saed32rvt_c      
S3_8_7                    FADDX1_RVT      saed32rvt_c      
S1_7_0                    FADDX1_RVT      saed32rvt_c      
S2_7_1                    FADDX1_RVT      saed32rvt_c      
S2_7_2                    FADDX1_RVT      saed32rvt_c      
S2_7_3                    FADDX1_RVT      saed32rvt_c      
S2_7_4                    FADDX1_RVT      saed32rvt_c      
S2_7_5                    FADDX1_RVT      saed32rvt_c      
S2_7_6                    FADDX1_RVT      saed32rvt_c      
S3_7_7                    FADDX1_RVT      saed32rvt_c      
S1_6_0                    FADDX1_RVT      saed32rvt_c      
S2_6_1                    FADDX1_RVT      saed32rvt_c      
S2_6_2                    FADDX1_RVT      saed32rvt_c      
S2_6_3                    FADDX1_RVT      saed32rvt_c      
S2_6_4                    FADDX1_RVT      saed32rvt_c      
S2_6_5                    FADDX1_RVT      saed32rvt_c      
S2_6_6                    FADDX1_RVT      saed32rvt_c      
S3_6_7                    FADDX1_RVT      saed32rvt_c      
S1_5_0                    FADDX1_RVT      saed32rvt_c      
S2_5_1                    FADDX1_RVT      saed32rvt_c      
S2_5_2                    FADDX1_RVT      saed32rvt_c      
S2_5_3                    FADDX1_RVT      saed32rvt_c      
S2_5_4                    FADDX1_RVT      saed32rvt_c      
S2_5_5                    FADDX1_RVT      saed32rvt_c      
S2_5_6                    FADDX1_RVT      saed32rvt_c      
S3_5_7                    FADDX1_RVT      saed32rvt_c      
S1_4_0                    FADDX1_RVT      saed32rvt_c      
S2_4_1                    FADDX1_RVT      saed32rvt_c      
S2_4_2                    FADDX1_RVT      saed32rvt_c      
S2_4_3                    FADDX1_RVT      saed32rvt_c      
S2_4_4                    FADDX1_RVT      saed32rvt_c      
S2_4_5                    FADDX1_RVT      saed32rvt_c      
S2_4_6                    FADDX1_RVT      saed32rvt_c      
S3_4_7                    FADDX1_RVT      saed32rvt_c      
S1_3_0                    FADDX1_RVT      saed32rvt_c      
S2_3_1                    FADDX1_RVT      saed32rvt_c      
S2_3_2                    FADDX1_RVT      saed32rvt_c      
S2_3_3                    FADDX1_RVT      saed32rvt_c      
S2_3_4                    FADDX1_RVT      saed32rvt_c      
S2_3_5                    FADDX1_RVT      saed32rvt_c      
S2_3_6                    FADDX1_RVT      saed32rvt_c      
S3_3_7                    FADDX1_RVT      saed32rvt_c      
S1_2_0                    FADDX1_RVT      saed32rvt_c      
S2_2_1                    FADDX1_RVT      saed32rvt_c      
S2_2_2                    FADDX1_RVT      saed32rvt_c      
S2_2_3                    FADDX1_RVT      saed32rvt_c      
S2_2_4                    FADDX1_RVT      saed32rvt_c      
S2_2_5                    FADDX1_RVT      saed32rvt_c      
S2_2_6                    FADDX1_RVT      saed32rvt_c      
S3_2_7                    FADDX1_RVT      saed32rvt_c      
FS_1                      omsp_multiplier_DW01_add_1       h
U2                        INVX1_RVT       saed32rvt_c      
U3                        INVX1_RVT       saed32rvt_c      
U4                        INVX1_RVT       saed32rvt_c      
U5                        INVX1_RVT       saed32rvt_c      
U6                        INVX1_RVT       saed32rvt_c      
U7                        INVX1_RVT       saed32rvt_c      
U8                        INVX1_RVT       saed32rvt_c      
U9                        INVX1_RVT       saed32rvt_c      
U10                       XNOR2X1_RVT     saed32rvt_c      
U11                       NAND2X0_RVT     saed32rvt_c      
U12                       XNOR2X1_RVT     saed32rvt_c      
U13                       OA21X1_RVT      saed32rvt_c      
U14                       XNOR3X1_RVT     saed32rvt_c      
U15                       OA22X1_RVT      saed32rvt_c      
U16                       AND2X1_RVT      saed32rvt_c      
U17                       XNOR3X1_RVT     saed32rvt_c      
U18                       OA21X1_RVT      saed32rvt_c      
U19                       XOR2X1_RVT      saed32rvt_c      
U20                       OA21X1_RVT      saed32rvt_c      
U21                       NAND2X0_RVT     saed32rvt_c      
U22                       NAND2X0_RVT     saed32rvt_c      
U23                       OR2X1_RVT       saed32rvt_c      
U24                       XOR2X1_RVT      saed32rvt_c      
U25                       OA21X1_RVT      saed32rvt_c      
U26                       NAND2X0_RVT     saed32rvt_c      
U27                       NAND2X0_RVT     saed32rvt_c      
U28                       OR2X1_RVT       saed32rvt_c      
U29                       XOR2X1_RVT      saed32rvt_c      
U30                       OA21X1_RVT      saed32rvt_c      
U31                       NAND2X0_RVT     saed32rvt_c      
U32                       NAND2X0_RVT     saed32rvt_c      
U33                       OR2X1_RVT       saed32rvt_c      
U34                       XOR2X1_RVT      saed32rvt_c      
U35                       OA21X1_RVT      saed32rvt_c      
U36                       NAND2X0_RVT     saed32rvt_c      
U37                       NAND2X0_RVT     saed32rvt_c      
U38                       OR2X1_RVT       saed32rvt_c      
U39                       XOR2X1_RVT      saed32rvt_c      
U40                       NAND2X0_RVT     saed32rvt_c      
U41                       NAND2X0_RVT     saed32rvt_c      
U42                       OR2X1_RVT       saed32rvt_c      
U43                       NAND2X0_RVT     saed32rvt_c      
U44                       XOR2X1_RVT      saed32rvt_c      
U45                       AND3X1_RVT      saed32rvt_c      
U46                       XNOR2X1_RVT     saed32rvt_c      
U47                       NAND2X0_RVT     saed32rvt_c      
U48                       XOR2X1_RVT      saed32rvt_c      
U49                       AND3X1_RVT      saed32rvt_c      
U50                       XNOR2X1_RVT     saed32rvt_c      
U51                       NAND2X0_RVT     saed32rvt_c      
U52                       XOR2X1_RVT      saed32rvt_c      
U53                       AND3X1_RVT      saed32rvt_c      
U54                       NAND2X0_RVT     saed32rvt_c      
U2                        NOR2X1_RVT      saed32rvt_c      
U3                        NOR2X1_RVT      saed32rvt_c      
U4                        NOR2X1_RVT      saed32rvt_c      
U5                        NOR2X1_RVT      saed32rvt_c      
U6                        NOR2X1_RVT      saed32rvt_c      
U7                        NOR2X1_RVT      saed32rvt_c      
U8                        NOR2X1_RVT      saed32rvt_c      
U9                        NOR2X1_RVT      saed32rvt_c      
U10                       XOR2X1_RVT      saed32rvt_c      
U11                       XOR2X1_RVT      saed32rvt_c      
U12                       XOR2X1_RVT      saed32rvt_c      
U13                       XOR2X1_RVT      saed32rvt_c      
U14                       XOR2X1_RVT      saed32rvt_c      
U15                       XOR2X1_RVT      saed32rvt_c      
U16                       INVX2_RVT       saed32rvt_c      
U17                       XOR2X1_RVT      saed32rvt_c      
U18                       XOR2X1_RVT      saed32rvt_c      
U19                       XOR2X1_RVT      saed32rvt_c      
U20                       XOR2X1_RVT      saed32rvt_c      
U21                       INVX1_RVT       saed32rvt_c      
U22                       XOR2X1_RVT      saed32rvt_c      
U23                       XOR2X1_RVT      saed32rvt_c      
U24                       XOR2X1_RVT      saed32rvt_c      
U25                       XOR2X1_RVT      saed32rvt_c      
U26                       XOR2X1_RVT      saed32rvt_c      
U27                       XOR2X1_RVT      saed32rvt_c      
U28                       XOR2X1_RVT      saed32rvt_c      
U29                       XOR2X1_RVT      saed32rvt_c      
U30                       AND2X1_RVT      saed32rvt_c      
U31                       AND2X1_RVT      saed32rvt_c      
U32                       AND2X1_RVT      saed32rvt_c      
U33                       AND2X1_RVT      saed32rvt_c      
U34                       AND2X1_RVT      saed32rvt_c      
U35                       AND2X1_RVT      saed32rvt_c      
U36                       AND2X1_RVT      saed32rvt_c      
U37                       AND2X1_RVT      saed32rvt_c      
U38                       AND2X1_RVT      saed32rvt_c      
U39                       AND2X1_RVT      saed32rvt_c      
U40                       AND2X1_RVT      saed32rvt_c      
U41                       AND2X1_RVT      saed32rvt_c      
U42                       AND2X1_RVT      saed32rvt_c      
U43                       AND2X1_RVT      saed32rvt_c      
U44                       AND2X1_RVT      saed32rvt_c      
U45                       AND2X1_RVT      saed32rvt_c      
U46                       AND2X1_RVT      saed32rvt_c      
U47                       AND2X1_RVT      saed32rvt_c      
U48                       INVX1_RVT       saed32rvt_c      
U49                       NOR2X0_RVT      saed32rvt_c      
U50                       AND2X1_RVT      saed32rvt_c      
U51                       AND2X1_RVT      saed32rvt_c      
U52                       AND2X1_RVT      saed32rvt_c      
U53                       AND2X1_RVT      saed32rvt_c      
U54                       AND2X1_RVT      saed32rvt_c      
U55                       AND2X1_RVT      saed32rvt_c      
U56                       AND2X1_RVT      saed32rvt_c      
U57                       AND2X1_RVT      saed32rvt_c      
U58                       NOR2X0_RVT      saed32rvt_c      
U59                       AND2X1_RVT      saed32rvt_c      
U60                       AND2X1_RVT      saed32rvt_c      
U61                       AND2X1_RVT      saed32rvt_c      
U62                       AND2X1_RVT      saed32rvt_c      
U63                       AND2X1_RVT      saed32rvt_c      
U64                       AND2X1_RVT      saed32rvt_c      
U65                       AND2X1_RVT      saed32rvt_c      
U66                       AND2X1_RVT      saed32rvt_c      
U67                       NOR2X0_RVT      saed32rvt_c      
U68                       AND2X1_RVT      saed32rvt_c      
U69                       AND2X1_RVT      saed32rvt_c      
U70                       AND2X1_RVT      saed32rvt_c      
U71                       AND2X1_RVT      saed32rvt_c      
U72                       AND2X1_RVT      saed32rvt_c      
U73                       AND2X1_RVT      saed32rvt_c      
U74                       AND2X1_RVT      saed32rvt_c      
U75                       AND2X1_RVT      saed32rvt_c      
U76                       NOR2X0_RVT      saed32rvt_c      
U77                       AND2X1_RVT      saed32rvt_c      
U78                       AND2X1_RVT      saed32rvt_c      
U79                       AND2X1_RVT      saed32rvt_c      
U80                       AND2X1_RVT      saed32rvt_c      
U81                       AND2X1_RVT      saed32rvt_c      
U82                       AND2X1_RVT      saed32rvt_c      
U83                       AND2X1_RVT      saed32rvt_c      
U84                       AND2X1_RVT      saed32rvt_c      
U85                       NOR2X0_RVT      saed32rvt_c      
U86                       AND2X1_RVT      saed32rvt_c      
U87                       AND2X1_RVT      saed32rvt_c      
U88                       AND2X1_RVT      saed32rvt_c      
U89                       AND2X1_RVT      saed32rvt_c      
U90                       AND2X1_RVT      saed32rvt_c      
U91                       AND2X1_RVT      saed32rvt_c      
U92                       AND2X1_RVT      saed32rvt_c      
U93                       AND2X1_RVT      saed32rvt_c      
U94                       NOR2X0_RVT      saed32rvt_c      
U95                       AND2X1_RVT      saed32rvt_c      
U96                       AND2X1_RVT      saed32rvt_c      
U97                       AND2X1_RVT      saed32rvt_c      
U98                       AND2X1_RVT      saed32rvt_c      
U99                       AND2X1_RVT      saed32rvt_c      
U100                      AND2X1_RVT      saed32rvt_c      
U101                      AND2X1_RVT      saed32rvt_c      
U102                      AND2X1_RVT      saed32rvt_c      
U103                      NOR2X0_RVT      saed32rvt_c      
U104                      AND2X1_RVT      saed32rvt_c      
U105                      AND2X1_RVT      saed32rvt_c      
U106                      AND2X1_RVT      saed32rvt_c      
U107                      AND2X1_RVT      saed32rvt_c      
U108                      AND2X1_RVT      saed32rvt_c      
U109                      AND2X1_RVT      saed32rvt_c      
U110                      AND2X1_RVT      saed32rvt_c      
U111                      AND2X1_RVT      saed32rvt_c      
U112                      NOR2X0_RVT      saed32rvt_c      
U113                      AND2X1_RVT      saed32rvt_c      
U114                      AND2X1_RVT      saed32rvt_c      
U115                      AND2X1_RVT      saed32rvt_c      
U116                      AND2X1_RVT      saed32rvt_c      
U117                      AND2X1_RVT      saed32rvt_c      
U118                      AND2X1_RVT      saed32rvt_c      
U119                      AND2X1_RVT      saed32rvt_c      
U120                      AND2X1_RVT      saed32rvt_c      
U121                      NOR2X0_RVT      saed32rvt_c      
U122                      AND2X1_RVT      saed32rvt_c      
U123                      AND2X1_RVT      saed32rvt_c      
U124                      AND2X1_RVT      saed32rvt_c      
U125                      AND2X1_RVT      saed32rvt_c      
U126                      AND2X1_RVT      saed32rvt_c      
U127                      AND2X1_RVT      saed32rvt_c      
U128                      AND2X1_RVT      saed32rvt_c      
U129                      AND2X1_RVT      saed32rvt_c      
U130                      AND2X1_RVT      saed32rvt_c      
U131                      NOR2X0_RVT      saed32rvt_c      
U132                      AND2X1_RVT      saed32rvt_c      
U133                      AND2X1_RVT      saed32rvt_c      
U134                      AND2X1_RVT      saed32rvt_c      
U135                      AND2X1_RVT      saed32rvt_c      
U136                      AND2X1_RVT      saed32rvt_c      
U137                      AND2X1_RVT      saed32rvt_c      
U138                      AND2X1_RVT      saed32rvt_c      
U139                      AND2X1_RVT      saed32rvt_c      
U140                      NOR2X0_RVT      saed32rvt_c      
U141                      AND2X1_RVT      saed32rvt_c      
U142                      AND2X1_RVT      saed32rvt_c      
U143                      AND2X1_RVT      saed32rvt_c      
U144                      AND2X1_RVT      saed32rvt_c      
U145                      AND2X1_RVT      saed32rvt_c      
U146                      AND2X1_RVT      saed32rvt_c      
U147                      AND2X1_RVT      saed32rvt_c      
U148                      AND2X1_RVT      saed32rvt_c      
U149                      NOR2X0_RVT      saed32rvt_c      
U150                      AND2X1_RVT      saed32rvt_c      
U151                      AND2X1_RVT      saed32rvt_c      
U152                      AND2X1_RVT      saed32rvt_c      
U153                      AND2X1_RVT      saed32rvt_c      
U154                      AND2X1_RVT      saed32rvt_c      
U155                      AND2X1_RVT      saed32rvt_c      
U156                      AND2X1_RVT      saed32rvt_c      
U157                      AND2X1_RVT      saed32rvt_c      
U158                      NOR2X0_RVT      saed32rvt_c      
U159                      AND2X1_RVT      saed32rvt_c      
U160                      AND2X1_RVT      saed32rvt_c      
U161                      AND2X1_RVT      saed32rvt_c      
U162                      AND2X1_RVT      saed32rvt_c      
U163                      AND2X1_RVT      saed32rvt_c      
U164                      AND2X1_RVT      saed32rvt_c      
U165                      AND2X1_RVT      saed32rvt_c      
U166                      AND2X1_RVT      saed32rvt_c      
U167                      NOR2X0_RVT      saed32rvt_c      
U168                      AND2X1_RVT      saed32rvt_c      
U169                      AND2X1_RVT      saed32rvt_c      
U170                      AND2X1_RVT      saed32rvt_c      
U171                      AND2X1_RVT      saed32rvt_c      
U172                      AND2X1_RVT      saed32rvt_c      
U173                      AND2X1_RVT      saed32rvt_c      
U174                      AND2X1_RVT      saed32rvt_c      
U175                      AND2X1_RVT      saed32rvt_c      
U176                      NOR2X0_RVT      saed32rvt_c      
U177                      AND2X1_RVT      saed32rvt_c      
U178                      AND2X1_RVT      saed32rvt_c      
U179                      AND2X1_RVT      saed32rvt_c      
U180                      AND2X1_RVT      saed32rvt_c      
U181                      AND2X1_RVT      saed32rvt_c      
U182                      AND2X1_RVT      saed32rvt_c      
U183                      AND2X1_RVT      saed32rvt_c      
U184                      AND2X1_RVT      saed32rvt_c      
U185                      NOR2X0_RVT      saed32rvt_c      
U186                      AND2X1_RVT      saed32rvt_c      
U187                      AND2X1_RVT      saed32rvt_c      
U188                      AND2X1_RVT      saed32rvt_c      
U189                      AND2X1_RVT      saed32rvt_c      
U190                      AND2X1_RVT      saed32rvt_c      
U191                      AND2X1_RVT      saed32rvt_c      
U192                      AND2X1_RVT      saed32rvt_c      
U193                      AND2X1_RVT      saed32rvt_c      
op2_reg[5]                DFFARX1_RVT     saed32rvt_c      n, S
op2_reg[2]                DFFARX1_RVT     saed32rvt_c      n, S
op1_reg[5]                DFFARX1_RVT     saed32rvt_c      n, S
op1_reg[2]                DFFARX1_RVT     saed32rvt_c      n, S
op2_reg[7]                DFFARX1_RVT     saed32rvt_c      n, S
op2_reg[6]                DFFARX1_RVT     saed32rvt_c      n, S
op1_reg[7]                DFFARX1_RVT     saed32rvt_c      n, S
op1_reg[6]                DFFARX1_RVT     saed32rvt_c      n, S
op2_reg[3]                DFFARX1_RVT     saed32rvt_c      n, S
op1_reg[3]                DFFARX1_RVT     saed32rvt_c      n, S
op2_reg[1]                DFFARX1_RVT     saed32rvt_c      n, S
op1_reg[1]                DFFARX1_RVT     saed32rvt_c      n, S
op2_reg[4]                DFFARX1_RVT     saed32rvt_c      n, S
op1_reg[4]                DFFARX1_RVT     saed32rvt_c      n, S
op2_reg[0]                DFFARX1_RVT     saed32rvt_c      n, S
op1_reg[0]                DFFARX1_RVT     saed32rvt_c      n, S
op2_reg[9]                DFFARX1_RVT     saed32rvt_c      n, S
op1_reg[9]                DFFARX1_RVT     saed32rvt_c      n, S
op2_reg[15]               DFFARX1_RVT     saed32rvt_c      n, S
op2_reg[8]                DFFARX1_RVT     saed32rvt_c      n, S
op1_reg[15]               DFFARX1_RVT     saed32rvt_c      n, S
op1_reg[8]                DFFARX1_RVT     saed32rvt_c      n, S
op2_reg[14]               DFFARX1_RVT     saed32rvt_c      n, S
op1_reg[14]               DFFARX1_RVT     saed32rvt_c      n, S
op2_reg[11]               DFFARX1_RVT     saed32rvt_c      n, S
op1_reg[11]               DFFARX1_RVT     saed32rvt_c      n, S
op2_reg[12]               DFFARX1_RVT     saed32rvt_c      n, S
op1_reg[12]               DFFARX1_RVT     saed32rvt_c      n, S
op2_reg[13]               DFFARX1_RVT     saed32rvt_c      n, S
op1_reg[13]               DFFARX1_RVT     saed32rvt_c      n, S
op2_reg[10]               DFFARX1_RVT     saed32rvt_c      n, S
op1_reg[10]               DFFARX1_RVT     saed32rvt_c      n, S
acc_sel_reg               DFFARX1_RVT     saed32rvt_c      n, S
reslo_reg[15]             DFFARX1_RVT     saed32rvt_c      n, S
reslo_reg[14]             DFFARX1_RVT     saed32rvt_c      n, S
reslo_reg[13]             DFFARX1_RVT     saed32rvt_c      n, S
reslo_reg[12]             DFFARX1_RVT     saed32rvt_c      n, S
reslo_reg[11]             DFFARX1_RVT     saed32rvt_c      n, S
reslo_reg[10]             DFFARX1_RVT     saed32rvt_c      n, S
reslo_reg[9]              DFFARX1_RVT     saed32rvt_c      n, S
U3                        AO22X2_RVT      saed32rvt_c      
U5                        AO22X2_RVT      saed32rvt_c      
U6                        AO22X2_RVT      saed32rvt_c      
U7                        AO22X2_RVT      saed32rvt_c      
U8                        AO22X2_RVT      saed32rvt_c      
U9                        AO22X2_RVT      saed32rvt_c      
U11                       AO22X2_RVT      saed32rvt_c      
U12                       AO22X2_RVT      saed32rvt_c      
U13                       INVX1_RVT       saed32rvt_c      
U108                      INVX1_RVT       saed32rvt_c      
U113                      NBUFFX2_RVT     saed32rvt_c      
U114                      NBUFFX2_RVT     saed32rvt_c      
U115                      NBUFFX2_RVT     saed32rvt_c      
U117                      NBUFFX2_RVT     saed32rvt_c      
U119                      NBUFFX2_RVT     saed32rvt_c      
U123                      NBUFFX2_RVT     saed32rvt_c      
U127                      AND3X1_RVT      saed32rvt_c      
U128                      AND2X1_RVT      saed32rvt_c      
U129                      NBUFFX2_RVT     saed32rvt_c      
U130                      AND2X1_RVT      saed32rvt_c      
U131                      AND2X1_RVT      saed32rvt_c      
U132                      AND2X1_RVT      saed32rvt_c      
U133                      AND2X1_RVT      saed32rvt_c      
U134                      NAND2X0_RVT     saed32rvt_c      
U164                      NBUFFX2_RVT     saed32rvt_c      
U191                      NBUFFX2_RVT     saed32rvt_c      
U201                      NBUFFX2_RVT     saed32rvt_c      
U202                      NBUFFX2_RVT     saed32rvt_c      
U203                      NBUFFX2_RVT     saed32rvt_c      
U204                      AND2X2_RVT      saed32rvt_c      
U205                      AND2X2_RVT      saed32rvt_c      
U206                      INVX1_RVT       saed32rvt_c      
U207                      INVX1_RVT       saed32rvt_c      
U208                      INVX1_RVT       saed32rvt_c      
U209                      INVX1_RVT       saed32rvt_c      
U210                      INVX1_RVT       saed32rvt_c      
U211                      INVX1_RVT       saed32rvt_c      
U212                      INVX1_RVT       saed32rvt_c      
dbg_0                     omsp_dbg                         h
dbg_mem_rd_dly_reg        DFFARX1_RVT     saed32rvt_c      n, S
mem_burst_reg             DFFARX1_RVT     saed32rvt_c      n, S
mem_state_reg[1]          DFFARX1_RVT     saed32rvt_c      n, S
mem_ctl_reg[1]            DFFARX1_RVT     saed32rvt_c      n, S
mem_ctl_reg[3]            DFFARX1_RVT     saed32rvt_c      n, S
mem_ctl_reg[2]            DFFARX1_RVT     saed32rvt_c      n, S
inc_step_reg[1]           DFFARX1_RVT     saed32rvt_c      n, S
cpu_ctl_reg[5]            DFFASX1_RVT     saed32rvt_c      n, S
cpu_ctl_reg[4]            DFFASX1_RVT     saed32rvt_c      n, S
cpu_stat_reg[3]           DFFARX1_RVT     saed32rvt_c      n, S
cpu_stat_reg[2]           DFFARX1_RVT     saed32rvt_c      n, S
mem_state_reg[0]          DFFARX1_RVT     saed32rvt_c      n, S
halt_flag_reg             DFFARX1_RVT     saed32rvt_c      n, S
U5                        NOR4X1_RVT      saed32rvt_c      
U12                       NOR4X1_RVT      saed32rvt_c      
U13                       NOR4X1_RVT      saed32rvt_c      
U36                       OA221X1_RVT     saed32rvt_c      
U37                       NAND2X0_RVT     saed32rvt_c      
U38                       AO221X1_RVT     saed32rvt_c      
U39                       AO22X1_RVT      saed32rvt_c      
U40                       AO221X1_RVT     saed32rvt_c      
U41                       AO22X1_RVT      saed32rvt_c      
U42                       AO221X1_RVT     saed32rvt_c      
U43                       AO22X1_RVT      saed32rvt_c      
U44                       AO221X1_RVT     saed32rvt_c      
U45                       AO22X1_RVT      saed32rvt_c      
U46                       AO221X1_RVT     saed32rvt_c      
U47                       AO22X1_RVT      saed32rvt_c      
U48                       AO221X1_RVT     saed32rvt_c      
U49                       AO22X1_RVT      saed32rvt_c      
U50                       AO221X1_RVT     saed32rvt_c      
U51                       AO22X1_RVT      saed32rvt_c      
U52                       AO221X1_RVT     saed32rvt_c      
U53                       AO22X1_RVT      saed32rvt_c      
U54                       AND2X1_RVT      saed32rvt_c      
U55                       AO221X1_RVT     saed32rvt_c      
U56                       AO222X1_RVT     saed32rvt_c      
U57                       AO221X1_RVT     saed32rvt_c      
U58                       AO222X1_RVT     saed32rvt_c      
U59                       AO221X1_RVT     saed32rvt_c      
U60                       AO222X1_RVT     saed32rvt_c      
U61                       AO221X1_RVT     saed32rvt_c      
U62                       AO222X1_RVT     saed32rvt_c      
U63                       AO221X1_RVT     saed32rvt_c      
U64                       AO222X1_RVT     saed32rvt_c      
U65                       AO221X1_RVT     saed32rvt_c      
U66                       AO222X1_RVT     saed32rvt_c      
U67                       AO221X1_RVT     saed32rvt_c      
U68                       AO222X1_RVT     saed32rvt_c      
U69                       AO21X1_RVT      saed32rvt_c      
U70                       AO22X1_RVT      saed32rvt_c      
U71                       AO22X1_RVT      saed32rvt_c      
U72                       AO22X1_RVT      saed32rvt_c      
U73                       AO22X1_RVT      saed32rvt_c      
U74                       AO22X1_RVT      saed32rvt_c      
U75                       AO22X1_RVT      saed32rvt_c      
U76                       AO22X1_RVT      saed32rvt_c      
U77                       AO221X1_RVT     saed32rvt_c      
U78                       AO222X1_RVT     saed32rvt_c      
U79                       AND2X1_RVT      saed32rvt_c      
U80                       AND2X1_RVT      saed32rvt_c      
U82                       NAND3X0_RVT     saed32rvt_c      
U83                       OR2X1_RVT       saed32rvt_c      
U84                       NAND2X0_RVT     saed32rvt_c      
U85                       AND2X1_RVT      saed32rvt_c      
U86                       OA21X1_RVT      saed32rvt_c      
U87                       NOR2X0_RVT      saed32rvt_c      
U88                       AND2X1_RVT      saed32rvt_c      
U89                       NAND3X0_RVT     saed32rvt_c      
U90                       AND3X1_RVT      saed32rvt_c      
U92                       NAND3X0_RVT     saed32rvt_c      
U93                       NAND2X0_RVT     saed32rvt_c      
U94                       AND3X1_RVT      saed32rvt_c      
U95                       NAND3X0_RVT     saed32rvt_c      
U96                       NAND3X0_RVT     saed32rvt_c      
U97                       AND2X1_RVT      saed32rvt_c      
U98                       AND2X1_RVT      saed32rvt_c      
U99                       AO22X1_RVT      saed32rvt_c      
U100                      AO22X1_RVT      saed32rvt_c      
U101                      AND2X1_RVT      saed32rvt_c      
U102                      AND2X1_RVT      saed32rvt_c      
U103                      AND2X1_RVT      saed32rvt_c      
U104                      AND2X1_RVT      saed32rvt_c      
U105                      AND2X1_RVT      saed32rvt_c      
U106                      AND2X1_RVT      saed32rvt_c      
U107                      AND2X1_RVT      saed32rvt_c      
U108                      AO22X1_RVT      saed32rvt_c      
U109                      AO22X1_RVT      saed32rvt_c      
U110                      AO22X1_RVT      saed32rvt_c      
U111                      AO22X1_RVT      saed32rvt_c      
U112                      AO22X1_RVT      saed32rvt_c      
U113                      AO22X1_RVT      saed32rvt_c      
U114                      NAND2X0_RVT     saed32rvt_c      
U115                      AND2X1_RVT      saed32rvt_c      
U117                      OR2X1_RVT       saed32rvt_c      
U118                      AND2X1_RVT      saed32rvt_c      
U119                      NAND4X0_RVT     saed32rvt_c      
U120                      NAND3X0_RVT     saed32rvt_c      
U121                      AND2X1_RVT      saed32rvt_c      
U122                      AO22X1_RVT      saed32rvt_c      
U123                      NAND3X0_RVT     saed32rvt_c      
U124                      OR2X1_RVT       saed32rvt_c      
U125                      AO21X1_RVT      saed32rvt_c      
U126                      AND2X1_RVT      saed32rvt_c      
U127                      NAND3X0_RVT     saed32rvt_c      
U128                      NAND3X0_RVT     saed32rvt_c      
U129                      OA21X1_RVT      saed32rvt_c      
U130                      OR2X1_RVT       saed32rvt_c      
U131                      AO222X1_RVT     saed32rvt_c      
U132                      AO222X1_RVT     saed32rvt_c      
U133                      OR2X1_RVT       saed32rvt_c      
U134                      AO222X1_RVT     saed32rvt_c      
U135                      AO222X1_RVT     saed32rvt_c      
U136                      OR2X1_RVT       saed32rvt_c      
U137                      AO222X1_RVT     saed32rvt_c      
U138                      AO222X1_RVT     saed32rvt_c      
U139                      OR3X1_RVT       saed32rvt_c      
U140                      AO222X1_RVT     saed32rvt_c      
U141                      AO22X1_RVT      saed32rvt_c      
U142                      AO22X1_RVT      saed32rvt_c      
U143                      OR3X1_RVT       saed32rvt_c      
U144                      AO222X1_RVT     saed32rvt_c      
U145                      AO22X1_RVT      saed32rvt_c      
U146                      AO22X1_RVT      saed32rvt_c      
U147                      OR3X1_RVT       saed32rvt_c      
U148                      AO222X1_RVT     saed32rvt_c      
U149                      AO22X1_RVT      saed32rvt_c      
U150                      AO22X1_RVT      saed32rvt_c      
U151                      OR3X1_RVT       saed32rvt_c      
U152                      AO221X1_RVT     saed32rvt_c      
U153                      AO22X1_RVT      saed32rvt_c      
U154                      AO22X1_RVT      saed32rvt_c      
U155                      AO222X1_RVT     saed32rvt_c      
U156                      OR3X1_RVT       saed32rvt_c      
U157                      AO221X1_RVT     saed32rvt_c      
U158                      AO22X1_RVT      saed32rvt_c      
U159                      AO22X1_RVT      saed32rvt_c      
U160                      AO22X1_RVT      saed32rvt_c      
U161                      OR3X1_RVT       saed32rvt_c      
U162                      AO222X1_RVT     saed32rvt_c      
U163                      AO22X1_RVT      saed32rvt_c      
U164                      AO22X1_RVT      saed32rvt_c      
U165                      OR2X1_RVT       saed32rvt_c      
U166                      AO222X1_RVT     saed32rvt_c      
U167                      AO222X1_RVT     saed32rvt_c      
U168                      OR2X1_RVT       saed32rvt_c      
U169                      AO222X1_RVT     saed32rvt_c      
U170                      AO222X1_RVT     saed32rvt_c      
U171                      OR2X1_RVT       saed32rvt_c      
U172                      AO222X1_RVT     saed32rvt_c      
U173                      AO222X1_RVT     saed32rvt_c      
U174                      OR2X1_RVT       saed32rvt_c      
U175                      AO222X1_RVT     saed32rvt_c      
U176                      AO222X1_RVT     saed32rvt_c      
U177                      OR2X1_RVT       saed32rvt_c      
U178                      AO222X1_RVT     saed32rvt_c      
U179                      AO222X1_RVT     saed32rvt_c      
U180                      OR2X1_RVT       saed32rvt_c      
U181                      AO222X1_RVT     saed32rvt_c      
U182                      AO222X1_RVT     saed32rvt_c      
U183                      OR3X1_RVT       saed32rvt_c      
U184                      AO222X1_RVT     saed32rvt_c      
U186                      NOR2X0_RVT      saed32rvt_c      
U188                      AO22X1_RVT      saed32rvt_c      
U189                      AO22X1_RVT      saed32rvt_c      
U192                      NAND2X0_RVT     saed32rvt_c      
U193                      OR2X1_RVT       saed32rvt_c      
U194                      AND3X1_RVT      saed32rvt_c      
U195                      NAND2X0_RVT     saed32rvt_c      
U196                      AND3X1_RVT      saed32rvt_c      
U197                      AO22X1_RVT      saed32rvt_c      
U198                      NAND2X0_RVT     saed32rvt_c      
U199                      NAND3X0_RVT     saed32rvt_c      
U200                      NAND2X0_RVT     saed32rvt_c      
U201                      NAND2X0_RVT     saed32rvt_c      
U202                      AND2X1_RVT      saed32rvt_c      
U203                      AO22X1_RVT      saed32rvt_c      
U204                      AO22X1_RVT      saed32rvt_c      
U205                      AO22X1_RVT      saed32rvt_c      
U206                      AO22X1_RVT      saed32rvt_c      
U207                      AO22X1_RVT      saed32rvt_c      
U208                      AO22X1_RVT      saed32rvt_c      
U209                      AO22X1_RVT      saed32rvt_c      
U210                      AO22X1_RVT      saed32rvt_c      
U211                      AO22X1_RVT      saed32rvt_c      
U212                      AO22X1_RVT      saed32rvt_c      
U213                      AO22X1_RVT      saed32rvt_c      
U214                      AO22X1_RVT      saed32rvt_c      
U215                      AO22X1_RVT      saed32rvt_c      
U216                      AO22X1_RVT      saed32rvt_c      
U217                      AO22X1_RVT      saed32rvt_c      
U218                      AO22X1_RVT      saed32rvt_c      
U221                      AO22X1_RVT      saed32rvt_c      
U222                      AO22X1_RVT      saed32rvt_c      
U223                      AO22X1_RVT      saed32rvt_c      
U224                      AO22X1_RVT      saed32rvt_c      
U225                      AO22X1_RVT      saed32rvt_c      
U226                      AO22X1_RVT      saed32rvt_c      
U227                      AO22X1_RVT      saed32rvt_c      
U228                      AO22X1_RVT      saed32rvt_c      
U229                      AO22X1_RVT      saed32rvt_c      
U230                      AO22X1_RVT      saed32rvt_c      
U231                      AO22X1_RVT      saed32rvt_c      
U232                      AO22X1_RVT      saed32rvt_c      
U233                      AO22X1_RVT      saed32rvt_c      
U234                      AO22X1_RVT      saed32rvt_c      
U235                      AO22X1_RVT      saed32rvt_c      
U236                      AO22X1_RVT      saed32rvt_c      
U239                      AND2X1_RVT      saed32rvt_c      
U240                      NAND2X0_RVT     saed32rvt_c      
U241                      AND2X1_RVT      saed32rvt_c      
U242                      AND2X1_RVT      saed32rvt_c      
U243                      AND2X1_RVT      saed32rvt_c      
U244                      NAND2X0_RVT     saed32rvt_c      
U245                      AO21X1_RVT      saed32rvt_c      
U246                      NAND4X0_RVT     saed32rvt_c      
U247                      OR2X1_RVT       saed32rvt_c      
U248                      AND4X1_RVT      saed32rvt_c      
U249                      AND2X1_RVT      saed32rvt_c      
U250                      AND4X1_RVT      saed32rvt_c      
U251                      NAND2X0_RVT     saed32rvt_c      
U252                      AO21X1_RVT      saed32rvt_c      
U253                      AND2X1_RVT      saed32rvt_c      
U254                      AND3X1_RVT      saed32rvt_c      
U255                      NAND2X0_RVT     saed32rvt_c      
U256                      OR2X1_RVT       saed32rvt_c      
U257                      AND2X1_RVT      saed32rvt_c      
U258                      OR2X1_RVT       saed32rvt_c      
U259                      AND3X1_RVT      saed32rvt_c      
U260                      NAND2X0_RVT     saed32rvt_c      
U261                      NAND2X0_RVT     saed32rvt_c      
U262                      NAND2X0_RVT     saed32rvt_c      
dbg_uart_0                omsp_dbg_uart                    h
rxd_buf_reg[0]            DFFASX1_RVT     saed32rvt_c      n, S
rxd_buf_reg[1]            DFFASX1_RVT     saed32rvt_c      n, S
rxd_maj_reg               DFFASX1_RVT     saed32rvt_c      n, S
uart_state_reg[0]         DFFARX1_RVT     saed32rvt_c      n, S
uart_state_reg[2]         DFFARX1_RVT     saed32rvt_c      n, S
sync_cnt_reg[18]          DFFASX1_RVT     saed32rvt_c      n, S
sync_cnt_reg[3]           DFFASX1_RVT     saed32rvt_c      n, S
sync_cnt_reg[4]           DFFASX1_RVT     saed32rvt_c      n, S
sync_cnt_reg[5]           DFFASX1_RVT     saed32rvt_c      n, S
sync_cnt_reg[6]           DFFASX1_RVT     saed32rvt_c      n, S
sync_cnt_reg[7]           DFFASX1_RVT     saed32rvt_c      n, S
sync_cnt_reg[8]           DFFASX1_RVT     saed32rvt_c      n, S
sync_cnt_reg[9]           DFFASX1_RVT     saed32rvt_c      n, S
sync_cnt_reg[10]          DFFASX1_RVT     saed32rvt_c      n, S
sync_cnt_reg[11]          DFFASX1_RVT     saed32rvt_c      n, S
sync_cnt_reg[12]          DFFASX1_RVT     saed32rvt_c      n, S
sync_cnt_reg[13]          DFFASX1_RVT     saed32rvt_c      n, S
sync_cnt_reg[14]          DFFASX1_RVT     saed32rvt_c      n, S
sync_cnt_reg[15]          DFFASX1_RVT     saed32rvt_c      n, S
sync_cnt_reg[16]          DFFASX1_RVT     saed32rvt_c      n, S
sync_cnt_reg[17]          DFFASX1_RVT     saed32rvt_c      n, S
xfer_bit_reg[0]           DFFARX1_RVT     saed32rvt_c      n, S
uart_state_reg[1]         DFFARX1_RVT     saed32rvt_c      n, S
xfer_bit_reg[1]           DFFARX1_RVT     saed32rvt_c      n, S
xfer_bit_reg[2]           DFFARX1_RVT     saed32rvt_c      n, S
xfer_bit_reg[3]           DFFARX1_RVT     saed32rvt_c      n, S
dbg_uart_txd_reg          DFFASX1_RVT     saed32rvt_c      n, S
U5                        NOR4X1_RVT      saed32rvt_c      
U7                        NOR4X1_RVT      saed32rvt_c      
U8                        NOR4X1_RVT      saed32rvt_c      
U9                        NOR4X1_RVT      saed32rvt_c      
U33                       AO22X1_RVT      saed32rvt_c      
U34                       AO22X1_RVT      saed32rvt_c      
U35                       AO22X1_RVT      saed32rvt_c      
U36                       AO22X1_RVT      saed32rvt_c      
U37                       AO22X1_RVT      saed32rvt_c      
U38                       AO22X1_RVT      saed32rvt_c      
U39                       AO22X1_RVT      saed32rvt_c      
U40                       AO22X1_RVT      saed32rvt_c      
U41                       NAND2X0_RVT     saed32rvt_c      
U42                       AO22X1_RVT      saed32rvt_c      
U43                       AO22X1_RVT      saed32rvt_c      
U44                       AO22X1_RVT      saed32rvt_c      
U45                       AND2X1_RVT      saed32rvt_c      
U46                       AO221X1_RVT     saed32rvt_c      
U47                       AO22X1_RVT      saed32rvt_c      
U48                       AO22X1_RVT      saed32rvt_c      
U49                       AO22X1_RVT      saed32rvt_c      
U50                       AO22X1_RVT      saed32rvt_c      
U51                       AO22X1_RVT      saed32rvt_c      
U52                       AO22X1_RVT      saed32rvt_c      
U53                       AO22X1_RVT      saed32rvt_c      
U54                       AO22X1_RVT      saed32rvt_c      
U55                       AO22X1_RVT      saed32rvt_c      
U56                       AO22X1_RVT      saed32rvt_c      
U57                       AO22X1_RVT      saed32rvt_c      
U58                       AO22X1_RVT      saed32rvt_c      
U59                       AO22X1_RVT      saed32rvt_c      
U60                       AO22X1_RVT      saed32rvt_c      
U61                       AO22X1_RVT      saed32rvt_c      
U62                       AO22X1_RVT      saed32rvt_c      
U63                       AND2X1_RVT      saed32rvt_c      
U64                       AO22X1_RVT      saed32rvt_c      
U65                       AO22X1_RVT      saed32rvt_c      
U67                       AO22X1_RVT      saed32rvt_c      
U68                       NAND2X0_RVT     saed32rvt_c      
U69                       AO221X1_RVT     saed32rvt_c      
U70                       AND3X1_RVT      saed32rvt_c      
U71                       AO22X1_RVT      saed32rvt_c      
U72                       AO221X1_RVT     saed32rvt_c      
U73                       AO21X1_RVT      saed32rvt_c      
U74                       OR3X1_RVT       saed32rvt_c      
U75                       AO22X1_RVT      saed32rvt_c      
U76                       AO21X1_RVT      saed32rvt_c      
U77                       AND4X1_RVT      saed32rvt_c      
U78                       AND2X1_RVT      saed32rvt_c      
U79                       AO21X1_RVT      saed32rvt_c      
U80                       AO21X1_RVT      saed32rvt_c      
U81                       AO21X1_RVT      saed32rvt_c      
U82                       AND3X1_RVT      saed32rvt_c      
U83                       NAND3X0_RVT     saed32rvt_c      
U84                       NAND2X0_RVT     saed32rvt_c      
U85                       NAND3X0_RVT     saed32rvt_c      
U86                       AO222X1_RVT     saed32rvt_c      
U87                       AO222X1_RVT     saed32rvt_c      
U88                       AO222X1_RVT     saed32rvt_c      
U89                       AO222X1_RVT     saed32rvt_c      
U90                       AO222X1_RVT     saed32rvt_c      
U91                       AO222X1_RVT     saed32rvt_c      
U92                       AO222X1_RVT     saed32rvt_c      
U93                       AO221X1_RVT     saed32rvt_c      
U94                       AO22X1_RVT      saed32rvt_c      
U95                       AO222X1_RVT     saed32rvt_c      
U96                       AO222X1_RVT     saed32rvt_c      
U97                       AO222X1_RVT     saed32rvt_c      
U98                       AO222X1_RVT     saed32rvt_c      
U99                       AO222X1_RVT     saed32rvt_c      
U100                      AO222X1_RVT     saed32rvt_c      
U101                      AO222X1_RVT     saed32rvt_c      
U102                      AO222X1_RVT     saed32rvt_c      
U103                      AO22X1_RVT      saed32rvt_c      
U104                      AO222X1_RVT     saed32rvt_c      
U105                      AO222X1_RVT     saed32rvt_c      
U106                      AO222X1_RVT     saed32rvt_c      
U107                      AO222X1_RVT     saed32rvt_c      
U108                      AO222X1_RVT     saed32rvt_c      
U109                      AO222X1_RVT     saed32rvt_c      
U110                      AO222X1_RVT     saed32rvt_c      
U111                      AO222X1_RVT     saed32rvt_c      
U112                      AO222X1_RVT     saed32rvt_c      
U113                      AO222X1_RVT     saed32rvt_c      
U114                      AO222X1_RVT     saed32rvt_c      
U115                      AO222X1_RVT     saed32rvt_c      
U116                      AO222X1_RVT     saed32rvt_c      
U117                      AO222X1_RVT     saed32rvt_c      
U118                      AO222X1_RVT     saed32rvt_c      
U121                      NAND2X0_RVT     saed32rvt_c      
U122                      AND2X1_RVT      saed32rvt_c      
U123                      NAND3X0_RVT     saed32rvt_c      
U125                      NOR2X0_RVT      saed32rvt_c      
U126                      AO221X1_RVT     saed32rvt_c      
U127                      AND3X1_RVT      saed32rvt_c      
U128                      AO21X1_RVT      saed32rvt_c      
U129                      NAND3X0_RVT     saed32rvt_c      
U130                      OR2X1_RVT       saed32rvt_c      
U131                      NAND3X0_RVT     saed32rvt_c      
U132                      NAND2X0_RVT     saed32rvt_c      
U133                      AND2X1_RVT      saed32rvt_c      
U134                      AO22X1_RVT      saed32rvt_c      
U135                      OR2X1_RVT       saed32rvt_c      
U136                      AO221X1_RVT     saed32rvt_c      
U137                      AO222X1_RVT     saed32rvt_c      
U139                      NAND2X0_RVT     saed32rvt_c      
U140                      OR2X1_RVT       saed32rvt_c      
U141                      AND4X1_RVT      saed32rvt_c      
U142                      NAND4X0_RVT     saed32rvt_c      
U143                      AND3X1_RVT      saed32rvt_c      
U144                      AO21X1_RVT      saed32rvt_c      
U145                      AND4X1_RVT      saed32rvt_c      
U146                      AND2X1_RVT      saed32rvt_c      
U148                      AND2X1_RVT      saed32rvt_c      
U149                      NAND2X0_RVT     saed32rvt_c      
U150                      NAND4X0_RVT     saed32rvt_c      
U151                      AO21X1_RVT      saed32rvt_c      
U152                      AND2X1_RVT      saed32rvt_c      
U153                      AND2X1_RVT      saed32rvt_c      
U154                      AND2X1_RVT      saed32rvt_c      
U155                      AO22X1_RVT      saed32rvt_c      
U156                      AO22X1_RVT      saed32rvt_c      
U157                      AO22X1_RVT      saed32rvt_c      
U158                      AO22X1_RVT      saed32rvt_c      
U159                      AO22X1_RVT      saed32rvt_c      
U160                      AO22X1_RVT      saed32rvt_c      
U161                      AO22X1_RVT      saed32rvt_c      
U162                      AND2X1_RVT      saed32rvt_c      
U163                      AND2X1_RVT      saed32rvt_c      
U164                      AND2X1_RVT      saed32rvt_c      
U165                      AND2X1_RVT      saed32rvt_c      
U166                      AND2X1_RVT      saed32rvt_c      
U167                      AND2X1_RVT      saed32rvt_c      
U168                      AO22X1_RVT      saed32rvt_c      
U169                      AO22X1_RVT      saed32rvt_c      
sync_cell_uart_rxd        omsp_sync_cell_1                 h
data_sync_reg[0]          DFFARX1_RVT     saed32rvt_c      n, S
data_sync_reg[1]          DFFARX1_RVT     saed32rvt_c      n, S
U3                        INVX1_RVT       saed32rvt_c      
add_215_S2                omsp_dbg_uart_DW01_inc_0         h
U1_1_17                   HADDX1_RVT      saed32rvt_c      
U1_1_16                   HADDX1_RVT      saed32rvt_c      
U1_1_15                   HADDX1_RVT      saed32rvt_c      
U1_1_14                   HADDX1_RVT      saed32rvt_c      
U1_1_13                   HADDX1_RVT      saed32rvt_c      
U1_1_12                   HADDX1_RVT      saed32rvt_c      
U1_1_11                   HADDX1_RVT      saed32rvt_c      
U1_1_10                   HADDX1_RVT      saed32rvt_c      
U1_1_9                    HADDX1_RVT      saed32rvt_c      
U1_1_8                    HADDX1_RVT      saed32rvt_c      
U1_1_7                    HADDX1_RVT      saed32rvt_c      
U1_1_6                    HADDX1_RVT      saed32rvt_c      
U1_1_5                    HADDX1_RVT      saed32rvt_c      
U1_1_4                    HADDX1_RVT      saed32rvt_c      
U1_1_3                    HADDX1_RVT      saed32rvt_c      
U1_1_2                    HADDX1_RVT      saed32rvt_c      
U1_1_1                    HADDX1_RVT      saed32rvt_c      
U1                        INVX1_RVT       saed32rvt_c      
U2                        XOR2X1_RVT      saed32rvt_c      
sync_cnt_reg[2]           DFFARX1_RVT     saed32rvt_c      n, S
sync_cnt_reg[1]           DFFARX1_RVT     saed32rvt_c      n, S
sync_cnt_reg[0]           DFFARX1_RVT     saed32rvt_c      n, S
sync_busy_reg             DFFARX1_RVT     saed32rvt_c      n, S
xfer_buf_reg[0]           DFFARX1_RVT     saed32rvt_c      n, S
xfer_buf_reg[10]          DFFARX1_RVT     saed32rvt_c      n, S
xfer_buf_reg[3]           DFFARX1_RVT     saed32rvt_c      n, S
xfer_buf_reg[19]          DFFARX1_RVT     saed32rvt_c      n, S
xfer_buf_reg[9]           DFFARX1_RVT     saed32rvt_c      n, S
xfer_buf_reg[17]          DFFARX1_RVT     saed32rvt_c      n, S
xfer_buf_reg[16]          DFFARX1_RVT     saed32rvt_c      n, S
xfer_buf_reg[14]          DFFARX1_RVT     saed32rvt_c      n, S
xfer_buf_reg[13]          DFFARX1_RVT     saed32rvt_c      n, S
xfer_buf_reg[11]          DFFARX1_RVT     saed32rvt_c      n, S
xfer_buf_reg[18]          DFFARX1_RVT     saed32rvt_c      n, S
xfer_buf_reg[8]           DFFARX1_RVT     saed32rvt_c      n, S
xfer_buf_reg[12]          DFFARX1_RVT     saed32rvt_c      n, S
xfer_buf_reg[7]           DFFARX1_RVT     saed32rvt_c      n, S
xfer_buf_reg[6]           DFFARX1_RVT     saed32rvt_c      n, S
xfer_buf_reg[5]           DFFARX1_RVT     saed32rvt_c      n, S
xfer_buf_reg[1]           DFFARX1_RVT     saed32rvt_c      n, S
xfer_buf_reg[4]           DFFARX1_RVT     saed32rvt_c      n, S
xfer_buf_reg[2]           DFFARX1_RVT     saed32rvt_c      n, S
xfer_buf_reg[15]          DFFARX1_RVT     saed32rvt_c      n, S
dbg_bw_reg                DFFARX1_RVT     saed32rvt_c      n, S
dbg_addr_reg[5]           DFFARX1_RVT     saed32rvt_c      n, S
dbg_addr_reg[4]           DFFARX1_RVT     saed32rvt_c      n, S
dbg_addr_reg[3]           DFFARX1_RVT     saed32rvt_c      n, S
dbg_addr_reg[2]           DFFARX1_RVT     saed32rvt_c      n, S
dbg_addr_reg[1]           DFFARX1_RVT     saed32rvt_c      n, S
dbg_addr_reg[0]           DFFARX1_RVT     saed32rvt_c      n, S
xfer_cnt_reg[9]           DFFARX1_RVT     saed32rvt_c      n, S
xfer_cnt_reg[8]           DFFARX1_RVT     saed32rvt_c      n, S
xfer_cnt_reg[7]           DFFARX1_RVT     saed32rvt_c      n, S
xfer_cnt_reg[6]           DFFARX1_RVT     saed32rvt_c      n, S
xfer_cnt_reg[5]           DFFARX1_RVT     saed32rvt_c      n, S
xfer_cnt_reg[4]           DFFARX1_RVT     saed32rvt_c      n, S
xfer_cnt_reg[3]           DFFARX1_RVT     saed32rvt_c      n, S
xfer_cnt_reg[2]           DFFARX1_RVT     saed32rvt_c      n, S
xfer_cnt_reg[1]           DFFARX1_RVT     saed32rvt_c      n, S
xfer_cnt_reg[0]           DFFARX1_RVT     saed32rvt_c      n, S
xfer_cnt_reg[10]          DFFARX1_RVT     saed32rvt_c      n, S
xfer_cnt_reg[11]          DFFARX1_RVT     saed32rvt_c      n, S
xfer_cnt_reg[12]          DFFARX1_RVT     saed32rvt_c      n, S
xfer_cnt_reg[13]          DFFARX1_RVT     saed32rvt_c      n, S
xfer_cnt_reg[15]          DFFARX1_RVT     saed32rvt_c      n, S
xfer_cnt_reg[14]          DFFARX1_RVT     saed32rvt_c      n, S
U3                        INVX0_RVT       saed32rvt_c      
U4                        AND2X1_RVT      saed32rvt_c      
U6                        NBUFFX2_RVT     saed32rvt_c      
U10                       NBUFFX2_RVT     saed32rvt_c      
U11                       NBUFFX2_RVT     saed32rvt_c      
U12                       NBUFFX2_RVT     saed32rvt_c      
U13                       NBUFFX2_RVT     saed32rvt_c      
U14                       NBUFFX2_RVT     saed32rvt_c      
U15                       INVX1_RVT       saed32rvt_c      
U16                       AND3X1_RVT      saed32rvt_c      
U17                       OA21X1_RVT      saed32rvt_c      
U18                       AND2X2_RVT      saed32rvt_c      
U19                       INVX2_RVT       saed32rvt_c      
U20                       NAND2X0_RVT     saed32rvt_c      
U21                       XOR2X1_RVT      saed32rvt_c      
U22                       OAI21X1_RVT     saed32rvt_c      
U23                       OAI21X1_RVT     saed32rvt_c      
U24                       INVX2_RVT       saed32rvt_c      
U25                       OR2X2_RVT       saed32rvt_c      
U26                       XNOR2X1_RVT     saed32rvt_c      
U27                       OR2X1_RVT       saed32rvt_c      
U28                       XNOR2X1_RVT     saed32rvt_c      
U29                       OR2X1_RVT       saed32rvt_c      
U30                       XNOR2X1_RVT     saed32rvt_c      
U31                       OR2X1_RVT       saed32rvt_c      
U32                       XNOR2X1_RVT     saed32rvt_c      
U66                       OR2X1_RVT       saed32rvt_c      
U119                      XNOR2X1_RVT     saed32rvt_c      
U120                      OR2X1_RVT       saed32rvt_c      
U124                      XNOR2X1_RVT     saed32rvt_c      
U138                      OR2X1_RVT       saed32rvt_c      
U147                      XNOR2X1_RVT     saed32rvt_c      
U170                      OR2X1_RVT       saed32rvt_c      
U171                      XNOR2X1_RVT     saed32rvt_c      
U172                      OR2X1_RVT       saed32rvt_c      
U173                      XNOR2X1_RVT     saed32rvt_c      
U174                      OR2X1_RVT       saed32rvt_c      
U175                      XNOR2X1_RVT     saed32rvt_c      
U176                      OR2X1_RVT       saed32rvt_c      
U177                      XNOR2X1_RVT     saed32rvt_c      
U178                      OR2X1_RVT       saed32rvt_c      
U179                      XNOR2X1_RVT     saed32rvt_c      
U180                      OR2X1_RVT       saed32rvt_c      
U181                      XNOR2X1_RVT     saed32rvt_c      
U182                      OR2X1_RVT       saed32rvt_c      
U183                      XNOR2X1_RVT     saed32rvt_c      
U184                      OR2X1_RVT       saed32rvt_c      
U185                      XNOR2X1_RVT     saed32rvt_c      
U186                      INVX1_RVT       saed32rvt_c      
U187                      INVX1_RVT       saed32rvt_c      
U188                      INVX1_RVT       saed32rvt_c      
U189                      INVX1_RVT       saed32rvt_c      
U190                      INVX1_RVT       saed32rvt_c      
U191                      INVX1_RVT       saed32rvt_c      
U192                      INVX1_RVT       saed32rvt_c      
U193                      INVX1_RVT       saed32rvt_c      
U194                      INVX1_RVT       saed32rvt_c      
U195                      INVX1_RVT       saed32rvt_c      
U196                      INVX1_RVT       saed32rvt_c      
U197                      INVX1_RVT       saed32rvt_c      
U198                      INVX1_RVT       saed32rvt_c      
U199                      INVX1_RVT       saed32rvt_c      
U200                      INVX1_RVT       saed32rvt_c      
U201                      INVX1_RVT       saed32rvt_c      
U202                      INVX1_RVT       saed32rvt_c      
U203                      INVX1_RVT       saed32rvt_c      
add_449/U1_1              FADDX1_RVT      saed32rvt_c      
add_449/U1_2              FADDX1_RVT      saed32rvt_c      
add_449/U1_3              FADDX1_RVT      saed32rvt_c      
add_449/U1_4              FADDX1_RVT      saed32rvt_c      
add_449/U1_5              FADDX1_RVT      saed32rvt_c      
add_449/U1_6              FADDX1_RVT      saed32rvt_c      
add_449/U1_7              FADDX1_RVT      saed32rvt_c      
add_449/U1_8              FADDX1_RVT      saed32rvt_c      
add_449/U1_9              FADDX1_RVT      saed32rvt_c      
add_449/U1_10             FADDX1_RVT      saed32rvt_c      
add_449/U1_11             FADDX1_RVT      saed32rvt_c      
add_449/U1_12             FADDX1_RVT      saed32rvt_c      
add_449/U1_13             FADDX1_RVT      saed32rvt_c      
add_449/U1_14             FADDX1_RVT      saed32rvt_c      
add_449/U1_15             FADDX1_RVT      saed32rvt_c      
add_436/U1_1              FADDX1_RVT      saed32rvt_c      
mem_start_reg             DFFARX1_RVT     saed32rvt_c      n, S
inc_step_reg[0]           DFFARX1_RVT     saed32rvt_c      n, S
cpu_ctl_reg[6]            DFFARX1_RVT     saed32rvt_c      n, S
cpu_ctl_reg[3]            DFFARX1_RVT     saed32rvt_c      n, S
mem_cnt_reg[0]            DFFARX1_RVT     saed32rvt_c      n, S
mem_addr_reg[0]           DFFARX1_RVT     saed32rvt_c      n, S
mem_cnt_reg[1]            DFFARX1_RVT     saed32rvt_c      n, S
mem_addr_reg[1]           DFFARX1_RVT     saed32rvt_c      n, S
mem_cnt_reg[2]            DFFARX1_RVT     saed32rvt_c      n, S
mem_startb_reg            DFFARX1_RVT     saed32rvt_c      n, S
mem_addr_reg[2]           DFFARX1_RVT     saed32rvt_c      n, S
mem_data_reg[15]          DFFARX1_RVT     saed32rvt_c      n, S
mem_data_reg[14]          DFFARX1_RVT     saed32rvt_c      n, S
mem_data_reg[13]          DFFARX1_RVT     saed32rvt_c      n, S
mem_data_reg[12]          DFFARX1_RVT     saed32rvt_c      n, S
mem_data_reg[11]          DFFARX1_RVT     saed32rvt_c      n, S
mem_data_reg[10]          DFFARX1_RVT     saed32rvt_c      n, S
mem_data_reg[9]           DFFARX1_RVT     saed32rvt_c      n, S
mem_data_reg[8]           DFFARX1_RVT     saed32rvt_c      n, S
mem_cnt_reg[3]            DFFARX1_RVT     saed32rvt_c      n, S
mem_data_reg[7]           DFFARX1_RVT     saed32rvt_c      n, S
mem_data_reg[6]           DFFARX1_RVT     saed32rvt_c      n, S
mem_data_reg[5]           DFFARX1_RVT     saed32rvt_c      n, S
mem_data_reg[4]           DFFARX1_RVT     saed32rvt_c      n, S
mem_data_reg[3]           DFFARX1_RVT     saed32rvt_c      n, S
mem_data_reg[2]           DFFARX1_RVT     saed32rvt_c      n, S
mem_data_reg[1]           DFFARX1_RVT     saed32rvt_c      n, S
mem_data_reg[0]           DFFARX1_RVT     saed32rvt_c      n, S
mem_addr_reg[3]           DFFARX1_RVT     saed32rvt_c      n, S
mem_addr_reg[4]           DFFARX1_RVT     saed32rvt_c      n, S
mem_cnt_reg[4]            DFFARX1_RVT     saed32rvt_c      n, S
mem_addr_reg[5]           DFFARX1_RVT     saed32rvt_c      n, S
mem_cnt_reg[5]            DFFARX1_RVT     saed32rvt_c      n, S
mem_addr_reg[6]           DFFARX1_RVT     saed32rvt_c      n, S
mem_addr_reg[7]           DFFARX1_RVT     saed32rvt_c      n, S
mem_cnt_reg[6]            DFFARX1_RVT     saed32rvt_c      n, S
mem_addr_reg[8]           DFFARX1_RVT     saed32rvt_c      n, S
mem_cnt_reg[7]            DFFARX1_RVT     saed32rvt_c      n, S
mem_addr_reg[9]           DFFARX1_RVT     saed32rvt_c      n, S
mem_addr_reg[10]          DFFARX1_RVT     saed32rvt_c      n, S
mem_cnt_reg[8]            DFFARX1_RVT     saed32rvt_c      n, S
mem_addr_reg[11]          DFFARX1_RVT     saed32rvt_c      n, S
mem_cnt_reg[9]            DFFARX1_RVT     saed32rvt_c      n, S
mem_addr_reg[12]          DFFARX1_RVT     saed32rvt_c      n, S
mem_addr_reg[13]          DFFARX1_RVT     saed32rvt_c      n, S
mem_cnt_reg[10]           DFFARX1_RVT     saed32rvt_c      n, S
mem_addr_reg[14]          DFFARX1_RVT     saed32rvt_c      n, S
mem_addr_reg[15]          DFFARX1_RVT     saed32rvt_c      n, S
mem_cnt_reg[11]           DFFARX1_RVT     saed32rvt_c      n, S
mem_cnt_reg[12]           DFFARX1_RVT     saed32rvt_c      n, S
mem_cnt_reg[13]           DFFARX1_RVT     saed32rvt_c      n, S
mem_cnt_reg[14]           DFFARX1_RVT     saed32rvt_c      n, S
mem_cnt_reg[15]           DFFARX1_RVT     saed32rvt_c      n, S
dbg_rd_rdy_reg            DFFARX2_RVT     saed32rvt_c      n, S
U3                        AND4X2_RVT      saed32rvt_c      
U4                        OR3X2_RVT       saed32rvt_c      
U6                        AND3X1_RVT      saed32rvt_c      
U7                        INVX2_RVT       saed32rvt_c      
U8                        INVX1_RVT       saed32rvt_c      
U9                        INVX1_RVT       saed32rvt_c      
U10                       NBUFFX2_RVT     saed32rvt_c      
U11                       NBUFFX2_RVT     saed32rvt_c      
U14                       NBUFFX2_RVT     saed32rvt_c      
U15                       NBUFFX2_RVT     saed32rvt_c      
U16                       NBUFFX2_RVT     saed32rvt_c      
U17                       NBUFFX2_RVT     saed32rvt_c      
U18                       INVX1_RVT       saed32rvt_c      
U19                       NAND2X2_RVT     saed32rvt_c      
U20                       NAND2X2_RVT     saed32rvt_c      
U21                       OR4X1_RVT       saed32rvt_c      
U22                       OR4X1_RVT       saed32rvt_c      
U23                       OR4X1_RVT       saed32rvt_c      
U24                       NAND2X0_RVT     saed32rvt_c      
U25                       OR4X1_RVT       saed32rvt_c      
U26                       INVX1_RVT       saed32rvt_c      
U27                       NBUFFX4_RVT     saed32rvt_c      
U28                       OAI21X1_RVT     saed32rvt_c      
U29                       INVX2_RVT       saed32rvt_c      
U30                       AND3X2_RVT      saed32rvt_c      
U31                       AND3X2_RVT      saed32rvt_c      
U32                       AND2X2_RVT      saed32rvt_c      
U33                       AND3X2_RVT      saed32rvt_c      
U34                       AND3X2_RVT      saed32rvt_c      
U35                       XOR2X1_RVT      saed32rvt_c      
U81                       AND2X1_RVT      saed32rvt_c      
U91                       XOR2X1_RVT      saed32rvt_c      
U116                      AND2X1_RVT      saed32rvt_c      
U185                      XOR2X1_RVT      saed32rvt_c      
U187                      AND2X1_RVT      saed32rvt_c      
U190                      XOR2X1_RVT      saed32rvt_c      
U191                      AND2X1_RVT      saed32rvt_c      
U219                      XOR2X1_RVT      saed32rvt_c      
U220                      AND2X1_RVT      saed32rvt_c      
U237                      XOR2X1_RVT      saed32rvt_c      
U238                      AND2X1_RVT      saed32rvt_c      
U263                      XOR2X1_RVT      saed32rvt_c      
U264                      AND2X1_RVT      saed32rvt_c      
U265                      XOR2X1_RVT      saed32rvt_c      
U266                      AND2X1_RVT      saed32rvt_c      
U267                      XOR2X1_RVT      saed32rvt_c      
U268                      AND2X1_RVT      saed32rvt_c      
U269                      XOR2X1_RVT      saed32rvt_c      
U270                      AND2X1_RVT      saed32rvt_c      
U271                      XOR2X1_RVT      saed32rvt_c      
U272                      AND2X1_RVT      saed32rvt_c      
U273                      XOR2X1_RVT      saed32rvt_c      
U274                      AND2X1_RVT      saed32rvt_c      
U275                      XOR2X1_RVT      saed32rvt_c      
U276                      AND2X1_RVT      saed32rvt_c      
U277                      XOR2X1_RVT      saed32rvt_c      
U278                      AND2X1_RVT      saed32rvt_c      
U279                      XOR2X1_RVT      saed32rvt_c      
U280                      AND2X1_RVT      saed32rvt_c      
U281                      XOR2X1_RVT      saed32rvt_c      
U282                      INVX1_RVT       saed32rvt_c      
U283                      INVX1_RVT       saed32rvt_c      
U284                      INVX1_RVT       saed32rvt_c      
U285                      INVX1_RVT       saed32rvt_c      
U286                      INVX1_RVT       saed32rvt_c      
U287                      INVX1_RVT       saed32rvt_c      
U288                      INVX1_RVT       saed32rvt_c      
U289                      INVX1_RVT       saed32rvt_c      
U290                      INVX1_RVT       saed32rvt_c      
U291                      INVX1_RVT       saed32rvt_c      
U292                      INVX1_RVT       saed32rvt_c      
U293                      INVX1_RVT       saed32rvt_c      
U294                      INVX1_RVT       saed32rvt_c      
U295                      INVX1_RVT       saed32rvt_c      
U296                      INVX1_RVT       saed32rvt_c      
U297                      INVX1_RVT       saed32rvt_c      
U298                      INVX1_RVT       saed32rvt_c      
U34                       AND2X1_RVT      saed32rvt_c      
U35                       AND2X1_RVT      saed32rvt_c      
U36                       NOR3X0_RVT      saed32rvt_c      
U37                       NOR3X0_RVT      saed32rvt_c      
U38                       NOR3X0_RVT      saed32rvt_c      
U39                       NOR3X0_RVT      saed32rvt_c      
U40                       NAND2X0_RVT     saed32rvt_c      
U41                       INVX1_RVT       saed32rvt_c      
U42                       NAND2X0_RVT     saed32rvt_c      
U43                       INVX1_RVT       saed32rvt_c      
U44                       NAND2X0_RVT     saed32rvt_c      
U45                       INVX1_RVT       saed32rvt_c      
U46                       NAND2X0_RVT     saed32rvt_c      
U47                       INVX1_RVT       saed32rvt_c      
U48                       NAND2X0_RVT     saed32rvt_c      
U49                       INVX1_RVT       saed32rvt_c      
U50                       NAND2X0_RVT     saed32rvt_c      
U51                       INVX1_RVT       saed32rvt_c      
U52                       INVX1_RVT       saed32rvt_c      
U53                       INVX1_RVT       saed32rvt_c      
U54                       NAND2X0_RVT     saed32rvt_c      
U55                       INVX1_RVT       saed32rvt_c      
U56                       INVX1_RVT       saed32rvt_c      
U57                       NAND2X0_RVT     saed32rvt_c      
U58                       INVX1_RVT       saed32rvt_c      
U59                       INVX1_RVT       saed32rvt_c      
U60                       NAND2X0_RVT     saed32rvt_c      
U61                       INVX1_RVT       saed32rvt_c      
U62                       INVX1_RVT       saed32rvt_c      
U63                       INVX1_RVT       saed32rvt_c      
U64                       INVX1_RVT       saed32rvt_c      
U65                       NAND2X0_RVT     saed32rvt_c      
U66                       INVX1_RVT       saed32rvt_c      
U67                       INVX1_RVT       saed32rvt_c      
--------------------------------------------------------------------------------
Total 4477 cells

1
