SI analysis is not enabled, so delta delays are unavailable.
****************************************
Report : timing
        -path_type full_clock_expanded
        -delay_type max
        -nworst 1
        -max_paths 1
        -report_by group
        -input_pins
        -nets
        -include_hierarchical_pins
        -transition_time
        -capacitance
        -crosstalk_delta
        -derate
        -attributes
        -physical
Design : openMSP430
Version: O-2018.06-SP1
Date   : Sat Sep 26 03:05:19 2026
****************************************

  Startpoint: frontend_0/inst_dest_bin_reg[0] (rising edge-triggered flip-flop clocked by dco_clk)
  Endpoint: clock_module_0/sync_cell_dco_wkup/data_sync_reg[1] (recovery check against rising-edge clock clocked by dco_clk')
  Mode: func
  Corner: fast
  Scenario: func_fast
  Path Group: dco_clk
  Path Type: max


Attributes
    b - black-box (unknown)
    s - size_only
    d - dont_touch
    u - dont_use
    g - generic
    h - hierarchical
    i - ideal
    n - noncombinational
    E - extracted timing model
    Q - Quick timing model


  Point                                          Fanout     Cap        Trans      Derate    Delta       Incr        Path           Location       Attributes
  ----------------------------------------------------------------------------------------------------------------------------------------------------------------
  clock dco_clk (rise edge)                                                                            0.0000      0.0000
  source latency                                                                                       0.0000      0.0000
  dco_clk (in)                                                         0.0000      1.0000              0.0000      0.0000 r    (157.77,211.12)
  dco_clk (net)                                     4     24.3895                                                                                d
  clock_module_0/p_abuf15 (omsp_clock_module)                          0.0000      1.0000              0.0000      0.0000 r    (hierarchical)    h
  clock_module_0/p_abuf15 (net)                     4     24.3895                                                                                d
  clock_module_0/clock_gate_mclk/clk (omsp_clock_gate_0)               0.0000      1.0000              0.0000      0.0000 r    (hierarchical)    h
  clock_module_0/clock_gate_mclk/clk (net)          4     24.3895                                                                                d
  clock_module_0/clock_gate_mclk/U3/A2 (AND2X4_RVT)                    0.0056      1.0000              0.0038      0.0038 r    (71.46,64.59)     s
  clock_module_0/clock_gate_mclk/U3/Y (AND2X4_RVT)                     0.0558      1.0000              0.0897      0.0935 r    (72.28,64.67)     s
  clock_module_0/clock_gate_mclk/gclk (net)         1     11.0526                                                                                d
  clock_module_0/clock_gate_mclk/cts_inv_8313204/A (INVX16_RVT)        0.0558      1.0000              0.0002      0.0937 r    (73.83,69.78)
  clock_module_0/clock_gate_mclk/cts_inv_8313204/Y (INVX16_RVT)        0.0283      1.0000              0.0189      0.1125 f    (73.96,69.68)
  clock_module_0/clock_gate_mclk/ctsbuf_net_1335 (net)
                                                    1     10.7774                                                                                d
  clock_module_0/clock_gate_mclk/cts_inv_8263199/A (INVX16_RVT)        0.0283      1.0000              0.0001      0.1126 f    (73.83,67.91)
  clock_module_0/clock_gate_mclk/cts_inv_8263199/Y (INVX16_RVT)        0.0250      1.0000              0.0245      0.1371 r    (73.96,68.02)
  clock_module_0/clock_gate_mclk/p_abuf5 (net)      3     25.3638                                                                                d
  clock_module_0/clock_gate_mclk/p_abuf5 (omsp_clock_gate_0)           0.0250      1.0000              0.0000      0.1371 r    (hierarchical)    h
  clock_module_0/p_abuf12 (net)                     3     25.3638                                                                                d
  clock_module_0/p_abuf12 (omsp_clock_module)                          0.0250      1.0000              0.0000      0.1371 r    (hierarchical)    h
  p_abuf9 (net)                                     3     25.3638                                                                                d
  frontend_0/p_abuf5 (omsp_frontend)                                   0.0250      1.0000              0.0000      0.1371 r    (hierarchical)    h
  frontend_0/p_abuf5 (net)                          3     25.3638                                                                                d
  frontend_0/clock_gate_decode/clk (omsp_clock_gate_25)                0.0250      1.0000              0.0000      0.1371 r    (hierarchical)    h
  frontend_0/clock_gate_decode/clk (net)            3     25.3638                                                                                d
  frontend_0/clock_gate_decode/U3/A2 (AND2X1_RVT)                      0.0250      1.0000              0.0005      0.1376 r    (64.47,37.84)     s
  frontend_0/clock_gate_decode/U3/Y (AND2X1_RVT)                       0.0320      1.0000              0.0593      0.1969 r    (65.14,37.92)     s
  frontend_0/clock_gate_decode/ctsbuf_net_426 (net)
                                                    1      1.8870                                                                                d
  frontend_0/clock_gate_decode/cts_inv_7443117/A (INVX2_RVT)           0.0320      1.0000              0.0000      0.1970 r    (65.77,43.03)
  frontend_0/clock_gate_decode/cts_inv_7443117/Y (INVX2_RVT)           0.0375      1.0000              0.0349      0.2319 f    (65.90,42.93)
  frontend_0/clock_gate_decode/ctsbuf_net_527 (net)
                                                    1      5.8907                                                                                d
  frontend_0/clock_gate_decode/cts_inv_7393112/A (INVX8_RVT)           0.0375      1.0000              0.0001      0.2319 f    (63.19,41.16)
  frontend_0/clock_gate_decode/cts_inv_7393112/Y (INVX8_RVT)           0.0700      1.0000              0.0582      0.2901 r    (63.31,41.26)
  frontend_0/clock_gate_decode/gclk (net)          49     57.4898                                                                                d
  frontend_0/clock_gate_decode/gclk (omsp_clock_gate_25)               0.0700      1.0000              0.0000      0.2901 r    (hierarchical)    h
  frontend_0/mclk_decode (net)                     49     57.4898                                                                                d
  frontend_0/inst_dest_bin_reg[0]/CLK (DFFARX1_RVT)                    0.0698      1.0000              0.0016      0.2917 r    (95.18,15.17)     s, n

  frontend_0/inst_dest_bin_reg[0]/CLK (DFFARX1_RVT)                    0.0698      1.0000              0.0000      0.2917 r    (95.18,15.17)     s, n
  frontend_0/inst_dest_bin_reg[0]/QN (DFFARX1_RVT)                     0.0392      1.0000              0.1265      0.4182 f    (98.57,14.52)     s, n
  frontend_0/n388 (net)                             1      0.8494
  frontend_0/clockcopt_h_inst_4244/A (DELLN2X2_RVT)                    0.0392      1.0000              0.0000      0.4182 f    (100.88,16.27)
  frontend_0/clockcopt_h_inst_4244/Y (DELLN2X2_RVT)                    0.0299      1.0000              0.3121      0.7303 f    (104.20,16.18)
  frontend_0/copt_net_412 (net)                     2      2.0474
  frontend_0/U187/A1 (AND2X2_RVT)                                      0.0299      1.0000              0.0000      0.7304 f    (110.38,14.58)
  frontend_0/U187/Y (AND2X2_RVT)                                       0.0604      1.0000              0.0897      0.8201 f    (110.89,14.51)
  frontend_0/n102 (net)                             8      9.3025
  frontend_0/U162/A2 (AO22X1_RVT)                                      0.0604      1.0000              0.0001      0.8202 f    (113.86,22.67)
  frontend_0/U162/Y (AO22X1_RVT)                                       0.0440      1.0000              0.1060      0.9262 f    (114.61,22.85)
  frontend_0/inst_dest[6] (net)                     1      3.1239
  frontend_0/inst_dest[6] (omsp_frontend)                              0.0440      1.0000              0.0000      0.9262 f    (hierarchical)    h
  inst_dest[6] (net)                                       3.1239
  execution_unit_0/inst_dest[6] (omsp_execution_unit)                  0.0440      1.0000              0.0000      0.9262 f    (hierarchical)    h
  execution_unit_0/inst_dest[6] (net)                      3.1239
  execution_unit_0/register_file_0/inst_dest[6] (omsp_register_file)   0.0440      1.0000              0.0000      0.9262 f    (hierarchical)    h
  execution_unit_0/register_file_0/inst_dest[6] (net)      3.1239
  execution_unit_0/register_file_0/clockcopt_h_inst_5149/A (DELLN1X2_RVT)
                                                                       0.0440      1.0000              0.0001      0.9263 f    (144.50,24.45)
  execution_unit_0/register_file_0/clockcopt_h_inst_5149/Y (DELLN1X2_RVT)
                                                                       0.0256      1.0000              0.2254      1.1517 f    (146.91,24.54)
  execution_unit_0/register_file_0/copt_net_1294 (net)
                                                    1      0.9175
  execution_unit_0/register_file_0/clockcopt_h_inst_5148/A (DELLN3X2_RVT)
                                                                       0.0256      1.0000              0.0000      1.1517 f    (143.89,22.96)
  execution_unit_0/register_file_0/clockcopt_h_inst_5148/Y (DELLN3X2_RVT)
                                                                       0.0464      1.0000              0.5371      1.6888 f    (149.04,22.86)
  execution_unit_0/register_file_0/copt_net_1293 (net)
                                                    2      6.7405
  execution_unit_0/register_file_0/placeHFSINV_722_159/A (INVX4_RVT)   0.0464      1.0000              0.0004      1.6892 f    (187.60,19.62)
  execution_unit_0/register_file_0/placeHFSINV_722_159/Y (INVX4_RVT)   0.0548      1.0000              0.0520      1.7412 r    (187.47,19.52)
  execution_unit_0/register_file_0/placeHFSNET_123 (net)
                                                   16     19.2062
  execution_unit_0/register_file_0/U297/A2 (OA22X1_RVT)                0.0549      1.0000              0.0007      1.7418 r    (185.01,35.56)
  execution_unit_0/register_file_0/U297/Y (OA22X1_RVT)                 0.0340      1.0000              0.0824      1.8243 r    (185.84,36.27)
  execution_unit_0/register_file_0/n517 (net)       1      0.9357
  execution_unit_0/register_file_0/U296/A5 (OA221X1_RVT)               0.0340      1.0000              0.0000      1.8243 r    (182.41,36.41)
  execution_unit_0/register_file_0/U296/Y (OA221X1_RVT)                0.0654      1.0000              0.0979      1.9222 r    (182.96,36.27)
  execution_unit_0/register_file_0/n510 (net)       1      4.4462
  execution_unit_0/register_file_0/U289/A1 (NAND4X0_RVT)               0.0654      1.0000              0.0002      1.9224 r    (140.87,34.65)
  execution_unit_0/register_file_0/U289/Y (NAND4X0_RVT)                0.0702      1.0000              0.0545      1.9769 f    (141.03,34.57)
  execution_unit_0/register_file_0/reg_dest[2] (net)
                                                    1      0.6039
  execution_unit_0/register_file_0/reg_dest[2] (omsp_register_file)    0.0702      1.0000              0.0000      1.9769 f    (hierarchical)    h
  execution_unit_0/dbg_reg_din[2] (net)                    0.6039
  execution_unit_0/dbg_reg_din[2] (omsp_execution_unit)                0.0702      1.0000              0.0000      1.9769 f    (hierarchical)    h
  dbg_reg_din[2] (net)                                     0.6039
  clockcopt_h_inst_5680/A (DELLN3X2_RVT)                               0.0702      1.0000              0.0000      1.9769 f    (141.91,34.48)
  clockcopt_h_inst_5680/Y (DELLN3X2_RVT)                               0.0321      1.0000              0.5468      2.5237 f    (147.07,34.58)
  copt_net_1809 (net)                               1      2.7193
  placeZBUF_inst_493/A (NBUFFX4_RVT)                                   0.0321      1.0000              0.0001      2.5237 f    (132.50,41.16)
  placeZBUF_inst_493/Y (NBUFFX4_RVT)                                   0.0487      1.0000              0.0699      2.5936 f    (131.84,41.26)
  placeZBUF_99 (net)                                3     15.5125
  execution_unit_0/placeZBUF_51 (omsp_execution_unit)                  0.0487      1.0000              0.0000      2.5936 f    (hierarchical)    h
  execution_unit_0/placeZBUF_51 (net)                     15.5125
  execution_unit_0/U63/A1 (AO222X1_RVT)                                0.0490      1.0000              0.0020      2.5956 f    (51.95,56.23)
  execution_unit_0/U63/Y (AO222X1_RVT)                                 0.0416      1.0000              0.1174      2.7130 f    (50.60,56.30)
  execution_unit_0/n63 (net)                        1      2.2564
  execution_unit_0/U62/A2 (OR2X1_RVT)                                  0.0416      1.0000              0.0000      2.7131 f    (53.17,69.79)
  execution_unit_0/U62/Y (OR2X1_RVT)                                   0.0234      1.0000              0.0533      2.7664 f    (53.59,69.65)
  execution_unit_0/op_src[2] (net)                  1      0.7727
  execution_unit_0/alu_0/op_src[2] (omsp_alu)                          0.0234      1.0000              0.0000      2.7664 f    (hierarchical)    h
  execution_unit_0/alu_0/op_src[2] (net)                   0.7727
  execution_unit_0/alu_0/clockcopt_h_inst_5829/A (DELLN1X2_RVT)        0.0234      1.0000              0.0000      2.7664 f    (56.49,69.78)
  execution_unit_0/alu_0/clockcopt_h_inst_5829/Y (DELLN1X2_RVT)        0.0303      1.0000              0.2218      2.9882 f    (58.91,69.68)
  execution_unit_0/alu_0/copt_net_1950 (net)        2      2.3350
  execution_unit_0/alu_0/U29/A1 (XOR2X1_RVT)                           0.0303      1.0000              0.0000      2.9882 f    (58.09,67.81)
  execution_unit_0/alu_0/U29/Y (XOR2X1_RVT)                            0.0896      1.0000              0.1489      3.1371 r    (59.36,68.02)
  execution_unit_0/alu_0/op_src_inv[2] (net)        5      6.8259
  execution_unit_0/alu_0/add_1_root_add_100_2_C185/U1_2/A (FADDX1_RVT)
                                                                       0.0896      1.0000              0.0002      3.1373 r    (70.82,71.57)
  execution_unit_0/alu_0/add_1_root_add_100_2_C185/U1_2/CO (FADDX1_RVT)
                                                                       0.0521      1.0000              0.1258      3.2631 r    (72.28,71.24)
  execution_unit_0/alu_0/add_1_root_add_100_2_C185/carry[3] (net)
                                                    1      2.0092
  execution_unit_0/alu_0/add_1_root_add_100_2_C185/U1_3/CI (FADDX1_RVT)
                                                                       0.0521      1.0000              0.0000      3.2631 r    (74.03,74.47)
  execution_unit_0/alu_0/add_1_root_add_100_2_C185/U1_3/S (FADDX1_RVT)
                                                                       0.0566      1.0000              0.1628      3.4260 f    (75.16,74.66)
  execution_unit_0/alu_0/N13 (net)                  3      3.1195
  execution_unit_0/alu_0/U143/A3 (OA21X1_RVT)                          0.0566      1.0000              0.0000      3.4260 f    (76.93,74.76)
  execution_unit_0/alu_0/U143/Y (OA21X1_RVT)                           0.0301      1.0000              0.0739      3.4999 f    (77.46,74.67)
  execution_unit_0/alu_0/n9 (net)                   1      0.8737
  execution_unit_0/alu_0/U7/A2 (OR2X1_RVT)                             0.0301      1.0000              0.0000      3.4999 f    (78.25,74.59)
  execution_unit_0/alu_0/U7/Y (OR2X1_RVT)                              0.0549      1.0000              0.0755      3.5754 f    (78.67,74.74)
  execution_unit_0/alu_0/n4 (net)                   3      4.7992
  execution_unit_0/alu_0/U106/A1 (AND2X1_RVT)                          0.0549      1.0000              0.0000      3.5755 f    (79.97,71.43)
  execution_unit_0/alu_0/U106/Y (AND2X1_RVT)                           0.0336      1.0000              0.0710      3.6465 f    (80.49,71.36)
  execution_unit_0/alu_0/add_102_C185_aco/carry[2] (net)
                                                    1      1.8632
  execution_unit_0/alu_0/add_102_C185_aco/U1_2/CI (FADDX1_RVT)         0.0336      1.0000              0.0000      3.6465 f    (80.41,74.47)
  execution_unit_0/alu_0/add_102_C185_aco/U1_2/CO (FADDX1_RVT)         0.0459      1.0000              0.0897      3.7362 f    (81.86,74.59)
  execution_unit_0/alu_0/add_102_C185_aco/carry[3] (net)
                                                    2      2.4169
  execution_unit_0/alu_0/U104/A1 (AND2X1_RVT)                          0.0459      1.0000              0.0000      3.7362 f    (80.37,76.30)
  execution_unit_0/alu_0/U104/Y (AND2X1_RVT)                           0.0298      1.0000              0.0638      3.8000 f    (79.85,76.37)
  execution_unit_0/alu_0/add_102_C185_aco/carry[4] (net)
                                                    1      1.4354
  execution_unit_0/alu_0/U103/A2 (XOR2X1_RVT)                          0.0298      1.0000              0.0000      3.8000 f    (78.23,77.98)
  execution_unit_0/alu_0/U103/Y (XOR2X1_RVT)                           0.0500      1.0000              0.1132      3.9132 f    (76.96,78.06)
  execution_unit_0/alu_0/alu_dadd0[4]1 (net)        1      2.1584
  execution_unit_0/alu_0/add_1_root_add_100_2_C186/U1_0/CI (FADDX1_RVT)
                                                                       0.0500      1.0000              0.0000      3.9132 f    (73.11,81.16)
  execution_unit_0/alu_0/add_1_root_add_100_2_C186/U1_0/S (FADDX1_RVT)
                                                                       0.0412      1.0000              0.1508      4.0640 r    (74.25,81.35)
  execution_unit_0/alu_0/alu_dadd1[0] (net)         1      1.2218
  execution_unit_0/alu_0/U17/A1 (AO222X1_RVT)                          0.0412      1.0000              0.0000      4.0640 r    (79.21,79.64)
  execution_unit_0/alu_0/U17/Y (AO222X1_RVT)                           0.0496      1.0000              0.1334      4.1975 r    (80.56,79.71)
  execution_unit_0/alu_0/aps_rename_20_ (net)       1      1.0088
  execution_unit_0/alu_0/clockcopt_h_inst_5229/A (DELLN3X2_RVT)        0.0496      1.0000              0.0000      4.1975 r    (84.61,81.30)
  execution_unit_0/alu_0/clockcopt_h_inst_5229/Y (DELLN3X2_RVT)        0.0566      1.0000              0.4610      4.6584 r    (89.76,81.39)
  execution_unit_0/alu_0/alu_out[4] (net)           5      9.4823
  execution_unit_0/alu_0/alu_out[4] (omsp_alu)                         0.0566      1.0000              0.0000      4.6584 r    (hierarchical)    h
  execution_unit_0/placeHFSNET_68 (net)                    9.4823
  execution_unit_0/register_file_0/placeHFSNET_68 (omsp_register_file)
                                                                       0.0566      1.0000              0.0000      4.6584 r    (hierarchical)    h
  execution_unit_0/register_file_0/placeHFSNET_68 (net)    9.4823
  execution_unit_0/register_file_0/U399/A1 (AO21X2_RVT)                0.0566      1.0000              0.0005      4.6589 r    (105.14,41.34)
  execution_unit_0/register_file_0/U399/Y (AO21X2_RVT)                 0.0734      1.0000              0.1303      4.7892 r    (105.79,41.28)
  execution_unit_0/register_file_0/cpuoff (net)     5      8.8153
  execution_unit_0/register_file_0/cpuoff (omsp_register_file)         0.0734      1.0000              0.0000      4.7892 r    (hierarchical)    h
  execution_unit_0/cpuoff (net)                            8.8153
  execution_unit_0/cpuoff (omsp_execution_unit)                        0.0734      1.0000              0.0000      4.7892 r    (hierarchical)    h
  cpuoff (net)                                             8.8153
  frontend_0/cpuoff (omsp_frontend)                                    0.0734      1.0000              0.0000      4.7892 r    (hierarchical)    h
  frontend_0/cpuoff (net)                                  8.8153
  frontend_0/U69/A2 (NAND2X0_RVT)                                      0.0734      1.0000              0.0006      4.7898 r    (69.19,24.46)
  frontend_0/U69/Y (NAND2X0_RVT)                                       0.0513      1.0000              0.0528      4.8426 f    (69.32,24.53)
  frontend_0/n74 (net)                              1      1.0171
  frontend_0/U68/A4 (AO22X1_RVT)                                       0.0513      1.0000              0.0000      4.8426 f    (73.43,24.31)
  frontend_0/U68/Y (AO22X1_RVT)                                        0.0531      1.0000              0.0872      4.9298 f    (74.02,24.56)
  frontend_0/mclk_enable (net)                      2      4.1964
  frontend_0/mclk_enable (omsp_frontend)                               0.0531      1.0000              0.0000      4.9298 f    (hierarchical)    h
  placeHFSNET_62 (net)                                     4.1964
  clock_module_0/placeHFSNET_62 (omsp_clock_module)                    0.0531      1.0000              0.0000      4.9298 f    (hierarchical)    h
  clock_module_0/placeHFSNET_62 (net)                      4.1964
  clock_module_0/and_cpuoff_mclk_en/b (omsp_and_gate_0)                0.0531      1.0000              0.0000      4.9298 f    (hierarchical)    h
  clock_module_0/and_cpuoff_mclk_en/b (net)                4.1964
  clock_module_0/and_cpuoff_mclk_en/U1/A1 (AND2X2_RVT)                 0.0531      1.0000              0.0001      4.9299 f    (81.19,39.51)
  clock_module_0/and_cpuoff_mclk_en/U1/Y (AND2X2_RVT)                  0.0592      1.0000              0.1000      5.0299 f    (81.71,39.59)
  clock_module_0/and_cpuoff_mclk_en/y (net)         1      8.9236
  clock_module_0/and_cpuoff_mclk_en/y (omsp_and_gate_0)                0.0592      1.0000              0.0000      5.0299 f    (hierarchical)    h
  clock_module_0/cpuoff_and_mclk_enable (net)              8.9236
  clock_module_0/and_dco_dis1/b (omsp_and_gate_21)                     0.0592      1.0000              0.0000      5.0299 f    (hierarchical)    h
  clock_module_0/and_dco_dis1/b (net)                      8.9236
  clock_module_0/and_dco_dis1/U1/A1 (AND2X1_RVT)                       0.0592      1.0000              0.0007      5.0307 f    (87.12,119.77)
  clock_module_0/and_dco_dis1/U1/Y (AND2X1_RVT)                        0.0266      1.0000              0.0667      5.0974 f    (87.64,119.84)
  clock_module_0/and_dco_dis1/y (net)               1      0.9808
  clock_module_0/and_dco_dis1/y (omsp_and_gate_21)                     0.0266      1.0000              0.0000      5.0974 f    (hierarchical)    h
  clock_module_0/cpu_enabled_with_dco (net)                0.9808
  clock_module_0/U55/A2 (NOR2X0_RVT)                                   0.0266      1.0000              0.0000      5.0974 f    (88.12,121.32)
  clock_module_0/U55/Y (NOR2X0_RVT)                                    0.0223      1.0000              0.0708      5.1682 r    (88.85,121.52)
  clock_module_0/n117 (net)                         1      0.9385
  clock_module_0/and_dco_dis2/b (omsp_and_gate_20)                     0.0223      1.0000              0.0000      5.1682 r    (hierarchical)    h
  clock_module_0/and_dco_dis2/b (net)                      0.9385
  clock_module_0/and_dco_dis2/U1/A1 (AND2X1_RVT)                       0.0223      1.0000              0.0000      5.1682 r    (91.53,121.59)
  clock_module_0/and_dco_dis2/U1/Y (AND2X1_RVT)                        0.0266      1.0000              0.0490      5.2172 r    (92.04,121.52)
  clock_module_0/and_dco_dis2/y (net)               1      0.9277
  clock_module_0/and_dco_dis2/y (omsp_and_gate_20)                     0.0266      1.0000              0.0000      5.2172 r    (hierarchical)    h
  clock_module_0/dco_not_enabled_by_dbg (net)              0.9277
  clock_module_0/and_dco_dis3/b (omsp_and_gate_19)                     0.0266      1.0000              0.0000      5.2172 r    (hierarchical)    h
  clock_module_0/and_dco_dis3/b (net)                      0.9277
  clock_module_0/and_dco_dis3/U1/A1 (AND2X1_RVT)                       0.0266      1.0000              0.0000      5.2172 r    (92.68,119.77)
  clock_module_0/and_dco_dis3/U1/Y (AND2X1_RVT)                        0.0283      1.0000              0.0526      5.2698 r    (92.17,119.84)
  clock_module_0/and_dco_dis3/y (net)               1      1.2605
  clock_module_0/and_dco_dis3/y (omsp_and_gate_19)                     0.0283      1.0000              0.0000      5.2698 r    (hierarchical)    h
  clock_module_0/dco_disable_by_scg0 (net)                 1.2605
  clock_module_0/U45/A (IBUFFX16_RVT)                                  0.0283      1.0000              0.0000      5.2698 r    (91.46,123.29)
  clock_module_0/U45/Y (IBUFFX16_RVT)                                  0.0207      1.0000              0.0683      5.3381 f    (89.28,123.18)
  clock_module_0/n23 (net)                          1      1.2410
  clock_module_0/and_dco_dis5/a (omsp_and_gate_17)                     0.0207      1.0000              0.0000      5.3381 f    (hierarchical)    h
  clock_module_0/and_dco_dis5/a (net)                      1.2410
  clock_module_0/and_dco_dis5/U1/A2 (AND2X1_RVT)                       0.0207      1.0000              0.0000      5.3381 f    (87.57,128.13)
  clock_module_0/and_dco_dis5/U1/Y (AND2X1_RVT)                        0.0373      1.0000              0.0632      5.4013 f    (88.24,128.21)
  clock_module_0/and_dco_dis5/y (net)               2      2.6532
  clock_module_0/and_dco_dis5/y (omsp_and_gate_17)                     0.0373      1.0000              0.0000      5.4013 f    (hierarchical)    h
  clock_module_0/dco_enable_nxt (net)                      2.6532
  clock_module_0/and_dco_en_wkup/b (omsp_and_gate_15)                  0.0373      1.0000              0.0000      5.4013 f    (hierarchical)    h
  clock_module_0/and_dco_en_wkup/b (net)                   2.6532
  clock_module_0/and_dco_en_wkup/U1/A1 (AND2X1_RVT)                    0.0373      1.0000              0.0000      5.4013 f    (92.83,123.11)
  clock_module_0/and_dco_en_wkup/U1/Y (AND2X1_RVT)                     0.0315      1.0000              0.0632      5.4645 f    (92.32,123.19)
  clock_module_0/and_dco_en_wkup/y (net)            1      1.9163
  clock_module_0/and_dco_en_wkup/y (omsp_and_gate_15)                  0.0315      1.0000              0.0000      5.4645 f    (hierarchical)    h
  clock_module_0/dco_en_wkup (net)                         1.9163
  clock_module_0/U120/A3 (OR3X1_RVT)                                   0.0315      1.0000              0.0000      5.4646 f    (89.85,133.41)
  clock_module_0/U120/Y (OR3X1_RVT)                                    0.0364      1.0000              0.0690      5.5335 f    (89.43,133.22)
  clock_module_0/N169 (net)                         2      1.9256
  clock_module_0/U112/A1 (OR2X1_RVT)                                   0.0364      1.0000              0.0000      5.5335 f    (88.74,133.25)
  clock_module_0/U112/Y (OR2X1_RVT)                                    0.0240      1.0000              0.0628      5.5964 f    (88.06,133.18)
  clock_module_0/_9_net_ (net)                      1      1.0271
  clock_module_0/scan_mux_dco_wkup/data_in_func (omsp_scan_mux_1)      0.0240      1.0000              0.0000      5.5964 f    (hierarchical)    h
  clock_module_0/scan_mux_dco_wkup/data_in_func (net)      1.0271
  clock_module_0/scan_mux_dco_wkup/U2/A3 (AO22X1_RVT)                  0.0240      1.0000              0.0000      5.5964 f    (86.50,130.56)
  clock_module_0/scan_mux_dco_wkup/U2/Y (AO22X1_RVT)                   0.0338      1.0000              0.0579      5.6542 f    (86.94,129.86)
  clock_module_0/scan_mux_dco_wkup/data_out (net)
                                                    1      1.8266
  clock_module_0/scan_mux_dco_wkup/data_out (omsp_scan_mux_1)          0.0338      1.0000              0.0000      5.6542 f    (hierarchical)    h
  clock_module_0/dco_wkup_set_scan (net)                   1.8266
  clock_module_0/sync_cell_dco_wkup/rst (omsp_sync_cell_0)             0.0338      1.0000              0.0000      5.6542 f    (hierarchical)    h
  clock_module_0/sync_cell_dco_wkup/rst (net)              1.8266
  clock_module_0/sync_cell_dco_wkup/U3/A (IBUFFX32_RVT)                0.0338      1.0000              0.0000      5.6542 f    (86.90,126.63)
  clock_module_0/sync_cell_dco_wkup/U3/Y (IBUFFX32_RVT)                0.0213      1.0000              0.0716      5.7258 r    (90.83,126.53)
  clock_module_0/sync_cell_dco_wkup/n1 (net)        2      3.0383
  clock_module_0/sync_cell_dco_wkup/data_sync_reg[1]/RSTB (DFFARX1_RVT)
                                                                       0.0213      1.0000              0.0000      5.7259 r    (96.52,120.84)    s, n
  data arrival time                                                                                                5.7259

  clock dco_clk' (rise edge)                                                                          20.0000     20.0000
  source latency                                                                                       0.0000     20.0000
  dco_clk (in)                                                         0.0000      1.0000              0.0000     20.0000 f    (157.77,211.12)
  dco_clk (net)                                     4     23.7998                                                                                d
  cts_inv_8993272/A (IBUFFX2_RVT)                                      0.0003      1.0000              0.0001     20.0001 f    (155.37,196.85)
  cts_inv_8993272/Y (IBUFFX2_RVT)                                      0.0078      1.0000              0.0186     20.0186 r    (156.19,196.75)
  ctsbuf_net_1941 (net)                             1      0.7023                                                                                d
  cts_inv_8943267/A (IBUFFX8_RVT)                                      0.0078      1.0000              0.0000     20.0186 r    (155.07,198.34)
  cts_inv_8943267/Y (IBUFFX8_RVT)                                      0.0210      1.0000              0.0300     20.0486 f    (156.49,198.43)
  ctsbuf_net_1840 (net)                            17     28.0053                                                                                d
  clock_module_0/dco_clk (omsp_clock_module)                           0.0210      1.0000              0.0000     20.0486 f    (hierarchical)    h
  clock_module_0/dco_clk (net)                     17     28.0053                                                                                d
  clock_module_0/clock_gate_smclk/p_abuf1 (omsp_clock_gate_31)         0.0210      1.0000              0.0000     20.0486 f    (hierarchical)    h
  clock_module_0/clock_gate_smclk/p_abuf1 (net)    17     28.0053                                                                                d
  clock_module_0/clock_gate_smclk/U2/A (INVX2_RVT)                     0.0221      1.0000              0.0034     20.0520 f    (115.47,134.79)
  clock_module_0/clock_gate_smclk/U2/Y (INVX2_RVT)                     0.0232      1.0000              0.0188     20.0708 r    (115.60,134.90)
  clock_module_0/clock_gate_smclk/n2 (net)          6     10.3155                                                                                d
  clock_module_0/clock_gate_smclk/n2 (omsp_clock_gate_31)              0.0232      1.0000              0.0000     20.0708 r    (hierarchical)    h
  clock_module_0/cts0 (net)                         6     10.3155                                                                                d
  clock_module_0/sync_cell_dco_wkup/clk (omsp_sync_cell_0)             0.0232      1.0000              0.0000     20.0708 r    (hierarchical)    h
  clock_module_0/sync_cell_dco_wkup/clk (net)       6     10.3155                                                                                d
  clock_module_0/sync_cell_dco_wkup/data_sync_reg[1]/CLK (DFFARX1_RVT)
                                                                       0.0232      1.0000              0.0003     20.0711 r    (94.87,122.18)    s, n

  library setup time                                                               1.0000              0.0405     20.1116
  data required time                                                                                              20.1116
  ----------------------------------------------------------------------------------------------------------------------------------------------------------------
  data required time                                                                                              20.1116
  data arrival time                                                                                               -5.7259
  ----------------------------------------------------------------------------------------------------------------------------------------------------------------
  slack (MET)                                                                                                     14.3858



  Startpoint: frontend_0/inst_dest_bin_reg[0] (rising edge-triggered flip-flop clocked by dco_clk)
  Endpoint: clock_module_0/sync_cell_lfxt_wkup/data_sync_reg[1] (recovery check against rising-edge clock clocked by lfxt_clk')
  Mode: func
  Corner: fast
  Scenario: func_fast
  Path Group: lfxt_clk
  Path Type: max


Attributes
    b - black-box (unknown)
    s - size_only
    d - dont_touch
    u - dont_use
    g - generic
    h - hierarchical
    i - ideal
    n - noncombinational
    E - extracted timing model
    Q - Quick timing model


  Point                                          Fanout     Cap        Trans      Derate    Delta       Incr        Path           Location       Attributes
  ----------------------------------------------------------------------------------------------------------------------------------------------------------------
  clock dco_clk (rise edge)                                                                            0.0000      0.0000
  source latency                                                                                       0.0000      0.0000
  dco_clk (in)                                                         0.0000      1.0000              0.0000      0.0000 r    (157.77,211.12)
  dco_clk (net)                                     4     24.3895                                                                                d
  clock_module_0/p_abuf15 (omsp_clock_module)                          0.0000      1.0000              0.0000      0.0000 r    (hierarchical)    h
  clock_module_0/p_abuf15 (net)                     4     24.3895                                                                                d
  clock_module_0/clock_gate_mclk/clk (omsp_clock_gate_0)               0.0000      1.0000              0.0000      0.0000 r    (hierarchical)    h
  clock_module_0/clock_gate_mclk/clk (net)          4     24.3895                                                                                d
  clock_module_0/clock_gate_mclk/U3/A2 (AND2X4_RVT)                    0.0056      1.0000              0.0038      0.0038 r    (71.46,64.59)     s
  clock_module_0/clock_gate_mclk/U3/Y (AND2X4_RVT)                     0.0558      1.0000              0.0897      0.0935 r    (72.28,64.67)     s
  clock_module_0/clock_gate_mclk/gclk (net)         1     11.0526                                                                                d
  clock_module_0/clock_gate_mclk/cts_inv_8313204/A (INVX16_RVT)        0.0558      1.0000              0.0002      0.0937 r    (73.83,69.78)
  clock_module_0/clock_gate_mclk/cts_inv_8313204/Y (INVX16_RVT)        0.0283      1.0000              0.0189      0.1125 f    (73.96,69.68)
  clock_module_0/clock_gate_mclk/ctsbuf_net_1335 (net)
                                                    1     10.7774                                                                                d
  clock_module_0/clock_gate_mclk/cts_inv_8263199/A (INVX16_RVT)        0.0283      1.0000              0.0001      0.1126 f    (73.83,67.91)
  clock_module_0/clock_gate_mclk/cts_inv_8263199/Y (INVX16_RVT)        0.0250      1.0000              0.0245      0.1371 r    (73.96,68.02)
  clock_module_0/clock_gate_mclk/p_abuf5 (net)      3     25.3638                                                                                d
  clock_module_0/clock_gate_mclk/p_abuf5 (omsp_clock_gate_0)           0.0250      1.0000              0.0000      0.1371 r    (hierarchical)    h
  clock_module_0/p_abuf12 (net)                     3     25.3638                                                                                d
  clock_module_0/p_abuf12 (omsp_clock_module)                          0.0250      1.0000              0.0000      0.1371 r    (hierarchical)    h
  p_abuf9 (net)                                     3     25.3638                                                                                d
  frontend_0/p_abuf5 (omsp_frontend)                                   0.0250      1.0000              0.0000      0.1371 r    (hierarchical)    h
  frontend_0/p_abuf5 (net)                          3     25.3638                                                                                d
  frontend_0/clock_gate_decode/clk (omsp_clock_gate_25)                0.0250      1.0000              0.0000      0.1371 r    (hierarchical)    h
  frontend_0/clock_gate_decode/clk (net)            3     25.3638                                                                                d
  frontend_0/clock_gate_decode/U3/A2 (AND2X1_RVT)                      0.0250      1.0000              0.0005      0.1376 r    (64.47,37.84)     s
  frontend_0/clock_gate_decode/U3/Y (AND2X1_RVT)                       0.0320      1.0000              0.0593      0.1969 r    (65.14,37.92)     s
  frontend_0/clock_gate_decode/ctsbuf_net_426 (net)
                                                    1      1.8870                                                                                d
  frontend_0/clock_gate_decode/cts_inv_7443117/A (INVX2_RVT)           0.0320      1.0000              0.0000      0.1970 r    (65.77,43.03)
  frontend_0/clock_gate_decode/cts_inv_7443117/Y (INVX2_RVT)           0.0375      1.0000              0.0349      0.2319 f    (65.90,42.93)
  frontend_0/clock_gate_decode/ctsbuf_net_527 (net)
                                                    1      5.8907                                                                                d
  frontend_0/clock_gate_decode/cts_inv_7393112/A (INVX8_RVT)           0.0375      1.0000              0.0001      0.2319 f    (63.19,41.16)
  frontend_0/clock_gate_decode/cts_inv_7393112/Y (INVX8_RVT)           0.0700      1.0000              0.0582      0.2901 r    (63.31,41.26)
  frontend_0/clock_gate_decode/gclk (net)          49     57.4898                                                                                d
  frontend_0/clock_gate_decode/gclk (omsp_clock_gate_25)               0.0700      1.0000              0.0000      0.2901 r    (hierarchical)    h
  frontend_0/mclk_decode (net)                     49     57.4898                                                                                d
  frontend_0/inst_dest_bin_reg[0]/CLK (DFFARX1_RVT)                    0.0698      1.0000              0.0016      0.2917 r    (95.18,15.17)     s, n

  frontend_0/inst_dest_bin_reg[0]/CLK (DFFARX1_RVT)                    0.0698      1.0000              0.0000      0.2917 r    (95.18,15.17)     s, n
  frontend_0/inst_dest_bin_reg[0]/QN (DFFARX1_RVT)                     0.0392      1.0000              0.1265      0.4182 f    (98.57,14.52)     s, n
  frontend_0/n388 (net)                             1      0.8494
  frontend_0/clockcopt_h_inst_4244/A (DELLN2X2_RVT)                    0.0392      1.0000              0.0000      0.4182 f    (100.88,16.27)
  frontend_0/clockcopt_h_inst_4244/Y (DELLN2X2_RVT)                    0.0299      1.0000              0.3121      0.7303 f    (104.20,16.18)
  frontend_0/copt_net_412 (net)                     2      2.0474
  frontend_0/U187/A1 (AND2X2_RVT)                                      0.0299      1.0000              0.0000      0.7304 f    (110.38,14.58)
  frontend_0/U187/Y (AND2X2_RVT)                                       0.0604      1.0000              0.0897      0.8201 f    (110.89,14.51)
  frontend_0/n102 (net)                             8      9.3025
  frontend_0/U162/A2 (AO22X1_RVT)                                      0.0604      1.0000              0.0001      0.8202 f    (113.86,22.67)
  frontend_0/U162/Y (AO22X1_RVT)                                       0.0440      1.0000              0.1060      0.9262 f    (114.61,22.85)
  frontend_0/inst_dest[6] (net)                     1      3.1239
  frontend_0/inst_dest[6] (omsp_frontend)                              0.0440      1.0000              0.0000      0.9262 f    (hierarchical)    h
  inst_dest[6] (net)                                       3.1239
  execution_unit_0/inst_dest[6] (omsp_execution_unit)                  0.0440      1.0000              0.0000      0.9262 f    (hierarchical)    h
  execution_unit_0/inst_dest[6] (net)                      3.1239
  execution_unit_0/register_file_0/inst_dest[6] (omsp_register_file)   0.0440      1.0000              0.0000      0.9262 f    (hierarchical)    h
  execution_unit_0/register_file_0/inst_dest[6] (net)      3.1239
  execution_unit_0/register_file_0/clockcopt_h_inst_5149/A (DELLN1X2_RVT)
                                                                       0.0440      1.0000              0.0001      0.9263 f    (144.50,24.45)
  execution_unit_0/register_file_0/clockcopt_h_inst_5149/Y (DELLN1X2_RVT)
                                                                       0.0256      1.0000              0.2254      1.1517 f    (146.91,24.54)
  execution_unit_0/register_file_0/copt_net_1294 (net)
                                                    1      0.9175
  execution_unit_0/register_file_0/clockcopt_h_inst_5148/A (DELLN3X2_RVT)
                                                                       0.0256      1.0000              0.0000      1.1517 f    (143.89,22.96)
  execution_unit_0/register_file_0/clockcopt_h_inst_5148/Y (DELLN3X2_RVT)
                                                                       0.0464      1.0000              0.5371      1.6888 f    (149.04,22.86)
  execution_unit_0/register_file_0/copt_net_1293 (net)
                                                    2      6.7405
  execution_unit_0/register_file_0/placeHFSINV_722_159/A (INVX4_RVT)   0.0464      1.0000              0.0004      1.6892 f    (187.60,19.62)
  execution_unit_0/register_file_0/placeHFSINV_722_159/Y (INVX4_RVT)   0.0548      1.0000              0.0520      1.7412 r    (187.47,19.52)
  execution_unit_0/register_file_0/placeHFSNET_123 (net)
                                                   16     19.2062
  execution_unit_0/register_file_0/U297/A2 (OA22X1_RVT)                0.0549      1.0000              0.0007      1.7418 r    (185.01,35.56)
  execution_unit_0/register_file_0/U297/Y (OA22X1_RVT)                 0.0340      1.0000              0.0824      1.8243 r    (185.84,36.27)
  execution_unit_0/register_file_0/n517 (net)       1      0.9357
  execution_unit_0/register_file_0/U296/A5 (OA221X1_RVT)               0.0340      1.0000              0.0000      1.8243 r    (182.41,36.41)
  execution_unit_0/register_file_0/U296/Y (OA221X1_RVT)                0.0654      1.0000              0.0979      1.9222 r    (182.96,36.27)
  execution_unit_0/register_file_0/n510 (net)       1      4.4462
  execution_unit_0/register_file_0/U289/A1 (NAND4X0_RVT)               0.0654      1.0000              0.0002      1.9224 r    (140.87,34.65)
  execution_unit_0/register_file_0/U289/Y (NAND4X0_RVT)                0.0702      1.0000              0.0545      1.9769 f    (141.03,34.57)
  execution_unit_0/register_file_0/reg_dest[2] (net)
                                                    1      0.6039
  execution_unit_0/register_file_0/reg_dest[2] (omsp_register_file)    0.0702      1.0000              0.0000      1.9769 f    (hierarchical)    h
  execution_unit_0/dbg_reg_din[2] (net)                    0.6039
  execution_unit_0/dbg_reg_din[2] (omsp_execution_unit)                0.0702      1.0000              0.0000      1.9769 f    (hierarchical)    h
  dbg_reg_din[2] (net)                                     0.6039
  clockcopt_h_inst_5680/A (DELLN3X2_RVT)                               0.0702      1.0000              0.0000      1.9769 f    (141.91,34.48)
  clockcopt_h_inst_5680/Y (DELLN3X2_RVT)                               0.0321      1.0000              0.5468      2.5237 f    (147.07,34.58)
  copt_net_1809 (net)                               1      2.7193
  placeZBUF_inst_493/A (NBUFFX4_RVT)                                   0.0321      1.0000              0.0001      2.5237 f    (132.50,41.16)
  placeZBUF_inst_493/Y (NBUFFX4_RVT)                                   0.0487      1.0000              0.0699      2.5936 f    (131.84,41.26)
  placeZBUF_99 (net)                                3     15.5125
  execution_unit_0/placeZBUF_51 (omsp_execution_unit)                  0.0487      1.0000              0.0000      2.5936 f    (hierarchical)    h
  execution_unit_0/placeZBUF_51 (net)                     15.5125
  execution_unit_0/U63/A1 (AO222X1_RVT)                                0.0490      1.0000              0.0020      2.5956 f    (51.95,56.23)
  execution_unit_0/U63/Y (AO222X1_RVT)                                 0.0416      1.0000              0.1174      2.7130 f    (50.60,56.30)
  execution_unit_0/n63 (net)                        1      2.2564
  execution_unit_0/U62/A2 (OR2X1_RVT)                                  0.0416      1.0000              0.0000      2.7131 f    (53.17,69.79)
  execution_unit_0/U62/Y (OR2X1_RVT)                                   0.0234      1.0000              0.0533      2.7664 f    (53.59,69.65)
  execution_unit_0/op_src[2] (net)                  1      0.7727
  execution_unit_0/alu_0/op_src[2] (omsp_alu)                          0.0234      1.0000              0.0000      2.7664 f    (hierarchical)    h
  execution_unit_0/alu_0/op_src[2] (net)                   0.7727
  execution_unit_0/alu_0/clockcopt_h_inst_5829/A (DELLN1X2_RVT)        0.0234      1.0000              0.0000      2.7664 f    (56.49,69.78)
  execution_unit_0/alu_0/clockcopt_h_inst_5829/Y (DELLN1X2_RVT)        0.0303      1.0000              0.2218      2.9882 f    (58.91,69.68)
  execution_unit_0/alu_0/copt_net_1950 (net)        2      2.3350
  execution_unit_0/alu_0/U29/A1 (XOR2X1_RVT)                           0.0303      1.0000              0.0000      2.9882 f    (58.09,67.81)
  execution_unit_0/alu_0/U29/Y (XOR2X1_RVT)                            0.0896      1.0000              0.1489      3.1371 r    (59.36,68.02)
  execution_unit_0/alu_0/op_src_inv[2] (net)        5      6.8259
  execution_unit_0/alu_0/add_1_root_add_100_2_C185/U1_2/A (FADDX1_RVT)
                                                                       0.0896      1.0000              0.0002      3.1373 r    (70.82,71.57)
  execution_unit_0/alu_0/add_1_root_add_100_2_C185/U1_2/CO (FADDX1_RVT)
                                                                       0.0521      1.0000              0.1258      3.2631 r    (72.28,71.24)
  execution_unit_0/alu_0/add_1_root_add_100_2_C185/carry[3] (net)
                                                    1      2.0092
  execution_unit_0/alu_0/add_1_root_add_100_2_C185/U1_3/CI (FADDX1_RVT)
                                                                       0.0521      1.0000              0.0000      3.2631 r    (74.03,74.47)
  execution_unit_0/alu_0/add_1_root_add_100_2_C185/U1_3/S (FADDX1_RVT)
                                                                       0.0566      1.0000              0.1628      3.4260 f    (75.16,74.66)
  execution_unit_0/alu_0/N13 (net)                  3      3.1195
  execution_unit_0/alu_0/U143/A3 (OA21X1_RVT)                          0.0566      1.0000              0.0000      3.4260 f    (76.93,74.76)
  execution_unit_0/alu_0/U143/Y (OA21X1_RVT)                           0.0301      1.0000              0.0739      3.4999 f    (77.46,74.67)
  execution_unit_0/alu_0/n9 (net)                   1      0.8737
  execution_unit_0/alu_0/U7/A2 (OR2X1_RVT)                             0.0301      1.0000              0.0000      3.4999 f    (78.25,74.59)
  execution_unit_0/alu_0/U7/Y (OR2X1_RVT)                              0.0549      1.0000              0.0755      3.5754 f    (78.67,74.74)
  execution_unit_0/alu_0/n4 (net)                   3      4.7992
  execution_unit_0/alu_0/U106/A1 (AND2X1_RVT)                          0.0549      1.0000              0.0000      3.5755 f    (79.97,71.43)
  execution_unit_0/alu_0/U106/Y (AND2X1_RVT)                           0.0336      1.0000              0.0710      3.6465 f    (80.49,71.36)
  execution_unit_0/alu_0/add_102_C185_aco/carry[2] (net)
                                                    1      1.8632
  execution_unit_0/alu_0/add_102_C185_aco/U1_2/CI (FADDX1_RVT)         0.0336      1.0000              0.0000      3.6465 f    (80.41,74.47)
  execution_unit_0/alu_0/add_102_C185_aco/U1_2/CO (FADDX1_RVT)         0.0459      1.0000              0.0897      3.7362 f    (81.86,74.59)
  execution_unit_0/alu_0/add_102_C185_aco/carry[3] (net)
                                                    2      2.4169
  execution_unit_0/alu_0/U104/A1 (AND2X1_RVT)                          0.0459      1.0000              0.0000      3.7362 f    (80.37,76.30)
  execution_unit_0/alu_0/U104/Y (AND2X1_RVT)                           0.0298      1.0000              0.0638      3.8000 f    (79.85,76.37)
  execution_unit_0/alu_0/add_102_C185_aco/carry[4] (net)
                                                    1      1.4354
  execution_unit_0/alu_0/U103/A2 (XOR2X1_RVT)                          0.0298      1.0000              0.0000      3.8000 f    (78.23,77.98)
  execution_unit_0/alu_0/U103/Y (XOR2X1_RVT)                           0.0500      1.0000              0.1132      3.9132 f    (76.96,78.06)
  execution_unit_0/alu_0/alu_dadd0[4]1 (net)        1      2.1584
  execution_unit_0/alu_0/add_1_root_add_100_2_C186/U1_0/CI (FADDX1_RVT)
                                                                       0.0500      1.0000              0.0000      3.9132 f    (73.11,81.16)
  execution_unit_0/alu_0/add_1_root_add_100_2_C186/U1_0/S (FADDX1_RVT)
                                                                       0.0412      1.0000              0.1508      4.0640 r    (74.25,81.35)
  execution_unit_0/alu_0/alu_dadd1[0] (net)         1      1.2218
  execution_unit_0/alu_0/U17/A1 (AO222X1_RVT)                          0.0412      1.0000              0.0000      4.0640 r    (79.21,79.64)
  execution_unit_0/alu_0/U17/Y (AO222X1_RVT)                           0.0496      1.0000              0.1334      4.1975 r    (80.56,79.71)
  execution_unit_0/alu_0/aps_rename_20_ (net)       1      1.0088
  execution_unit_0/alu_0/clockcopt_h_inst_5229/A (DELLN3X2_RVT)        0.0496      1.0000              0.0000      4.1975 r    (84.61,81.30)
  execution_unit_0/alu_0/clockcopt_h_inst_5229/Y (DELLN3X2_RVT)        0.0566      1.0000              0.4610      4.6584 r    (89.76,81.39)
  execution_unit_0/alu_0/alu_out[4] (net)           5      9.4823
  execution_unit_0/alu_0/alu_out[4] (omsp_alu)                         0.0566      1.0000              0.0000      4.6584 r    (hierarchical)    h
  execution_unit_0/placeHFSNET_68 (net)                    9.4823
  execution_unit_0/register_file_0/placeHFSNET_68 (omsp_register_file)
                                                                       0.0566      1.0000              0.0000      4.6584 r    (hierarchical)    h
  execution_unit_0/register_file_0/placeHFSNET_68 (net)    9.4823
  execution_unit_0/register_file_0/U399/A1 (AO21X2_RVT)                0.0566      1.0000              0.0005      4.6589 r    (105.14,41.34)
  execution_unit_0/register_file_0/U399/Y (AO21X2_RVT)                 0.0734      1.0000              0.1303      4.7892 r    (105.79,41.28)
  execution_unit_0/register_file_0/cpuoff (net)     5      8.8153
  execution_unit_0/register_file_0/cpuoff (omsp_register_file)         0.0734      1.0000              0.0000      4.7892 r    (hierarchical)    h
  execution_unit_0/cpuoff (net)                            8.8153
  execution_unit_0/cpuoff (omsp_execution_unit)                        0.0734      1.0000              0.0000      4.7892 r    (hierarchical)    h
  cpuoff (net)                                             8.8153
  frontend_0/cpuoff (omsp_frontend)                                    0.0734      1.0000              0.0000      4.7892 r    (hierarchical)    h
  frontend_0/cpuoff (net)                                  8.8153
  frontend_0/U69/A2 (NAND2X0_RVT)                                      0.0734      1.0000              0.0006      4.7898 r    (69.19,24.46)
  frontend_0/U69/Y (NAND2X0_RVT)                                       0.0513      1.0000              0.0528      4.8426 f    (69.32,24.53)
  frontend_0/n74 (net)                              1      1.0171
  frontend_0/U68/A4 (AO22X1_RVT)                                       0.0513      1.0000              0.0000      4.8426 f    (73.43,24.31)
  frontend_0/U68/Y (AO22X1_RVT)                                        0.0531      1.0000              0.0872      4.9298 f    (74.02,24.56)
  frontend_0/mclk_enable (net)                      2      4.1964
  frontend_0/mclk_enable (omsp_frontend)                               0.0531      1.0000              0.0000      4.9298 f    (hierarchical)    h
  placeHFSNET_62 (net)                                     4.1964
  clock_module_0/placeHFSNET_62 (omsp_clock_module)                    0.0531      1.0000              0.0000      4.9298 f    (hierarchical)    h
  clock_module_0/placeHFSNET_62 (net)                      4.1964
  clock_module_0/clockZBUF_inst_2188/A (NBUFFX2_RVT)                   0.0531      1.0000              0.0001      4.9299 f    (79.52,47.86)
  clock_module_0/clockZBUF_inst_2188/Y (NBUFFX2_RVT)                   0.0616      1.0000              0.0866      5.0165 f    (80.04,47.95)
  clock_module_0/clockZBUF_0 (net)                  3     10.9064
  clock_module_0/and_lfxt_dis4/placeHFSNET_62 (omsp_and_gate_10)       0.0616      1.0000              0.0000      5.0165 f    (hierarchical)    h
  clock_module_0/and_lfxt_dis4/placeHFSNET_62 (net)       10.9064
  clock_module_0/and_lfxt_dis4/placeHFSINV_8_76/A (INVX0_RVT)          0.0616      1.0000              0.0010      5.0175 f    (81.04,123.28)
  clock_module_0/and_lfxt_dis4/placeHFSINV_8_76/Y (INVX0_RVT)          0.0396      1.0000              0.0416      5.0591 r    (81.25,123.23)
  clock_module_0/and_lfxt_dis4/placeHFSNET_61 (net)
                                                    1      1.0706
  clock_module_0/and_lfxt_dis4/U1/A1 (AND2X1_RVT)                      0.0396      1.0000              0.0000      5.0591 r    (82.04,126.46)
  clock_module_0/and_lfxt_dis4/U1/Y (AND2X1_RVT)                       0.0281      1.0000              0.0537      5.1128 r    (81.53,126.53)
  clock_module_0/and_lfxt_dis4/y (net)              1      0.9676
  clock_module_0/and_lfxt_dis4/y (omsp_and_gate_10)                    0.0281      1.0000              0.0000      5.1128 r    (hierarchical)    h
  clock_module_0/lfxt_disable_by_cpu_en (net)              0.9676
  clock_module_0/U48/A (IBUFFX8_RVT)                                   0.0281      1.0000              0.0000      5.1128 r    (80.36,124.77)
  clock_module_0/U48/Y (IBUFFX8_RVT)                                   0.0195      1.0000              0.0679      5.1807 f    (78.94,124.86)
  clock_module_0/n29 (net)                          1      0.9468
  clock_module_0/and_lfxt_dis5/b (omsp_and_gate_9)                     0.0195      1.0000              0.0000      5.1807 f    (hierarchical)    h
  clock_module_0/and_lfxt_dis5/b (net)                     0.9468
  clock_module_0/and_lfxt_dis5/U1/A1 (AND2X1_RVT)                      0.0195      1.0000              0.0000      5.1807 f    (80.07,126.46)
  clock_module_0/and_lfxt_dis5/U1/Y (AND2X1_RVT)                       0.0377      1.0000              0.0594      5.2401 f    (79.55,126.53)
  clock_module_0/and_lfxt_dis5/y (net)              2      2.6989
  clock_module_0/and_lfxt_dis5/y (omsp_and_gate_9)                     0.0377      1.0000              0.0000      5.2401 f    (hierarchical)    h
  clock_module_0/lfxt_enable_nxt (net)                     2.6989
  clock_module_0/and_lfxt_en_wkup/b (omsp_and_gate_7)                  0.0377      1.0000              0.0000      5.2401 f    (hierarchical)    h
  clock_module_0/and_lfxt_en_wkup/b (net)                  2.6989
  clock_module_0/and_lfxt_en_wkup/U1/A1 (AND2X1_RVT)                   0.0377      1.0000              0.0000      5.2402 f    (73.59,133.14)
  clock_module_0/and_lfxt_en_wkup/U1/Y (AND2X1_RVT)                    0.0293      1.0000              0.0613      5.3014 f    (74.11,133.22)
  clock_module_0/and_lfxt_en_wkup/y (net)           1      1.6189
  clock_module_0/and_lfxt_en_wkup/y (omsp_and_gate_7)                  0.0293      1.0000              0.0000      5.3014 f    (hierarchical)    h
  clock_module_0/lfxt_en_wkup (net)                        1.6189
  clock_module_0/U119/A3 (OR3X1_RVT)                                   0.0293      1.0000              0.0000      5.3015 f    (76.73,140.10)
  clock_module_0/U119/Y (OR3X1_RVT)                                    0.0355      1.0000              0.0675      5.3689 f    (77.15,139.91)
  clock_module_0/N173 (net)                         2      1.8105
  clock_module_0/U114/A1 (OR2X1_RVT)                                   0.0355      1.0000              0.0000      5.3689 f    (79.36,139.94)
  clock_module_0/U114/Y (OR2X1_RVT)                                    0.0273      1.0000              0.0611      5.4300 f    (80.04,139.87)
  clock_module_0/_21_net_ (net)                     1      0.8641
  clock_module_0/scan_mux_lfxt_wkup/data_in_func (omsp_scan_mux_11)    0.0273      1.0000              0.0000      5.4300 f    (hierarchical)    h
  clock_module_0/scan_mux_lfxt_wkup/data_in_func (net)     0.8641
  clock_module_0/scan_mux_lfxt_wkup/U2/A3 (AO22X1_RVT)                 0.0273      1.0000              0.0000      5.4300 f    (78.25,140.59)
  clock_module_0/scan_mux_lfxt_wkup/U2/Y (AO22X1_RVT)                  0.0330      1.0000              0.0584      5.4884 f    (77.81,139.89)
  clock_module_0/scan_mux_lfxt_wkup/data_out (net)
                                                    1      1.7140
  clock_module_0/scan_mux_lfxt_wkup/data_out (omsp_scan_mux_11)        0.0330      1.0000              0.0000      5.4884 f    (hierarchical)    h
  clock_module_0/lfxt_wkup_set_scan (net)                  1.7140
  clock_module_0/sync_cell_lfxt_wkup/rst (omsp_sync_cell_14)           0.0330      1.0000              0.0000      5.4884 f    (hierarchical)    h
  clock_module_0/sync_cell_lfxt_wkup/rst (net)             1.7140
  clock_module_0/sync_cell_lfxt_wkup/U3/A (IBUFFX32_RVT)               0.0330      1.0000              0.0000      5.4884 f    (75.57,140.01)
  clock_module_0/sync_cell_lfxt_wkup/U3/Y (IBUFFX32_RVT)               0.0213      1.0000              0.0713      5.5597 r    (71.64,139.90)
  clock_module_0/sync_cell_lfxt_wkup/n1 (net)       2      3.1251
  clock_module_0/sync_cell_lfxt_wkup/data_sync_reg[1]/RSTB (DFFARX1_RVT)
                                                                       0.0213      1.0000              0.0000      5.5597 r    (69.77,134.21)    s, n
  data arrival time                                                                                                5.5597

  clock lfxt_clk' (rise edge)                                                                         20.0000     20.0000
  source latency                                                                                       0.0000     20.0000
  lfxt_clk (in)                                                        0.0085      1.0000              0.0024     20.0024 f    (57.60,211.12)
  lfxt_clk (net)                                    1      1.6376                                                                                d
  cto_buf_drc_3447/A (NBUFFX4_RVT)                                     0.0085      1.0000              0.0000     20.0025 f    (59.16,198.33)
  cto_buf_drc_3447/Y (NBUFFX4_RVT)                                     0.0103      1.0000              0.0167     20.0192 f    (59.82,198.43)
  cts4 (net)                                        2      5.3820                                                                                d
  cts_inv_9453318/A (INVX8_RVT)                                        0.0103      1.0000              0.0001     20.0193 f    (55.28,194.99)
  cts_inv_9453318/Y (INVX8_RVT)                                        0.0082      1.0000              0.0067     20.0260 r    (55.41,195.09)
  ctsbuf_net_2143 (net)                             1      8.2357                                                                                d
  cts_inv_9403313/A (INVX16_RVT)                                       0.0082      1.0000              0.0000     20.0260 r    (55.89,196.85)
  cts_inv_9403313/Y (INVX16_RVT)                                       0.0119      1.0000              0.0072     20.0332 f    (56.02,196.75)
  ctsbuf_net_2042 (net)                            16     26.7295                                                                                d
  clock_module_0/lfxt_clk (omsp_clock_module)                          0.0119      1.0000              0.0000     20.0332 f    (hierarchical)    h
  clock_module_0/lfxt_clk (net)                    16     26.7295                                                                                d
  clock_module_0/clock_gate_aclk/p_abuf0 (omsp_clock_gate_32)          0.0119      1.0000              0.0000     20.0332 f    (hierarchical)    h
  clock_module_0/clock_gate_aclk/p_abuf0 (net)     16     26.7295                                                                                d
  clock_module_0/clock_gate_aclk/U2/A (INVX8_RVT)                      0.0131      1.0000              0.0027     20.0359 f    (83.55,144.83)
  clock_module_0/clock_gate_aclk/U2/Y (INVX8_RVT)                      0.0092      1.0000              0.0067     20.0427 r    (83.68,144.93)
  clock_module_0/clock_gate_aclk/n2 (net)           5      7.7153                                                                                d
  clock_module_0/clock_gate_aclk/n2 (omsp_clock_gate_32)               0.0092      1.0000              0.0000     20.0427 r    (hierarchical)    h
  clock_module_0/cts2 (net)                         5      7.7153                                                                                d
  clock_module_0/sync_cell_lfxt_wkup/clk (omsp_sync_cell_14)           0.0092      1.0000              0.0000     20.0427 r    (hierarchical)    h
  clock_module_0/sync_cell_lfxt_wkup/clk (net)      5      7.7153                                                                                d
  clock_module_0/sync_cell_lfxt_wkup/data_sync_reg[1]/CLK (DFFARX1_RVT)
                                                                       0.0092      1.0000              0.0002     20.0428 r    (68.12,135.56)    s, n

  library setup time                                                               1.0000              0.0374     20.0803
  data required time                                                                                              20.0803
  ----------------------------------------------------------------------------------------------------------------------------------------------------------------
  data required time                                                                                              20.0803
  data arrival time                                                                                               -5.5597
  ----------------------------------------------------------------------------------------------------------------------------------------------------------------
  slack (MET)                                                                                                     14.5205



  Startpoint: pmem_dout[8] (input port clocked by dco_clk)
  Endpoint: pmem_addr[10] (output port clocked by dco_clk)
  Mode: func
  Corner: fast
  Scenario: func_fast
  Path Group: FEEDTHROUGH
  Path Type: max


Attributes
    b - black-box (unknown)
    s - size_only
    d - dont_touch
    u - dont_use
    g - generic
    h - hierarchical
    i - ideal
    n - noncombinational
    E - extracted timing model
    Q - Quick timing model


  Point                                          Fanout     Cap        Trans      Derate    Delta       Incr        Path           Location       Attributes
  ----------------------------------------------------------------------------------------------------------------------------------------------------------------
  clock dco_clk (rise edge)                                                                            0.0000      0.0000
  clock network delay (ideal)                                                                          0.3057      0.3057
  input external delay                                                                                 2.2500      2.5557

  pmem_dout[8] (in)                                                    0.0243      1.0000              0.0086      2.5642 f    (0.14,68.85)
  pmem_dout[8] (net)                                1      2.1001
  mem_backbone_0/pmem_dout[8] (omsp_mem_backbone)                      0.0243      1.0000              0.0086      2.5642 f    (hierarchical)    h
  mem_backbone_0/pmem_dout[8] (net)                        2.1001
  mem_backbone_0/clockcopt_h_inst_5132/A (DELLN3X2_RVT)                0.0243      1.0000              0.0001      2.5643 f    (18.03,64.58)
  mem_backbone_0/clockcopt_h_inst_5132/Y (DELLN3X2_RVT)                0.0299      1.0000              0.5207      3.0850 f    (23.19,64.67)
  mem_backbone_0/copt_net_1277 (net)                1      2.0398
  mem_backbone_0/clockcopt_h_inst_5131/A (DELLN3X2_RVT)                0.0299      1.0000              0.0000      3.0851 f    (16.51,76.46)
  mem_backbone_0/clockcopt_h_inst_5131/Y (DELLN3X2_RVT)                0.0511      1.0000              0.5433      3.6284 f    (21.67,76.37)
  mem_backbone_0/copt_net_1276 (net)                4      8.0284
  mem_backbone_0/U101/A5 (AO222X1_RVT)                                 0.0511      1.0000              0.0003      3.6287 f    (32.09,109.88)
  mem_backbone_0/U101/Y (AO222X1_RVT)                                  0.0394      1.0000              0.0756      3.7043 f    (32.68,109.80)
  mem_backbone_0/eu_mdb_in[8] (net)                 1      1.9739
  mem_backbone_0/eu_mdb_in[8] (omsp_mem_backbone)                      0.0394      1.0000              0.0000      3.7043 f    (hierarchical)    h
  eu_mdb_in[8] (net)                                       1.9739
  execution_unit_0/mdb_in[8] (omsp_execution_unit)                     0.0394      1.0000              0.0000      3.7043 f    (hierarchical)    h
  execution_unit_0/mdb_in[8] (net)                         1.9739
  execution_unit_0/clockcopt_h_inst_4595/A (DELLN3X2_RVT)              0.0394      1.0000              0.0000      3.7043 f    (40.23,101.36)
  execution_unit_0/clockcopt_h_inst_4595/Y (DELLN3X2_RVT)              0.0269      1.0000              0.5248      4.2292 f    (45.38,101.46)
  execution_unit_0/copt_net_752 (net)               1      1.1669
  execution_unit_0/clockcopt_h_inst_4594/A (DELLN3X2_RVT)              0.0269      1.0000              0.0000      4.2292 f    (39.47,99.87)
  execution_unit_0/clockcopt_h_inst_4594/Y (DELLN3X2_RVT)              0.0397      1.0000              0.5322      4.7613 f    (44.62,99.78)
  execution_unit_0/copt_net_751 (net)               4      4.9109
  execution_unit_0/U177/A2 (AO22X1_RVT)                                0.0397      1.0000              0.0000      4.7614 f    (38.32,98.31)
  execution_unit_0/U177/Y (AO22X1_RVT)                                 0.0275      1.0000              0.0804      4.8417 f    (39.06,98.13)
  execution_unit_0/mdb_in_bw[0] (net)               1      1.0052
  execution_unit_0/clockcopt_h_inst_5804/A (DELLN1X2_RVT)              0.0275      1.0000              0.0000      4.8417 f    (39.01,93.18)
  execution_unit_0/clockcopt_h_inst_5804/Y (DELLN1X2_RVT)              0.0245      1.0000              0.2162      5.0579 f    (41.43,93.09)
  execution_unit_0/copt_net_1929 (net)              1      0.5759
  execution_unit_0/clockcopt_h_inst_5803/A (DELLN3X2_RVT)              0.0245      1.0000              0.0000      5.0579 f    (42.05,93.18)
  execution_unit_0/clockcopt_h_inst_5803/Y (DELLN3X2_RVT)              0.0429      1.0000              0.5335      5.5914 f    (47.20,93.09)
  execution_unit_0/copt_net_1928 (net)              3      5.7728
  execution_unit_0/U90/A4 (AO222X1_RVT)                                0.0429      1.0000              0.0002      5.5917 f    (47.29,61.47)
  execution_unit_0/U90/Y (AO222X1_RVT)                                 0.0333      1.0000              0.0927      5.6844 f    (48.34,61.33)
  execution_unit_0/n78 (net)                        1      1.2256
  execution_unit_0/U86/A1 (OR2X1_RVT)                                  0.0333      1.0000              0.0000      5.6844 f    (52.76,59.68)
  execution_unit_0/U86/Y (OR2X1_RVT)                                   0.0405      1.0000              0.0748      5.7592 f    (53.44,59.62)
  execution_unit_0/op_src[0] (net)                  2      3.0545
  execution_unit_0/alu_0/op_src[0] (omsp_alu)                          0.0405      1.0000              0.0000      5.7592 f    (hierarchical)    h
  execution_unit_0/alu_0/op_src[0] (net)                   3.0545
  execution_unit_0/alu_0/U26/A1 (XOR2X2_RVT)                           0.0405      1.0000              0.0000      5.7592 f    (60.68,59.85)
  execution_unit_0/alu_0/U26/Y (XOR2X2_RVT)                            0.0645      1.0000              0.1305      5.8897 r    (61.95,59.64)
  execution_unit_0/alu_0/op_src_inv[0] (net)        6      8.8944
  execution_unit_0/alu_0/add_1_root_add_100_2_C185/U1_0/A (FADDX1_RVT)
                                                                       0.0645      1.0000              0.0003      5.8900 r    (76.76,64.88)
  execution_unit_0/alu_0/add_1_root_add_100_2_C185/U1_0/CO (FADDX1_RVT)
                                                                       0.0533      1.0000              0.1206      6.0106 r    (75.29,64.56)
  execution_unit_0/alu_0/add_1_root_add_100_2_C185/carry[1] (net)
                                                    1      2.2185
  execution_unit_0/alu_0/add_1_root_add_100_2_C185/U1_1/CI (FADDX1_RVT)
                                                                       0.0533      1.0000              0.0000      6.0106 r    (69.47,66.57)
  execution_unit_0/alu_0/add_1_root_add_100_2_C185/U1_1/CO (FADDX1_RVT)
                                                                       0.0520      1.0000              0.1039      6.1145 r    (70.92,66.45)
  execution_unit_0/alu_0/add_1_root_add_100_2_C185/carry[2] (net)
                                                    1      2.0074
  execution_unit_0/alu_0/add_1_root_add_100_2_C185/U1_2/CI (FADDX1_RVT)
                                                                       0.0520      1.0000              0.0000      6.1145 r    (70.83,71.13)
  execution_unit_0/alu_0/add_1_root_add_100_2_C185/U1_2/CO (FADDX1_RVT)
                                                                       0.0521      1.0000              0.1035      6.2179 r    (72.28,71.24)
  execution_unit_0/alu_0/add_1_root_add_100_2_C185/carry[3] (net)
                                                    1      2.0092
  execution_unit_0/alu_0/add_1_root_add_100_2_C185/U1_3/CI (FADDX1_RVT)
                                                                       0.0521      1.0000              0.0000      6.2179 r    (74.03,74.47)
  execution_unit_0/alu_0/add_1_root_add_100_2_C185/U1_3/S (FADDX1_RVT)
                                                                       0.0566      1.0000              0.1628      6.3808 f    (75.16,74.66)
  execution_unit_0/alu_0/N13 (net)                  3      3.1195
  execution_unit_0/alu_0/U143/A3 (OA21X1_RVT)                          0.0566      1.0000              0.0000      6.3808 f    (76.93,74.76)
  execution_unit_0/alu_0/U143/Y (OA21X1_RVT)                           0.0301      1.0000              0.0739      6.4547 f    (77.46,74.67)
  execution_unit_0/alu_0/n9 (net)                   1      0.8737
  execution_unit_0/alu_0/U7/A2 (OR2X1_RVT)                             0.0301      1.0000              0.0000      6.4547 f    (78.25,74.59)
  execution_unit_0/alu_0/U7/Y (OR2X1_RVT)                              0.0549      1.0000              0.0755      6.5303 f    (78.67,74.74)
  execution_unit_0/alu_0/n4 (net)                   3      4.7992
  execution_unit_0/alu_0/U106/A1 (AND2X1_RVT)                          0.0549      1.0000              0.0000      6.5303 f    (79.97,71.43)
  execution_unit_0/alu_0/U106/Y (AND2X1_RVT)                           0.0336      1.0000              0.0710      6.6013 f    (80.49,71.36)
  execution_unit_0/alu_0/add_102_C185_aco/carry[2] (net)
                                                    1      1.8632
  execution_unit_0/alu_0/add_102_C185_aco/U1_2/CI (FADDX1_RVT)         0.0336      1.0000              0.0000      6.6013 f    (80.41,74.47)
  execution_unit_0/alu_0/add_102_C185_aco/U1_2/CO (FADDX1_RVT)         0.0459      1.0000              0.0897      6.6910 f    (81.86,74.59)
  execution_unit_0/alu_0/add_102_C185_aco/carry[3] (net)
                                                    2      2.4169
  execution_unit_0/alu_0/U104/A1 (AND2X1_RVT)                          0.0459      1.0000              0.0000      6.6910 f    (80.37,76.30)
  execution_unit_0/alu_0/U104/Y (AND2X1_RVT)                           0.0298      1.0000              0.0638      6.7548 f    (79.85,76.37)
  execution_unit_0/alu_0/add_102_C185_aco/carry[4] (net)
                                                    1      1.4354
  execution_unit_0/alu_0/U103/A2 (XOR2X1_RVT)                          0.0298      1.0000              0.0000      6.7548 f    (78.23,77.98)
  execution_unit_0/alu_0/U103/Y (XOR2X1_RVT)                           0.0514      1.0000              0.1314      6.8862 r    (76.96,78.06)
  execution_unit_0/alu_0/alu_dadd0[4]1 (net)        1      2.1629
  execution_unit_0/alu_0/add_1_root_add_100_2_C186/U1_0/CI (FADDX1_RVT)
                                                                       0.0514      1.0000              0.0000      6.8862 r    (73.11,81.16)
  execution_unit_0/alu_0/add_1_root_add_100_2_C186/U1_0/CO (FADDX1_RVT)
                                                                       0.0522      1.0000              0.1034      6.9897 r    (74.56,81.28)
  execution_unit_0/alu_0/add_1_root_add_100_2_C186/carry[1] (net)
                                                    1      2.0301
  execution_unit_0/alu_0/add_1_root_add_100_2_C186/U1_1/CI (FADDX1_RVT)
                                                                       0.0522      1.0000              0.0000      6.9897 r    (72.51,84.50)
  execution_unit_0/alu_0/add_1_root_add_100_2_C186/U1_1/CO (FADDX1_RVT)
                                                                       0.0523      1.0000              0.1037      7.0934 r    (73.96,84.62)
  execution_unit_0/alu_0/add_1_root_add_100_2_C186/carry[2] (net)
                                                    1      2.0352
  execution_unit_0/alu_0/add_1_root_add_100_2_C186/U1_2/CI (FADDX1_RVT)
                                                                       0.0523      1.0000              0.0000      7.0934 r    (71.90,87.85)
  execution_unit_0/alu_0/add_1_root_add_100_2_C186/U1_2/CO (FADDX1_RVT)
                                                                       0.0519      1.0000              0.1033      7.1968 r    (73.35,87.96)
  execution_unit_0/alu_0/add_1_root_add_100_2_C186/carry[3] (net)
                                                    1      1.9885
  execution_unit_0/alu_0/add_1_root_add_100_2_C186/U1_3/CI (FADDX1_RVT)
                                                                       0.0519      1.0000              0.0000      7.1968 r    (74.79,91.19)
  execution_unit_0/alu_0/add_1_root_add_100_2_C186/U1_3/S (FADDX1_RVT)
                                                                       0.0587      1.0000              0.1649      7.3616 f    (75.92,91.38)
  execution_unit_0/alu_0/N26 (net)                  3      3.4072
  execution_unit_0/alu_0/U162/A3 (OA21X1_RVT)                          0.0587      1.0000              0.0000      7.3617 f    (77.54,88.14)
  execution_unit_0/alu_0/U162/Y (OA21X1_RVT)                           0.0306      1.0000              0.0763      7.4380 f    (78.07,88.05)
  execution_unit_0/alu_0/n10 (net)                  1      1.0277
  execution_unit_0/alu_0/U6/A2 (OR2X1_RVT)                             0.0306      1.0000              0.0000      7.4380 f    (78.70,89.86)
  execution_unit_0/alu_0/U6/Y (OR2X1_RVT)                              0.0553      1.0000              0.0760      7.5139 f    (79.12,89.71)
  execution_unit_0/alu_0/n3 (net)                   3      4.8411
  execution_unit_0/alu_0/U91/A1 (AND2X1_RVT)                           0.0553      1.0000              0.0000      7.5140 f    (78.91,86.33)
  execution_unit_0/alu_0/U91/Y (AND2X1_RVT)                            0.0323      1.0000              0.0705      7.5845 f    (79.43,86.40)
  execution_unit_0/alu_0/add_102_C186_aco/carry[2] (net)
                                                    1      1.7689
  execution_unit_0/alu_0/add_102_C186_aco/U1_2/CI (FADDX1_RVT)         0.0323      1.0000              0.0000      7.5845 f    (81.78,86.63)
  execution_unit_0/alu_0/add_102_C186_aco/U1_2/CO (FADDX1_RVT)         0.0506      1.0000              0.0939      7.6784 f    (83.23,86.52)
  execution_unit_0/alu_0/add_102_C186_aco/carry[3] (net)
                                                    2      3.0121
  execution_unit_0/alu_0/U89/A1 (AND2X1_RVT)                           0.0506      1.0000              0.0000      7.6784 f    (78.39,91.50)
  execution_unit_0/alu_0/U89/Y (AND2X1_RVT)                            0.0327      1.0000              0.0688      7.7472 f    (77.88,91.42)
  execution_unit_0/alu_0/add_102_C186_aco/carry[4] (net)
                                                    1      1.8320
  execution_unit_0/alu_0/U88/A2 (XOR2X1_RVT)                           0.0327      1.0000              0.0000      7.7472 f    (78.39,98.04)
  execution_unit_0/alu_0/U88/Y (XOR2X1_RVT)                            0.0480      1.0000              0.1291      7.8763 r    (77.12,98.12)
  execution_unit_0/alu_0/alu_dadd1[4]1 (net)        1      1.7521
  execution_unit_0/alu_0/add_1_root_add_100_2_C187/U1_0/CI (FADDX1_RVT)
                                                                       0.0480      1.0000              0.0000      7.8763 r    (75.07,97.88)
  execution_unit_0/alu_0/add_1_root_add_100_2_C187/U1_0/CO (FADDX1_RVT)
                                                                       0.0626      1.0000              0.1113      7.9875 r    (73.62,98.00)
  execution_unit_0/alu_0/add_1_root_add_100_2_C187/carry[1] (net)
                                                    1      3.0814
  execution_unit_0/alu_0/add_1_root_add_100_2_C187/U1_1/CI (FADDX1_RVT)
                                                                       0.0626      1.0000              0.0001      7.9876 r    (69.45,110.04)
  execution_unit_0/alu_0/add_1_root_add_100_2_C187/U1_1/CO (FADDX1_RVT)
                                                                       0.0617      1.0000              0.1152      8.1028 r    (68.00,109.93)
  execution_unit_0/alu_0/add_1_root_add_100_2_C187/carry[2] (net)
                                                    1      3.0105
  execution_unit_0/alu_0/add_1_root_add_100_2_C187/U1_2/CI (FADDX1_RVT)
                                                                       0.0617      1.0000              0.0001      8.1029 r    (63.69,121.29)
  execution_unit_0/alu_0/add_1_root_add_100_2_C187/U1_2/CO (FADDX1_RVT)
                                                                       0.0510      1.0000              0.1033      8.2063 r    (65.14,121.40)
  execution_unit_0/alu_0/add_1_root_add_100_2_C187/carry[3] (net)
                                                    1      1.6978
  execution_unit_0/alu_0/add_1_root_add_100_2_C187/U1_3/CI (FADDX1_RVT)
                                                                       0.0510      1.0000              0.0000      8.2063 r    (66.73,121.29)
  execution_unit_0/alu_0/add_1_root_add_100_2_C187/U1_3/S (FADDX1_RVT)
                                                                       0.0631      1.0000              0.1680      8.3742 f    (67.86,121.48)
  execution_unit_0/alu_0/N39 (net)                  3      3.8718
  execution_unit_0/alu_0/U168/A3 (OA21X1_RVT)                          0.0631      1.0000              0.0000      8.3743 f    (71.26,123.13)
  execution_unit_0/alu_0/U168/Y (OA21X1_RVT)                           0.0319      1.0000              0.0788      8.4530 f    (70.72,123.22)
  execution_unit_0/alu_0/n11 (net)                  1      1.0588
  execution_unit_0/alu_0/U5/A2 (OR2X1_RVT)                             0.0319      1.0000              0.0000      8.4530 f    (72.17,124.75)
  execution_unit_0/alu_0/U5/Y (OR2X1_RVT)                              0.0559      1.0000              0.0768      8.5298 f    (72.59,124.90)
  execution_unit_0/alu_0/n2 (net)                   3      4.9093
  execution_unit_0/alu_0/U86/A1 (AND2X1_RVT)                           0.0559      1.0000              0.0000      8.5298 f    (75.20,121.59)
  execution_unit_0/alu_0/U86/Y (AND2X1_RVT)                            0.0341      1.0000              0.0713      8.6012 f    (74.68,121.52)
  execution_unit_0/alu_0/add_102_C187_aco/carry[2] (net)
                                                    1      1.8422
  execution_unit_0/alu_0/add_102_C187_aco/U1_2/CI (FADDX1_RVT)         0.0341      1.0000              0.0000      8.6012 f    (73.27,123.42)
  execution_unit_0/alu_0/add_102_C187_aco/U1_2/CO (FADDX1_RVT)         0.0493      1.0000              0.0932      8.6943 f    (74.71,123.30)
  execution_unit_0/alu_0/add_102_C187_aco/carry[3] (net)
                                                    2      2.8401
  execution_unit_0/alu_0/U84/A1 (AND2X1_RVT)                           0.0493      1.0000              0.0000      8.6944 f    (68.36,128.28)
  execution_unit_0/alu_0/U84/Y (AND2X1_RVT)                            0.0317      1.0000              0.0669      8.7612 f    (67.85,128.21)
  execution_unit_0/alu_0/add_102_C187_aco/carry[4] (net)
                                                    1      1.6474
  execution_unit_0/alu_0/U83/A2 (XOR2X1_RVT)                           0.0317      1.0000              0.0000      8.7612 f    (70.10,124.79)
  execution_unit_0/alu_0/U83/Y (XOR2X1_RVT)                            0.0510      1.0000              0.1319      8.8931 r    (71.37,124.87)
  execution_unit_0/alu_0/alu_dadd2[4]1 (net)        1      2.1063
  execution_unit_0/alu_0/add_1_root_add_100_2_C188/U1_0/CI (FADDX1_RVT)
                                                                       0.0510      1.0000              0.0000      8.8931 r    (70.07,120.07)
  execution_unit_0/alu_0/add_1_root_add_100_2_C188/U1_0/CO (FADDX1_RVT)
                                                                       0.0506      1.0000              0.1000      8.9931 r    (71.52,119.96)
  execution_unit_0/alu_0/add_1_root_add_100_2_C188/carry[1] (net)
                                                    1      1.7026
  execution_unit_0/alu_0/add_1_root_add_100_2_C188/U1_1/CI (FADDX1_RVT)
                                                                       0.0506      1.0000              0.0000      8.9931 r    (73.11,120.07)
  execution_unit_0/alu_0/add_1_root_add_100_2_C188/U1_1/CO (FADDX1_RVT)
                                                                       0.0491      1.0000              0.0997      9.0929 r    (74.56,119.96)
  execution_unit_0/alu_0/add_1_root_add_100_2_C188/carry[2] (net)
                                                    1      1.6895
  execution_unit_0/alu_0/add_1_root_add_100_2_C188/U1_2/CI (FADDX1_RVT)
                                                                       0.0491      1.0000              0.0000      9.0929 r    (76.00,120.07)
  execution_unit_0/alu_0/add_1_root_add_100_2_C188/U1_2/CO (FADDX1_RVT)
                                                                       0.0528      1.0000              0.1033      9.1961 r    (77.45,119.96)
  execution_unit_0/alu_0/add_1_root_add_100_2_C188/carry[3] (net)
                                                    1      2.0979
  execution_unit_0/alu_0/add_1_root_add_100_2_C188/U1_3/CI (FADDX1_RVT)
                                                                       0.0528      1.0000              0.0000      9.1962 r    (80.26,116.73)
  execution_unit_0/alu_0/add_1_root_add_100_2_C188/U1_3/S (FADDX1_RVT)
                                                                       0.0589      1.0000              0.1652      9.3613 f    (81.39,116.54)
  execution_unit_0/alu_0/N52 (net)                  3      3.4147
  execution_unit_0/alu_0/U173/A3 (OA21X1_RVT)                          0.0589      1.0000              0.0000      9.3614 f    (84.22,119.78)
  execution_unit_0/alu_0/U173/Y (OA21X1_RVT)                           0.0303      1.0000              0.0759      9.4373 f    (84.75,119.87)
  execution_unit_0/alu_0/n12 (net)                  1      0.9661
  execution_unit_0/alu_0/U4/A2 (OR2X1_RVT)                             0.0303      1.0000              0.0000      9.4373 f    (82.86,119.95)
  execution_unit_0/alu_0/U4/Y (OR2X1_RVT)                              0.0565      1.0000              0.0767      9.5139 f    (82.44,119.81)
  execution_unit_0/alu_0/n1 (net)                   3      4.9796
  execution_unit_0/alu_0/U81/A1 (AND2X1_RVT)                           0.0565      1.0000              0.0000      9.5140 f    (81.95,123.11)
  execution_unit_0/alu_0/U81/Y (AND2X1_RVT)                            0.0324      1.0000              0.0710      9.5849 f    (82.47,123.19)
  execution_unit_0/alu_0/add_102_C188_aco/carry[2] (net)
                                                    1      1.7546
  execution_unit_0/alu_0/add_102_C188_aco/U1_2/CI (FADDX1_RVT)         0.0324      1.0000              0.0000      9.5849 f    (84.67,123.42)
  execution_unit_0/alu_0/add_102_C188_aco/U1_2/S (FADDX1_RVT)          0.0521      1.0000              0.1010      9.6859 f    (85.80,123.22)
  execution_unit_0/alu_0/alu_dadd3[2] (net)         1      2.6269
  execution_unit_0/alu_0/U207/A1 (AO222X1_RVT)                         0.0521      1.0000              0.0001      9.6860 f    (83.17,104.87)
  execution_unit_0/alu_0/U207/Y (AO222X1_RVT)                          0.0492      1.0000              0.1257      9.8117 f    (84.51,104.81)
  execution_unit_0/alu_0/alu_out[14] (net)          2      3.1695
  execution_unit_0/alu_0/alu_out[14] (omsp_alu)                        0.0492      1.0000              0.0000      9.8117 f    (hierarchical)    h
  execution_unit_0/alu_out[14] (net)                       3.1695
  execution_unit_0/clockcopt_h_inst_5703/A (DELLN2X2_RVT)              0.0492      1.0000              0.0001      9.8117 f    (91.45,91.33)
  execution_unit_0/clockcopt_h_inst_5703/Y (DELLN2X2_RVT)              0.0301      1.0000              0.3168     10.1286 f    (94.78,91.42)
  execution_unit_0/copt_net_1832 (net)              2      2.0983
  execution_unit_0/register_file_0/reg_dest_val[14] (omsp_register_file)
                                                                       0.0301      1.0000              0.0000     10.1286 f    (hierarchical)    h
  execution_unit_0/register_file_0/reg_dest_val[14] (net)
                                                           2.0983
  execution_unit_0/register_file_0/U55/A1 (AND2X4_RVT)                 0.0301      1.0000              0.0000     10.1286 f    (91.01,89.82)
  execution_unit_0/register_file_0/U55/Y (AND2X4_RVT)                  0.0867      1.0000              0.1192     10.2478 f    (91.59,89.75)
  execution_unit_0/register_file_0/pc_sw[14] (net)
                                                   15     26.0154
  execution_unit_0/register_file_0/pc_sw[14] (omsp_register_file)      0.0867      1.0000              0.0000     10.2478 f    (hierarchical)    h
  execution_unit_0/pc_sw[14] (net)                        26.0154
  execution_unit_0/pc_sw[14] (omsp_execution_unit)                     0.0867      1.0000              0.0000     10.2478 f    (hierarchical)    h
  pc_sw[14] (net)                                         26.0154
  frontend_0/pc_sw[14] (omsp_frontend)                                 0.0867      1.0000              0.0000     10.2478 f    (hierarchical)    h
  frontend_0/pc_sw[14] (net)                              26.0154
  frontend_0/U25/A3 (AO221X1_RVT)                                      0.0865      1.0000              0.0000     10.2478 f    (88.48,73.71)
  frontend_0/U25/Y (AO221X1_RVT)                                       0.0561      1.0000              0.1314     10.3792 f    (89.23,73.01)
  frontend_0/mab[14] (net)                          3      3.7901
  frontend_0/mab[14] (omsp_frontend)                                   0.0561      1.0000              0.0000     10.3792 f    (hierarchical)    h
  fe_mab[14] (net)                                         3.7901
  mem_backbone_0/fe_mab[13] (omsp_mem_backbone)                        0.0561      1.0000              0.0000     10.3792 f    (hierarchical)    h
  mem_backbone_0/fe_mab[13] (net)                          3.7901
  mem_backbone_0/U24/A4 (AND4X1_RVT)                                   0.0561      1.0000              0.0001     10.3792 f    (90.40,83.14)
  mem_backbone_0/U24/Y (AND4X1_RVT)                                    0.0459      1.0000              0.1171     10.4963 f    (89.43,83.06)
  mem_backbone_0/fe_pmem_sel (net)                  1      1.4778
  mem_backbone_0/U179/A1 (NAND2X2_RVT)                                 0.0459      1.0000              0.0000     10.4963 f    (84.46,79.64)
  mem_backbone_0/U179/Y (NAND2X2_RVT)                                  0.0567      1.0000              0.1092     10.6056 r    (85.28,79.72)
  mem_backbone_0/n11 (net)                          3      9.3702
  mem_backbone_0/U174/A2 (NAND4X0_RVT)                                 0.0567      1.0000              0.0002     10.6058 r    (91.31,114.75)
  mem_backbone_0/U174/Y (NAND4X0_RVT)                                  0.2018      1.0000              0.1540     10.7598 f    (91.32,114.83)
  mem_backbone_0/n14 (net)                          3      4.8894
  mem_backbone_0/U39/A1 (AND2X2_RVT)                                   0.2018      1.0000              0.0000     10.7599 f    (93.96,114.90)
  mem_backbone_0/U39/Y (AND2X2_RVT)                                    0.0530      1.0000              0.1213     10.8812 f    (94.47,114.83)
  mem_backbone_0/n10 (net)                          1      1.0325
  mem_backbone_0/clockZBUF_inst_5979/A (NBUFFX4_RVT)                   0.0530      1.0000              0.0000     10.8812 f    (92.29,114.73)
  mem_backbone_0/clockZBUF_inst_5979/Y (NBUFFX4_RVT)                   0.0489      1.0000              0.0799     10.9611 f    (92.96,114.83)
  mem_backbone_0/clockZBUF_23 (net)                12     15.6043
  mem_backbone_0/U37/A4 (AO222X2_RVT)                                  0.0489      1.0000              0.0002     10.9613 f    (95.18,111.57)
  mem_backbone_0/U37/Y (AO222X2_RVT)                                   0.0661      1.0000              0.1283     11.0897 f    (96.22,111.48)
  mem_backbone_0/pmem_addr[10] (net)                1      9.2444
  mem_backbone_0/pmem_addr[10] (omsp_mem_backbone)                     0.0661      1.0000              0.0000     11.0897 f    (hierarchical)    h
  pmem_addr[10] (net)                                      9.2444
  pmem_addr[10] (out)                                                  0.0664      1.0000              0.0010     11.0907 f    (211.88,110.50)
  data arrival time                                                                                               11.0907

  clock dco_clk (rise edge)                                                                           40.0000     40.0000
  clock network delay (ideal)                                                                          0.1000     40.1000
  output external delay                                                                               -0.6400     39.4600
  data required time                                                                                              39.4600
  ----------------------------------------------------------------------------------------------------------------------------------------------------------------
  data required time                                                                                              39.4600
  data arrival time                                                                                              -11.0907
  ----------------------------------------------------------------------------------------------------------------------------------------------------------------
  slack (MET)                                                                                                     28.3693



  Startpoint: pmem_dout[8] (input port clocked by dco_clk)
  Endpoint: clock_module_0/sync_cell_dco_wkup/data_sync_reg[1] (recovery check against rising-edge clock clocked by dco_clk')
  Mode: func
  Corner: fast
  Scenario: func_fast
  Path Group: REGIN
  Path Type: max


Attributes
    b - black-box (unknown)
    s - size_only
    d - dont_touch
    u - dont_use
    g - generic
    h - hierarchical
    i - ideal
    n - noncombinational
    E - extracted timing model
    Q - Quick timing model


  Point                                          Fanout     Cap        Trans      Derate    Delta       Incr        Path           Location       Attributes
  ----------------------------------------------------------------------------------------------------------------------------------------------------------------
  clock dco_clk (rise edge)                                                                            0.0000      0.0000
  clock network delay (ideal)                                                                          0.3057      0.3057
  input external delay                                                                                 2.2500      2.5557

  pmem_dout[8] (in)                                                    0.0243      1.0000              0.0086      2.5642 f    (0.14,68.85)
  pmem_dout[8] (net)                                1      2.1001
  mem_backbone_0/pmem_dout[8] (omsp_mem_backbone)                      0.0243      1.0000              0.0086      2.5642 f    (hierarchical)    h
  mem_backbone_0/pmem_dout[8] (net)                        2.1001
  mem_backbone_0/clockcopt_h_inst_5132/A (DELLN3X2_RVT)                0.0243      1.0000              0.0001      2.5643 f    (18.03,64.58)
  mem_backbone_0/clockcopt_h_inst_5132/Y (DELLN3X2_RVT)                0.0299      1.0000              0.5207      3.0850 f    (23.19,64.67)
  mem_backbone_0/copt_net_1277 (net)                1      2.0398
  mem_backbone_0/clockcopt_h_inst_5131/A (DELLN3X2_RVT)                0.0299      1.0000              0.0000      3.0851 f    (16.51,76.46)
  mem_backbone_0/clockcopt_h_inst_5131/Y (DELLN3X2_RVT)                0.0511      1.0000              0.5433      3.6284 f    (21.67,76.37)
  mem_backbone_0/copt_net_1276 (net)                4      8.0284
  mem_backbone_0/U101/A5 (AO222X1_RVT)                                 0.0511      1.0000              0.0003      3.6287 f    (32.09,109.88)
  mem_backbone_0/U101/Y (AO222X1_RVT)                                  0.0394      1.0000              0.0756      3.7043 f    (32.68,109.80)
  mem_backbone_0/eu_mdb_in[8] (net)                 1      1.9739
  mem_backbone_0/eu_mdb_in[8] (omsp_mem_backbone)                      0.0394      1.0000              0.0000      3.7043 f    (hierarchical)    h
  eu_mdb_in[8] (net)                                       1.9739
  execution_unit_0/mdb_in[8] (omsp_execution_unit)                     0.0394      1.0000              0.0000      3.7043 f    (hierarchical)    h
  execution_unit_0/mdb_in[8] (net)                         1.9739
  execution_unit_0/clockcopt_h_inst_4595/A (DELLN3X2_RVT)              0.0394      1.0000              0.0000      3.7043 f    (40.23,101.36)
  execution_unit_0/clockcopt_h_inst_4595/Y (DELLN3X2_RVT)              0.0269      1.0000              0.5248      4.2292 f    (45.38,101.46)
  execution_unit_0/copt_net_752 (net)               1      1.1669
  execution_unit_0/clockcopt_h_inst_4594/A (DELLN3X2_RVT)              0.0269      1.0000              0.0000      4.2292 f    (39.47,99.87)
  execution_unit_0/clockcopt_h_inst_4594/Y (DELLN3X2_RVT)              0.0397      1.0000              0.5322      4.7613 f    (44.62,99.78)
  execution_unit_0/copt_net_751 (net)               4      4.9109
  execution_unit_0/U177/A2 (AO22X1_RVT)                                0.0397      1.0000              0.0000      4.7614 f    (38.32,98.31)
  execution_unit_0/U177/Y (AO22X1_RVT)                                 0.0275      1.0000              0.0804      4.8417 f    (39.06,98.13)
  execution_unit_0/mdb_in_bw[0] (net)               1      1.0052
  execution_unit_0/clockcopt_h_inst_5804/A (DELLN1X2_RVT)              0.0275      1.0000              0.0000      4.8417 f    (39.01,93.18)
  execution_unit_0/clockcopt_h_inst_5804/Y (DELLN1X2_RVT)              0.0245      1.0000              0.2162      5.0579 f    (41.43,93.09)
  execution_unit_0/copt_net_1929 (net)              1      0.5759
  execution_unit_0/clockcopt_h_inst_5803/A (DELLN3X2_RVT)              0.0245      1.0000              0.0000      5.0579 f    (42.05,93.18)
  execution_unit_0/clockcopt_h_inst_5803/Y (DELLN3X2_RVT)              0.0429      1.0000              0.5335      5.5914 f    (47.20,93.09)
  execution_unit_0/copt_net_1928 (net)              3      5.7728
  execution_unit_0/U90/A4 (AO222X1_RVT)                                0.0429      1.0000              0.0002      5.5917 f    (47.29,61.47)
  execution_unit_0/U90/Y (AO222X1_RVT)                                 0.0333      1.0000              0.0927      5.6844 f    (48.34,61.33)
  execution_unit_0/n78 (net)                        1      1.2256
  execution_unit_0/U86/A1 (OR2X1_RVT)                                  0.0333      1.0000              0.0000      5.6844 f    (52.76,59.68)
  execution_unit_0/U86/Y (OR2X1_RVT)                                   0.0405      1.0000              0.0748      5.7592 f    (53.44,59.62)
  execution_unit_0/op_src[0] (net)                  2      3.0545
  execution_unit_0/alu_0/op_src[0] (omsp_alu)                          0.0405      1.0000              0.0000      5.7592 f    (hierarchical)    h
  execution_unit_0/alu_0/op_src[0] (net)                   3.0545
  execution_unit_0/alu_0/U26/A1 (XOR2X2_RVT)                           0.0405      1.0000              0.0000      5.7592 f    (60.68,59.85)
  execution_unit_0/alu_0/U26/Y (XOR2X2_RVT)                            0.0645      1.0000              0.1305      5.8897 r    (61.95,59.64)
  execution_unit_0/alu_0/op_src_inv[0] (net)        6      8.8944
  execution_unit_0/alu_0/add_1_root_add_100_2_C185/U1_0/A (FADDX1_RVT)
                                                                       0.0645      1.0000              0.0003      5.8900 r    (76.76,64.88)
  execution_unit_0/alu_0/add_1_root_add_100_2_C185/U1_0/CO (FADDX1_RVT)
                                                                       0.0533      1.0000              0.1206      6.0106 r    (75.29,64.56)
  execution_unit_0/alu_0/add_1_root_add_100_2_C185/carry[1] (net)
                                                    1      2.2185
  execution_unit_0/alu_0/add_1_root_add_100_2_C185/U1_1/CI (FADDX1_RVT)
                                                                       0.0533      1.0000              0.0000      6.0106 r    (69.47,66.57)
  execution_unit_0/alu_0/add_1_root_add_100_2_C185/U1_1/CO (FADDX1_RVT)
                                                                       0.0520      1.0000              0.1039      6.1145 r    (70.92,66.45)
  execution_unit_0/alu_0/add_1_root_add_100_2_C185/carry[2] (net)
                                                    1      2.0074
  execution_unit_0/alu_0/add_1_root_add_100_2_C185/U1_2/CI (FADDX1_RVT)
                                                                       0.0520      1.0000              0.0000      6.1145 r    (70.83,71.13)
  execution_unit_0/alu_0/add_1_root_add_100_2_C185/U1_2/CO (FADDX1_RVT)
                                                                       0.0521      1.0000              0.1035      6.2179 r    (72.28,71.24)
  execution_unit_0/alu_0/add_1_root_add_100_2_C185/carry[3] (net)
                                                    1      2.0092
  execution_unit_0/alu_0/add_1_root_add_100_2_C185/U1_3/CI (FADDX1_RVT)
                                                                       0.0521      1.0000              0.0000      6.2179 r    (74.03,74.47)
  execution_unit_0/alu_0/add_1_root_add_100_2_C185/U1_3/S (FADDX1_RVT)
                                                                       0.0566      1.0000              0.1628      6.3808 f    (75.16,74.66)
  execution_unit_0/alu_0/N13 (net)                  3      3.1195
  execution_unit_0/alu_0/U143/A3 (OA21X1_RVT)                          0.0566      1.0000              0.0000      6.3808 f    (76.93,74.76)
  execution_unit_0/alu_0/U143/Y (OA21X1_RVT)                           0.0301      1.0000              0.0739      6.4547 f    (77.46,74.67)
  execution_unit_0/alu_0/n9 (net)                   1      0.8737
  execution_unit_0/alu_0/U7/A2 (OR2X1_RVT)                             0.0301      1.0000              0.0000      6.4547 f    (78.25,74.59)
  execution_unit_0/alu_0/U7/Y (OR2X1_RVT)                              0.0549      1.0000              0.0755      6.5303 f    (78.67,74.74)
  execution_unit_0/alu_0/n4 (net)                   3      4.7992
  execution_unit_0/alu_0/U106/A1 (AND2X1_RVT)                          0.0549      1.0000              0.0000      6.5303 f    (79.97,71.43)
  execution_unit_0/alu_0/U106/Y (AND2X1_RVT)                           0.0336      1.0000              0.0710      6.6013 f    (80.49,71.36)
  execution_unit_0/alu_0/add_102_C185_aco/carry[2] (net)
                                                    1      1.8632
  execution_unit_0/alu_0/add_102_C185_aco/U1_2/CI (FADDX1_RVT)         0.0336      1.0000              0.0000      6.6013 f    (80.41,74.47)
  execution_unit_0/alu_0/add_102_C185_aco/U1_2/CO (FADDX1_RVT)         0.0459      1.0000              0.0897      6.6910 f    (81.86,74.59)
  execution_unit_0/alu_0/add_102_C185_aco/carry[3] (net)
                                                    2      2.4169
  execution_unit_0/alu_0/U104/A1 (AND2X1_RVT)                          0.0459      1.0000              0.0000      6.6910 f    (80.37,76.30)
  execution_unit_0/alu_0/U104/Y (AND2X1_RVT)                           0.0298      1.0000              0.0638      6.7548 f    (79.85,76.37)
  execution_unit_0/alu_0/add_102_C185_aco/carry[4] (net)
                                                    1      1.4354
  execution_unit_0/alu_0/U103/A2 (XOR2X1_RVT)                          0.0298      1.0000              0.0000      6.7548 f    (78.23,77.98)
  execution_unit_0/alu_0/U103/Y (XOR2X1_RVT)                           0.0500      1.0000              0.1132      6.8680 f    (76.96,78.06)
  execution_unit_0/alu_0/alu_dadd0[4]1 (net)        1      2.1584
  execution_unit_0/alu_0/add_1_root_add_100_2_C186/U1_0/CI (FADDX1_RVT)
                                                                       0.0500      1.0000              0.0000      6.8680 f    (73.11,81.16)
  execution_unit_0/alu_0/add_1_root_add_100_2_C186/U1_0/S (FADDX1_RVT)
                                                                       0.0412      1.0000              0.1508      7.0188 r    (74.25,81.35)
  execution_unit_0/alu_0/alu_dadd1[0] (net)         1      1.2218
  execution_unit_0/alu_0/U17/A1 (AO222X1_RVT)                          0.0412      1.0000              0.0000      7.0188 r    (79.21,79.64)
  execution_unit_0/alu_0/U17/Y (AO222X1_RVT)                           0.0496      1.0000              0.1334      7.1523 r    (80.56,79.71)
  execution_unit_0/alu_0/aps_rename_20_ (net)       1      1.0088
  execution_unit_0/alu_0/clockcopt_h_inst_5229/A (DELLN3X2_RVT)        0.0496      1.0000              0.0000      7.1523 r    (84.61,81.30)
  execution_unit_0/alu_0/clockcopt_h_inst_5229/Y (DELLN3X2_RVT)        0.0566      1.0000              0.4610      7.6132 r    (89.76,81.39)
  execution_unit_0/alu_0/alu_out[4] (net)           5      9.4823
  execution_unit_0/alu_0/alu_out[4] (omsp_alu)                         0.0566      1.0000              0.0000      7.6132 r    (hierarchical)    h
  execution_unit_0/placeHFSNET_68 (net)                    9.4823
  execution_unit_0/register_file_0/placeHFSNET_68 (omsp_register_file)
                                                                       0.0566      1.0000              0.0000      7.6132 r    (hierarchical)    h
  execution_unit_0/register_file_0/placeHFSNET_68 (net)    9.4823
  execution_unit_0/register_file_0/U399/A1 (AO21X2_RVT)                0.0566      1.0000              0.0005      7.6137 r    (105.14,41.34)
  execution_unit_0/register_file_0/U399/Y (AO21X2_RVT)                 0.0734      1.0000              0.1303      7.7440 r    (105.79,41.28)
  execution_unit_0/register_file_0/cpuoff (net)     5      8.8153
  execution_unit_0/register_file_0/cpuoff (omsp_register_file)         0.0734      1.0000              0.0000      7.7440 r    (hierarchical)    h
  execution_unit_0/cpuoff (net)                            8.8153
  execution_unit_0/cpuoff (omsp_execution_unit)                        0.0734      1.0000              0.0000      7.7440 r    (hierarchical)    h
  cpuoff (net)                                             8.8153
  frontend_0/cpuoff (omsp_frontend)                                    0.0734      1.0000              0.0000      7.7440 r    (hierarchical)    h
  frontend_0/cpuoff (net)                                  8.8153
  frontend_0/U69/A2 (NAND2X0_RVT)                                      0.0734      1.0000              0.0006      7.7446 r    (69.19,24.46)
  frontend_0/U69/Y (NAND2X0_RVT)                                       0.0513      1.0000              0.0528      7.7974 f    (69.32,24.53)
  frontend_0/n74 (net)                              1      1.0171
  frontend_0/U68/A4 (AO22X1_RVT)                                       0.0513      1.0000              0.0000      7.7974 f    (73.43,24.31)
  frontend_0/U68/Y (AO22X1_RVT)                                        0.0531      1.0000              0.0872      7.8846 f    (74.02,24.56)
  frontend_0/mclk_enable (net)                      2      4.1964
  frontend_0/mclk_enable (omsp_frontend)                               0.0531      1.0000              0.0000      7.8846 f    (hierarchical)    h
  placeHFSNET_62 (net)                                     4.1964
  clock_module_0/placeHFSNET_62 (omsp_clock_module)                    0.0531      1.0000              0.0000      7.8846 f    (hierarchical)    h
  clock_module_0/placeHFSNET_62 (net)                      4.1964
  clock_module_0/and_cpuoff_mclk_en/b (omsp_and_gate_0)                0.0531      1.0000              0.0000      7.8846 f    (hierarchical)    h
  clock_module_0/and_cpuoff_mclk_en/b (net)                4.1964
  clock_module_0/and_cpuoff_mclk_en/U1/A1 (AND2X2_RVT)                 0.0531      1.0000              0.0001      7.8847 f    (81.19,39.51)
  clock_module_0/and_cpuoff_mclk_en/U1/Y (AND2X2_RVT)                  0.0592      1.0000              0.1000      7.9847 f    (81.71,39.59)
  clock_module_0/and_cpuoff_mclk_en/y (net)         1      8.9236
  clock_module_0/and_cpuoff_mclk_en/y (omsp_and_gate_0)                0.0592      1.0000              0.0000      7.9847 f    (hierarchical)    h
  clock_module_0/cpuoff_and_mclk_enable (net)              8.9236
  clock_module_0/and_dco_dis1/b (omsp_and_gate_21)                     0.0592      1.0000              0.0000      7.9847 f    (hierarchical)    h
  clock_module_0/and_dco_dis1/b (net)                      8.9236
  clock_module_0/and_dco_dis1/U1/A1 (AND2X1_RVT)                       0.0592      1.0000              0.0007      7.9855 f    (87.12,119.77)
  clock_module_0/and_dco_dis1/U1/Y (AND2X1_RVT)                        0.0266      1.0000              0.0667      8.0522 f    (87.64,119.84)
  clock_module_0/and_dco_dis1/y (net)               1      0.9808
  clock_module_0/and_dco_dis1/y (omsp_and_gate_21)                     0.0266      1.0000              0.0000      8.0522 f    (hierarchical)    h
  clock_module_0/cpu_enabled_with_dco (net)                0.9808
  clock_module_0/U55/A2 (NOR2X0_RVT)                                   0.0266      1.0000              0.0000      8.0522 f    (88.12,121.32)
  clock_module_0/U55/Y (NOR2X0_RVT)                                    0.0223      1.0000              0.0708      8.1230 r    (88.85,121.52)
  clock_module_0/n117 (net)                         1      0.9385
  clock_module_0/and_dco_dis2/b (omsp_and_gate_20)                     0.0223      1.0000              0.0000      8.1230 r    (hierarchical)    h
  clock_module_0/and_dco_dis2/b (net)                      0.9385
  clock_module_0/and_dco_dis2/U1/A1 (AND2X1_RVT)                       0.0223      1.0000              0.0000      8.1230 r    (91.53,121.59)
  clock_module_0/and_dco_dis2/U1/Y (AND2X1_RVT)                        0.0266      1.0000              0.0490      8.1720 r    (92.04,121.52)
  clock_module_0/and_dco_dis2/y (net)               1      0.9277
  clock_module_0/and_dco_dis2/y (omsp_and_gate_20)                     0.0266      1.0000              0.0000      8.1720 r    (hierarchical)    h
  clock_module_0/dco_not_enabled_by_dbg (net)              0.9277
  clock_module_0/and_dco_dis3/b (omsp_and_gate_19)                     0.0266      1.0000              0.0000      8.1720 r    (hierarchical)    h
  clock_module_0/and_dco_dis3/b (net)                      0.9277
  clock_module_0/and_dco_dis3/U1/A1 (AND2X1_RVT)                       0.0266      1.0000              0.0000      8.1720 r    (92.68,119.77)
  clock_module_0/and_dco_dis3/U1/Y (AND2X1_RVT)                        0.0283      1.0000              0.0526      8.2246 r    (92.17,119.84)
  clock_module_0/and_dco_dis3/y (net)               1      1.2605
  clock_module_0/and_dco_dis3/y (omsp_and_gate_19)                     0.0283      1.0000              0.0000      8.2246 r    (hierarchical)    h
  clock_module_0/dco_disable_by_scg0 (net)                 1.2605
  clock_module_0/U45/A (IBUFFX16_RVT)                                  0.0283      1.0000              0.0000      8.2246 r    (91.46,123.29)
  clock_module_0/U45/Y (IBUFFX16_RVT)                                  0.0207      1.0000              0.0683      8.2929 f    (89.28,123.18)
  clock_module_0/n23 (net)                          1      1.2410
  clock_module_0/and_dco_dis5/a (omsp_and_gate_17)                     0.0207      1.0000              0.0000      8.2929 f    (hierarchical)    h
  clock_module_0/and_dco_dis5/a (net)                      1.2410
  clock_module_0/and_dco_dis5/U1/A2 (AND2X1_RVT)                       0.0207      1.0000              0.0000      8.2929 f    (87.57,128.13)
  clock_module_0/and_dco_dis5/U1/Y (AND2X1_RVT)                        0.0373      1.0000              0.0632      8.3561 f    (88.24,128.21)
  clock_module_0/and_dco_dis5/y (net)               2      2.6532
  clock_module_0/and_dco_dis5/y (omsp_and_gate_17)                     0.0373      1.0000              0.0000      8.3561 f    (hierarchical)    h
  clock_module_0/dco_enable_nxt (net)                      2.6532
  clock_module_0/and_dco_en_wkup/b (omsp_and_gate_15)                  0.0373      1.0000              0.0000      8.3561 f    (hierarchical)    h
  clock_module_0/and_dco_en_wkup/b (net)                   2.6532
  clock_module_0/and_dco_en_wkup/U1/A1 (AND2X1_RVT)                    0.0373      1.0000              0.0000      8.3562 f    (92.83,123.11)
  clock_module_0/and_dco_en_wkup/U1/Y (AND2X1_RVT)                     0.0315      1.0000              0.0632      8.4193 f    (92.32,123.19)
  clock_module_0/and_dco_en_wkup/y (net)            1      1.9163
  clock_module_0/and_dco_en_wkup/y (omsp_and_gate_15)                  0.0315      1.0000              0.0000      8.4193 f    (hierarchical)    h
  clock_module_0/dco_en_wkup (net)                         1.9163
  clock_module_0/U120/A3 (OR3X1_RVT)                                   0.0315      1.0000              0.0000      8.4194 f    (89.85,133.41)
  clock_module_0/U120/Y (OR3X1_RVT)                                    0.0364      1.0000              0.0690      8.4884 f    (89.43,133.22)
  clock_module_0/N169 (net)                         2      1.9256
  clock_module_0/U112/A1 (OR2X1_RVT)                                   0.0364      1.0000              0.0000      8.4884 f    (88.74,133.25)
  clock_module_0/U112/Y (OR2X1_RVT)                                    0.0240      1.0000              0.0628      8.5512 f    (88.06,133.18)
  clock_module_0/_9_net_ (net)                      1      1.0271
  clock_module_0/scan_mux_dco_wkup/data_in_func (omsp_scan_mux_1)      0.0240      1.0000              0.0000      8.5512 f    (hierarchical)    h
  clock_module_0/scan_mux_dco_wkup/data_in_func (net)      1.0271
  clock_module_0/scan_mux_dco_wkup/U2/A3 (AO22X1_RVT)                  0.0240      1.0000              0.0000      8.5512 f    (86.50,130.56)
  clock_module_0/scan_mux_dco_wkup/U2/Y (AO22X1_RVT)                   0.0338      1.0000              0.0579      8.6090 f    (86.94,129.86)
  clock_module_0/scan_mux_dco_wkup/data_out (net)
                                                    1      1.8266
  clock_module_0/scan_mux_dco_wkup/data_out (omsp_scan_mux_1)          0.0338      1.0000              0.0000      8.6090 f    (hierarchical)    h
  clock_module_0/dco_wkup_set_scan (net)                   1.8266
  clock_module_0/sync_cell_dco_wkup/rst (omsp_sync_cell_0)             0.0338      1.0000              0.0000      8.6090 f    (hierarchical)    h
  clock_module_0/sync_cell_dco_wkup/rst (net)              1.8266
  clock_module_0/sync_cell_dco_wkup/U3/A (IBUFFX32_RVT)                0.0338      1.0000              0.0000      8.6091 f    (86.90,126.63)
  clock_module_0/sync_cell_dco_wkup/U3/Y (IBUFFX32_RVT)                0.0213      1.0000              0.0716      8.6807 r    (90.83,126.53)
  clock_module_0/sync_cell_dco_wkup/n1 (net)        2      3.0383
  clock_module_0/sync_cell_dco_wkup/data_sync_reg[1]/RSTB (DFFARX1_RVT)
                                                                       0.0213      1.0000              0.0000      8.6807 r    (96.52,120.84)    s, n
  data arrival time                                                                                                8.6807

  clock dco_clk' (rise edge)                                                                          20.0000     20.0000
  source latency                                                                                       0.0000     20.0000
  dco_clk (in)                                                         0.0000      1.0000              0.0000     20.0000 f    (157.77,211.12)
  dco_clk (net)                                     4     23.7998                                                                                d
  cts_inv_8993272/A (IBUFFX2_RVT)                                      0.0003      1.0000              0.0001     20.0001 f    (155.37,196.85)
  cts_inv_8993272/Y (IBUFFX2_RVT)                                      0.0078      1.0000              0.0186     20.0186 r    (156.19,196.75)
  ctsbuf_net_1941 (net)                             1      0.7023                                                                                d
  cts_inv_8943267/A (IBUFFX8_RVT)                                      0.0078      1.0000              0.0000     20.0186 r    (155.07,198.34)
  cts_inv_8943267/Y (IBUFFX8_RVT)                                      0.0210      1.0000              0.0300     20.0486 f    (156.49,198.43)
  ctsbuf_net_1840 (net)                            17     28.0053                                                                                d
  clock_module_0/dco_clk (omsp_clock_module)                           0.0210      1.0000              0.0000     20.0486 f    (hierarchical)    h
  clock_module_0/dco_clk (net)                     17     28.0053                                                                                d
  clock_module_0/clock_gate_smclk/p_abuf1 (omsp_clock_gate_31)         0.0210      1.0000              0.0000     20.0486 f    (hierarchical)    h
  clock_module_0/clock_gate_smclk/p_abuf1 (net)    17     28.0053                                                                                d
  clock_module_0/clock_gate_smclk/U2/A (INVX2_RVT)                     0.0221      1.0000              0.0034     20.0520 f    (115.47,134.79)
  clock_module_0/clock_gate_smclk/U2/Y (INVX2_RVT)                     0.0232      1.0000              0.0188     20.0708 r    (115.60,134.90)
  clock_module_0/clock_gate_smclk/n2 (net)          6     10.3155                                                                                d
  clock_module_0/clock_gate_smclk/n2 (omsp_clock_gate_31)              0.0232      1.0000              0.0000     20.0708 r    (hierarchical)    h
  clock_module_0/cts0 (net)                         6     10.3155                                                                                d
  clock_module_0/sync_cell_dco_wkup/clk (omsp_sync_cell_0)             0.0232      1.0000              0.0000     20.0708 r    (hierarchical)    h
  clock_module_0/sync_cell_dco_wkup/clk (net)       6     10.3155                                                                                d
  clock_module_0/sync_cell_dco_wkup/data_sync_reg[1]/CLK (DFFARX1_RVT)
                                                                       0.0232      1.0000              0.0003     20.0711 r    (94.87,122.18)    s, n

  library setup time                                                               1.0000              0.0405     20.1116
  data required time                                                                                              20.1116
  ----------------------------------------------------------------------------------------------------------------------------------------------------------------
  data required time                                                                                              20.1116
  data arrival time                                                                                               -8.6807
  ----------------------------------------------------------------------------------------------------------------------------------------------------------------
  slack (MET)                                                                                                     11.4309



  Startpoint: frontend_0/inst_dest_bin_reg[0] (rising edge-triggered flip-flop clocked by dco_clk)
  Endpoint: pmem_addr[10] (output port clocked by dco_clk)
  Mode: func
  Corner: fast
  Scenario: func_fast
  Path Group: REGOUT
  Path Type: max


Attributes
    b - black-box (unknown)
    s - size_only
    d - dont_touch
    u - dont_use
    g - generic
    h - hierarchical
    i - ideal
    n - noncombinational
    E - extracted timing model
    Q - Quick timing model


  Point                                          Fanout     Cap        Trans      Derate    Delta       Incr        Path           Location       Attributes
  ----------------------------------------------------------------------------------------------------------------------------------------------------------------
  clock dco_clk (rise edge)                                                                            0.0000      0.0000
  source latency                                                                                       0.0000      0.0000
  dco_clk (in)                                                         0.0000      1.0000              0.0000      0.0000 r    (157.77,211.12)
  dco_clk (net)                                     4     24.3895                                                                                d
  clock_module_0/p_abuf15 (omsp_clock_module)                          0.0000      1.0000              0.0000      0.0000 r    (hierarchical)    h
  clock_module_0/p_abuf15 (net)                     4     24.3895                                                                                d
  clock_module_0/clock_gate_mclk/clk (omsp_clock_gate_0)               0.0000      1.0000              0.0000      0.0000 r    (hierarchical)    h
  clock_module_0/clock_gate_mclk/clk (net)          4     24.3895                                                                                d
  clock_module_0/clock_gate_mclk/U3/A2 (AND2X4_RVT)                    0.0056      1.0000              0.0038      0.0038 r    (71.46,64.59)     s
  clock_module_0/clock_gate_mclk/U3/Y (AND2X4_RVT)                     0.0558      1.0000              0.0897      0.0935 r    (72.28,64.67)     s
  clock_module_0/clock_gate_mclk/gclk (net)         1     11.0526                                                                                d
  clock_module_0/clock_gate_mclk/cts_inv_8313204/A (INVX16_RVT)        0.0558      1.0000              0.0002      0.0937 r    (73.83,69.78)
  clock_module_0/clock_gate_mclk/cts_inv_8313204/Y (INVX16_RVT)        0.0283      1.0000              0.0189      0.1125 f    (73.96,69.68)
  clock_module_0/clock_gate_mclk/ctsbuf_net_1335 (net)
                                                    1     10.7774                                                                                d
  clock_module_0/clock_gate_mclk/cts_inv_8263199/A (INVX16_RVT)        0.0283      1.0000              0.0001      0.1126 f    (73.83,67.91)
  clock_module_0/clock_gate_mclk/cts_inv_8263199/Y (INVX16_RVT)        0.0250      1.0000              0.0245      0.1371 r    (73.96,68.02)
  clock_module_0/clock_gate_mclk/p_abuf5 (net)      3     25.3638                                                                                d
  clock_module_0/clock_gate_mclk/p_abuf5 (omsp_clock_gate_0)           0.0250      1.0000              0.0000      0.1371 r    (hierarchical)    h
  clock_module_0/p_abuf12 (net)                     3     25.3638                                                                                d
  clock_module_0/p_abuf12 (omsp_clock_module)                          0.0250      1.0000              0.0000      0.1371 r    (hierarchical)    h
  p_abuf9 (net)                                     3     25.3638                                                                                d
  frontend_0/p_abuf5 (omsp_frontend)                                   0.0250      1.0000              0.0000      0.1371 r    (hierarchical)    h
  frontend_0/p_abuf5 (net)                          3     25.3638                                                                                d
  frontend_0/clock_gate_decode/clk (omsp_clock_gate_25)                0.0250      1.0000              0.0000      0.1371 r    (hierarchical)    h
  frontend_0/clock_gate_decode/clk (net)            3     25.3638                                                                                d
  frontend_0/clock_gate_decode/U3/A2 (AND2X1_RVT)                      0.0250      1.0000              0.0005      0.1376 r    (64.47,37.84)     s
  frontend_0/clock_gate_decode/U3/Y (AND2X1_RVT)                       0.0320      1.0000              0.0593      0.1969 r    (65.14,37.92)     s
  frontend_0/clock_gate_decode/ctsbuf_net_426 (net)
                                                    1      1.8870                                                                                d
  frontend_0/clock_gate_decode/cts_inv_7443117/A (INVX2_RVT)           0.0320      1.0000              0.0000      0.1970 r    (65.77,43.03)
  frontend_0/clock_gate_decode/cts_inv_7443117/Y (INVX2_RVT)           0.0375      1.0000              0.0349      0.2319 f    (65.90,42.93)
  frontend_0/clock_gate_decode/ctsbuf_net_527 (net)
                                                    1      5.8907                                                                                d
  frontend_0/clock_gate_decode/cts_inv_7393112/A (INVX8_RVT)           0.0375      1.0000              0.0001      0.2319 f    (63.19,41.16)
  frontend_0/clock_gate_decode/cts_inv_7393112/Y (INVX8_RVT)           0.0700      1.0000              0.0582      0.2901 r    (63.31,41.26)
  frontend_0/clock_gate_decode/gclk (net)          49     57.4898                                                                                d
  frontend_0/clock_gate_decode/gclk (omsp_clock_gate_25)               0.0700      1.0000              0.0000      0.2901 r    (hierarchical)    h
  frontend_0/mclk_decode (net)                     49     57.4898                                                                                d
  frontend_0/inst_dest_bin_reg[0]/CLK (DFFARX1_RVT)                    0.0698      1.0000              0.0016      0.2917 r    (95.18,15.17)     s, n

  frontend_0/inst_dest_bin_reg[0]/CLK (DFFARX1_RVT)                    0.0698      1.0000              0.0000      0.2917 r    (95.18,15.17)     s, n
  frontend_0/inst_dest_bin_reg[0]/QN (DFFARX1_RVT)                     0.0392      1.0000              0.1265      0.4182 f    (98.57,14.52)     s, n
  frontend_0/n388 (net)                             1      0.8494
  frontend_0/clockcopt_h_inst_4244/A (DELLN2X2_RVT)                    0.0392      1.0000              0.0000      0.4182 f    (100.88,16.27)
  frontend_0/clockcopt_h_inst_4244/Y (DELLN2X2_RVT)                    0.0299      1.0000              0.3121      0.7303 f    (104.20,16.18)
  frontend_0/copt_net_412 (net)                     2      2.0474
  frontend_0/U187/A1 (AND2X2_RVT)                                      0.0299      1.0000              0.0000      0.7304 f    (110.38,14.58)
  frontend_0/U187/Y (AND2X2_RVT)                                       0.0604      1.0000              0.0897      0.8201 f    (110.89,14.51)
  frontend_0/n102 (net)                             8      9.3025
  frontend_0/U162/A2 (AO22X1_RVT)                                      0.0604      1.0000              0.0001      0.8202 f    (113.86,22.67)
  frontend_0/U162/Y (AO22X1_RVT)                                       0.0440      1.0000              0.1060      0.9262 f    (114.61,22.85)
  frontend_0/inst_dest[6] (net)                     1      3.1239
  frontend_0/inst_dest[6] (omsp_frontend)                              0.0440      1.0000              0.0000      0.9262 f    (hierarchical)    h
  inst_dest[6] (net)                                       3.1239
  execution_unit_0/inst_dest[6] (omsp_execution_unit)                  0.0440      1.0000              0.0000      0.9262 f    (hierarchical)    h
  execution_unit_0/inst_dest[6] (net)                      3.1239
  execution_unit_0/register_file_0/inst_dest[6] (omsp_register_file)   0.0440      1.0000              0.0000      0.9262 f    (hierarchical)    h
  execution_unit_0/register_file_0/inst_dest[6] (net)      3.1239
  execution_unit_0/register_file_0/clockcopt_h_inst_5149/A (DELLN1X2_RVT)
                                                                       0.0440      1.0000              0.0001      0.9263 f    (144.50,24.45)
  execution_unit_0/register_file_0/clockcopt_h_inst_5149/Y (DELLN1X2_RVT)
                                                                       0.0256      1.0000              0.2254      1.1517 f    (146.91,24.54)
  execution_unit_0/register_file_0/copt_net_1294 (net)
                                                    1      0.9175
  execution_unit_0/register_file_0/clockcopt_h_inst_5148/A (DELLN3X2_RVT)
                                                                       0.0256      1.0000              0.0000      1.1517 f    (143.89,22.96)
  execution_unit_0/register_file_0/clockcopt_h_inst_5148/Y (DELLN3X2_RVT)
                                                                       0.0464      1.0000              0.5371      1.6888 f    (149.04,22.86)
  execution_unit_0/register_file_0/copt_net_1293 (net)
                                                    2      6.7405
  execution_unit_0/register_file_0/placeHFSINV_722_159/A (INVX4_RVT)   0.0464      1.0000              0.0004      1.6892 f    (187.60,19.62)
  execution_unit_0/register_file_0/placeHFSINV_722_159/Y (INVX4_RVT)   0.0548      1.0000              0.0520      1.7412 r    (187.47,19.52)
  execution_unit_0/register_file_0/placeHFSNET_123 (net)
                                                   16     19.2062
  execution_unit_0/register_file_0/U297/A2 (OA22X1_RVT)                0.0549      1.0000              0.0007      1.7418 r    (185.01,35.56)
  execution_unit_0/register_file_0/U297/Y (OA22X1_RVT)                 0.0340      1.0000              0.0824      1.8243 r    (185.84,36.27)
  execution_unit_0/register_file_0/n517 (net)       1      0.9357
  execution_unit_0/register_file_0/U296/A5 (OA221X1_RVT)               0.0340      1.0000              0.0000      1.8243 r    (182.41,36.41)
  execution_unit_0/register_file_0/U296/Y (OA221X1_RVT)                0.0654      1.0000              0.0979      1.9222 r    (182.96,36.27)
  execution_unit_0/register_file_0/n510 (net)       1      4.4462
  execution_unit_0/register_file_0/U289/A1 (NAND4X0_RVT)               0.0654      1.0000              0.0002      1.9224 r    (140.87,34.65)
  execution_unit_0/register_file_0/U289/Y (NAND4X0_RVT)                0.0702      1.0000              0.0545      1.9769 f    (141.03,34.57)
  execution_unit_0/register_file_0/reg_dest[2] (net)
                                                    1      0.6039
  execution_unit_0/register_file_0/reg_dest[2] (omsp_register_file)    0.0702      1.0000              0.0000      1.9769 f    (hierarchical)    h
  execution_unit_0/dbg_reg_din[2] (net)                    0.6039
  execution_unit_0/dbg_reg_din[2] (omsp_execution_unit)                0.0702      1.0000              0.0000      1.9769 f    (hierarchical)    h
  dbg_reg_din[2] (net)                                     0.6039
  clockcopt_h_inst_5680/A (DELLN3X2_RVT)                               0.0702      1.0000              0.0000      1.9769 f    (141.91,34.48)
  clockcopt_h_inst_5680/Y (DELLN3X2_RVT)                               0.0321      1.0000              0.5468      2.5237 f    (147.07,34.58)
  copt_net_1809 (net)                               1      2.7193
  placeZBUF_inst_493/A (NBUFFX4_RVT)                                   0.0321      1.0000              0.0001      2.5237 f    (132.50,41.16)
  placeZBUF_inst_493/Y (NBUFFX4_RVT)                                   0.0487      1.0000              0.0699      2.5936 f    (131.84,41.26)
  placeZBUF_99 (net)                                3     15.5125
  execution_unit_0/placeZBUF_51 (omsp_execution_unit)                  0.0487      1.0000              0.0000      2.5936 f    (hierarchical)    h
  execution_unit_0/placeZBUF_51 (net)                     15.5125
  execution_unit_0/U63/A1 (AO222X1_RVT)                                0.0490      1.0000              0.0020      2.5956 f    (51.95,56.23)
  execution_unit_0/U63/Y (AO222X1_RVT)                                 0.0416      1.0000              0.1174      2.7130 f    (50.60,56.30)
  execution_unit_0/n63 (net)                        1      2.2564
  execution_unit_0/U62/A2 (OR2X1_RVT)                                  0.0416      1.0000              0.0000      2.7131 f    (53.17,69.79)
  execution_unit_0/U62/Y (OR2X1_RVT)                                   0.0234      1.0000              0.0533      2.7664 f    (53.59,69.65)
  execution_unit_0/op_src[2] (net)                  1      0.7727
  execution_unit_0/alu_0/op_src[2] (omsp_alu)                          0.0234      1.0000              0.0000      2.7664 f    (hierarchical)    h
  execution_unit_0/alu_0/op_src[2] (net)                   0.7727
  execution_unit_0/alu_0/clockcopt_h_inst_5829/A (DELLN1X2_RVT)        0.0234      1.0000              0.0000      2.7664 f    (56.49,69.78)
  execution_unit_0/alu_0/clockcopt_h_inst_5829/Y (DELLN1X2_RVT)        0.0303      1.0000              0.2218      2.9882 f    (58.91,69.68)
  execution_unit_0/alu_0/copt_net_1950 (net)        2      2.3350
  execution_unit_0/alu_0/U29/A1 (XOR2X1_RVT)                           0.0303      1.0000              0.0000      2.9882 f    (58.09,67.81)
  execution_unit_0/alu_0/U29/Y (XOR2X1_RVT)                            0.0896      1.0000              0.1489      3.1371 r    (59.36,68.02)
  execution_unit_0/alu_0/op_src_inv[2] (net)        5      6.8259
  execution_unit_0/alu_0/add_1_root_add_100_2_C185/U1_2/A (FADDX1_RVT)
                                                                       0.0896      1.0000              0.0002      3.1373 r    (70.82,71.57)
  execution_unit_0/alu_0/add_1_root_add_100_2_C185/U1_2/CO (FADDX1_RVT)
                                                                       0.0521      1.0000              0.1258      3.2631 r    (72.28,71.24)
  execution_unit_0/alu_0/add_1_root_add_100_2_C185/carry[3] (net)
                                                    1      2.0092
  execution_unit_0/alu_0/add_1_root_add_100_2_C185/U1_3/CI (FADDX1_RVT)
                                                                       0.0521      1.0000              0.0000      3.2631 r    (74.03,74.47)
  execution_unit_0/alu_0/add_1_root_add_100_2_C185/U1_3/S (FADDX1_RVT)
                                                                       0.0566      1.0000              0.1628      3.4260 f    (75.16,74.66)
  execution_unit_0/alu_0/N13 (net)                  3      3.1195
  execution_unit_0/alu_0/U143/A3 (OA21X1_RVT)                          0.0566      1.0000              0.0000      3.4260 f    (76.93,74.76)
  execution_unit_0/alu_0/U143/Y (OA21X1_RVT)                           0.0301      1.0000              0.0739      3.4999 f    (77.46,74.67)
  execution_unit_0/alu_0/n9 (net)                   1      0.8737
  execution_unit_0/alu_0/U7/A2 (OR2X1_RVT)                             0.0301      1.0000              0.0000      3.4999 f    (78.25,74.59)
  execution_unit_0/alu_0/U7/Y (OR2X1_RVT)                              0.0549      1.0000              0.0755      3.5754 f    (78.67,74.74)
  execution_unit_0/alu_0/n4 (net)                   3      4.7992
  execution_unit_0/alu_0/U106/A1 (AND2X1_RVT)                          0.0549      1.0000              0.0000      3.5755 f    (79.97,71.43)
  execution_unit_0/alu_0/U106/Y (AND2X1_RVT)                           0.0336      1.0000              0.0710      3.6465 f    (80.49,71.36)
  execution_unit_0/alu_0/add_102_C185_aco/carry[2] (net)
                                                    1      1.8632
  execution_unit_0/alu_0/add_102_C185_aco/U1_2/CI (FADDX1_RVT)         0.0336      1.0000              0.0000      3.6465 f    (80.41,74.47)
  execution_unit_0/alu_0/add_102_C185_aco/U1_2/CO (FADDX1_RVT)         0.0459      1.0000              0.0897      3.7362 f    (81.86,74.59)
  execution_unit_0/alu_0/add_102_C185_aco/carry[3] (net)
                                                    2      2.4169
  execution_unit_0/alu_0/U104/A1 (AND2X1_RVT)                          0.0459      1.0000              0.0000      3.7362 f    (80.37,76.30)
  execution_unit_0/alu_0/U104/Y (AND2X1_RVT)                           0.0298      1.0000              0.0638      3.8000 f    (79.85,76.37)
  execution_unit_0/alu_0/add_102_C185_aco/carry[4] (net)
                                                    1      1.4354
  execution_unit_0/alu_0/U103/A2 (XOR2X1_RVT)                          0.0298      1.0000              0.0000      3.8000 f    (78.23,77.98)
  execution_unit_0/alu_0/U103/Y (XOR2X1_RVT)                           0.0514      1.0000              0.1314      3.9314 r    (76.96,78.06)
  execution_unit_0/alu_0/alu_dadd0[4]1 (net)        1      2.1629
  execution_unit_0/alu_0/add_1_root_add_100_2_C186/U1_0/CI (FADDX1_RVT)
                                                                       0.0514      1.0000              0.0000      3.9314 r    (73.11,81.16)
  execution_unit_0/alu_0/add_1_root_add_100_2_C186/U1_0/CO (FADDX1_RVT)
                                                                       0.0522      1.0000              0.1034      4.0348 r    (74.56,81.28)
  execution_unit_0/alu_0/add_1_root_add_100_2_C186/carry[1] (net)
                                                    1      2.0301
  execution_unit_0/alu_0/add_1_root_add_100_2_C186/U1_1/CI (FADDX1_RVT)
                                                                       0.0522      1.0000              0.0000      4.0349 r    (72.51,84.50)
  execution_unit_0/alu_0/add_1_root_add_100_2_C186/U1_1/CO (FADDX1_RVT)
                                                                       0.0523      1.0000              0.1037      4.1386 r    (73.96,84.62)
  execution_unit_0/alu_0/add_1_root_add_100_2_C186/carry[2] (net)
                                                    1      2.0352
  execution_unit_0/alu_0/add_1_root_add_100_2_C186/U1_2/CI (FADDX1_RVT)
                                                                       0.0523      1.0000              0.0000      4.1386 r    (71.90,87.85)
  execution_unit_0/alu_0/add_1_root_add_100_2_C186/U1_2/CO (FADDX1_RVT)
                                                                       0.0519      1.0000              0.1033      4.2419 r    (73.35,87.96)
  execution_unit_0/alu_0/add_1_root_add_100_2_C186/carry[3] (net)
                                                    1      1.9885
  execution_unit_0/alu_0/add_1_root_add_100_2_C186/U1_3/CI (FADDX1_RVT)
                                                                       0.0519      1.0000              0.0000      4.2420 r    (74.79,91.19)
  execution_unit_0/alu_0/add_1_root_add_100_2_C186/U1_3/S (FADDX1_RVT)
                                                                       0.0587      1.0000              0.1649      4.4068 f    (75.92,91.38)
  execution_unit_0/alu_0/N26 (net)                  3      3.4072
  execution_unit_0/alu_0/U162/A3 (OA21X1_RVT)                          0.0587      1.0000              0.0000      4.4068 f    (77.54,88.14)
  execution_unit_0/alu_0/U162/Y (OA21X1_RVT)                           0.0306      1.0000              0.0763      4.4832 f    (78.07,88.05)
  execution_unit_0/alu_0/n10 (net)                  1      1.0277
  execution_unit_0/alu_0/U6/A2 (OR2X1_RVT)                             0.0306      1.0000              0.0000      4.4832 f    (78.70,89.86)
  execution_unit_0/alu_0/U6/Y (OR2X1_RVT)                              0.0553      1.0000              0.0760      4.5591 f    (79.12,89.71)
  execution_unit_0/alu_0/n3 (net)                   3      4.8411
  execution_unit_0/alu_0/U91/A1 (AND2X1_RVT)                           0.0553      1.0000              0.0000      4.5592 f    (78.91,86.33)
  execution_unit_0/alu_0/U91/Y (AND2X1_RVT)                            0.0323      1.0000              0.0705      4.6297 f    (79.43,86.40)
  execution_unit_0/alu_0/add_102_C186_aco/carry[2] (net)
                                                    1      1.7689
  execution_unit_0/alu_0/add_102_C186_aco/U1_2/CI (FADDX1_RVT)         0.0323      1.0000              0.0000      4.6297 f    (81.78,86.63)
  execution_unit_0/alu_0/add_102_C186_aco/U1_2/CO (FADDX1_RVT)         0.0506      1.0000              0.0939      4.7235 f    (83.23,86.52)
  execution_unit_0/alu_0/add_102_C186_aco/carry[3] (net)
                                                    2      3.0121
  execution_unit_0/alu_0/U89/A1 (AND2X1_RVT)                           0.0506      1.0000              0.0000      4.7236 f    (78.39,91.50)
  execution_unit_0/alu_0/U89/Y (AND2X1_RVT)                            0.0327      1.0000              0.0688      4.7924 f    (77.88,91.42)
  execution_unit_0/alu_0/add_102_C186_aco/carry[4] (net)
                                                    1      1.8320
  execution_unit_0/alu_0/U88/A2 (XOR2X1_RVT)                           0.0327      1.0000              0.0000      4.7924 f    (78.39,98.04)
  execution_unit_0/alu_0/U88/Y (XOR2X1_RVT)                            0.0480      1.0000              0.1291      4.9215 r    (77.12,98.12)
  execution_unit_0/alu_0/alu_dadd1[4]1 (net)        1      1.7521
  execution_unit_0/alu_0/add_1_root_add_100_2_C187/U1_0/CI (FADDX1_RVT)
                                                                       0.0480      1.0000              0.0000      4.9215 r    (75.07,97.88)
  execution_unit_0/alu_0/add_1_root_add_100_2_C187/U1_0/CO (FADDX1_RVT)
                                                                       0.0626      1.0000              0.1113      5.0327 r    (73.62,98.00)
  execution_unit_0/alu_0/add_1_root_add_100_2_C187/carry[1] (net)
                                                    1      3.0814
  execution_unit_0/alu_0/add_1_root_add_100_2_C187/U1_1/CI (FADDX1_RVT)
                                                                       0.0626      1.0000              0.0001      5.0328 r    (69.45,110.04)
  execution_unit_0/alu_0/add_1_root_add_100_2_C187/U1_1/CO (FADDX1_RVT)
                                                                       0.0617      1.0000              0.1152      5.1480 r    (68.00,109.93)
  execution_unit_0/alu_0/add_1_root_add_100_2_C187/carry[2] (net)
                                                    1      3.0105
  execution_unit_0/alu_0/add_1_root_add_100_2_C187/U1_2/CI (FADDX1_RVT)
                                                                       0.0617      1.0000              0.0001      5.1481 r    (63.69,121.29)
  execution_unit_0/alu_0/add_1_root_add_100_2_C187/U1_2/CO (FADDX1_RVT)
                                                                       0.0510      1.0000              0.1033      5.2514 r    (65.14,121.40)
  execution_unit_0/alu_0/add_1_root_add_100_2_C187/carry[3] (net)
                                                    1      1.6978
  execution_unit_0/alu_0/add_1_root_add_100_2_C187/U1_3/CI (FADDX1_RVT)
                                                                       0.0510      1.0000              0.0000      5.2514 r    (66.73,121.29)
  execution_unit_0/alu_0/add_1_root_add_100_2_C187/U1_3/S (FADDX1_RVT)
                                                                       0.0631      1.0000              0.1680      5.4194 f    (67.86,121.48)
  execution_unit_0/alu_0/N39 (net)                  3      3.8718
  execution_unit_0/alu_0/U168/A3 (OA21X1_RVT)                          0.0631      1.0000              0.0000      5.4194 f    (71.26,123.13)
  execution_unit_0/alu_0/U168/Y (OA21X1_RVT)                           0.0319      1.0000              0.0788      5.4982 f    (70.72,123.22)
  execution_unit_0/alu_0/n11 (net)                  1      1.0588
  execution_unit_0/alu_0/U5/A2 (OR2X1_RVT)                             0.0319      1.0000              0.0000      5.4982 f    (72.17,124.75)
  execution_unit_0/alu_0/U5/Y (OR2X1_RVT)                              0.0559      1.0000              0.0768      5.5750 f    (72.59,124.90)
  execution_unit_0/alu_0/n2 (net)                   3      4.9093
  execution_unit_0/alu_0/U86/A1 (AND2X1_RVT)                           0.0559      1.0000              0.0000      5.5750 f    (75.20,121.59)
  execution_unit_0/alu_0/U86/Y (AND2X1_RVT)                            0.0341      1.0000              0.0713      5.6463 f    (74.68,121.52)
  execution_unit_0/alu_0/add_102_C187_aco/carry[2] (net)
                                                    1      1.8422
  execution_unit_0/alu_0/add_102_C187_aco/U1_2/CI (FADDX1_RVT)         0.0341      1.0000              0.0000      5.6464 f    (73.27,123.42)
  execution_unit_0/alu_0/add_102_C187_aco/U1_2/CO (FADDX1_RVT)         0.0493      1.0000              0.0932      5.7395 f    (74.71,123.30)
  execution_unit_0/alu_0/add_102_C187_aco/carry[3] (net)
                                                    2      2.8401
  execution_unit_0/alu_0/U84/A1 (AND2X1_RVT)                           0.0493      1.0000              0.0000      5.7396 f    (68.36,128.28)
  execution_unit_0/alu_0/U84/Y (AND2X1_RVT)                            0.0317      1.0000              0.0669      5.8064 f    (67.85,128.21)
  execution_unit_0/alu_0/add_102_C187_aco/carry[4] (net)
                                                    1      1.6474
  execution_unit_0/alu_0/U83/A2 (XOR2X1_RVT)                           0.0317      1.0000              0.0000      5.8064 f    (70.10,124.79)
  execution_unit_0/alu_0/U83/Y (XOR2X1_RVT)                            0.0510      1.0000              0.1319      5.9383 r    (71.37,124.87)
  execution_unit_0/alu_0/alu_dadd2[4]1 (net)        1      2.1063
  execution_unit_0/alu_0/add_1_root_add_100_2_C188/U1_0/CI (FADDX1_RVT)
                                                                       0.0510      1.0000              0.0000      5.9383 r    (70.07,120.07)
  execution_unit_0/alu_0/add_1_root_add_100_2_C188/U1_0/CO (FADDX1_RVT)
                                                                       0.0506      1.0000              0.1000      6.0383 r    (71.52,119.96)
  execution_unit_0/alu_0/add_1_root_add_100_2_C188/carry[1] (net)
                                                    1      1.7026
  execution_unit_0/alu_0/add_1_root_add_100_2_C188/U1_1/CI (FADDX1_RVT)
                                                                       0.0506      1.0000              0.0000      6.0383 r    (73.11,120.07)
  execution_unit_0/alu_0/add_1_root_add_100_2_C188/U1_1/CO (FADDX1_RVT)
                                                                       0.0491      1.0000              0.0997      6.1381 r    (74.56,119.96)
  execution_unit_0/alu_0/add_1_root_add_100_2_C188/carry[2] (net)
                                                    1      1.6895
  execution_unit_0/alu_0/add_1_root_add_100_2_C188/U1_2/CI (FADDX1_RVT)
                                                                       0.0491      1.0000              0.0000      6.1381 r    (76.00,120.07)
  execution_unit_0/alu_0/add_1_root_add_100_2_C188/U1_2/CO (FADDX1_RVT)
                                                                       0.0528      1.0000              0.1033      6.2413 r    (77.45,119.96)
  execution_unit_0/alu_0/add_1_root_add_100_2_C188/carry[3] (net)
                                                    1      2.0979
  execution_unit_0/alu_0/add_1_root_add_100_2_C188/U1_3/CI (FADDX1_RVT)
                                                                       0.0528      1.0000              0.0000      6.2413 r    (80.26,116.73)
  execution_unit_0/alu_0/add_1_root_add_100_2_C188/U1_3/S (FADDX1_RVT)
                                                                       0.0589      1.0000              0.1652      6.4065 f    (81.39,116.54)
  execution_unit_0/alu_0/N52 (net)                  3      3.4147
  execution_unit_0/alu_0/U173/A3 (OA21X1_RVT)                          0.0589      1.0000              0.0000      6.4065 f    (84.22,119.78)
  execution_unit_0/alu_0/U173/Y (OA21X1_RVT)                           0.0303      1.0000              0.0759      6.4825 f    (84.75,119.87)
  execution_unit_0/alu_0/n12 (net)                  1      0.9661
  execution_unit_0/alu_0/U4/A2 (OR2X1_RVT)                             0.0303      1.0000              0.0000      6.4825 f    (82.86,119.95)
  execution_unit_0/alu_0/U4/Y (OR2X1_RVT)                              0.0565      1.0000              0.0767      6.5591 f    (82.44,119.81)
  execution_unit_0/alu_0/n1 (net)                   3      4.9796
  execution_unit_0/alu_0/U81/A1 (AND2X1_RVT)                           0.0565      1.0000              0.0000      6.5591 f    (81.95,123.11)
  execution_unit_0/alu_0/U81/Y (AND2X1_RVT)                            0.0324      1.0000              0.0710      6.6301 f    (82.47,123.19)
  execution_unit_0/alu_0/add_102_C188_aco/carry[2] (net)
                                                    1      1.7546
  execution_unit_0/alu_0/add_102_C188_aco/U1_2/CI (FADDX1_RVT)         0.0324      1.0000              0.0000      6.6301 f    (84.67,123.42)
  execution_unit_0/alu_0/add_102_C188_aco/U1_2/S (FADDX1_RVT)          0.0521      1.0000              0.1010      6.7311 f    (85.80,123.22)
  execution_unit_0/alu_0/alu_dadd3[2] (net)         1      2.6269
  execution_unit_0/alu_0/U207/A1 (AO222X1_RVT)                         0.0521      1.0000              0.0001      6.7312 f    (83.17,104.87)
  execution_unit_0/alu_0/U207/Y (AO222X1_RVT)                          0.0492      1.0000              0.1257      6.8568 f    (84.51,104.81)
  execution_unit_0/alu_0/alu_out[14] (net)          2      3.1695
  execution_unit_0/alu_0/alu_out[14] (omsp_alu)                        0.0492      1.0000              0.0000      6.8568 f    (hierarchical)    h
  execution_unit_0/alu_out[14] (net)                       3.1695
  execution_unit_0/clockcopt_h_inst_5703/A (DELLN2X2_RVT)              0.0492      1.0000              0.0001      6.8569 f    (91.45,91.33)
  execution_unit_0/clockcopt_h_inst_5703/Y (DELLN2X2_RVT)              0.0301      1.0000              0.3168      7.1738 f    (94.78,91.42)
  execution_unit_0/copt_net_1832 (net)              2      2.0983
  execution_unit_0/register_file_0/reg_dest_val[14] (omsp_register_file)
                                                                       0.0301      1.0000              0.0000      7.1738 f    (hierarchical)    h
  execution_unit_0/register_file_0/reg_dest_val[14] (net)
                                                           2.0983
  execution_unit_0/register_file_0/U55/A1 (AND2X4_RVT)                 0.0301      1.0000              0.0000      7.1738 f    (91.01,89.82)
  execution_unit_0/register_file_0/U55/Y (AND2X4_RVT)                  0.0867      1.0000              0.1192      7.2929 f    (91.59,89.75)
  execution_unit_0/register_file_0/pc_sw[14] (net)
                                                   15     26.0154
  execution_unit_0/register_file_0/pc_sw[14] (omsp_register_file)      0.0867      1.0000              0.0000      7.2929 f    (hierarchical)    h
  execution_unit_0/pc_sw[14] (net)                        26.0154
  execution_unit_0/pc_sw[14] (omsp_execution_unit)                     0.0867      1.0000              0.0000      7.2929 f    (hierarchical)    h
  pc_sw[14] (net)                                         26.0154
  frontend_0/pc_sw[14] (omsp_frontend)                                 0.0867      1.0000              0.0000      7.2929 f    (hierarchical)    h
  frontend_0/pc_sw[14] (net)                              26.0154
  frontend_0/U25/A3 (AO221X1_RVT)                                      0.0865      1.0000              0.0000      7.2929 f    (88.48,73.71)
  frontend_0/U25/Y (AO221X1_RVT)                                       0.0561      1.0000              0.1314      7.4244 f    (89.23,73.01)
  frontend_0/mab[14] (net)                          3      3.7901
  frontend_0/mab[14] (omsp_frontend)                                   0.0561      1.0000              0.0000      7.4244 f    (hierarchical)    h
  fe_mab[14] (net)                                         3.7901
  mem_backbone_0/fe_mab[13] (omsp_mem_backbone)                        0.0561      1.0000              0.0000      7.4244 f    (hierarchical)    h
  mem_backbone_0/fe_mab[13] (net)                          3.7901
  mem_backbone_0/U24/A4 (AND4X1_RVT)                                   0.0561      1.0000              0.0001      7.4244 f    (90.40,83.14)
  mem_backbone_0/U24/Y (AND4X1_RVT)                                    0.0459      1.0000              0.1171      7.5415 f    (89.43,83.06)
  mem_backbone_0/fe_pmem_sel (net)                  1      1.4778
  mem_backbone_0/U179/A1 (NAND2X2_RVT)                                 0.0459      1.0000              0.0000      7.5415 f    (84.46,79.64)
  mem_backbone_0/U179/Y (NAND2X2_RVT)                                  0.0567      1.0000              0.1092      7.6507 r    (85.28,79.72)
  mem_backbone_0/n11 (net)                          3      9.3702
  mem_backbone_0/U174/A2 (NAND4X0_RVT)                                 0.0567      1.0000              0.0002      7.6510 r    (91.31,114.75)
  mem_backbone_0/U174/Y (NAND4X0_RVT)                                  0.2018      1.0000              0.1540      7.8050 f    (91.32,114.83)
  mem_backbone_0/n14 (net)                          3      4.8894
  mem_backbone_0/U39/A1 (AND2X2_RVT)                                   0.2018      1.0000              0.0000      7.8050 f    (93.96,114.90)
  mem_backbone_0/U39/Y (AND2X2_RVT)                                    0.0530      1.0000              0.1213      7.9264 f    (94.47,114.83)
  mem_backbone_0/n10 (net)                          1      1.0325
  mem_backbone_0/clockZBUF_inst_5979/A (NBUFFX4_RVT)                   0.0530      1.0000              0.0000      7.9264 f    (92.29,114.73)
  mem_backbone_0/clockZBUF_inst_5979/Y (NBUFFX4_RVT)                   0.0489      1.0000              0.0799      8.0063 f    (92.96,114.83)
  mem_backbone_0/clockZBUF_23 (net)                12     15.6043
  mem_backbone_0/U37/A4 (AO222X2_RVT)                                  0.0489      1.0000              0.0002      8.0065 f    (95.18,111.57)
  mem_backbone_0/U37/Y (AO222X2_RVT)                                   0.0661      1.0000              0.1283      8.1348 f    (96.22,111.48)
  mem_backbone_0/pmem_addr[10] (net)                1      9.2444
  mem_backbone_0/pmem_addr[10] (omsp_mem_backbone)                     0.0661      1.0000              0.0000      8.1348 f    (hierarchical)    h
  pmem_addr[10] (net)                                      9.2444
  pmem_addr[10] (out)                                                  0.0664      1.0000              0.0010      8.1359 f    (211.88,110.50)
  data arrival time                                                                                                8.1359

  clock dco_clk (rise edge)                                                                           40.0000     40.0000
  clock network delay (ideal)                                                                          0.1000     40.1000
  output external delay                                                                               -0.6400     39.4600
  data required time                                                                                              39.4600
  ----------------------------------------------------------------------------------------------------------------------------------------------------------------
  data required time                                                                                              39.4600
  data arrival time                                                                                               -8.1359
  ----------------------------------------------------------------------------------------------------------------------------------------------------------------
  slack (MET)                                                                                                     31.3241



  Startpoint: frontend_0/inst_dest_bin_reg[0] (rising edge-triggered flip-flop clocked by dco_clk)
  Endpoint: clock_module_0/sync_cell_dco_wkup/data_sync_reg[1] (recovery check against rising-edge clock clocked by dco_clk')
  Mode: func
  Corner: slow
  Scenario: func_slow
  Path Group: dco_clk
  Path Type: max


Attributes
    b - black-box (unknown)
    s - size_only
    d - dont_touch
    u - dont_use
    g - generic
    h - hierarchical
    i - ideal
    n - noncombinational
    E - extracted timing model
    Q - Quick timing model


  Point                                          Fanout     Cap        Trans      Derate    Delta       Incr        Path           Location       Attributes
  ----------------------------------------------------------------------------------------------------------------------------------------------------------------
  clock dco_clk (rise edge)                                                                            0.0000      0.0000
  source latency                                                                                       0.0000      0.0000
  dco_clk (in)                                                         0.0000      1.0000              0.0000      0.0000 r    (157.77,211.12)
  dco_clk (net)                                     4     27.4002                                                                                d
  clock_module_0/p_abuf15 (omsp_clock_module)                          0.0000      1.0000              0.0000      0.0000 r    (hierarchical)    h
  clock_module_0/p_abuf15 (net)                     4     27.4002                                                                                d
  clock_module_0/clock_gate_mclk/clk (omsp_clock_gate_0)               0.0000      1.0000              0.0000      0.0000 r    (hierarchical)    h
  clock_module_0/clock_gate_mclk/clk (net)          4     27.4002                                                                                d
  clock_module_0/clock_gate_mclk/U3/A2 (AND2X4_RVT)                    0.0063      1.0000              0.0043      0.0043 r    (71.46,64.59)     s
  clock_module_0/clock_gate_mclk/U3/Y (AND2X4_RVT)                     0.0559      1.0000              0.0900      0.0943 r    (72.28,64.67)     s
  clock_module_0/clock_gate_mclk/gclk (net)         1     11.1256                                                                                d
  clock_module_0/clock_gate_mclk/cts_inv_8313204/A (INVX16_RVT)        0.0559      1.0000              0.0002      0.0945 r    (73.83,69.78)
  clock_module_0/clock_gate_mclk/cts_inv_8313204/Y (INVX16_RVT)        0.0284      1.0000              0.0189      0.1134 f    (73.96,69.68)
  clock_module_0/clock_gate_mclk/ctsbuf_net_1335 (net)
                                                    1     10.8092                                                                                d
  clock_module_0/clock_gate_mclk/cts_inv_8263199/A (INVX16_RVT)        0.0284      1.0000              0.0001      0.1134 f    (73.83,67.91)
  clock_module_0/clock_gate_mclk/cts_inv_8263199/Y (INVX16_RVT)        0.0257      1.0000              0.0253      0.1388 r    (73.96,68.02)
  clock_module_0/clock_gate_mclk/p_abuf5 (net)      3     27.4621                                                                                d
  clock_module_0/clock_gate_mclk/p_abuf5 (omsp_clock_gate_0)           0.0257      1.0000              0.0000      0.1388 r    (hierarchical)    h
  clock_module_0/p_abuf12 (net)                     3     27.4621                                                                                d
  clock_module_0/p_abuf12 (omsp_clock_module)                          0.0257      1.0000              0.0000      0.1388 r    (hierarchical)    h
  p_abuf9 (net)                                     3     27.4621                                                                                d
  frontend_0/p_abuf5 (omsp_frontend)                                   0.0257      1.0000              0.0000      0.1388 r    (hierarchical)    h
  frontend_0/p_abuf5 (net)                          3     27.4621                                                                                d
  frontend_0/clock_gate_decode/clk (omsp_clock_gate_25)                0.0257      1.0000              0.0000      0.1388 r    (hierarchical)    h
  frontend_0/clock_gate_decode/clk (net)            3     27.4621                                                                                d
  frontend_0/clock_gate_decode/U3/A2 (AND2X1_RVT)                      0.0259      1.0000              0.0006      0.1393 r    (64.47,37.84)     s
  frontend_0/clock_gate_decode/U3/Y (AND2X1_RVT)                       0.0325      1.0000              0.0600      0.1994 r    (65.14,37.92)     s
  frontend_0/clock_gate_decode/ctsbuf_net_426 (net)
                                                    1      1.9519                                                                                d
  frontend_0/clock_gate_decode/cts_inv_7443117/A (INVX2_RVT)           0.0325      1.0000              0.0000      0.1994 r    (65.77,43.03)
  frontend_0/clock_gate_decode/cts_inv_7443117/Y (INVX2_RVT)           0.0380      1.0000              0.0353      0.2347 f    (65.90,42.93)
  frontend_0/clock_gate_decode/ctsbuf_net_527 (net)
                                                    1      5.9681                                                                                d
  frontend_0/clock_gate_decode/cts_inv_7393112/A (INVX8_RVT)           0.0380      1.0000              0.0001      0.2348 f    (63.19,41.16)
  frontend_0/clock_gate_decode/cts_inv_7393112/Y (INVX8_RVT)           0.0730      1.0000              0.0603      0.2951 r    (63.31,41.26)
  frontend_0/clock_gate_decode/gclk (net)          49     60.4761                                                                                d
  frontend_0/clock_gate_decode/gclk (omsp_clock_gate_25)               0.0730      1.0000              0.0000      0.2951 r    (hierarchical)    h
  frontend_0/mclk_decode (net)                     49     60.4761                                                                                d
  frontend_0/inst_dest_bin_reg[0]/CLK (DFFARX1_RVT)                    0.0728      1.0000              0.0017      0.2968 r    (95.18,15.17)     s, n

  frontend_0/inst_dest_bin_reg[0]/CLK (DFFARX1_RVT)                    0.0728      1.0000              0.0000      0.2968 r    (95.18,15.17)     s, n
  frontend_0/inst_dest_bin_reg[0]/QN (DFFARX1_RVT)                     0.0399      1.0000              0.1280      0.4247 f    (98.57,14.52)     s, n
  frontend_0/n388 (net)                             1      0.9092
  frontend_0/clockcopt_h_inst_4244/A (DELLN2X2_RVT)                    0.0399      1.0000              0.0000      0.4247 f    (100.88,16.27)
  frontend_0/clockcopt_h_inst_4244/Y (DELLN2X2_RVT)                    0.0303      1.0000              0.3128      0.7376 f    (104.20,16.18)
  frontend_0/copt_net_412 (net)                     2      2.1609
  frontend_0/U187/A1 (AND2X2_RVT)                                      0.0303      1.0000              0.0000      0.7376 f    (110.38,14.58)
  frontend_0/U187/Y (AND2X2_RVT)                                       0.0634      1.0000              0.0920      0.8296 f    (110.89,14.51)
  frontend_0/n102 (net)                             8     10.0157
  frontend_0/U162/A2 (AO22X1_RVT)                                      0.0634      1.0000              0.0001      0.8297 f    (113.86,22.67)
  frontend_0/U162/Y (AO22X1_RVT)                                       0.0468      1.0000              0.1099      0.9396 f    (114.61,22.85)
  frontend_0/inst_dest[6] (net)                     1      3.4782
  frontend_0/inst_dest[6] (omsp_frontend)                              0.0468      1.0000              0.0000      0.9396 f    (hierarchical)    h
  inst_dest[6] (net)                                       3.4782
  execution_unit_0/inst_dest[6] (omsp_execution_unit)                  0.0468      1.0000              0.0000      0.9396 f    (hierarchical)    h
  execution_unit_0/inst_dest[6] (net)                      3.4782
  execution_unit_0/register_file_0/inst_dest[6] (omsp_register_file)   0.0468      1.0000              0.0000      0.9396 f    (hierarchical)    h
  execution_unit_0/register_file_0/inst_dest[6] (net)      3.4782
  execution_unit_0/register_file_0/clockcopt_h_inst_5149/A (DELLN1X2_RVT)
                                                                       0.0468      1.0000              0.0001      0.9398 f    (144.50,24.45)
  execution_unit_0/register_file_0/clockcopt_h_inst_5149/Y (DELLN1X2_RVT)
                                                                       0.0258      1.0000              0.2270      1.1667 f    (146.91,24.54)
  execution_unit_0/register_file_0/copt_net_1294 (net)
                                                    1      0.9865
  execution_unit_0/register_file_0/clockcopt_h_inst_5148/A (DELLN3X2_RVT)
                                                                       0.0258      1.0000              0.0000      1.1667 f    (143.89,22.96)
  execution_unit_0/register_file_0/clockcopt_h_inst_5148/Y (DELLN3X2_RVT)
                                                                       0.0482      1.0000              0.5387      1.7055 f    (149.04,22.86)
  execution_unit_0/register_file_0/copt_net_1293 (net)
                                                    2      7.2268
  execution_unit_0/register_file_0/placeHFSINV_722_159/A (INVX4_RVT)   0.0482      1.0000              0.0004      1.7059 f    (187.60,19.62)
  execution_unit_0/register_file_0/placeHFSINV_722_159/Y (INVX4_RVT)   0.0583      1.0000              0.0548      1.7607 r    (187.47,19.52)
  execution_unit_0/register_file_0/placeHFSNET_123 (net)
                                                   16     20.7329
  execution_unit_0/register_file_0/U297/A2 (OA22X1_RVT)                0.0584      1.0000              0.0007      1.7614 r    (185.01,35.56)
  execution_unit_0/register_file_0/U297/Y (OA22X1_RVT)                 0.0345      1.0000              0.0840      1.8454 r    (185.84,36.27)
  execution_unit_0/register_file_0/n517 (net)       1      0.9899
  execution_unit_0/register_file_0/U296/A5 (OA221X1_RVT)               0.0345      1.0000              0.0000      1.8454 r    (182.41,36.41)
  execution_unit_0/register_file_0/U296/Y (OA221X1_RVT)                0.0694      1.0000              0.1012      1.9466 r    (182.96,36.27)
  execution_unit_0/register_file_0/n510 (net)       1      4.9500
  execution_unit_0/register_file_0/U289/A1 (NAND4X0_RVT)               0.0694      1.0000              0.0002      1.9468 r    (140.87,34.65)
  execution_unit_0/register_file_0/U289/Y (NAND4X0_RVT)                0.0722      1.0000              0.0554      2.0022 f    (141.03,34.57)
  execution_unit_0/register_file_0/reg_dest[2] (net)
                                                    1      0.6299
  execution_unit_0/register_file_0/reg_dest[2] (omsp_register_file)    0.0722      1.0000              0.0000      2.0022 f    (hierarchical)    h
  execution_unit_0/dbg_reg_din[2] (net)                    0.6299
  execution_unit_0/dbg_reg_din[2] (omsp_execution_unit)                0.0722      1.0000              0.0000      2.0022 f    (hierarchical)    h
  dbg_reg_din[2] (net)                                     0.6299
  clockcopt_h_inst_5680/A (DELLN3X2_RVT)                               0.0722      1.0000              0.0000      2.0022 f    (141.91,34.48)
  clockcopt_h_inst_5680/Y (DELLN3X2_RVT)                               0.0330      1.0000              0.5486      2.5509 f    (147.07,34.58)
  copt_net_1809 (net)                               1      2.9876
  placeZBUF_inst_493/A (NBUFFX4_RVT)                                   0.0330      1.0000              0.0001      2.5509 f    (132.50,41.16)
  placeZBUF_inst_493/Y (NBUFFX4_RVT)                                   0.0529      1.0000              0.0730      2.6240 f    (131.84,41.26)
  placeZBUF_99 (net)                                3     17.4099
  execution_unit_0/placeZBUF_51 (omsp_execution_unit)                  0.0529      1.0000              0.0000      2.6240 f    (hierarchical)    h
  execution_unit_0/placeZBUF_51 (net)                     17.4099
  execution_unit_0/U63/A1 (AO222X1_RVT)                                0.0532      1.0000              0.0022      2.6261 f    (51.95,56.23)
  execution_unit_0/U63/Y (AO222X1_RVT)                                 0.0434      1.0000              0.1212      2.7473 f    (50.60,56.30)
  execution_unit_0/n63 (net)                        1      2.4737
  execution_unit_0/U62/A2 (OR2X1_RVT)                                  0.0434      1.0000              0.0001      2.7473 f    (53.17,69.79)
  execution_unit_0/U62/Y (OR2X1_RVT)                                   0.0240      1.0000              0.0543      2.8016 f    (53.59,69.65)
  execution_unit_0/op_src[2] (net)                  1      0.8214
  execution_unit_0/alu_0/op_src[2] (omsp_alu)                          0.0240      1.0000              0.0000      2.8016 f    (hierarchical)    h
  execution_unit_0/alu_0/op_src[2] (net)                   0.8214
  execution_unit_0/alu_0/clockcopt_h_inst_5829/A (DELLN1X2_RVT)        0.0240      1.0000              0.0000      2.8016 f    (56.49,69.78)
  execution_unit_0/alu_0/clockcopt_h_inst_5829/Y (DELLN1X2_RVT)        0.0307      1.0000              0.2225      3.0241 f    (58.91,69.68)
  execution_unit_0/alu_0/copt_net_1950 (net)        2      2.4444
  execution_unit_0/alu_0/U29/A1 (XOR2X1_RVT)                           0.0307      1.0000              0.0000      3.0241 f    (58.09,67.81)
  execution_unit_0/alu_0/U29/Y (XOR2X1_RVT)                            0.0926      1.0000              0.1514      3.1755 r    (59.36,68.02)
  execution_unit_0/alu_0/op_src_inv[2] (net)        5      7.1912
  execution_unit_0/alu_0/add_1_root_add_100_2_C185/U1_2/A (FADDX1_RVT)
                                                                       0.0926      1.0000              0.0002      3.1757 r    (70.82,71.57)
  execution_unit_0/alu_0/add_1_root_add_100_2_C185/U1_2/CO (FADDX1_RVT)
                                                                       0.0529      1.0000              0.1273      3.3031 r    (72.28,71.24)
  execution_unit_0/alu_0/add_1_root_add_100_2_C185/carry[3] (net)
                                                    1      2.0868
  execution_unit_0/alu_0/add_1_root_add_100_2_C185/U1_3/CI (FADDX1_RVT)
                                                                       0.0529      1.0000              0.0000      3.3031 r    (74.03,74.47)
  execution_unit_0/alu_0/add_1_root_add_100_2_C185/U1_3/S (FADDX1_RVT)
                                                                       0.0579      1.0000              0.1642      3.4673 f    (75.16,74.66)
  execution_unit_0/alu_0/N13 (net)                  3      3.2752
  execution_unit_0/alu_0/U143/A3 (OA21X1_RVT)                          0.0579      1.0000              0.0000      3.4673 f    (76.93,74.76)
  execution_unit_0/alu_0/U143/Y (OA21X1_RVT)                           0.0306      1.0000              0.0748      3.5421 f    (77.46,74.67)
  execution_unit_0/alu_0/n9 (net)                   1      0.8984
  execution_unit_0/alu_0/U7/A2 (OR2X1_RVT)                             0.0306      1.0000              0.0000      3.5421 f    (78.25,74.59)
  execution_unit_0/alu_0/U7/Y (OR2X1_RVT)                              0.0564      1.0000              0.0767      3.6188 f    (78.67,74.74)
  execution_unit_0/alu_0/n4 (net)                   3      4.9694
  execution_unit_0/alu_0/U106/A1 (AND2X1_RVT)                          0.0564      1.0000              0.0000      3.6188 f    (79.97,71.43)
  execution_unit_0/alu_0/U106/Y (AND2X1_RVT)                           0.0344      1.0000              0.0721      3.6909 f    (80.49,71.36)
  execution_unit_0/alu_0/add_102_C185_aco/carry[2] (net)
                                                    1      1.9211
  execution_unit_0/alu_0/add_102_C185_aco/U1_2/CI (FADDX1_RVT)         0.0344      1.0000              0.0000      3.6909 f    (80.41,74.47)
  execution_unit_0/alu_0/add_102_C185_aco/U1_2/CO (FADDX1_RVT)         0.0468      1.0000              0.0908      3.7817 f    (81.86,74.59)
  execution_unit_0/alu_0/add_102_C185_aco/carry[3] (net)
                                                    2      2.5235
  execution_unit_0/alu_0/U104/A1 (AND2X1_RVT)                          0.0468      1.0000              0.0000      3.7817 f    (80.37,76.30)
  execution_unit_0/alu_0/U104/Y (AND2X1_RVT)                           0.0303      1.0000              0.0646      3.8463 f    (79.85,76.37)
  execution_unit_0/alu_0/add_102_C185_aco/carry[4] (net)
                                                    1      1.4897
  execution_unit_0/alu_0/U103/A2 (XOR2X1_RVT)                          0.0303      1.0000              0.0000      3.8463 f    (78.23,77.98)
  execution_unit_0/alu_0/U103/Y (XOR2X1_RVT)                           0.0508      1.0000              0.1143      3.9606 f    (76.96,78.06)
  execution_unit_0/alu_0/alu_dadd0[4]1 (net)        1      2.2570
  execution_unit_0/alu_0/add_1_root_add_100_2_C186/U1_0/CI (FADDX1_RVT)
                                                                       0.0508      1.0000              0.0000      3.9606 f    (73.11,81.16)
  execution_unit_0/alu_0/add_1_root_add_100_2_C186/U1_0/S (FADDX1_RVT)
                                                                       0.0419      1.0000              0.1518      4.1124 r    (74.25,81.35)
  execution_unit_0/alu_0/alu_dadd1[0] (net)         1      1.3144
  execution_unit_0/alu_0/U17/A1 (AO222X1_RVT)                          0.0419      1.0000              0.0000      4.1125 r    (79.21,79.64)
  execution_unit_0/alu_0/U17/Y (AO222X1_RVT)                           0.0503      1.0000              0.1345      4.2470 r    (80.56,79.71)
  execution_unit_0/alu_0/aps_rename_20_ (net)       1      1.0910
  execution_unit_0/alu_0/clockcopt_h_inst_5229/A (DELLN3X2_RVT)        0.0503      1.0000              0.0000      4.2470 r    (84.61,81.30)
  execution_unit_0/alu_0/clockcopt_h_inst_5229/Y (DELLN3X2_RVT)        0.0602      1.0000              0.4636      4.7105 r    (89.76,81.39)
  execution_unit_0/alu_0/alu_out[4] (net)           5     10.3885
  execution_unit_0/alu_0/alu_out[4] (omsp_alu)                         0.0602      1.0000              0.0000      4.7105 r    (hierarchical)    h
  execution_unit_0/placeHFSNET_68 (net)                   10.3885
  execution_unit_0/register_file_0/placeHFSNET_68 (omsp_register_file)
                                                                       0.0602      1.0000              0.0000      4.7105 r    (hierarchical)    h
  execution_unit_0/register_file_0/placeHFSNET_68 (net)   10.3885
  execution_unit_0/register_file_0/U399/A1 (AO21X2_RVT)                0.0602      1.0000              0.0005      4.7111 r    (105.14,41.34)
  execution_unit_0/register_file_0/U399/Y (AO21X2_RVT)                 0.0767      1.0000              0.1340      4.8451 r    (105.79,41.28)
  execution_unit_0/register_file_0/cpuoff (net)     5      9.6504
  execution_unit_0/register_file_0/cpuoff (omsp_register_file)         0.0767      1.0000              0.0000      4.8451 r    (hierarchical)    h
  execution_unit_0/cpuoff (net)                            9.6504
  execution_unit_0/cpuoff (omsp_execution_unit)                        0.0767      1.0000              0.0000      4.8451 r    (hierarchical)    h
  cpuoff (net)                                             9.6504
  frontend_0/cpuoff (omsp_frontend)                                    0.0767      1.0000              0.0000      4.8451 r    (hierarchical)    h
  frontend_0/cpuoff (net)                                  9.6504
  frontend_0/U69/A2 (NAND2X0_RVT)                                      0.0767      1.0000              0.0007      4.8458 r    (69.19,24.46)
  frontend_0/U69/Y (NAND2X0_RVT)                                       0.0534      1.0000              0.0544      4.9002 f    (69.32,24.53)
  frontend_0/n74 (net)                              1      1.0780
  frontend_0/U68/A4 (AO22X1_RVT)                                       0.0534      1.0000              0.0000      4.9002 f    (73.43,24.31)
  frontend_0/U68/Y (AO22X1_RVT)                                        0.0572      1.0000              0.0906      4.9908 f    (74.02,24.56)
  frontend_0/mclk_enable (net)                      2      4.6173
  frontend_0/mclk_enable (omsp_frontend)                               0.0572      1.0000              0.0000      4.9908 f    (hierarchical)    h
  placeHFSNET_62 (net)                                     4.6173
  clock_module_0/placeHFSNET_62 (omsp_clock_module)                    0.0572      1.0000              0.0000      4.9908 f    (hierarchical)    h
  clock_module_0/placeHFSNET_62 (net)                      4.6173
  clock_module_0/and_cpuoff_mclk_en/b (omsp_and_gate_0)                0.0572      1.0000              0.0000      4.9908 f    (hierarchical)    h
  clock_module_0/and_cpuoff_mclk_en/b (net)                4.6173
  clock_module_0/and_cpuoff_mclk_en/U1/A1 (AND2X2_RVT)                 0.0572      1.0000              0.0001      4.9909 f    (81.19,39.51)
  clock_module_0/and_cpuoff_mclk_en/U1/Y (AND2X2_RVT)                  0.0642      1.0000              0.1054      5.0963 f    (81.71,39.59)
  clock_module_0/and_cpuoff_mclk_en/y (net)         1     10.0832
  clock_module_0/and_cpuoff_mclk_en/y (omsp_and_gate_0)                0.0642      1.0000              0.0000      5.0963 f    (hierarchical)    h
  clock_module_0/cpuoff_and_mclk_enable (net)             10.0832
  clock_module_0/and_dco_dis1/b (omsp_and_gate_21)                     0.0642      1.0000              0.0000      5.0963 f    (hierarchical)    h
  clock_module_0/and_dco_dis1/b (net)                     10.0832
  clock_module_0/and_dco_dis1/U1/A1 (AND2X1_RVT)                       0.0642      1.0000              0.0008      5.0972 f    (87.12,119.77)
  clock_module_0/and_dco_dis1/U1/Y (AND2X1_RVT)                        0.0274      1.0000              0.0693      5.1665 f    (87.64,119.84)
  clock_module_0/and_dco_dis1/y (net)               1      1.0209
  clock_module_0/and_dco_dis1/y (omsp_and_gate_21)                     0.0274      1.0000              0.0000      5.1665 f    (hierarchical)    h
  clock_module_0/cpu_enabled_with_dco (net)                1.0209
  clock_module_0/U55/A2 (NOR2X0_RVT)                                   0.0274      1.0000              0.0000      5.1665 f    (88.12,121.32)
  clock_module_0/U55/Y (NOR2X0_RVT)                                    0.0226      1.0000              0.0714      5.2379 r    (88.85,121.52)
  clock_module_0/n117 (net)                         1      0.9826
  clock_module_0/and_dco_dis2/b (omsp_and_gate_20)                     0.0226      1.0000              0.0000      5.2379 r    (hierarchical)    h
  clock_module_0/and_dco_dis2/b (net)                      0.9826
  clock_module_0/and_dco_dis2/U1/A1 (AND2X1_RVT)                       0.0226      1.0000              0.0000      5.2379 r    (91.53,121.59)
  clock_module_0/and_dco_dis2/U1/Y (AND2X1_RVT)                        0.0273      1.0000              0.0495      5.2874 r    (92.04,121.52)
  clock_module_0/and_dco_dis2/y (net)               1      0.9733
  clock_module_0/and_dco_dis2/y (omsp_and_gate_20)                     0.0273      1.0000              0.0000      5.2874 r    (hierarchical)    h
  clock_module_0/dco_not_enabled_by_dbg (net)              0.9733
  clock_module_0/and_dco_dis3/b (omsp_and_gate_19)                     0.0273      1.0000              0.0000      5.2874 r    (hierarchical)    h
  clock_module_0/and_dco_dis3/b (net)                      0.9733
  clock_module_0/and_dco_dis3/U1/A1 (AND2X1_RVT)                       0.0273      1.0000              0.0000      5.2874 r    (92.68,119.77)
  clock_module_0/and_dco_dis3/U1/Y (AND2X1_RVT)                        0.0291      1.0000              0.0533      5.3407 r    (92.17,119.84)
  clock_module_0/and_dco_dis3/y (net)               1      1.3298
  clock_module_0/and_dco_dis3/y (omsp_and_gate_19)                     0.0291      1.0000              0.0000      5.3407 r    (hierarchical)    h
  clock_module_0/dco_disable_by_scg0 (net)                 1.3298
  clock_module_0/U45/A (IBUFFX16_RVT)                                  0.0291      1.0000              0.0000      5.3407 r    (91.46,123.29)
  clock_module_0/U45/Y (IBUFFX16_RVT)                                  0.0207      1.0000              0.0687      5.4093 f    (89.28,123.18)
  clock_module_0/n23 (net)                          1      1.3406
  clock_module_0/and_dco_dis5/a (omsp_and_gate_17)                     0.0207      1.0000              0.0000      5.4093 f    (hierarchical)    h
  clock_module_0/and_dco_dis5/a (net)                      1.3406
  clock_module_0/and_dco_dis5/U1/A2 (AND2X1_RVT)                       0.0207      1.0000              0.0000      5.4094 f    (87.57,128.13)
  clock_module_0/and_dco_dis5/U1/Y (AND2X1_RVT)                        0.0390      1.0000              0.0645      5.4739 f    (88.24,128.21)
  clock_module_0/and_dco_dis5/y (net)               2      2.8642
  clock_module_0/and_dco_dis5/y (omsp_and_gate_17)                     0.0390      1.0000              0.0000      5.4739 f    (hierarchical)    h
  clock_module_0/dco_enable_nxt (net)                      2.8642
  clock_module_0/and_dco_en_wkup/b (omsp_and_gate_15)                  0.0390      1.0000              0.0000      5.4739 f    (hierarchical)    h
  clock_module_0/and_dco_en_wkup/b (net)                   2.8642
  clock_module_0/and_dco_en_wkup/U1/A1 (AND2X1_RVT)                    0.0390      1.0000              0.0000      5.4739 f    (92.83,123.11)
  clock_module_0/and_dco_en_wkup/U1/Y (AND2X1_RVT)                     0.0329      1.0000              0.0651      5.5391 f    (92.32,123.19)
  clock_module_0/and_dco_en_wkup/y (net)            1      2.0965
  clock_module_0/and_dco_en_wkup/y (omsp_and_gate_15)                  0.0329      1.0000              0.0000      5.5391 f    (hierarchical)    h
  clock_module_0/dco_en_wkup (net)                         2.0965
  clock_module_0/U120/A3 (OR3X1_RVT)                                   0.0329      1.0000              0.0000      5.5391 f    (89.85,133.41)
  clock_module_0/U120/Y (OR3X1_RVT)                                    0.0373      1.0000              0.0702      5.6093 f    (89.43,133.22)
  clock_module_0/N169 (net)                         2      2.0351
  clock_module_0/U112/A1 (OR2X1_RVT)                                   0.0373      1.0000              0.0000      5.6093 f    (88.74,133.25)
  clock_module_0/U112/Y (OR2X1_RVT)                                    0.0246      1.0000              0.0637      5.6730 f    (88.06,133.18)
  clock_module_0/_9_net_ (net)                      1      1.0933
  clock_module_0/scan_mux_dco_wkup/data_in_func (omsp_scan_mux_1)      0.0246      1.0000              0.0000      5.6730 f    (hierarchical)    h
  clock_module_0/scan_mux_dco_wkup/data_in_func (net)      1.0933
  clock_module_0/scan_mux_dco_wkup/U2/A3 (AO22X1_RVT)                  0.0246      1.0000              0.0000      5.6730 f    (86.50,130.56)
  clock_module_0/scan_mux_dco_wkup/U2/Y (AO22X1_RVT)                   0.0345      1.0000              0.0585      5.7315 f    (86.94,129.86)
  clock_module_0/scan_mux_dco_wkup/data_out (net)
                                                    1      1.8850
  clock_module_0/scan_mux_dco_wkup/data_out (omsp_scan_mux_1)          0.0345      1.0000              0.0000      5.7315 f    (hierarchical)    h
  clock_module_0/dco_wkup_set_scan (net)                   1.8850
  clock_module_0/sync_cell_dco_wkup/rst (omsp_sync_cell_0)             0.0345      1.0000              0.0000      5.7315 f    (hierarchical)    h
  clock_module_0/sync_cell_dco_wkup/rst (net)              1.8850
  clock_module_0/sync_cell_dco_wkup/U3/A (IBUFFX32_RVT)                0.0345      1.0000              0.0000      5.7315 f    (86.90,126.63)
  clock_module_0/sync_cell_dco_wkup/U3/Y (IBUFFX32_RVT)                0.0214      1.0000              0.0720      5.8035 r    (90.83,126.53)
  clock_module_0/sync_cell_dco_wkup/n1 (net)        2      3.2055
  clock_module_0/sync_cell_dco_wkup/data_sync_reg[1]/RSTB (DFFARX1_RVT)
                                                                       0.0214      1.0000              0.0000      5.8035 r    (96.52,120.84)    s, n
  data arrival time                                                                                                5.8035

  clock dco_clk' (rise edge)                                                                          20.0000     20.0000
  source latency                                                                                       0.0000     20.0000
  dco_clk (in)                                                         0.0000      1.0000              0.0000     20.0000 f    (157.77,211.12)
  dco_clk (net)                                     4     26.8104                                                                                d
  cts_inv_8993272/A (IBUFFX2_RVT)                                      0.0003      1.0000              0.0001     20.0001 f    (155.37,196.85)
  cts_inv_8993272/Y (IBUFFX2_RVT)                                      0.0078      1.0000              0.0186     20.0187 r    (156.19,196.75)
  ctsbuf_net_1941 (net)                             1      0.7213                                                                                d
  cts_inv_8943267/A (IBUFFX8_RVT)                                      0.0078      1.0000              0.0000     20.0187 r    (155.07,198.34)
  cts_inv_8943267/Y (IBUFFX8_RVT)                                      0.0221      1.0000              0.0306     20.0492 f    (156.49,198.43)
  ctsbuf_net_1840 (net)                            17     30.3574                                                                                d
  clock_module_0/dco_clk (omsp_clock_module)                           0.0221      1.0000              0.0000     20.0492 f    (hierarchical)    h
  clock_module_0/dco_clk (net)                     17     30.3574                                                                                d
  clock_module_0/clock_gate_smclk/p_abuf1 (omsp_clock_gate_31)         0.0221      1.0000              0.0000     20.0492 f    (hierarchical)    h
  clock_module_0/clock_gate_smclk/p_abuf1 (net)    17     30.3574                                                                                d
  clock_module_0/clock_gate_smclk/U2/A (INVX2_RVT)                     0.0234      1.0000              0.0037     20.0529 f    (115.47,134.79)
  clock_module_0/clock_gate_smclk/U2/Y (INVX2_RVT)                     0.0248      1.0000              0.0201     20.0730 r    (115.60,134.90)
  clock_module_0/clock_gate_smclk/n2 (net)          6     11.2014                                                                                d
  clock_module_0/clock_gate_smclk/n2 (omsp_clock_gate_31)              0.0248      1.0000              0.0000     20.0730 r    (hierarchical)    h
  clock_module_0/cts0 (net)                         6     11.2014                                                                                d
  clock_module_0/sync_cell_dco_wkup/clk (omsp_sync_cell_0)             0.0248      1.0000              0.0000     20.0730 r    (hierarchical)    h
  clock_module_0/sync_cell_dco_wkup/clk (net)       6     11.2014                                                                                d
  clock_module_0/sync_cell_dco_wkup/data_sync_reg[1]/CLK (DFFARX1_RVT)
                                                                       0.0248      1.0000              0.0003     20.0733 r    (94.87,122.18)    s, n

  clock uncertainty                                                                                   -0.2000     19.8733
  library setup time                                                               1.0000              0.0408     19.9142
  data required time                                                                                              19.9142
  ----------------------------------------------------------------------------------------------------------------------------------------------------------------
  data required time                                                                                              19.9142
  data arrival time                                                                                               -5.8035
  ----------------------------------------------------------------------------------------------------------------------------------------------------------------
  slack (MET)                                                                                                     14.1107



  Startpoint: frontend_0/inst_dest_bin_reg[0] (rising edge-triggered flip-flop clocked by dco_clk)
  Endpoint: clock_module_0/sync_cell_lfxt_wkup/data_sync_reg[0] (recovery check against rising-edge clock clocked by lfxt_clk')
  Mode: func
  Corner: slow
  Scenario: func_slow
  Path Group: lfxt_clk
  Path Type: max


Attributes
    b - black-box (unknown)
    s - size_only
    d - dont_touch
    u - dont_use
    g - generic
    h - hierarchical
    i - ideal
    n - noncombinational
    E - extracted timing model
    Q - Quick timing model


  Point                                          Fanout     Cap        Trans      Derate    Delta       Incr        Path           Location       Attributes
  ----------------------------------------------------------------------------------------------------------------------------------------------------------------
  clock dco_clk (rise edge)                                                                            0.0000      0.0000
  source latency                                                                                       0.0000      0.0000
  dco_clk (in)                                                         0.0000      1.0000              0.0000      0.0000 r    (157.77,211.12)
  dco_clk (net)                                     4     27.4002                                                                                d
  clock_module_0/p_abuf15 (omsp_clock_module)                          0.0000      1.0000              0.0000      0.0000 r    (hierarchical)    h
  clock_module_0/p_abuf15 (net)                     4     27.4002                                                                                d
  clock_module_0/clock_gate_mclk/clk (omsp_clock_gate_0)               0.0000      1.0000              0.0000      0.0000 r    (hierarchical)    h
  clock_module_0/clock_gate_mclk/clk (net)          4     27.4002                                                                                d
  clock_module_0/clock_gate_mclk/U3/A2 (AND2X4_RVT)                    0.0063      1.0000              0.0043      0.0043 r    (71.46,64.59)     s
  clock_module_0/clock_gate_mclk/U3/Y (AND2X4_RVT)                     0.0559      1.0000              0.0900      0.0943 r    (72.28,64.67)     s
  clock_module_0/clock_gate_mclk/gclk (net)         1     11.1256                                                                                d
  clock_module_0/clock_gate_mclk/cts_inv_8313204/A (INVX16_RVT)        0.0559      1.0000              0.0002      0.0945 r    (73.83,69.78)
  clock_module_0/clock_gate_mclk/cts_inv_8313204/Y (INVX16_RVT)        0.0284      1.0000              0.0189      0.1134 f    (73.96,69.68)
  clock_module_0/clock_gate_mclk/ctsbuf_net_1335 (net)
                                                    1     10.8092                                                                                d
  clock_module_0/clock_gate_mclk/cts_inv_8263199/A (INVX16_RVT)        0.0284      1.0000              0.0001      0.1134 f    (73.83,67.91)
  clock_module_0/clock_gate_mclk/cts_inv_8263199/Y (INVX16_RVT)        0.0257      1.0000              0.0253      0.1388 r    (73.96,68.02)
  clock_module_0/clock_gate_mclk/p_abuf5 (net)      3     27.4621                                                                                d
  clock_module_0/clock_gate_mclk/p_abuf5 (omsp_clock_gate_0)           0.0257      1.0000              0.0000      0.1388 r    (hierarchical)    h
  clock_module_0/p_abuf12 (net)                     3     27.4621                                                                                d
  clock_module_0/p_abuf12 (omsp_clock_module)                          0.0257      1.0000              0.0000      0.1388 r    (hierarchical)    h
  p_abuf9 (net)                                     3     27.4621                                                                                d
  frontend_0/p_abuf5 (omsp_frontend)                                   0.0257      1.0000              0.0000      0.1388 r    (hierarchical)    h
  frontend_0/p_abuf5 (net)                          3     27.4621                                                                                d
  frontend_0/clock_gate_decode/clk (omsp_clock_gate_25)                0.0257      1.0000              0.0000      0.1388 r    (hierarchical)    h
  frontend_0/clock_gate_decode/clk (net)            3     27.4621                                                                                d
  frontend_0/clock_gate_decode/U3/A2 (AND2X1_RVT)                      0.0259      1.0000              0.0006      0.1393 r    (64.47,37.84)     s
  frontend_0/clock_gate_decode/U3/Y (AND2X1_RVT)                       0.0325      1.0000              0.0600      0.1994 r    (65.14,37.92)     s
  frontend_0/clock_gate_decode/ctsbuf_net_426 (net)
                                                    1      1.9519                                                                                d
  frontend_0/clock_gate_decode/cts_inv_7443117/A (INVX2_RVT)           0.0325      1.0000              0.0000      0.1994 r    (65.77,43.03)
  frontend_0/clock_gate_decode/cts_inv_7443117/Y (INVX2_RVT)           0.0380      1.0000              0.0353      0.2347 f    (65.90,42.93)
  frontend_0/clock_gate_decode/ctsbuf_net_527 (net)
                                                    1      5.9681                                                                                d
  frontend_0/clock_gate_decode/cts_inv_7393112/A (INVX8_RVT)           0.0380      1.0000              0.0001      0.2348 f    (63.19,41.16)
  frontend_0/clock_gate_decode/cts_inv_7393112/Y (INVX8_RVT)           0.0730      1.0000              0.0603      0.2951 r    (63.31,41.26)
  frontend_0/clock_gate_decode/gclk (net)          49     60.4761                                                                                d
  frontend_0/clock_gate_decode/gclk (omsp_clock_gate_25)               0.0730      1.0000              0.0000      0.2951 r    (hierarchical)    h
  frontend_0/mclk_decode (net)                     49     60.4761                                                                                d
  frontend_0/inst_dest_bin_reg[0]/CLK (DFFARX1_RVT)                    0.0728      1.0000              0.0017      0.2968 r    (95.18,15.17)     s, n

  frontend_0/inst_dest_bin_reg[0]/CLK (DFFARX1_RVT)                    0.0728      1.0000              0.0000      0.2968 r    (95.18,15.17)     s, n
  frontend_0/inst_dest_bin_reg[0]/QN (DFFARX1_RVT)                     0.0399      1.0000              0.1280      0.4247 f    (98.57,14.52)     s, n
  frontend_0/n388 (net)                             1      0.9092
  frontend_0/clockcopt_h_inst_4244/A (DELLN2X2_RVT)                    0.0399      1.0000              0.0000      0.4247 f    (100.88,16.27)
  frontend_0/clockcopt_h_inst_4244/Y (DELLN2X2_RVT)                    0.0303      1.0000              0.3128      0.7376 f    (104.20,16.18)
  frontend_0/copt_net_412 (net)                     2      2.1609
  frontend_0/U187/A1 (AND2X2_RVT)                                      0.0303      1.0000              0.0000      0.7376 f    (110.38,14.58)
  frontend_0/U187/Y (AND2X2_RVT)                                       0.0634      1.0000              0.0920      0.8296 f    (110.89,14.51)
  frontend_0/n102 (net)                             8     10.0157
  frontend_0/U162/A2 (AO22X1_RVT)                                      0.0634      1.0000              0.0001      0.8297 f    (113.86,22.67)
  frontend_0/U162/Y (AO22X1_RVT)                                       0.0468      1.0000              0.1099      0.9396 f    (114.61,22.85)
  frontend_0/inst_dest[6] (net)                     1      3.4782
  frontend_0/inst_dest[6] (omsp_frontend)                              0.0468      1.0000              0.0000      0.9396 f    (hierarchical)    h
  inst_dest[6] (net)                                       3.4782
  execution_unit_0/inst_dest[6] (omsp_execution_unit)                  0.0468      1.0000              0.0000      0.9396 f    (hierarchical)    h
  execution_unit_0/inst_dest[6] (net)                      3.4782
  execution_unit_0/register_file_0/inst_dest[6] (omsp_register_file)   0.0468      1.0000              0.0000      0.9396 f    (hierarchical)    h
  execution_unit_0/register_file_0/inst_dest[6] (net)      3.4782
  execution_unit_0/register_file_0/clockcopt_h_inst_5149/A (DELLN1X2_RVT)
                                                                       0.0468      1.0000              0.0001      0.9398 f    (144.50,24.45)
  execution_unit_0/register_file_0/clockcopt_h_inst_5149/Y (DELLN1X2_RVT)
                                                                       0.0258      1.0000              0.2270      1.1667 f    (146.91,24.54)
  execution_unit_0/register_file_0/copt_net_1294 (net)
                                                    1      0.9865
  execution_unit_0/register_file_0/clockcopt_h_inst_5148/A (DELLN3X2_RVT)
                                                                       0.0258      1.0000              0.0000      1.1667 f    (143.89,22.96)
  execution_unit_0/register_file_0/clockcopt_h_inst_5148/Y (DELLN3X2_RVT)
                                                                       0.0482      1.0000              0.5387      1.7055 f    (149.04,22.86)
  execution_unit_0/register_file_0/copt_net_1293 (net)
                                                    2      7.2268
  execution_unit_0/register_file_0/placeHFSINV_722_159/A (INVX4_RVT)   0.0482      1.0000              0.0004      1.7059 f    (187.60,19.62)
  execution_unit_0/register_file_0/placeHFSINV_722_159/Y (INVX4_RVT)   0.0583      1.0000              0.0548      1.7607 r    (187.47,19.52)
  execution_unit_0/register_file_0/placeHFSNET_123 (net)
                                                   16     20.7329
  execution_unit_0/register_file_0/U297/A2 (OA22X1_RVT)                0.0584      1.0000              0.0007      1.7614 r    (185.01,35.56)
  execution_unit_0/register_file_0/U297/Y (OA22X1_RVT)                 0.0345      1.0000              0.0840      1.8454 r    (185.84,36.27)
  execution_unit_0/register_file_0/n517 (net)       1      0.9899
  execution_unit_0/register_file_0/U296/A5 (OA221X1_RVT)               0.0345      1.0000              0.0000      1.8454 r    (182.41,36.41)
  execution_unit_0/register_file_0/U296/Y (OA221X1_RVT)                0.0694      1.0000              0.1012      1.9466 r    (182.96,36.27)
  execution_unit_0/register_file_0/n510 (net)       1      4.9500
  execution_unit_0/register_file_0/U289/A1 (NAND4X0_RVT)               0.0694      1.0000              0.0002      1.9468 r    (140.87,34.65)
  execution_unit_0/register_file_0/U289/Y (NAND4X0_RVT)                0.0722      1.0000              0.0554      2.0022 f    (141.03,34.57)
  execution_unit_0/register_file_0/reg_dest[2] (net)
                                                    1      0.6299
  execution_unit_0/register_file_0/reg_dest[2] (omsp_register_file)    0.0722      1.0000              0.0000      2.0022 f    (hierarchical)    h
  execution_unit_0/dbg_reg_din[2] (net)                    0.6299
  execution_unit_0/dbg_reg_din[2] (omsp_execution_unit)                0.0722      1.0000              0.0000      2.0022 f    (hierarchical)    h
  dbg_reg_din[2] (net)                                     0.6299
  clockcopt_h_inst_5680/A (DELLN3X2_RVT)                               0.0722      1.0000              0.0000      2.0022 f    (141.91,34.48)
  clockcopt_h_inst_5680/Y (DELLN3X2_RVT)                               0.0330      1.0000              0.5486      2.5509 f    (147.07,34.58)
  copt_net_1809 (net)                               1      2.9876
  placeZBUF_inst_493/A (NBUFFX4_RVT)                                   0.0330      1.0000              0.0001      2.5509 f    (132.50,41.16)
  placeZBUF_inst_493/Y (NBUFFX4_RVT)                                   0.0529      1.0000              0.0730      2.6240 f    (131.84,41.26)
  placeZBUF_99 (net)                                3     17.4099
  execution_unit_0/placeZBUF_51 (omsp_execution_unit)                  0.0529      1.0000              0.0000      2.6240 f    (hierarchical)    h
  execution_unit_0/placeZBUF_51 (net)                     17.4099
  execution_unit_0/U63/A1 (AO222X1_RVT)                                0.0532      1.0000              0.0022      2.6261 f    (51.95,56.23)
  execution_unit_0/U63/Y (AO222X1_RVT)                                 0.0434      1.0000              0.1212      2.7473 f    (50.60,56.30)
  execution_unit_0/n63 (net)                        1      2.4737
  execution_unit_0/U62/A2 (OR2X1_RVT)                                  0.0434      1.0000              0.0001      2.7473 f    (53.17,69.79)
  execution_unit_0/U62/Y (OR2X1_RVT)                                   0.0240      1.0000              0.0543      2.8016 f    (53.59,69.65)
  execution_unit_0/op_src[2] (net)                  1      0.8214
  execution_unit_0/alu_0/op_src[2] (omsp_alu)                          0.0240      1.0000              0.0000      2.8016 f    (hierarchical)    h
  execution_unit_0/alu_0/op_src[2] (net)                   0.8214
  execution_unit_0/alu_0/clockcopt_h_inst_5829/A (DELLN1X2_RVT)        0.0240      1.0000              0.0000      2.8016 f    (56.49,69.78)
  execution_unit_0/alu_0/clockcopt_h_inst_5829/Y (DELLN1X2_RVT)        0.0307      1.0000              0.2225      3.0241 f    (58.91,69.68)
  execution_unit_0/alu_0/copt_net_1950 (net)        2      2.4444
  execution_unit_0/alu_0/U29/A1 (XOR2X1_RVT)                           0.0307      1.0000              0.0000      3.0241 f    (58.09,67.81)
  execution_unit_0/alu_0/U29/Y (XOR2X1_RVT)                            0.0926      1.0000              0.1514      3.1755 r    (59.36,68.02)
  execution_unit_0/alu_0/op_src_inv[2] (net)        5      7.1912
  execution_unit_0/alu_0/add_1_root_add_100_2_C185/U1_2/A (FADDX1_RVT)
                                                                       0.0926      1.0000              0.0002      3.1757 r    (70.82,71.57)
  execution_unit_0/alu_0/add_1_root_add_100_2_C185/U1_2/CO (FADDX1_RVT)
                                                                       0.0529      1.0000              0.1273      3.3031 r    (72.28,71.24)
  execution_unit_0/alu_0/add_1_root_add_100_2_C185/carry[3] (net)
                                                    1      2.0868
  execution_unit_0/alu_0/add_1_root_add_100_2_C185/U1_3/CI (FADDX1_RVT)
                                                                       0.0529      1.0000              0.0000      3.3031 r    (74.03,74.47)
  execution_unit_0/alu_0/add_1_root_add_100_2_C185/U1_3/S (FADDX1_RVT)
                                                                       0.0579      1.0000              0.1642      3.4673 f    (75.16,74.66)
  execution_unit_0/alu_0/N13 (net)                  3      3.2752
  execution_unit_0/alu_0/U143/A3 (OA21X1_RVT)                          0.0579      1.0000              0.0000      3.4673 f    (76.93,74.76)
  execution_unit_0/alu_0/U143/Y (OA21X1_RVT)                           0.0306      1.0000              0.0748      3.5421 f    (77.46,74.67)
  execution_unit_0/alu_0/n9 (net)                   1      0.8984
  execution_unit_0/alu_0/U7/A2 (OR2X1_RVT)                             0.0306      1.0000              0.0000      3.5421 f    (78.25,74.59)
  execution_unit_0/alu_0/U7/Y (OR2X1_RVT)                              0.0564      1.0000              0.0767      3.6188 f    (78.67,74.74)
  execution_unit_0/alu_0/n4 (net)                   3      4.9694
  execution_unit_0/alu_0/U106/A1 (AND2X1_RVT)                          0.0564      1.0000              0.0000      3.6188 f    (79.97,71.43)
  execution_unit_0/alu_0/U106/Y (AND2X1_RVT)                           0.0344      1.0000              0.0721      3.6909 f    (80.49,71.36)
  execution_unit_0/alu_0/add_102_C185_aco/carry[2] (net)
                                                    1      1.9211
  execution_unit_0/alu_0/add_102_C185_aco/U1_2/CI (FADDX1_RVT)         0.0344      1.0000              0.0000      3.6909 f    (80.41,74.47)
  execution_unit_0/alu_0/add_102_C185_aco/U1_2/CO (FADDX1_RVT)         0.0468      1.0000              0.0908      3.7817 f    (81.86,74.59)
  execution_unit_0/alu_0/add_102_C185_aco/carry[3] (net)
                                                    2      2.5235
  execution_unit_0/alu_0/U104/A1 (AND2X1_RVT)                          0.0468      1.0000              0.0000      3.7817 f    (80.37,76.30)
  execution_unit_0/alu_0/U104/Y (AND2X1_RVT)                           0.0303      1.0000              0.0646      3.8463 f    (79.85,76.37)
  execution_unit_0/alu_0/add_102_C185_aco/carry[4] (net)
                                                    1      1.4897
  execution_unit_0/alu_0/U103/A2 (XOR2X1_RVT)                          0.0303      1.0000              0.0000      3.8463 f    (78.23,77.98)
  execution_unit_0/alu_0/U103/Y (XOR2X1_RVT)                           0.0508      1.0000              0.1143      3.9606 f    (76.96,78.06)
  execution_unit_0/alu_0/alu_dadd0[4]1 (net)        1      2.2570
  execution_unit_0/alu_0/add_1_root_add_100_2_C186/U1_0/CI (FADDX1_RVT)
                                                                       0.0508      1.0000              0.0000      3.9606 f    (73.11,81.16)
  execution_unit_0/alu_0/add_1_root_add_100_2_C186/U1_0/S (FADDX1_RVT)
                                                                       0.0419      1.0000              0.1518      4.1124 r    (74.25,81.35)
  execution_unit_0/alu_0/alu_dadd1[0] (net)         1      1.3144
  execution_unit_0/alu_0/U17/A1 (AO222X1_RVT)                          0.0419      1.0000              0.0000      4.1125 r    (79.21,79.64)
  execution_unit_0/alu_0/U17/Y (AO222X1_RVT)                           0.0503      1.0000              0.1345      4.2470 r    (80.56,79.71)
  execution_unit_0/alu_0/aps_rename_20_ (net)       1      1.0910
  execution_unit_0/alu_0/clockcopt_h_inst_5229/A (DELLN3X2_RVT)        0.0503      1.0000              0.0000      4.2470 r    (84.61,81.30)
  execution_unit_0/alu_0/clockcopt_h_inst_5229/Y (DELLN3X2_RVT)        0.0602      1.0000              0.4636      4.7105 r    (89.76,81.39)
  execution_unit_0/alu_0/alu_out[4] (net)           5     10.3885
  execution_unit_0/alu_0/alu_out[4] (omsp_alu)                         0.0602      1.0000              0.0000      4.7105 r    (hierarchical)    h
  execution_unit_0/placeHFSNET_68 (net)                   10.3885
  execution_unit_0/register_file_0/placeHFSNET_68 (omsp_register_file)
                                                                       0.0602      1.0000              0.0000      4.7105 r    (hierarchical)    h
  execution_unit_0/register_file_0/placeHFSNET_68 (net)   10.3885
  execution_unit_0/register_file_0/U399/A1 (AO21X2_RVT)                0.0602      1.0000              0.0005      4.7111 r    (105.14,41.34)
  execution_unit_0/register_file_0/U399/Y (AO21X2_RVT)                 0.0767      1.0000              0.1340      4.8451 r    (105.79,41.28)
  execution_unit_0/register_file_0/cpuoff (net)     5      9.6504
  execution_unit_0/register_file_0/cpuoff (omsp_register_file)         0.0767      1.0000              0.0000      4.8451 r    (hierarchical)    h
  execution_unit_0/cpuoff (net)                            9.6504
  execution_unit_0/cpuoff (omsp_execution_unit)                        0.0767      1.0000              0.0000      4.8451 r    (hierarchical)    h
  cpuoff (net)                                             9.6504
  frontend_0/cpuoff (omsp_frontend)                                    0.0767      1.0000              0.0000      4.8451 r    (hierarchical)    h
  frontend_0/cpuoff (net)                                  9.6504
  frontend_0/U69/A2 (NAND2X0_RVT)                                      0.0767      1.0000              0.0007      4.8458 r    (69.19,24.46)
  frontend_0/U69/Y (NAND2X0_RVT)                                       0.0534      1.0000              0.0544      4.9002 f    (69.32,24.53)
  frontend_0/n74 (net)                              1      1.0780
  frontend_0/U68/A4 (AO22X1_RVT)                                       0.0534      1.0000              0.0000      4.9002 f    (73.43,24.31)
  frontend_0/U68/Y (AO22X1_RVT)                                        0.0572      1.0000              0.0906      4.9908 f    (74.02,24.56)
  frontend_0/mclk_enable (net)                      2      4.6173
  frontend_0/mclk_enable (omsp_frontend)                               0.0572      1.0000              0.0000      4.9908 f    (hierarchical)    h
  placeHFSNET_62 (net)                                     4.6173
  clock_module_0/placeHFSNET_62 (omsp_clock_module)                    0.0572      1.0000              0.0000      4.9908 f    (hierarchical)    h
  clock_module_0/placeHFSNET_62 (net)                      4.6173
  clock_module_0/clockZBUF_inst_2188/A (NBUFFX2_RVT)                   0.0572      1.0000              0.0002      4.9909 f    (79.52,47.86)
  clock_module_0/clockZBUF_inst_2188/Y (NBUFFX2_RVT)                   0.0673      1.0000              0.0920      5.0830 f    (80.04,47.95)
  clock_module_0/clockZBUF_0 (net)                  3     12.1767
  clock_module_0/and_lfxt_dis4/placeHFSNET_62 (omsp_and_gate_10)       0.0673      1.0000              0.0000      5.0830 f    (hierarchical)    h
  clock_module_0/and_lfxt_dis4/placeHFSNET_62 (net)       12.1767
  clock_module_0/and_lfxt_dis4/placeHFSINV_8_76/A (INVX0_RVT)          0.0673      1.0000              0.0011      5.0841 f    (81.04,123.28)
  clock_module_0/and_lfxt_dis4/placeHFSINV_8_76/Y (INVX0_RVT)          0.0424      1.0000              0.0440      5.1280 r    (81.25,123.23)
  clock_module_0/and_lfxt_dis4/placeHFSNET_61 (net)
                                                    1      1.1372
  clock_module_0/and_lfxt_dis4/U1/A1 (AND2X1_RVT)                      0.0424      1.0000              0.0000      5.1280 r    (82.04,126.46)
  clock_module_0/and_lfxt_dis4/U1/Y (AND2X1_RVT)                       0.0290      1.0000              0.0548      5.1828 r    (81.53,126.53)
  clock_module_0/and_lfxt_dis4/y (net)              1      1.0183
  clock_module_0/and_lfxt_dis4/y (omsp_and_gate_10)                    0.0290      1.0000              0.0000      5.1828 r    (hierarchical)    h
  clock_module_0/lfxt_disable_by_cpu_en (net)              1.0183
  clock_module_0/U48/A (IBUFFX8_RVT)                                   0.0290      1.0000              0.0000      5.1828 r    (80.36,124.77)
  clock_module_0/U48/Y (IBUFFX8_RVT)                                   0.0195      1.0000              0.0684      5.2512 f    (78.94,124.86)
  clock_module_0/n29 (net)                          1      0.9949
  clock_module_0/and_lfxt_dis5/b (omsp_and_gate_9)                     0.0195      1.0000              0.0000      5.2512 f    (hierarchical)    h
  clock_module_0/and_lfxt_dis5/b (net)                     0.9949
  clock_module_0/and_lfxt_dis5/U1/A1 (AND2X1_RVT)                      0.0195      1.0000              0.0000      5.2512 f    (80.07,126.46)
  clock_module_0/and_lfxt_dis5/U1/Y (AND2X1_RVT)                       0.0394      1.0000              0.0607      5.3119 f    (79.55,126.53)
  clock_module_0/and_lfxt_dis5/y (net)              2      2.9121
  clock_module_0/and_lfxt_dis5/y (omsp_and_gate_9)                     0.0394      1.0000              0.0000      5.3119 f    (hierarchical)    h
  clock_module_0/lfxt_enable_nxt (net)                     2.9121
  clock_module_0/and_lfxt_en_wkup/b (omsp_and_gate_7)                  0.0394      1.0000              0.0000      5.3119 f    (hierarchical)    h
  clock_module_0/and_lfxt_en_wkup/b (net)                  2.9121
  clock_module_0/and_lfxt_en_wkup/U1/A1 (AND2X1_RVT)                   0.0394      1.0000              0.0000      5.3119 f    (73.59,133.14)
  clock_module_0/and_lfxt_en_wkup/U1/Y (AND2X1_RVT)                    0.0303      1.0000              0.0630      5.3749 f    (74.11,133.22)
  clock_module_0/and_lfxt_en_wkup/y (net)           1      1.7538
  clock_module_0/and_lfxt_en_wkup/y (omsp_and_gate_7)                  0.0303      1.0000              0.0000      5.3749 f    (hierarchical)    h
  clock_module_0/lfxt_en_wkup (net)                        1.7538
  clock_module_0/U119/A3 (OR3X1_RVT)                                   0.0303      1.0000              0.0000      5.3750 f    (76.73,140.10)
  clock_module_0/U119/Y (OR3X1_RVT)                                    0.0362      1.0000              0.0685      5.4435 f    (77.15,139.91)
  clock_module_0/N173 (net)                         2      1.9039
  clock_module_0/U114/A1 (OR2X1_RVT)                                   0.0362      1.0000              0.0000      5.4435 f    (79.36,139.94)
  clock_module_0/U114/Y (OR2X1_RVT)                                    0.0278      1.0000              0.0618      5.5052 f    (80.04,139.87)
  clock_module_0/_21_net_ (net)                     1      0.9071
  clock_module_0/scan_mux_lfxt_wkup/data_in_func (omsp_scan_mux_11)    0.0278      1.0000              0.0000      5.5052 f    (hierarchical)    h
  clock_module_0/scan_mux_lfxt_wkup/data_in_func (net)     0.9071
  clock_module_0/scan_mux_lfxt_wkup/U2/A3 (AO22X1_RVT)                 0.0278      1.0000              0.0000      5.5052 f    (78.25,140.59)
  clock_module_0/scan_mux_lfxt_wkup/U2/Y (AO22X1_RVT)                  0.0336      1.0000              0.0589      5.5641 f    (77.81,139.89)
  clock_module_0/scan_mux_lfxt_wkup/data_out (net)
                                                    1      1.7541
  clock_module_0/scan_mux_lfxt_wkup/data_out (omsp_scan_mux_11)        0.0336      1.0000              0.0000      5.5641 f    (hierarchical)    h
  clock_module_0/lfxt_wkup_set_scan (net)                  1.7541
  clock_module_0/sync_cell_lfxt_wkup/rst (omsp_sync_cell_14)           0.0336      1.0000              0.0000      5.5641 f    (hierarchical)    h
  clock_module_0/sync_cell_lfxt_wkup/rst (net)             1.7541
  clock_module_0/sync_cell_lfxt_wkup/U3/A (IBUFFX32_RVT)               0.0336      1.0000              0.0000      5.5641 f    (75.57,140.01)
  clock_module_0/sync_cell_lfxt_wkup/U3/Y (IBUFFX32_RVT)               0.0214      1.0000              0.0716      5.6358 r    (71.64,139.90)
  clock_module_0/sync_cell_lfxt_wkup/n1 (net)       2      3.3025
  clock_module_0/sync_cell_lfxt_wkup/data_sync_reg[0]/RSTB (DFFARX1_RVT)
                                                                       0.0214      1.0000              0.0000      5.6358 r    (75.24,134.21)    s, n
  data arrival time                                                                                                5.6358

  clock lfxt_clk' (rise edge)                                                                         20.0000     20.0000
  source latency                                                                                       0.0000     20.0000
  lfxt_clk (in)                                                        0.0087      1.0000              0.0026     20.0026 f    (57.60,211.12)
  lfxt_clk (net)                                    1      1.7502                                                                                d
  cto_buf_drc_3447/A (NBUFFX4_RVT)                                     0.0087      1.0000              0.0000     20.0026 f    (59.16,198.33)
  cto_buf_drc_3447/Y (NBUFFX4_RVT)                                     0.0104      1.0000              0.0168     20.0195 f    (59.82,198.43)
  cts4 (net)                                        2      5.4789                                                                                d
  cts_inv_9453318/A (INVX8_RVT)                                        0.0104      1.0000              0.0001     20.0196 f    (55.28,194.99)
  cts_inv_9453318/Y (INVX8_RVT)                                        0.0082      1.0000              0.0067     20.0263 r    (55.41,195.09)
  ctsbuf_net_2143 (net)                             1      8.2533                                                                                d
  cts_inv_9403313/A (INVX16_RVT)                                       0.0082      1.0000              0.0000     20.0263 r    (55.89,196.85)
  cts_inv_9403313/Y (INVX16_RVT)                                       0.0124      1.0000              0.0075     20.0338 f    (56.02,196.75)
  ctsbuf_net_2042 (net)                            16     28.5202                                                                                d
  clock_module_0/lfxt_clk (omsp_clock_module)                          0.0124      1.0000              0.0000     20.0338 f    (hierarchical)    h
  clock_module_0/lfxt_clk (net)                    16     28.5202                                                                                d
  clock_module_0/clock_gate_aclk/p_abuf0 (omsp_clock_gate_32)          0.0124      1.0000              0.0000     20.0338 f    (hierarchical)    h
  clock_module_0/clock_gate_aclk/p_abuf0 (net)     16     28.5202                                                                                d
  clock_module_0/clock_gate_aclk/U2/A (INVX8_RVT)                      0.0136      1.0000              0.0029     20.0366 f    (83.55,144.83)
  clock_module_0/clock_gate_aclk/U2/Y (INVX8_RVT)                      0.0097      1.0000              0.0070     20.0436 r    (83.68,144.93)
  clock_module_0/clock_gate_aclk/n2 (net)           5      8.3439                                                                                d
  clock_module_0/clock_gate_aclk/n2 (omsp_clock_gate_32)               0.0097      1.0000              0.0000     20.0436 r    (hierarchical)    h
  clock_module_0/cts2 (net)                         5      8.3439                                                                                d
  clock_module_0/sync_cell_lfxt_wkup/clk (omsp_sync_cell_14)           0.0097      1.0000              0.0000     20.0436 r    (hierarchical)    h
  clock_module_0/sync_cell_lfxt_wkup/clk (net)      5      8.3439                                                                                d
  clock_module_0/sync_cell_lfxt_wkup/data_sync_reg[0]/CLK (DFFARX1_RVT)
                                                                       0.0097      1.0000              0.0002     20.0438 r    (73.59,135.56)    s, n

  clock uncertainty                                                                                   -0.2000     19.8438
  library setup time                                                               1.0000              0.0375     19.8813
  data required time                                                                                              19.8813
  ----------------------------------------------------------------------------------------------------------------------------------------------------------------
  data required time                                                                                              19.8813
  data arrival time                                                                                               -5.6358
  ----------------------------------------------------------------------------------------------------------------------------------------------------------------
  slack (MET)                                                                                                     14.2455



  Startpoint: pmem_dout[8] (input port clocked by dco_clk)
  Endpoint: pmem_addr[10] (output port clocked by dco_clk)
  Mode: func
  Corner: slow
  Scenario: func_slow
  Path Group: FEEDTHROUGH
  Path Type: max


Attributes
    b - black-box (unknown)
    s - size_only
    d - dont_touch
    u - dont_use
    g - generic
    h - hierarchical
    i - ideal
    n - noncombinational
    E - extracted timing model
    Q - Quick timing model


  Point                                          Fanout     Cap        Trans      Derate    Delta       Incr        Path           Location       Attributes
  ----------------------------------------------------------------------------------------------------------------------------------------------------------------
  clock dco_clk (rise edge)                                                                            0.0000      0.0000
  clock network delay (ideal)                                                                          0.3119      0.3119
  input external delay                                                                                 2.2500      2.5619

  pmem_dout[8] (in)                                                    0.0253      1.0000              0.0094      2.5713 f    (0.14,68.85)
  pmem_dout[8] (net)                                1      2.3494
  mem_backbone_0/pmem_dout[8] (omsp_mem_backbone)                      0.0253      1.0000              0.0094      2.5713 f    (hierarchical)    h
  mem_backbone_0/pmem_dout[8] (net)                        2.3494
  mem_backbone_0/clockcopt_h_inst_5132/A (DELLN3X2_RVT)                0.0253      1.0000              0.0001      2.5714 f    (18.03,64.58)
  mem_backbone_0/clockcopt_h_inst_5132/Y (DELLN3X2_RVT)                0.0306      1.0000              0.5220      3.0934 f    (23.19,64.67)
  mem_backbone_0/copt_net_1277 (net)                1      2.2623
  mem_backbone_0/clockcopt_h_inst_5131/A (DELLN3X2_RVT)                0.0306      1.0000              0.0001      3.0935 f    (16.51,76.46)
  mem_backbone_0/clockcopt_h_inst_5131/Y (DELLN3X2_RVT)                0.0545      1.0000              0.5460      3.6395 f    (21.67,76.37)
  mem_backbone_0/copt_net_1276 (net)                4      8.8287
  mem_backbone_0/U101/A5 (AO222X1_RVT)                                 0.0545      1.0000              0.0003      3.6398 f    (32.09,109.88)
  mem_backbone_0/U101/Y (AO222X1_RVT)                                  0.0414      1.0000              0.0783      3.7181 f    (32.68,109.80)
  mem_backbone_0/eu_mdb_in[8] (net)                 1      2.1874
  mem_backbone_0/eu_mdb_in[8] (omsp_mem_backbone)                      0.0414      1.0000              0.0000      3.7181 f    (hierarchical)    h
  eu_mdb_in[8] (net)                                       2.1874
  execution_unit_0/mdb_in[8] (omsp_execution_unit)                     0.0414      1.0000              0.0000      3.7181 f    (hierarchical)    h
  execution_unit_0/mdb_in[8] (net)                         2.1874
  execution_unit_0/clockcopt_h_inst_4595/A (DELLN3X2_RVT)              0.0414      1.0000              0.0000      3.7182 f    (40.23,101.36)
  execution_unit_0/clockcopt_h_inst_4595/Y (DELLN3X2_RVT)              0.0273      1.0000              0.5264      4.2445 f    (45.38,101.46)
  execution_unit_0/copt_net_752 (net)               1      1.2682
  execution_unit_0/clockcopt_h_inst_4594/A (DELLN3X2_RVT)              0.0273      1.0000              0.0000      4.2445 f    (39.47,99.87)
  execution_unit_0/clockcopt_h_inst_4594/Y (DELLN3X2_RVT)              0.0411      1.0000              0.5335      4.7780 f    (44.62,99.78)
  execution_unit_0/copt_net_751 (net)               4      5.2888
  execution_unit_0/U177/A2 (AO22X1_RVT)                                0.0411      1.0000              0.0000      4.7781 f    (38.32,98.31)
  execution_unit_0/U177/Y (AO22X1_RVT)                                 0.0283      1.0000              0.0817      4.8598 f    (39.06,98.13)
  execution_unit_0/mdb_in_bw[0] (net)               1      1.0858
  execution_unit_0/clockcopt_h_inst_5804/A (DELLN1X2_RVT)              0.0283      1.0000              0.0000      4.8598 f    (39.01,93.18)
  execution_unit_0/clockcopt_h_inst_5804/Y (DELLN1X2_RVT)              0.0245      1.0000              0.2167      5.0764 f    (41.43,93.09)
  execution_unit_0/copt_net_1929 (net)              1      0.5985
  execution_unit_0/clockcopt_h_inst_5803/A (DELLN3X2_RVT)              0.0245      1.0000              0.0000      5.0764 f    (42.05,93.18)
  execution_unit_0/clockcopt_h_inst_5803/Y (DELLN3X2_RVT)              0.0449      1.0000              0.5353      5.6117 f    (47.20,93.09)
  execution_unit_0/copt_net_1928 (net)              3      6.3345
  execution_unit_0/U90/A4 (AO222X1_RVT)                                0.0449      1.0000              0.0003      5.6120 f    (47.29,61.47)
  execution_unit_0/U90/Y (AO222X1_RVT)                                 0.0341      1.0000              0.0944      5.7064 f    (48.34,61.33)
  execution_unit_0/n78 (net)                        1      1.3089
  execution_unit_0/U86/A1 (OR2X1_RVT)                                  0.0341      1.0000              0.0000      5.7064 f    (52.76,59.68)
  execution_unit_0/U86/Y (OR2X1_RVT)                                   0.0420      1.0000              0.0761      5.7825 f    (53.44,59.62)
  execution_unit_0/op_src[0] (net)                  2      3.2206
  execution_unit_0/alu_0/op_src[0] (omsp_alu)                          0.0420      1.0000              0.0000      5.7825 f    (hierarchical)    h
  execution_unit_0/alu_0/op_src[0] (net)                   3.2206
  execution_unit_0/alu_0/U26/A1 (XOR2X2_RVT)                           0.0420      1.0000              0.0000      5.7826 f    (60.68,59.85)
  execution_unit_0/alu_0/U26/Y (XOR2X2_RVT)                            0.0667      1.0000              0.1328      5.9153 r    (61.95,59.64)
  execution_unit_0/alu_0/op_src_inv[0] (net)        6      9.4633
  execution_unit_0/alu_0/add_1_root_add_100_2_C185/U1_0/A (FADDX1_RVT)
                                                                       0.0667      1.0000              0.0003      5.9156 r    (76.76,64.88)
  execution_unit_0/alu_0/add_1_root_add_100_2_C185/U1_0/CO (FADDX1_RVT)
                                                                       0.0544      1.0000              0.1221      6.0377 r    (75.29,64.56)
  execution_unit_0/alu_0/add_1_root_add_100_2_C185/carry[1] (net)
                                                    1      2.3242
  execution_unit_0/alu_0/add_1_root_add_100_2_C185/U1_1/CI (FADDX1_RVT)
                                                                       0.0544      1.0000              0.0000      6.0377 r    (69.47,66.57)
  execution_unit_0/alu_0/add_1_root_add_100_2_C185/U1_1/CO (FADDX1_RVT)
                                                                       0.0528      1.0000              0.1048      6.1426 r    (70.92,66.45)
  execution_unit_0/alu_0/add_1_root_add_100_2_C185/carry[2] (net)
                                                    1      2.0857
  execution_unit_0/alu_0/add_1_root_add_100_2_C185/U1_2/CI (FADDX1_RVT)
                                                                       0.0528      1.0000              0.0000      6.1426 r    (70.83,71.13)
  execution_unit_0/alu_0/add_1_root_add_100_2_C185/U1_2/CO (FADDX1_RVT)
                                                                       0.0529      1.0000              0.1044      6.2469 r    (72.28,71.24)
  execution_unit_0/alu_0/add_1_root_add_100_2_C185/carry[3] (net)
                                                    1      2.0868
  execution_unit_0/alu_0/add_1_root_add_100_2_C185/U1_3/CI (FADDX1_RVT)
                                                                       0.0529      1.0000              0.0000      6.2470 r    (74.03,74.47)
  execution_unit_0/alu_0/add_1_root_add_100_2_C185/U1_3/S (FADDX1_RVT)
                                                                       0.0579      1.0000              0.1642      6.4112 f    (75.16,74.66)
  execution_unit_0/alu_0/N13 (net)                  3      3.2752
  execution_unit_0/alu_0/U143/A3 (OA21X1_RVT)                          0.0579      1.0000              0.0000      6.4112 f    (76.93,74.76)
  execution_unit_0/alu_0/U143/Y (OA21X1_RVT)                           0.0306      1.0000              0.0748      6.4860 f    (77.46,74.67)
  execution_unit_0/alu_0/n9 (net)                   1      0.8984
  execution_unit_0/alu_0/U7/A2 (OR2X1_RVT)                             0.0306      1.0000              0.0000      6.4860 f    (78.25,74.59)
  execution_unit_0/alu_0/U7/Y (OR2X1_RVT)                              0.0564      1.0000              0.0767      6.5627 f    (78.67,74.74)
  execution_unit_0/alu_0/n4 (net)                   3      4.9694
  execution_unit_0/alu_0/U106/A1 (AND2X1_RVT)                          0.0564      1.0000              0.0000      6.5627 f    (79.97,71.43)
  execution_unit_0/alu_0/U106/Y (AND2X1_RVT)                           0.0344      1.0000              0.0721      6.6348 f    (80.49,71.36)
  execution_unit_0/alu_0/add_102_C185_aco/carry[2] (net)
                                                    1      1.9211
  execution_unit_0/alu_0/add_102_C185_aco/U1_2/CI (FADDX1_RVT)         0.0344      1.0000              0.0000      6.6348 f    (80.41,74.47)
  execution_unit_0/alu_0/add_102_C185_aco/U1_2/CO (FADDX1_RVT)         0.0468      1.0000              0.0908      6.7256 f    (81.86,74.59)
  execution_unit_0/alu_0/add_102_C185_aco/carry[3] (net)
                                                    2      2.5235
  execution_unit_0/alu_0/U104/A1 (AND2X1_RVT)                          0.0468      1.0000              0.0000      6.7256 f    (80.37,76.30)
  execution_unit_0/alu_0/U104/Y (AND2X1_RVT)                           0.0303      1.0000              0.0646      6.7902 f    (79.85,76.37)
  execution_unit_0/alu_0/add_102_C185_aco/carry[4] (net)
                                                    1      1.4897
  execution_unit_0/alu_0/U103/A2 (XOR2X1_RVT)                          0.0303      1.0000              0.0000      6.7902 f    (78.23,77.98)
  execution_unit_0/alu_0/U103/Y (XOR2X1_RVT)                           0.0523      1.0000              0.1324      6.9226 r    (76.96,78.06)
  execution_unit_0/alu_0/alu_dadd0[4]1 (net)        1      2.2616
  execution_unit_0/alu_0/add_1_root_add_100_2_C186/U1_0/CI (FADDX1_RVT)
                                                                       0.0523      1.0000              0.0000      6.9226 r    (73.11,81.16)
  execution_unit_0/alu_0/add_1_root_add_100_2_C186/U1_0/CO (FADDX1_RVT)
                                                                       0.0530      1.0000              0.1044      7.0270 r    (74.56,81.28)
  execution_unit_0/alu_0/add_1_root_add_100_2_C186/carry[1] (net)
                                                    1      2.1115
  execution_unit_0/alu_0/add_1_root_add_100_2_C186/U1_1/CI (FADDX1_RVT)
                                                                       0.0530      1.0000              0.0000      7.0271 r    (72.51,84.50)
  execution_unit_0/alu_0/add_1_root_add_100_2_C186/U1_1/CO (FADDX1_RVT)
                                                                       0.0531      1.0000              0.1047      7.1317 r    (73.96,84.62)
  execution_unit_0/alu_0/add_1_root_add_100_2_C186/carry[2] (net)
                                                    1      2.1166
  execution_unit_0/alu_0/add_1_root_add_100_2_C186/U1_2/CI (FADDX1_RVT)
                                                                       0.0531      1.0000              0.0000      7.1317 r    (71.90,87.85)
  execution_unit_0/alu_0/add_1_root_add_100_2_C186/U1_2/CO (FADDX1_RVT)
                                                                       0.0528      1.0000              0.1042      7.2360 r    (73.35,87.96)
  execution_unit_0/alu_0/add_1_root_add_100_2_C186/carry[3] (net)
                                                    1      2.0634
  execution_unit_0/alu_0/add_1_root_add_100_2_C186/U1_3/CI (FADDX1_RVT)
                                                                       0.0528      1.0000              0.0000      7.2360 r    (74.79,91.19)
  execution_unit_0/alu_0/add_1_root_add_100_2_C186/U1_3/S (FADDX1_RVT)
                                                                       0.0603      1.0000              0.1665      7.4025 f    (75.92,91.38)
  execution_unit_0/alu_0/N26 (net)                  3      3.6026
  execution_unit_0/alu_0/U162/A3 (OA21X1_RVT)                          0.0603      1.0000              0.0000      7.4026 f    (77.54,88.14)
  execution_unit_0/alu_0/U162/Y (OA21X1_RVT)                           0.0310      1.0000              0.0775      7.4800 f    (78.07,88.05)
  execution_unit_0/alu_0/n10 (net)                  1      1.0744
  execution_unit_0/alu_0/U6/A2 (OR2X1_RVT)                             0.0310      1.0000              0.0000      7.4800 f    (78.70,89.86)
  execution_unit_0/alu_0/U6/Y (OR2X1_RVT)                              0.0568      1.0000              0.0771      7.5572 f    (79.12,89.71)
  execution_unit_0/alu_0/n3 (net)                   3      5.0186
  execution_unit_0/alu_0/U91/A1 (AND2X1_RVT)                           0.0568      1.0000              0.0000      7.5572 f    (78.91,86.33)
  execution_unit_0/alu_0/U91/Y (AND2X1_RVT)                            0.0327      1.0000              0.0716      7.6288 f    (79.43,86.40)
  execution_unit_0/alu_0/add_102_C186_aco/carry[2] (net)
                                                    1      1.8124
  execution_unit_0/alu_0/add_102_C186_aco/U1_2/CI (FADDX1_RVT)         0.0327      1.0000              0.0000      7.6288 f    (81.78,86.63)
  execution_unit_0/alu_0/add_102_C186_aco/U1_2/CO (FADDX1_RVT)         0.0521      1.0000              0.0955      7.7243 f    (83.23,86.52)
  execution_unit_0/alu_0/add_102_C186_aco/carry[3] (net)
                                                    2      3.2013
  execution_unit_0/alu_0/U89/A1 (AND2X1_RVT)                           0.0521      1.0000              0.0000      7.7243 f    (78.39,91.50)
  execution_unit_0/alu_0/U89/Y (AND2X1_RVT)                            0.0335      1.0000              0.0703      7.7946 f    (77.88,91.42)
  execution_unit_0/alu_0/add_102_C186_aco/carry[4] (net)
                                                    1      1.9436
  execution_unit_0/alu_0/U88/A2 (XOR2X1_RVT)                           0.0335      1.0000              0.0000      7.7946 f    (78.39,98.04)
  execution_unit_0/alu_0/U88/Y (XOR2X1_RVT)                            0.0485      1.0000              0.1298      7.9244 r    (77.12,98.12)
  execution_unit_0/alu_0/alu_dadd1[4]1 (net)        1      1.7929
  execution_unit_0/alu_0/add_1_root_add_100_2_C187/U1_0/CI (FADDX1_RVT)
                                                                       0.0485      1.0000              0.0000      7.9244 r    (75.07,97.88)
  execution_unit_0/alu_0/add_1_root_add_100_2_C187/U1_0/CO (FADDX1_RVT)
                                                                       0.0647      1.0000              0.1133      8.0377 r    (73.62,98.00)
  execution_unit_0/alu_0/add_1_root_add_100_2_C187/carry[1] (net)
                                                    1      3.3081
  execution_unit_0/alu_0/add_1_root_add_100_2_C187/U1_1/CI (FADDX1_RVT)
                                                                       0.0647      1.0000              0.0001      8.0378 r    (69.45,110.04)
  execution_unit_0/alu_0/add_1_root_add_100_2_C187/U1_1/CO (FADDX1_RVT)
                                                                       0.0638      1.0000              0.1177      8.1555 r    (68.00,109.93)
  execution_unit_0/alu_0/add_1_root_add_100_2_C187/carry[2] (net)
                                                    1      3.2302
  execution_unit_0/alu_0/add_1_root_add_100_2_C187/U1_2/CI (FADDX1_RVT)
                                                                       0.0638      1.0000              0.0001      8.1556 r    (63.69,121.29)
  execution_unit_0/alu_0/add_1_root_add_100_2_C187/U1_2/CO (FADDX1_RVT)
                                                                       0.0516      1.0000              0.1043      8.2599 r    (65.14,121.40)
  execution_unit_0/alu_0/add_1_root_add_100_2_C187/carry[3] (net)
                                                    1      1.7308
  execution_unit_0/alu_0/add_1_root_add_100_2_C187/U1_3/CI (FADDX1_RVT)
                                                                       0.0516      1.0000              0.0000      8.2599 r    (66.73,121.29)
  execution_unit_0/alu_0/add_1_root_add_100_2_C187/U1_3/S (FADDX1_RVT)
                                                                       0.0652      1.0000              0.1699      8.4299 f    (67.86,121.48)
  execution_unit_0/alu_0/N39 (net)                  3      4.1374
  execution_unit_0/alu_0/U168/A3 (OA21X1_RVT)                          0.0652      1.0000              0.0000      8.4299 f    (71.26,123.13)
  execution_unit_0/alu_0/U168/Y (OA21X1_RVT)                           0.0327      1.0000              0.0801      8.5100 f    (70.72,123.22)
  execution_unit_0/alu_0/n11 (net)                  1      1.1096
  execution_unit_0/alu_0/U5/A2 (OR2X1_RVT)                             0.0327      1.0000              0.0000      8.5100 f    (72.17,124.75)
  execution_unit_0/alu_0/U5/Y (OR2X1_RVT)                              0.0575      1.0000              0.0781      8.5881 f    (72.59,124.90)
  execution_unit_0/alu_0/n2 (net)                   3      5.0948
  execution_unit_0/alu_0/U86/A1 (AND2X1_RVT)                           0.0575      1.0000              0.0000      8.5882 f    (75.20,121.59)
  execution_unit_0/alu_0/U86/Y (AND2X1_RVT)                            0.0349      1.0000              0.0725      8.6606 f    (74.68,121.52)
  execution_unit_0/alu_0/add_102_C187_aco/carry[2] (net)
                                                    1      1.8976
  execution_unit_0/alu_0/add_102_C187_aco/U1_2/CI (FADDX1_RVT)         0.0349      1.0000              0.0000      8.6607 f    (73.27,123.42)
  execution_unit_0/alu_0/add_102_C187_aco/U1_2/CO (FADDX1_RVT)         0.0506      1.0000              0.0947      8.7554 f    (74.71,123.30)
  execution_unit_0/alu_0/add_102_C187_aco/carry[3] (net)
                                                    2      3.0040
  execution_unit_0/alu_0/U84/A1 (AND2X1_RVT)                           0.0506      1.0000              0.0000      8.7554 f    (68.36,128.28)
  execution_unit_0/alu_0/U84/Y (AND2X1_RVT)                            0.0325      1.0000              0.0681      8.8235 f    (67.85,128.21)
  execution_unit_0/alu_0/add_102_C187_aco/carry[4] (net)
                                                    1      1.7322
  execution_unit_0/alu_0/U83/A2 (XOR2X1_RVT)                           0.0325      1.0000              0.0000      8.8235 f    (70.10,124.79)
  execution_unit_0/alu_0/U83/Y (XOR2X1_RVT)                            0.0518      1.0000              0.1330      8.9565 r    (71.37,124.87)
  execution_unit_0/alu_0/alu_dadd2[4]1 (net)        1      2.2001
  execution_unit_0/alu_0/add_1_root_add_100_2_C188/U1_0/CI (FADDX1_RVT)
                                                                       0.0518      1.0000              0.0000      8.9565 r    (70.07,120.07)
  execution_unit_0/alu_0/add_1_root_add_100_2_C188/U1_0/CO (FADDX1_RVT)
                                                                       0.0512      1.0000              0.1006      9.0571 r    (71.52,119.96)
  execution_unit_0/alu_0/add_1_root_add_100_2_C188/carry[1] (net)
                                                    1      1.7363
  execution_unit_0/alu_0/add_1_root_add_100_2_C188/U1_1/CI (FADDX1_RVT)
                                                                       0.0512      1.0000              0.0000      9.0571 r    (73.11,120.07)
  execution_unit_0/alu_0/add_1_root_add_100_2_C188/U1_1/CO (FADDX1_RVT)
                                                                       0.0496      1.0000              0.1003      9.1574 r    (74.56,119.96)
  execution_unit_0/alu_0/add_1_root_add_100_2_C188/carry[2] (net)
                                                    1      1.7214
  execution_unit_0/alu_0/add_1_root_add_100_2_C188/U1_2/CI (FADDX1_RVT)
                                                                       0.0496      1.0000              0.0000      9.1574 r    (76.00,120.07)
  execution_unit_0/alu_0/add_1_root_add_100_2_C188/U1_2/CO (FADDX1_RVT)
                                                                       0.0538      1.0000              0.1042      9.2616 r    (77.45,119.96)
  execution_unit_0/alu_0/add_1_root_add_100_2_C188/carry[3] (net)
                                                    1      2.1872
  execution_unit_0/alu_0/add_1_root_add_100_2_C188/U1_3/CI (FADDX1_RVT)
                                                                       0.0538      1.0000              0.0000      9.2616 r    (80.26,116.73)
  execution_unit_0/alu_0/add_1_root_add_100_2_C188/U1_3/S (FADDX1_RVT)
                                                                       0.0606      1.0000              0.1669      9.4285 f    (81.39,116.54)
  execution_unit_0/alu_0/N52 (net)                  3      3.6135
  execution_unit_0/alu_0/U173/A3 (OA21X1_RVT)                          0.0606      1.0000              0.0000      9.4286 f    (84.22,119.78)
  execution_unit_0/alu_0/U173/Y (OA21X1_RVT)                           0.0307      1.0000              0.0771      9.5056 f    (84.75,119.87)
  execution_unit_0/alu_0/n12 (net)                  1      1.0023
  execution_unit_0/alu_0/U4/A2 (OR2X1_RVT)                             0.0307      1.0000              0.0000      9.5056 f    (82.86,119.95)
  execution_unit_0/alu_0/U4/Y (OR2X1_RVT)                              0.0582      1.0000              0.0780      9.5836 f    (82.44,119.81)
  execution_unit_0/alu_0/n1 (net)                   3      5.1768
  execution_unit_0/alu_0/U81/A1 (AND2X1_RVT)                           0.0582      1.0000              0.0000      9.5836 f    (81.95,123.11)
  execution_unit_0/alu_0/U81/Y (AND2X1_RVT)                            0.0329      1.0000              0.0721      9.6557 f    (82.47,123.19)
  execution_unit_0/alu_0/add_102_C188_aco/carry[2] (net)
                                                    1      1.7959
  execution_unit_0/alu_0/add_102_C188_aco/U1_2/CI (FADDX1_RVT)         0.0329      1.0000              0.0000      9.6557 f    (84.67,123.42)
  execution_unit_0/alu_0/add_102_C188_aco/U1_2/S (FADDX1_RVT)          0.0544      1.0000              0.1035      9.7591 f    (85.80,123.22)
  execution_unit_0/alu_0/alu_dadd3[2] (net)         1      2.9225
  execution_unit_0/alu_0/U207/A1 (AO222X1_RVT)                         0.0544      1.0000              0.0001      9.7592 f    (83.17,104.87)
  execution_unit_0/alu_0/U207/Y (AO222X1_RVT)                          0.0516      1.0000              0.1290      9.8882 f    (84.51,104.81)
  execution_unit_0/alu_0/alu_out[14] (net)          2      3.4625
  execution_unit_0/alu_0/alu_out[14] (omsp_alu)                        0.0516      1.0000              0.0000      9.8882 f    (hierarchical)    h
  execution_unit_0/alu_out[14] (net)                       3.4625
  execution_unit_0/clockcopt_h_inst_5703/A (DELLN2X2_RVT)              0.0516      1.0000              0.0001      9.8882 f    (91.45,91.33)
  execution_unit_0/clockcopt_h_inst_5703/Y (DELLN2X2_RVT)              0.0305      1.0000              0.3184     10.2067 f    (94.78,91.42)
  execution_unit_0/copt_net_1832 (net)              2      2.2330
  execution_unit_0/register_file_0/reg_dest_val[14] (omsp_register_file)
                                                                       0.0305      1.0000              0.0000     10.2067 f    (hierarchical)    h
  execution_unit_0/register_file_0/reg_dest_val[14] (net)
                                                           2.2330
  execution_unit_0/register_file_0/U55/A1 (AND2X4_RVT)                 0.0305      1.0000              0.0000     10.2067 f    (91.01,89.82)
  execution_unit_0/register_file_0/U55/Y (AND2X4_RVT)                  0.0918      1.0000              0.1233     10.3300 f    (91.59,89.75)
  execution_unit_0/register_file_0/pc_sw[14] (net)
                                                   15     28.4777
  execution_unit_0/register_file_0/pc_sw[14] (omsp_register_file)      0.0918      1.0000              0.0000     10.3300 f    (hierarchical)    h
  execution_unit_0/pc_sw[14] (net)                        28.4777
  execution_unit_0/pc_sw[14] (omsp_execution_unit)                     0.0918      1.0000              0.0000     10.3300 f    (hierarchical)    h
  pc_sw[14] (net)                                         28.4777
  frontend_0/pc_sw[14] (omsp_frontend)                                 0.0918      1.0000              0.0000     10.3300 f    (hierarchical)    h
  frontend_0/pc_sw[14] (net)                              28.4777
  frontend_0/U25/A3 (AO221X1_RVT)                                      0.0916      1.0000              0.0002     10.3302 f    (88.48,73.71)
  frontend_0/U25/Y (AO221X1_RVT)                                       0.0586      1.0000              0.1356     10.4658 f    (89.23,73.01)
  frontend_0/mab[14] (net)                          3      4.1006
  frontend_0/mab[14] (omsp_frontend)                                   0.0586      1.0000              0.0000     10.4658 f    (hierarchical)    h
  fe_mab[14] (net)                                         4.1006
  mem_backbone_0/fe_mab[13] (omsp_mem_backbone)                        0.0586      1.0000              0.0000     10.4658 f    (hierarchical)    h
  mem_backbone_0/fe_mab[13] (net)                          4.1006
  mem_backbone_0/U24/A4 (AND4X1_RVT)                                   0.0586      1.0000              0.0001     10.4658 f    (90.40,83.14)
  mem_backbone_0/U24/Y (AND4X1_RVT)                                    0.0468      1.0000              0.1196     10.5854 f    (89.43,83.06)
  mem_backbone_0/fe_pmem_sel (net)                  1      1.5942
  mem_backbone_0/U179/A1 (NAND2X2_RVT)                                 0.0468      1.0000              0.0000     10.5854 f    (84.46,79.64)
  mem_backbone_0/U179/Y (NAND2X2_RVT)                                  0.0609      1.0000              0.1122     10.6976 r    (85.28,79.72)
  mem_backbone_0/n11 (net)                          3     10.3102
  mem_backbone_0/U174/A2 (NAND4X0_RVT)                                 0.0609      1.0000              0.0002     10.6978 r    (91.31,114.75)
  mem_backbone_0/U174/Y (NAND4X0_RVT)                                  0.2073      1.0000              0.1581     10.8560 f    (91.32,114.83)
  mem_backbone_0/n14 (net)                          3      5.0292
  mem_backbone_0/U39/A1 (AND2X2_RVT)                                   0.2073      1.0000              0.0000     10.8560 f    (93.96,114.90)
  mem_backbone_0/U39/Y (AND2X2_RVT)                                    0.0541      1.0000              0.1230     10.9790 f    (94.47,114.83)
  mem_backbone_0/n10 (net)                          1      1.0721
  mem_backbone_0/clockZBUF_inst_5979/A (NBUFFX4_RVT)                   0.0541      1.0000              0.0000     10.9790 f    (92.29,114.73)
  mem_backbone_0/clockZBUF_inst_5979/Y (NBUFFX4_RVT)                   0.0512      1.0000              0.0820     11.0611 f    (92.96,114.83)
  mem_backbone_0/clockZBUF_23 (net)                12     16.6805
  mem_backbone_0/U37/A4 (AO222X2_RVT)                                  0.0512      1.0000              0.0002     11.0613 f    (95.18,111.57)
  mem_backbone_0/U37/Y (AO222X2_RVT)                                   0.0714      1.0000              0.1333     11.1946 f    (96.22,111.48)
  mem_backbone_0/pmem_addr[10] (net)                1     10.4867
  mem_backbone_0/pmem_addr[10] (omsp_mem_backbone)                     0.0714      1.0000              0.0000     11.1946 f    (hierarchical)    h
  pmem_addr[10] (net)                                     10.4867
  pmem_addr[10] (out)                                                  0.0715      1.0000              0.0011     11.1958 f    (211.88,110.50)
  data arrival time                                                                                               11.1958

  clock dco_clk (rise edge)                                                                           40.0000     40.0000
  clock network delay (ideal)                                                                          0.1015     40.1015
  clock uncertainty                                                                                   -0.2000     39.9015
  output external delay                                                                               -0.6400     39.2615
  data required time                                                                                              39.2615
  ----------------------------------------------------------------------------------------------------------------------------------------------------------------
  data required time                                                                                              39.2615
  data arrival time                                                                                              -11.1958
  ----------------------------------------------------------------------------------------------------------------------------------------------------------------
  slack (MET)                                                                                                     28.0658



  Startpoint: pmem_dout[8] (input port clocked by dco_clk)
  Endpoint: clock_module_0/sync_cell_dco_wkup/data_sync_reg[1] (recovery check against rising-edge clock clocked by dco_clk')
  Mode: func
  Corner: slow
  Scenario: func_slow
  Path Group: REGIN
  Path Type: max


Attributes
    b - black-box (unknown)
    s - size_only
    d - dont_touch
    u - dont_use
    g - generic
    h - hierarchical
    i - ideal
    n - noncombinational
    E - extracted timing model
    Q - Quick timing model


  Point                                          Fanout     Cap        Trans      Derate    Delta       Incr        Path           Location       Attributes
  ----------------------------------------------------------------------------------------------------------------------------------------------------------------
  clock dco_clk (rise edge)                                                                            0.0000      0.0000
  clock network delay (ideal)                                                                          0.3119      0.3119
  input external delay                                                                                 2.2500      2.5619

  pmem_dout[8] (in)                                                    0.0253      1.0000              0.0094      2.5713 f    (0.14,68.85)
  pmem_dout[8] (net)                                1      2.3494
  mem_backbone_0/pmem_dout[8] (omsp_mem_backbone)                      0.0253      1.0000              0.0094      2.5713 f    (hierarchical)    h
  mem_backbone_0/pmem_dout[8] (net)                        2.3494
  mem_backbone_0/clockcopt_h_inst_5132/A (DELLN3X2_RVT)                0.0253      1.0000              0.0001      2.5714 f    (18.03,64.58)
  mem_backbone_0/clockcopt_h_inst_5132/Y (DELLN3X2_RVT)                0.0306      1.0000              0.5220      3.0934 f    (23.19,64.67)
  mem_backbone_0/copt_net_1277 (net)                1      2.2623
  mem_backbone_0/clockcopt_h_inst_5131/A (DELLN3X2_RVT)                0.0306      1.0000              0.0001      3.0935 f    (16.51,76.46)
  mem_backbone_0/clockcopt_h_inst_5131/Y (DELLN3X2_RVT)                0.0545      1.0000              0.5460      3.6395 f    (21.67,76.37)
  mem_backbone_0/copt_net_1276 (net)                4      8.8287
  mem_backbone_0/U101/A5 (AO222X1_RVT)                                 0.0545      1.0000              0.0003      3.6398 f    (32.09,109.88)
  mem_backbone_0/U101/Y (AO222X1_RVT)                                  0.0414      1.0000              0.0783      3.7181 f    (32.68,109.80)
  mem_backbone_0/eu_mdb_in[8] (net)                 1      2.1874
  mem_backbone_0/eu_mdb_in[8] (omsp_mem_backbone)                      0.0414      1.0000              0.0000      3.7181 f    (hierarchical)    h
  eu_mdb_in[8] (net)                                       2.1874
  execution_unit_0/mdb_in[8] (omsp_execution_unit)                     0.0414      1.0000              0.0000      3.7181 f    (hierarchical)    h
  execution_unit_0/mdb_in[8] (net)                         2.1874
  execution_unit_0/clockcopt_h_inst_4595/A (DELLN3X2_RVT)              0.0414      1.0000              0.0000      3.7182 f    (40.23,101.36)
  execution_unit_0/clockcopt_h_inst_4595/Y (DELLN3X2_RVT)              0.0273      1.0000              0.5264      4.2445 f    (45.38,101.46)
  execution_unit_0/copt_net_752 (net)               1      1.2682
  execution_unit_0/clockcopt_h_inst_4594/A (DELLN3X2_RVT)              0.0273      1.0000              0.0000      4.2445 f    (39.47,99.87)
  execution_unit_0/clockcopt_h_inst_4594/Y (DELLN3X2_RVT)              0.0411      1.0000              0.5335      4.7780 f    (44.62,99.78)
  execution_unit_0/copt_net_751 (net)               4      5.2888
  execution_unit_0/U177/A2 (AO22X1_RVT)                                0.0411      1.0000              0.0000      4.7781 f    (38.32,98.31)
  execution_unit_0/U177/Y (AO22X1_RVT)                                 0.0283      1.0000              0.0817      4.8598 f    (39.06,98.13)
  execution_unit_0/mdb_in_bw[0] (net)               1      1.0858
  execution_unit_0/clockcopt_h_inst_5804/A (DELLN1X2_RVT)              0.0283      1.0000              0.0000      4.8598 f    (39.01,93.18)
  execution_unit_0/clockcopt_h_inst_5804/Y (DELLN1X2_RVT)              0.0245      1.0000              0.2167      5.0764 f    (41.43,93.09)
  execution_unit_0/copt_net_1929 (net)              1      0.5985
  execution_unit_0/clockcopt_h_inst_5803/A (DELLN3X2_RVT)              0.0245      1.0000              0.0000      5.0764 f    (42.05,93.18)
  execution_unit_0/clockcopt_h_inst_5803/Y (DELLN3X2_RVT)              0.0449      1.0000              0.5353      5.6117 f    (47.20,93.09)
  execution_unit_0/copt_net_1928 (net)              3      6.3345
  execution_unit_0/U90/A4 (AO222X1_RVT)                                0.0449      1.0000              0.0003      5.6120 f    (47.29,61.47)
  execution_unit_0/U90/Y (AO222X1_RVT)                                 0.0341      1.0000              0.0944      5.7064 f    (48.34,61.33)
  execution_unit_0/n78 (net)                        1      1.3089
  execution_unit_0/U86/A1 (OR2X1_RVT)                                  0.0341      1.0000              0.0000      5.7064 f    (52.76,59.68)
  execution_unit_0/U86/Y (OR2X1_RVT)                                   0.0420      1.0000              0.0761      5.7825 f    (53.44,59.62)
  execution_unit_0/op_src[0] (net)                  2      3.2206
  execution_unit_0/alu_0/op_src[0] (omsp_alu)                          0.0420      1.0000              0.0000      5.7825 f    (hierarchical)    h
  execution_unit_0/alu_0/op_src[0] (net)                   3.2206
  execution_unit_0/alu_0/U26/A1 (XOR2X2_RVT)                           0.0420      1.0000              0.0000      5.7826 f    (60.68,59.85)
  execution_unit_0/alu_0/U26/Y (XOR2X2_RVT)                            0.0667      1.0000              0.1328      5.9153 r    (61.95,59.64)
  execution_unit_0/alu_0/op_src_inv[0] (net)        6      9.4633
  execution_unit_0/alu_0/add_1_root_add_100_2_C185/U1_0/A (FADDX1_RVT)
                                                                       0.0667      1.0000              0.0003      5.9156 r    (76.76,64.88)
  execution_unit_0/alu_0/add_1_root_add_100_2_C185/U1_0/CO (FADDX1_RVT)
                                                                       0.0544      1.0000              0.1221      6.0377 r    (75.29,64.56)
  execution_unit_0/alu_0/add_1_root_add_100_2_C185/carry[1] (net)
                                                    1      2.3242
  execution_unit_0/alu_0/add_1_root_add_100_2_C185/U1_1/CI (FADDX1_RVT)
                                                                       0.0544      1.0000              0.0000      6.0377 r    (69.47,66.57)
  execution_unit_0/alu_0/add_1_root_add_100_2_C185/U1_1/CO (FADDX1_RVT)
                                                                       0.0528      1.0000              0.1048      6.1426 r    (70.92,66.45)
  execution_unit_0/alu_0/add_1_root_add_100_2_C185/carry[2] (net)
                                                    1      2.0857
  execution_unit_0/alu_0/add_1_root_add_100_2_C185/U1_2/CI (FADDX1_RVT)
                                                                       0.0528      1.0000              0.0000      6.1426 r    (70.83,71.13)
  execution_unit_0/alu_0/add_1_root_add_100_2_C185/U1_2/CO (FADDX1_RVT)
                                                                       0.0529      1.0000              0.1044      6.2469 r    (72.28,71.24)
  execution_unit_0/alu_0/add_1_root_add_100_2_C185/carry[3] (net)
                                                    1      2.0868
  execution_unit_0/alu_0/add_1_root_add_100_2_C185/U1_3/CI (FADDX1_RVT)
                                                                       0.0529      1.0000              0.0000      6.2470 r    (74.03,74.47)
  execution_unit_0/alu_0/add_1_root_add_100_2_C185/U1_3/S (FADDX1_RVT)
                                                                       0.0579      1.0000              0.1642      6.4112 f    (75.16,74.66)
  execution_unit_0/alu_0/N13 (net)                  3      3.2752
  execution_unit_0/alu_0/U143/A3 (OA21X1_RVT)                          0.0579      1.0000              0.0000      6.4112 f    (76.93,74.76)
  execution_unit_0/alu_0/U143/Y (OA21X1_RVT)                           0.0306      1.0000              0.0748      6.4860 f    (77.46,74.67)
  execution_unit_0/alu_0/n9 (net)                   1      0.8984
  execution_unit_0/alu_0/U7/A2 (OR2X1_RVT)                             0.0306      1.0000              0.0000      6.4860 f    (78.25,74.59)
  execution_unit_0/alu_0/U7/Y (OR2X1_RVT)                              0.0564      1.0000              0.0767      6.5627 f    (78.67,74.74)
  execution_unit_0/alu_0/n4 (net)                   3      4.9694
  execution_unit_0/alu_0/U106/A1 (AND2X1_RVT)                          0.0564      1.0000              0.0000      6.5627 f    (79.97,71.43)
  execution_unit_0/alu_0/U106/Y (AND2X1_RVT)                           0.0344      1.0000              0.0721      6.6348 f    (80.49,71.36)
  execution_unit_0/alu_0/add_102_C185_aco/carry[2] (net)
                                                    1      1.9211
  execution_unit_0/alu_0/add_102_C185_aco/U1_2/CI (FADDX1_RVT)         0.0344      1.0000              0.0000      6.6348 f    (80.41,74.47)
  execution_unit_0/alu_0/add_102_C185_aco/U1_2/CO (FADDX1_RVT)         0.0468      1.0000              0.0908      6.7256 f    (81.86,74.59)
  execution_unit_0/alu_0/add_102_C185_aco/carry[3] (net)
                                                    2      2.5235
  execution_unit_0/alu_0/U104/A1 (AND2X1_RVT)                          0.0468      1.0000              0.0000      6.7256 f    (80.37,76.30)
  execution_unit_0/alu_0/U104/Y (AND2X1_RVT)                           0.0303      1.0000              0.0646      6.7902 f    (79.85,76.37)
  execution_unit_0/alu_0/add_102_C185_aco/carry[4] (net)
                                                    1      1.4897
  execution_unit_0/alu_0/U103/A2 (XOR2X1_RVT)                          0.0303      1.0000              0.0000      6.7902 f    (78.23,77.98)
  execution_unit_0/alu_0/U103/Y (XOR2X1_RVT)                           0.0508      1.0000              0.1143      6.9045 f    (76.96,78.06)
  execution_unit_0/alu_0/alu_dadd0[4]1 (net)        1      2.2570
  execution_unit_0/alu_0/add_1_root_add_100_2_C186/U1_0/CI (FADDX1_RVT)
                                                                       0.0508      1.0000              0.0000      6.9045 f    (73.11,81.16)
  execution_unit_0/alu_0/add_1_root_add_100_2_C186/U1_0/S (FADDX1_RVT)
                                                                       0.0419      1.0000              0.1518      7.0563 r    (74.25,81.35)
  execution_unit_0/alu_0/alu_dadd1[0] (net)         1      1.3144
  execution_unit_0/alu_0/U17/A1 (AO222X1_RVT)                          0.0419      1.0000              0.0000      7.0564 r    (79.21,79.64)
  execution_unit_0/alu_0/U17/Y (AO222X1_RVT)                           0.0503      1.0000              0.1345      7.1909 r    (80.56,79.71)
  execution_unit_0/alu_0/aps_rename_20_ (net)       1      1.0910
  execution_unit_0/alu_0/clockcopt_h_inst_5229/A (DELLN3X2_RVT)        0.0503      1.0000              0.0000      7.1909 r    (84.61,81.30)
  execution_unit_0/alu_0/clockcopt_h_inst_5229/Y (DELLN3X2_RVT)        0.0602      1.0000              0.4636      7.6544 r    (89.76,81.39)
  execution_unit_0/alu_0/alu_out[4] (net)           5     10.3885
  execution_unit_0/alu_0/alu_out[4] (omsp_alu)                         0.0602      1.0000              0.0000      7.6544 r    (hierarchical)    h
  execution_unit_0/placeHFSNET_68 (net)                   10.3885
  execution_unit_0/register_file_0/placeHFSNET_68 (omsp_register_file)
                                                                       0.0602      1.0000              0.0000      7.6544 r    (hierarchical)    h
  execution_unit_0/register_file_0/placeHFSNET_68 (net)   10.3885
  execution_unit_0/register_file_0/U399/A1 (AO21X2_RVT)                0.0602      1.0000              0.0005      7.6550 r    (105.14,41.34)
  execution_unit_0/register_file_0/U399/Y (AO21X2_RVT)                 0.0767      1.0000              0.1340      7.7890 r    (105.79,41.28)
  execution_unit_0/register_file_0/cpuoff (net)     5      9.6504
  execution_unit_0/register_file_0/cpuoff (omsp_register_file)         0.0767      1.0000              0.0000      7.7890 r    (hierarchical)    h
  execution_unit_0/cpuoff (net)                            9.6504
  execution_unit_0/cpuoff (omsp_execution_unit)                        0.0767      1.0000              0.0000      7.7890 r    (hierarchical)    h
  cpuoff (net)                                             9.6504
  frontend_0/cpuoff (omsp_frontend)                                    0.0767      1.0000              0.0000      7.7890 r    (hierarchical)    h
  frontend_0/cpuoff (net)                                  9.6504
  frontend_0/U69/A2 (NAND2X0_RVT)                                      0.0767      1.0000              0.0007      7.7897 r    (69.19,24.46)
  frontend_0/U69/Y (NAND2X0_RVT)                                       0.0534      1.0000              0.0544      7.8441 f    (69.32,24.53)
  frontend_0/n74 (net)                              1      1.0780
  frontend_0/U68/A4 (AO22X1_RVT)                                       0.0534      1.0000              0.0000      7.8441 f    (73.43,24.31)
  frontend_0/U68/Y (AO22X1_RVT)                                        0.0572      1.0000              0.0906      7.9347 f    (74.02,24.56)
  frontend_0/mclk_enable (net)                      2      4.6173
  frontend_0/mclk_enable (omsp_frontend)                               0.0572      1.0000              0.0000      7.9347 f    (hierarchical)    h
  placeHFSNET_62 (net)                                     4.6173
  clock_module_0/placeHFSNET_62 (omsp_clock_module)                    0.0572      1.0000              0.0000      7.9347 f    (hierarchical)    h
  clock_module_0/placeHFSNET_62 (net)                      4.6173
  clock_module_0/and_cpuoff_mclk_en/b (omsp_and_gate_0)                0.0572      1.0000              0.0000      7.9347 f    (hierarchical)    h
  clock_module_0/and_cpuoff_mclk_en/b (net)                4.6173
  clock_module_0/and_cpuoff_mclk_en/U1/A1 (AND2X2_RVT)                 0.0572      1.0000              0.0001      7.9348 f    (81.19,39.51)
  clock_module_0/and_cpuoff_mclk_en/U1/Y (AND2X2_RVT)                  0.0642      1.0000              0.1054      8.0402 f    (81.71,39.59)
  clock_module_0/and_cpuoff_mclk_en/y (net)         1     10.0832
  clock_module_0/and_cpuoff_mclk_en/y (omsp_and_gate_0)                0.0642      1.0000              0.0000      8.0402 f    (hierarchical)    h
  clock_module_0/cpuoff_and_mclk_enable (net)             10.0832
  clock_module_0/and_dco_dis1/b (omsp_and_gate_21)                     0.0642      1.0000              0.0000      8.0402 f    (hierarchical)    h
  clock_module_0/and_dco_dis1/b (net)                     10.0832
  clock_module_0/and_dco_dis1/U1/A1 (AND2X1_RVT)                       0.0642      1.0000              0.0008      8.0411 f    (87.12,119.77)
  clock_module_0/and_dco_dis1/U1/Y (AND2X1_RVT)                        0.0274      1.0000              0.0693      8.1104 f    (87.64,119.84)
  clock_module_0/and_dco_dis1/y (net)               1      1.0209
  clock_module_0/and_dco_dis1/y (omsp_and_gate_21)                     0.0274      1.0000              0.0000      8.1104 f    (hierarchical)    h
  clock_module_0/cpu_enabled_with_dco (net)                1.0209
  clock_module_0/U55/A2 (NOR2X0_RVT)                                   0.0274      1.0000              0.0000      8.1104 f    (88.12,121.32)
  clock_module_0/U55/Y (NOR2X0_RVT)                                    0.0226      1.0000              0.0714      8.1818 r    (88.85,121.52)
  clock_module_0/n117 (net)                         1      0.9826
  clock_module_0/and_dco_dis2/b (omsp_and_gate_20)                     0.0226      1.0000              0.0000      8.1818 r    (hierarchical)    h
  clock_module_0/and_dco_dis2/b (net)                      0.9826
  clock_module_0/and_dco_dis2/U1/A1 (AND2X1_RVT)                       0.0226      1.0000              0.0000      8.1818 r    (91.53,121.59)
  clock_module_0/and_dco_dis2/U1/Y (AND2X1_RVT)                        0.0273      1.0000              0.0495      8.2313 r    (92.04,121.52)
  clock_module_0/and_dco_dis2/y (net)               1      0.9733
  clock_module_0/and_dco_dis2/y (omsp_and_gate_20)                     0.0273      1.0000              0.0000      8.2313 r    (hierarchical)    h
  clock_module_0/dco_not_enabled_by_dbg (net)              0.9733
  clock_module_0/and_dco_dis3/b (omsp_and_gate_19)                     0.0273      1.0000              0.0000      8.2313 r    (hierarchical)    h
  clock_module_0/and_dco_dis3/b (net)                      0.9733
  clock_module_0/and_dco_dis3/U1/A1 (AND2X1_RVT)                       0.0273      1.0000              0.0000      8.2313 r    (92.68,119.77)
  clock_module_0/and_dco_dis3/U1/Y (AND2X1_RVT)                        0.0291      1.0000              0.0533      8.2845 r    (92.17,119.84)
  clock_module_0/and_dco_dis3/y (net)               1      1.3298
  clock_module_0/and_dco_dis3/y (omsp_and_gate_19)                     0.0291      1.0000              0.0000      8.2845 r    (hierarchical)    h
  clock_module_0/dco_disable_by_scg0 (net)                 1.3298
  clock_module_0/U45/A (IBUFFX16_RVT)                                  0.0291      1.0000              0.0000      8.2845 r    (91.46,123.29)
  clock_module_0/U45/Y (IBUFFX16_RVT)                                  0.0207      1.0000              0.0687      8.3532 f    (89.28,123.18)
  clock_module_0/n23 (net)                          1      1.3406
  clock_module_0/and_dco_dis5/a (omsp_and_gate_17)                     0.0207      1.0000              0.0000      8.3532 f    (hierarchical)    h
  clock_module_0/and_dco_dis5/a (net)                      1.3406
  clock_module_0/and_dco_dis5/U1/A2 (AND2X1_RVT)                       0.0207      1.0000              0.0000      8.3533 f    (87.57,128.13)
  clock_module_0/and_dco_dis5/U1/Y (AND2X1_RVT)                        0.0390      1.0000              0.0645      8.4178 f    (88.24,128.21)
  clock_module_0/and_dco_dis5/y (net)               2      2.8642
  clock_module_0/and_dco_dis5/y (omsp_and_gate_17)                     0.0390      1.0000              0.0000      8.4178 f    (hierarchical)    h
  clock_module_0/dco_enable_nxt (net)                      2.8642
  clock_module_0/and_dco_en_wkup/b (omsp_and_gate_15)                  0.0390      1.0000              0.0000      8.4178 f    (hierarchical)    h
  clock_module_0/and_dco_en_wkup/b (net)                   2.8642
  clock_module_0/and_dco_en_wkup/U1/A1 (AND2X1_RVT)                    0.0390      1.0000              0.0000      8.4178 f    (92.83,123.11)
  clock_module_0/and_dco_en_wkup/U1/Y (AND2X1_RVT)                     0.0329      1.0000              0.0651      8.4830 f    (92.32,123.19)
  clock_module_0/and_dco_en_wkup/y (net)            1      2.0965
  clock_module_0/and_dco_en_wkup/y (omsp_and_gate_15)                  0.0329      1.0000              0.0000      8.4830 f    (hierarchical)    h
  clock_module_0/dco_en_wkup (net)                         2.0965
  clock_module_0/U120/A3 (OR3X1_RVT)                                   0.0329      1.0000              0.0000      8.4830 f    (89.85,133.41)
  clock_module_0/U120/Y (OR3X1_RVT)                                    0.0373      1.0000              0.0702      8.5532 f    (89.43,133.22)
  clock_module_0/N169 (net)                         2      2.0351
  clock_module_0/U112/A1 (OR2X1_RVT)                                   0.0373      1.0000              0.0000      8.5532 f    (88.74,133.25)
  clock_module_0/U112/Y (OR2X1_RVT)                                    0.0246      1.0000              0.0637      8.6169 f    (88.06,133.18)
  clock_module_0/_9_net_ (net)                      1      1.0933
  clock_module_0/scan_mux_dco_wkup/data_in_func (omsp_scan_mux_1)      0.0246      1.0000              0.0000      8.6169 f    (hierarchical)    h
  clock_module_0/scan_mux_dco_wkup/data_in_func (net)      1.0933
  clock_module_0/scan_mux_dco_wkup/U2/A3 (AO22X1_RVT)                  0.0246      1.0000              0.0000      8.6169 f    (86.50,130.56)
  clock_module_0/scan_mux_dco_wkup/U2/Y (AO22X1_RVT)                   0.0345      1.0000              0.0585      8.6754 f    (86.94,129.86)
  clock_module_0/scan_mux_dco_wkup/data_out (net)
                                                    1      1.8850
  clock_module_0/scan_mux_dco_wkup/data_out (omsp_scan_mux_1)          0.0345      1.0000              0.0000      8.6754 f    (hierarchical)    h
  clock_module_0/dco_wkup_set_scan (net)                   1.8850
  clock_module_0/sync_cell_dco_wkup/rst (omsp_sync_cell_0)             0.0345      1.0000              0.0000      8.6754 f    (hierarchical)    h
  clock_module_0/sync_cell_dco_wkup/rst (net)              1.8850
  clock_module_0/sync_cell_dco_wkup/U3/A (IBUFFX32_RVT)                0.0345      1.0000              0.0000      8.6754 f    (86.90,126.63)
  clock_module_0/sync_cell_dco_wkup/U3/Y (IBUFFX32_RVT)                0.0214      1.0000              0.0720      8.7474 r    (90.83,126.53)
  clock_module_0/sync_cell_dco_wkup/n1 (net)        2      3.2055
  clock_module_0/sync_cell_dco_wkup/data_sync_reg[1]/RSTB (DFFARX1_RVT)
                                                                       0.0214      1.0000              0.0000      8.7474 r    (96.52,120.84)    s, n
  data arrival time                                                                                                8.7474

  clock dco_clk' (rise edge)                                                                          20.0000     20.0000
  source latency                                                                                       0.0000     20.0000
  dco_clk (in)                                                         0.0000      1.0000              0.0000     20.0000 f    (157.77,211.12)
  dco_clk (net)                                     4     26.8104                                                                                d
  cts_inv_8993272/A (IBUFFX2_RVT)                                      0.0003      1.0000              0.0001     20.0001 f    (155.37,196.85)
  cts_inv_8993272/Y (IBUFFX2_RVT)                                      0.0078      1.0000              0.0186     20.0187 r    (156.19,196.75)
  ctsbuf_net_1941 (net)                             1      0.7213                                                                                d
  cts_inv_8943267/A (IBUFFX8_RVT)                                      0.0078      1.0000              0.0000     20.0187 r    (155.07,198.34)
  cts_inv_8943267/Y (IBUFFX8_RVT)                                      0.0221      1.0000              0.0306     20.0492 f    (156.49,198.43)
  ctsbuf_net_1840 (net)                            17     30.3574                                                                                d
  clock_module_0/dco_clk (omsp_clock_module)                           0.0221      1.0000              0.0000     20.0492 f    (hierarchical)    h
  clock_module_0/dco_clk (net)                     17     30.3574                                                                                d
  clock_module_0/clock_gate_smclk/p_abuf1 (omsp_clock_gate_31)         0.0221      1.0000              0.0000     20.0492 f    (hierarchical)    h
  clock_module_0/clock_gate_smclk/p_abuf1 (net)    17     30.3574                                                                                d
  clock_module_0/clock_gate_smclk/U2/A (INVX2_RVT)                     0.0234      1.0000              0.0037     20.0529 f    (115.47,134.79)
  clock_module_0/clock_gate_smclk/U2/Y (INVX2_RVT)                     0.0248      1.0000              0.0201     20.0730 r    (115.60,134.90)
  clock_module_0/clock_gate_smclk/n2 (net)          6     11.2014                                                                                d
  clock_module_0/clock_gate_smclk/n2 (omsp_clock_gate_31)              0.0248      1.0000              0.0000     20.0730 r    (hierarchical)    h
  clock_module_0/cts0 (net)                         6     11.2014                                                                                d
  clock_module_0/sync_cell_dco_wkup/clk (omsp_sync_cell_0)             0.0248      1.0000              0.0000     20.0730 r    (hierarchical)    h
  clock_module_0/sync_cell_dco_wkup/clk (net)       6     11.2014                                                                                d
  clock_module_0/sync_cell_dco_wkup/data_sync_reg[1]/CLK (DFFARX1_RVT)
                                                                       0.0248      1.0000              0.0003     20.0733 r    (94.87,122.18)    s, n

  clock uncertainty                                                                                   -0.2000     19.8733
  library setup time                                                               1.0000              0.0408     19.9142
  data required time                                                                                              19.9142
  ----------------------------------------------------------------------------------------------------------------------------------------------------------------
  data required time                                                                                              19.9142
  data arrival time                                                                                               -8.7474
  ----------------------------------------------------------------------------------------------------------------------------------------------------------------
  slack (MET)                                                                                                     11.1668



  Startpoint: frontend_0/inst_dest_bin_reg[0] (rising edge-triggered flip-flop clocked by dco_clk)
  Endpoint: pmem_addr[10] (output port clocked by dco_clk)
  Mode: func
  Corner: slow
  Scenario: func_slow
  Path Group: REGOUT
  Path Type: max


Attributes
    b - black-box (unknown)
    s - size_only
    d - dont_touch
    u - dont_use
    g - generic
    h - hierarchical
    i - ideal
    n - noncombinational
    E - extracted timing model
    Q - Quick timing model


  Point                                          Fanout     Cap        Trans      Derate    Delta       Incr        Path           Location       Attributes
  ----------------------------------------------------------------------------------------------------------------------------------------------------------------
  clock dco_clk (rise edge)                                                                            0.0000      0.0000
  source latency                                                                                       0.0000      0.0000
  dco_clk (in)                                                         0.0000      1.0000              0.0000      0.0000 r    (157.77,211.12)
  dco_clk (net)                                     4     27.4002                                                                                d
  clock_module_0/p_abuf15 (omsp_clock_module)                          0.0000      1.0000              0.0000      0.0000 r    (hierarchical)    h
  clock_module_0/p_abuf15 (net)                     4     27.4002                                                                                d
  clock_module_0/clock_gate_mclk/clk (omsp_clock_gate_0)               0.0000      1.0000              0.0000      0.0000 r    (hierarchical)    h
  clock_module_0/clock_gate_mclk/clk (net)          4     27.4002                                                                                d
  clock_module_0/clock_gate_mclk/U3/A2 (AND2X4_RVT)                    0.0063      1.0000              0.0043      0.0043 r    (71.46,64.59)     s
  clock_module_0/clock_gate_mclk/U3/Y (AND2X4_RVT)                     0.0559      1.0000              0.0900      0.0943 r    (72.28,64.67)     s
  clock_module_0/clock_gate_mclk/gclk (net)         1     11.1256                                                                                d
  clock_module_0/clock_gate_mclk/cts_inv_8313204/A (INVX16_RVT)        0.0559      1.0000              0.0002      0.0945 r    (73.83,69.78)
  clock_module_0/clock_gate_mclk/cts_inv_8313204/Y (INVX16_RVT)        0.0284      1.0000              0.0189      0.1134 f    (73.96,69.68)
  clock_module_0/clock_gate_mclk/ctsbuf_net_1335 (net)
                                                    1     10.8092                                                                                d
  clock_module_0/clock_gate_mclk/cts_inv_8263199/A (INVX16_RVT)        0.0284      1.0000              0.0001      0.1134 f    (73.83,67.91)
  clock_module_0/clock_gate_mclk/cts_inv_8263199/Y (INVX16_RVT)        0.0257      1.0000              0.0253      0.1388 r    (73.96,68.02)
  clock_module_0/clock_gate_mclk/p_abuf5 (net)      3     27.4621                                                                                d
  clock_module_0/clock_gate_mclk/p_abuf5 (omsp_clock_gate_0)           0.0257      1.0000              0.0000      0.1388 r    (hierarchical)    h
  clock_module_0/p_abuf12 (net)                     3     27.4621                                                                                d
  clock_module_0/p_abuf12 (omsp_clock_module)                          0.0257      1.0000              0.0000      0.1388 r    (hierarchical)    h
  p_abuf9 (net)                                     3     27.4621                                                                                d
  frontend_0/p_abuf5 (omsp_frontend)                                   0.0257      1.0000              0.0000      0.1388 r    (hierarchical)    h
  frontend_0/p_abuf5 (net)                          3     27.4621                                                                                d
  frontend_0/clock_gate_decode/clk (omsp_clock_gate_25)                0.0257      1.0000              0.0000      0.1388 r    (hierarchical)    h
  frontend_0/clock_gate_decode/clk (net)            3     27.4621                                                                                d
  frontend_0/clock_gate_decode/U3/A2 (AND2X1_RVT)                      0.0259      1.0000              0.0006      0.1393 r    (64.47,37.84)     s
  frontend_0/clock_gate_decode/U3/Y (AND2X1_RVT)                       0.0325      1.0000              0.0600      0.1994 r    (65.14,37.92)     s
  frontend_0/clock_gate_decode/ctsbuf_net_426 (net)
                                                    1      1.9519                                                                                d
  frontend_0/clock_gate_decode/cts_inv_7443117/A (INVX2_RVT)           0.0325      1.0000              0.0000      0.1994 r    (65.77,43.03)
  frontend_0/clock_gate_decode/cts_inv_7443117/Y (INVX2_RVT)           0.0380      1.0000              0.0353      0.2347 f    (65.90,42.93)
  frontend_0/clock_gate_decode/ctsbuf_net_527 (net)
                                                    1      5.9681                                                                                d
  frontend_0/clock_gate_decode/cts_inv_7393112/A (INVX8_RVT)           0.0380      1.0000              0.0001      0.2348 f    (63.19,41.16)
  frontend_0/clock_gate_decode/cts_inv_7393112/Y (INVX8_RVT)           0.0730      1.0000              0.0603      0.2951 r    (63.31,41.26)
  frontend_0/clock_gate_decode/gclk (net)          49     60.4761                                                                                d
  frontend_0/clock_gate_decode/gclk (omsp_clock_gate_25)               0.0730      1.0000              0.0000      0.2951 r    (hierarchical)    h
  frontend_0/mclk_decode (net)                     49     60.4761                                                                                d
  frontend_0/inst_dest_bin_reg[0]/CLK (DFFARX1_RVT)                    0.0728      1.0000              0.0017      0.2968 r    (95.18,15.17)     s, n

  frontend_0/inst_dest_bin_reg[0]/CLK (DFFARX1_RVT)                    0.0728      1.0000              0.0000      0.2968 r    (95.18,15.17)     s, n
  frontend_0/inst_dest_bin_reg[0]/QN (DFFARX1_RVT)                     0.0399      1.0000              0.1280      0.4247 f    (98.57,14.52)     s, n
  frontend_0/n388 (net)                             1      0.9092
  frontend_0/clockcopt_h_inst_4244/A (DELLN2X2_RVT)                    0.0399      1.0000              0.0000      0.4247 f    (100.88,16.27)
  frontend_0/clockcopt_h_inst_4244/Y (DELLN2X2_RVT)                    0.0303      1.0000              0.3128      0.7376 f    (104.20,16.18)
  frontend_0/copt_net_412 (net)                     2      2.1609
  frontend_0/U187/A1 (AND2X2_RVT)                                      0.0303      1.0000              0.0000      0.7376 f    (110.38,14.58)
  frontend_0/U187/Y (AND2X2_RVT)                                       0.0634      1.0000              0.0920      0.8296 f    (110.89,14.51)
  frontend_0/n102 (net)                             8     10.0157
  frontend_0/U162/A2 (AO22X1_RVT)                                      0.0634      1.0000              0.0001      0.8297 f    (113.86,22.67)
  frontend_0/U162/Y (AO22X1_RVT)                                       0.0468      1.0000              0.1099      0.9396 f    (114.61,22.85)
  frontend_0/inst_dest[6] (net)                     1      3.4782
  frontend_0/inst_dest[6] (omsp_frontend)                              0.0468      1.0000              0.0000      0.9396 f    (hierarchical)    h
  inst_dest[6] (net)                                       3.4782
  execution_unit_0/inst_dest[6] (omsp_execution_unit)                  0.0468      1.0000              0.0000      0.9396 f    (hierarchical)    h
  execution_unit_0/inst_dest[6] (net)                      3.4782
  execution_unit_0/register_file_0/inst_dest[6] (omsp_register_file)   0.0468      1.0000              0.0000      0.9396 f    (hierarchical)    h
  execution_unit_0/register_file_0/inst_dest[6] (net)      3.4782
  execution_unit_0/register_file_0/clockcopt_h_inst_5149/A (DELLN1X2_RVT)
                                                                       0.0468      1.0000              0.0001      0.9398 f    (144.50,24.45)
  execution_unit_0/register_file_0/clockcopt_h_inst_5149/Y (DELLN1X2_RVT)
                                                                       0.0258      1.0000              0.2270      1.1667 f    (146.91,24.54)
  execution_unit_0/register_file_0/copt_net_1294 (net)
                                                    1      0.9865
  execution_unit_0/register_file_0/clockcopt_h_inst_5148/A (DELLN3X2_RVT)
                                                                       0.0258      1.0000              0.0000      1.1667 f    (143.89,22.96)
  execution_unit_0/register_file_0/clockcopt_h_inst_5148/Y (DELLN3X2_RVT)
                                                                       0.0482      1.0000              0.5387      1.7055 f    (149.04,22.86)
  execution_unit_0/register_file_0/copt_net_1293 (net)
                                                    2      7.2268
  execution_unit_0/register_file_0/placeHFSINV_722_159/A (INVX4_RVT)   0.0482      1.0000              0.0004      1.7059 f    (187.60,19.62)
  execution_unit_0/register_file_0/placeHFSINV_722_159/Y (INVX4_RVT)   0.0583      1.0000              0.0548      1.7607 r    (187.47,19.52)
  execution_unit_0/register_file_0/placeHFSNET_123 (net)
                                                   16     20.7329
  execution_unit_0/register_file_0/U297/A2 (OA22X1_RVT)                0.0584      1.0000              0.0007      1.7614 r    (185.01,35.56)
  execution_unit_0/register_file_0/U297/Y (OA22X1_RVT)                 0.0345      1.0000              0.0840      1.8454 r    (185.84,36.27)
  execution_unit_0/register_file_0/n517 (net)       1      0.9899
  execution_unit_0/register_file_0/U296/A5 (OA221X1_RVT)               0.0345      1.0000              0.0000      1.8454 r    (182.41,36.41)
  execution_unit_0/register_file_0/U296/Y (OA221X1_RVT)                0.0694      1.0000              0.1012      1.9466 r    (182.96,36.27)
  execution_unit_0/register_file_0/n510 (net)       1      4.9500
  execution_unit_0/register_file_0/U289/A1 (NAND4X0_RVT)               0.0694      1.0000              0.0002      1.9468 r    (140.87,34.65)
  execution_unit_0/register_file_0/U289/Y (NAND4X0_RVT)                0.0722      1.0000              0.0554      2.0022 f    (141.03,34.57)
  execution_unit_0/register_file_0/reg_dest[2] (net)
                                                    1      0.6299
  execution_unit_0/register_file_0/reg_dest[2] (omsp_register_file)    0.0722      1.0000              0.0000      2.0022 f    (hierarchical)    h
  execution_unit_0/dbg_reg_din[2] (net)                    0.6299
  execution_unit_0/dbg_reg_din[2] (omsp_execution_unit)                0.0722      1.0000              0.0000      2.0022 f    (hierarchical)    h
  dbg_reg_din[2] (net)                                     0.6299
  clockcopt_h_inst_5680/A (DELLN3X2_RVT)                               0.0722      1.0000              0.0000      2.0022 f    (141.91,34.48)
  clockcopt_h_inst_5680/Y (DELLN3X2_RVT)                               0.0330      1.0000              0.5486      2.5509 f    (147.07,34.58)
  copt_net_1809 (net)                               1      2.9876
  placeZBUF_inst_493/A (NBUFFX4_RVT)                                   0.0330      1.0000              0.0001      2.5509 f    (132.50,41.16)
  placeZBUF_inst_493/Y (NBUFFX4_RVT)                                   0.0529      1.0000              0.0730      2.6240 f    (131.84,41.26)
  placeZBUF_99 (net)                                3     17.4099
  execution_unit_0/placeZBUF_51 (omsp_execution_unit)                  0.0529      1.0000              0.0000      2.6240 f    (hierarchical)    h
  execution_unit_0/placeZBUF_51 (net)                     17.4099
  execution_unit_0/U63/A1 (AO222X1_RVT)                                0.0532      1.0000              0.0022      2.6261 f    (51.95,56.23)
  execution_unit_0/U63/Y (AO222X1_RVT)                                 0.0434      1.0000              0.1212      2.7473 f    (50.60,56.30)
  execution_unit_0/n63 (net)                        1      2.4737
  execution_unit_0/U62/A2 (OR2X1_RVT)                                  0.0434      1.0000              0.0001      2.7473 f    (53.17,69.79)
  execution_unit_0/U62/Y (OR2X1_RVT)                                   0.0240      1.0000              0.0543      2.8016 f    (53.59,69.65)
  execution_unit_0/op_src[2] (net)                  1      0.8214
  execution_unit_0/alu_0/op_src[2] (omsp_alu)                          0.0240      1.0000              0.0000      2.8016 f    (hierarchical)    h
  execution_unit_0/alu_0/op_src[2] (net)                   0.8214
  execution_unit_0/alu_0/clockcopt_h_inst_5829/A (DELLN1X2_RVT)        0.0240      1.0000              0.0000      2.8016 f    (56.49,69.78)
  execution_unit_0/alu_0/clockcopt_h_inst_5829/Y (DELLN1X2_RVT)        0.0307      1.0000              0.2225      3.0241 f    (58.91,69.68)
  execution_unit_0/alu_0/copt_net_1950 (net)        2      2.4444
  execution_unit_0/alu_0/U29/A1 (XOR2X1_RVT)                           0.0307      1.0000              0.0000      3.0241 f    (58.09,67.81)
  execution_unit_0/alu_0/U29/Y (XOR2X1_RVT)                            0.0926      1.0000              0.1514      3.1755 r    (59.36,68.02)
  execution_unit_0/alu_0/op_src_inv[2] (net)        5      7.1912
  execution_unit_0/alu_0/add_1_root_add_100_2_C185/U1_2/A (FADDX1_RVT)
                                                                       0.0926      1.0000              0.0002      3.1757 r    (70.82,71.57)
  execution_unit_0/alu_0/add_1_root_add_100_2_C185/U1_2/CO (FADDX1_RVT)
                                                                       0.0529      1.0000              0.1273      3.3031 r    (72.28,71.24)
  execution_unit_0/alu_0/add_1_root_add_100_2_C185/carry[3] (net)
                                                    1      2.0868
  execution_unit_0/alu_0/add_1_root_add_100_2_C185/U1_3/CI (FADDX1_RVT)
                                                                       0.0529      1.0000              0.0000      3.3031 r    (74.03,74.47)
  execution_unit_0/alu_0/add_1_root_add_100_2_C185/U1_3/S (FADDX1_RVT)
                                                                       0.0579      1.0000              0.1642      3.4673 f    (75.16,74.66)
  execution_unit_0/alu_0/N13 (net)                  3      3.2752
  execution_unit_0/alu_0/U143/A3 (OA21X1_RVT)                          0.0579      1.0000              0.0000      3.4673 f    (76.93,74.76)
  execution_unit_0/alu_0/U143/Y (OA21X1_RVT)                           0.0306      1.0000              0.0748      3.5421 f    (77.46,74.67)
  execution_unit_0/alu_0/n9 (net)                   1      0.8984
  execution_unit_0/alu_0/U7/A2 (OR2X1_RVT)                             0.0306      1.0000              0.0000      3.5421 f    (78.25,74.59)
  execution_unit_0/alu_0/U7/Y (OR2X1_RVT)                              0.0564      1.0000              0.0767      3.6188 f    (78.67,74.74)
  execution_unit_0/alu_0/n4 (net)                   3      4.9694
  execution_unit_0/alu_0/U106/A1 (AND2X1_RVT)                          0.0564      1.0000              0.0000      3.6188 f    (79.97,71.43)
  execution_unit_0/alu_0/U106/Y (AND2X1_RVT)                           0.0344      1.0000              0.0721      3.6909 f    (80.49,71.36)
  execution_unit_0/alu_0/add_102_C185_aco/carry[2] (net)
                                                    1      1.9211
  execution_unit_0/alu_0/add_102_C185_aco/U1_2/CI (FADDX1_RVT)         0.0344      1.0000              0.0000      3.6909 f    (80.41,74.47)
  execution_unit_0/alu_0/add_102_C185_aco/U1_2/CO (FADDX1_RVT)         0.0468      1.0000              0.0908      3.7817 f    (81.86,74.59)
  execution_unit_0/alu_0/add_102_C185_aco/carry[3] (net)
                                                    2      2.5235
  execution_unit_0/alu_0/U104/A1 (AND2X1_RVT)                          0.0468      1.0000              0.0000      3.7817 f    (80.37,76.30)
  execution_unit_0/alu_0/U104/Y (AND2X1_RVT)                           0.0303      1.0000              0.0646      3.8463 f    (79.85,76.37)
  execution_unit_0/alu_0/add_102_C185_aco/carry[4] (net)
                                                    1      1.4897
  execution_unit_0/alu_0/U103/A2 (XOR2X1_RVT)                          0.0303      1.0000              0.0000      3.8463 f    (78.23,77.98)
  execution_unit_0/alu_0/U103/Y (XOR2X1_RVT)                           0.0523      1.0000              0.1324      3.9787 r    (76.96,78.06)
  execution_unit_0/alu_0/alu_dadd0[4]1 (net)        1      2.2616
  execution_unit_0/alu_0/add_1_root_add_100_2_C186/U1_0/CI (FADDX1_RVT)
                                                                       0.0523      1.0000              0.0000      3.9787 r    (73.11,81.16)
  execution_unit_0/alu_0/add_1_root_add_100_2_C186/U1_0/CO (FADDX1_RVT)
                                                                       0.0530      1.0000              0.1044      4.0831 r    (74.56,81.28)
  execution_unit_0/alu_0/add_1_root_add_100_2_C186/carry[1] (net)
                                                    1      2.1115
  execution_unit_0/alu_0/add_1_root_add_100_2_C186/U1_1/CI (FADDX1_RVT)
                                                                       0.0530      1.0000              0.0000      4.0832 r    (72.51,84.50)
  execution_unit_0/alu_0/add_1_root_add_100_2_C186/U1_1/CO (FADDX1_RVT)
                                                                       0.0531      1.0000              0.1047      4.1878 r    (73.96,84.62)
  execution_unit_0/alu_0/add_1_root_add_100_2_C186/carry[2] (net)
                                                    1      2.1166
  execution_unit_0/alu_0/add_1_root_add_100_2_C186/U1_2/CI (FADDX1_RVT)
                                                                       0.0531      1.0000              0.0000      4.1879 r    (71.90,87.85)
  execution_unit_0/alu_0/add_1_root_add_100_2_C186/U1_2/CO (FADDX1_RVT)
                                                                       0.0528      1.0000              0.1042      4.2921 r    (73.35,87.96)
  execution_unit_0/alu_0/add_1_root_add_100_2_C186/carry[3] (net)
                                                    1      2.0634
  execution_unit_0/alu_0/add_1_root_add_100_2_C186/U1_3/CI (FADDX1_RVT)
                                                                       0.0528      1.0000              0.0000      4.2921 r    (74.79,91.19)
  execution_unit_0/alu_0/add_1_root_add_100_2_C186/U1_3/S (FADDX1_RVT)
                                                                       0.0603      1.0000              0.1665      4.4586 f    (75.92,91.38)
  execution_unit_0/alu_0/N26 (net)                  3      3.6026
  execution_unit_0/alu_0/U162/A3 (OA21X1_RVT)                          0.0603      1.0000              0.0000      4.4587 f    (77.54,88.14)
  execution_unit_0/alu_0/U162/Y (OA21X1_RVT)                           0.0310      1.0000              0.0775      4.5361 f    (78.07,88.05)
  execution_unit_0/alu_0/n10 (net)                  1      1.0744
  execution_unit_0/alu_0/U6/A2 (OR2X1_RVT)                             0.0310      1.0000              0.0000      4.5361 f    (78.70,89.86)
  execution_unit_0/alu_0/U6/Y (OR2X1_RVT)                              0.0568      1.0000              0.0771      4.6133 f    (79.12,89.71)
  execution_unit_0/alu_0/n3 (net)                   3      5.0186
  execution_unit_0/alu_0/U91/A1 (AND2X1_RVT)                           0.0568      1.0000              0.0000      4.6133 f    (78.91,86.33)
  execution_unit_0/alu_0/U91/Y (AND2X1_RVT)                            0.0327      1.0000              0.0716      4.6849 f    (79.43,86.40)
  execution_unit_0/alu_0/add_102_C186_aco/carry[2] (net)
                                                    1      1.8124
  execution_unit_0/alu_0/add_102_C186_aco/U1_2/CI (FADDX1_RVT)         0.0327      1.0000              0.0000      4.6849 f    (81.78,86.63)
  execution_unit_0/alu_0/add_102_C186_aco/U1_2/CO (FADDX1_RVT)         0.0521      1.0000              0.0955      4.7804 f    (83.23,86.52)
  execution_unit_0/alu_0/add_102_C186_aco/carry[3] (net)
                                                    2      3.2013
  execution_unit_0/alu_0/U89/A1 (AND2X1_RVT)                           0.0521      1.0000              0.0000      4.7804 f    (78.39,91.50)
  execution_unit_0/alu_0/U89/Y (AND2X1_RVT)                            0.0335      1.0000              0.0703      4.8507 f    (77.88,91.42)
  execution_unit_0/alu_0/add_102_C186_aco/carry[4] (net)
                                                    1      1.9436
  execution_unit_0/alu_0/U88/A2 (XOR2X1_RVT)                           0.0335      1.0000              0.0000      4.8507 f    (78.39,98.04)
  execution_unit_0/alu_0/U88/Y (XOR2X1_RVT)                            0.0485      1.0000              0.1298      4.9805 r    (77.12,98.12)
  execution_unit_0/alu_0/alu_dadd1[4]1 (net)        1      1.7929
  execution_unit_0/alu_0/add_1_root_add_100_2_C187/U1_0/CI (FADDX1_RVT)
                                                                       0.0485      1.0000              0.0000      4.9805 r    (75.07,97.88)
  execution_unit_0/alu_0/add_1_root_add_100_2_C187/U1_0/CO (FADDX1_RVT)
                                                                       0.0647      1.0000              0.1133      5.0938 r    (73.62,98.00)
  execution_unit_0/alu_0/add_1_root_add_100_2_C187/carry[1] (net)
                                                    1      3.3081
  execution_unit_0/alu_0/add_1_root_add_100_2_C187/U1_1/CI (FADDX1_RVT)
                                                                       0.0647      1.0000              0.0001      5.0939 r    (69.45,110.04)
  execution_unit_0/alu_0/add_1_root_add_100_2_C187/U1_1/CO (FADDX1_RVT)
                                                                       0.0638      1.0000              0.1177      5.2116 r    (68.00,109.93)
  execution_unit_0/alu_0/add_1_root_add_100_2_C187/carry[2] (net)
                                                    1      3.2302
  execution_unit_0/alu_0/add_1_root_add_100_2_C187/U1_2/CI (FADDX1_RVT)
                                                                       0.0638      1.0000              0.0001      5.2117 r    (63.69,121.29)
  execution_unit_0/alu_0/add_1_root_add_100_2_C187/U1_2/CO (FADDX1_RVT)
                                                                       0.0516      1.0000              0.1043      5.3160 r    (65.14,121.40)
  execution_unit_0/alu_0/add_1_root_add_100_2_C187/carry[3] (net)
                                                    1      1.7308
  execution_unit_0/alu_0/add_1_root_add_100_2_C187/U1_3/CI (FADDX1_RVT)
                                                                       0.0516      1.0000              0.0000      5.3160 r    (66.73,121.29)
  execution_unit_0/alu_0/add_1_root_add_100_2_C187/U1_3/S (FADDX1_RVT)
                                                                       0.0652      1.0000              0.1699      5.4860 f    (67.86,121.48)
  execution_unit_0/alu_0/N39 (net)                  3      4.1374
  execution_unit_0/alu_0/U168/A3 (OA21X1_RVT)                          0.0652      1.0000              0.0000      5.4860 f    (71.26,123.13)
  execution_unit_0/alu_0/U168/Y (OA21X1_RVT)                           0.0327      1.0000              0.0801      5.5661 f    (70.72,123.22)
  execution_unit_0/alu_0/n11 (net)                  1      1.1096
  execution_unit_0/alu_0/U5/A2 (OR2X1_RVT)                             0.0327      1.0000              0.0000      5.5661 f    (72.17,124.75)
  execution_unit_0/alu_0/U5/Y (OR2X1_RVT)                              0.0575      1.0000              0.0781      5.6442 f    (72.59,124.90)
  execution_unit_0/alu_0/n2 (net)                   3      5.0948
  execution_unit_0/alu_0/U86/A1 (AND2X1_RVT)                           0.0575      1.0000              0.0000      5.6443 f    (75.20,121.59)
  execution_unit_0/alu_0/U86/Y (AND2X1_RVT)                            0.0349      1.0000              0.0725      5.7167 f    (74.68,121.52)
  execution_unit_0/alu_0/add_102_C187_aco/carry[2] (net)
                                                    1      1.8976
  execution_unit_0/alu_0/add_102_C187_aco/U1_2/CI (FADDX1_RVT)         0.0349      1.0000              0.0000      5.7168 f    (73.27,123.42)
  execution_unit_0/alu_0/add_102_C187_aco/U1_2/CO (FADDX1_RVT)         0.0506      1.0000              0.0947      5.8115 f    (74.71,123.30)
  execution_unit_0/alu_0/add_102_C187_aco/carry[3] (net)
                                                    2      3.0040
  execution_unit_0/alu_0/U84/A1 (AND2X1_RVT)                           0.0506      1.0000              0.0000      5.8115 f    (68.36,128.28)
  execution_unit_0/alu_0/U84/Y (AND2X1_RVT)                            0.0325      1.0000              0.0681      5.8796 f    (67.85,128.21)
  execution_unit_0/alu_0/add_102_C187_aco/carry[4] (net)
                                                    1      1.7322
  execution_unit_0/alu_0/U83/A2 (XOR2X1_RVT)                           0.0325      1.0000              0.0000      5.8796 f    (70.10,124.79)
  execution_unit_0/alu_0/U83/Y (XOR2X1_RVT)                            0.0518      1.0000              0.1330      6.0126 r    (71.37,124.87)
  execution_unit_0/alu_0/alu_dadd2[4]1 (net)        1      2.2001
  execution_unit_0/alu_0/add_1_root_add_100_2_C188/U1_0/CI (FADDX1_RVT)
                                                                       0.0518      1.0000              0.0000      6.0126 r    (70.07,120.07)
  execution_unit_0/alu_0/add_1_root_add_100_2_C188/U1_0/CO (FADDX1_RVT)
                                                                       0.0512      1.0000              0.1006      6.1132 r    (71.52,119.96)
  execution_unit_0/alu_0/add_1_root_add_100_2_C188/carry[1] (net)
                                                    1      1.7363
  execution_unit_0/alu_0/add_1_root_add_100_2_C188/U1_1/CI (FADDX1_RVT)
                                                                       0.0512      1.0000              0.0000      6.1132 r    (73.11,120.07)
  execution_unit_0/alu_0/add_1_root_add_100_2_C188/U1_1/CO (FADDX1_RVT)
                                                                       0.0496      1.0000              0.1003      6.2135 r    (74.56,119.96)
  execution_unit_0/alu_0/add_1_root_add_100_2_C188/carry[2] (net)
                                                    1      1.7214
  execution_unit_0/alu_0/add_1_root_add_100_2_C188/U1_2/CI (FADDX1_RVT)
                                                                       0.0496      1.0000              0.0000      6.2135 r    (76.00,120.07)
  execution_unit_0/alu_0/add_1_root_add_100_2_C188/U1_2/CO (FADDX1_RVT)
                                                                       0.0538      1.0000              0.1042      6.3177 r    (77.45,119.96)
  execution_unit_0/alu_0/add_1_root_add_100_2_C188/carry[3] (net)
                                                    1      2.1872
  execution_unit_0/alu_0/add_1_root_add_100_2_C188/U1_3/CI (FADDX1_RVT)
                                                                       0.0538      1.0000              0.0000      6.3177 r    (80.26,116.73)
  execution_unit_0/alu_0/add_1_root_add_100_2_C188/U1_3/S (FADDX1_RVT)
                                                                       0.0606      1.0000              0.1669      6.4846 f    (81.39,116.54)
  execution_unit_0/alu_0/N52 (net)                  3      3.6135
  execution_unit_0/alu_0/U173/A3 (OA21X1_RVT)                          0.0606      1.0000              0.0000      6.4847 f    (84.22,119.78)
  execution_unit_0/alu_0/U173/Y (OA21X1_RVT)                           0.0307      1.0000              0.0771      6.5617 f    (84.75,119.87)
  execution_unit_0/alu_0/n12 (net)                  1      1.0023
  execution_unit_0/alu_0/U4/A2 (OR2X1_RVT)                             0.0307      1.0000              0.0000      6.5617 f    (82.86,119.95)
  execution_unit_0/alu_0/U4/Y (OR2X1_RVT)                              0.0582      1.0000              0.0780      6.6397 f    (82.44,119.81)
  execution_unit_0/alu_0/n1 (net)                   3      5.1768
  execution_unit_0/alu_0/U81/A1 (AND2X1_RVT)                           0.0582      1.0000              0.0000      6.6397 f    (81.95,123.11)
  execution_unit_0/alu_0/U81/Y (AND2X1_RVT)                            0.0329      1.0000              0.0721      6.7118 f    (82.47,123.19)
  execution_unit_0/alu_0/add_102_C188_aco/carry[2] (net)
                                                    1      1.7959
  execution_unit_0/alu_0/add_102_C188_aco/U1_2/CI (FADDX1_RVT)         0.0329      1.0000              0.0000      6.7118 f    (84.67,123.42)
  execution_unit_0/alu_0/add_102_C188_aco/U1_2/S (FADDX1_RVT)          0.0544      1.0000              0.1035      6.8152 f    (85.80,123.22)
  execution_unit_0/alu_0/alu_dadd3[2] (net)         1      2.9225
  execution_unit_0/alu_0/U207/A1 (AO222X1_RVT)                         0.0544      1.0000              0.0001      6.8153 f    (83.17,104.87)
  execution_unit_0/alu_0/U207/Y (AO222X1_RVT)                          0.0516      1.0000              0.1290      6.9443 f    (84.51,104.81)
  execution_unit_0/alu_0/alu_out[14] (net)          2      3.4625
  execution_unit_0/alu_0/alu_out[14] (omsp_alu)                        0.0516      1.0000              0.0000      6.9443 f    (hierarchical)    h
  execution_unit_0/alu_out[14] (net)                       3.4625
  execution_unit_0/clockcopt_h_inst_5703/A (DELLN2X2_RVT)              0.0516      1.0000              0.0001      6.9444 f    (91.45,91.33)
  execution_unit_0/clockcopt_h_inst_5703/Y (DELLN2X2_RVT)              0.0305      1.0000              0.3184      7.2628 f    (94.78,91.42)
  execution_unit_0/copt_net_1832 (net)              2      2.2330
  execution_unit_0/register_file_0/reg_dest_val[14] (omsp_register_file)
                                                                       0.0305      1.0000              0.0000      7.2628 f    (hierarchical)    h
  execution_unit_0/register_file_0/reg_dest_val[14] (net)
                                                           2.2330
  execution_unit_0/register_file_0/U55/A1 (AND2X4_RVT)                 0.0305      1.0000              0.0000      7.2628 f    (91.01,89.82)
  execution_unit_0/register_file_0/U55/Y (AND2X4_RVT)                  0.0918      1.0000              0.1233      7.3861 f    (91.59,89.75)
  execution_unit_0/register_file_0/pc_sw[14] (net)
                                                   15     28.4777
  execution_unit_0/register_file_0/pc_sw[14] (omsp_register_file)      0.0918      1.0000              0.0000      7.3861 f    (hierarchical)    h
  execution_unit_0/pc_sw[14] (net)                        28.4777
  execution_unit_0/pc_sw[14] (omsp_execution_unit)                     0.0918      1.0000              0.0000      7.3861 f    (hierarchical)    h
  pc_sw[14] (net)                                         28.4777
  frontend_0/pc_sw[14] (omsp_frontend)                                 0.0918      1.0000              0.0000      7.3861 f    (hierarchical)    h
  frontend_0/pc_sw[14] (net)                              28.4777
  frontend_0/U25/A3 (AO221X1_RVT)                                      0.0916      1.0000              0.0002      7.3863 f    (88.48,73.71)
  frontend_0/U25/Y (AO221X1_RVT)                                       0.0586      1.0000              0.1356      7.5219 f    (89.23,73.01)
  frontend_0/mab[14] (net)                          3      4.1006
  frontend_0/mab[14] (omsp_frontend)                                   0.0586      1.0000              0.0000      7.5219 f    (hierarchical)    h
  fe_mab[14] (net)                                         4.1006
  mem_backbone_0/fe_mab[13] (omsp_mem_backbone)                        0.0586      1.0000              0.0000      7.5219 f    (hierarchical)    h
  mem_backbone_0/fe_mab[13] (net)                          4.1006
  mem_backbone_0/U24/A4 (AND4X1_RVT)                                   0.0586      1.0000              0.0001      7.5219 f    (90.40,83.14)
  mem_backbone_0/U24/Y (AND4X1_RVT)                                    0.0468      1.0000              0.1196      7.6415 f    (89.43,83.06)
  mem_backbone_0/fe_pmem_sel (net)                  1      1.5942
  mem_backbone_0/U179/A1 (NAND2X2_RVT)                                 0.0468      1.0000              0.0000      7.6415 f    (84.46,79.64)
  mem_backbone_0/U179/Y (NAND2X2_RVT)                                  0.0609      1.0000              0.1122      7.7537 r    (85.28,79.72)
  mem_backbone_0/n11 (net)                          3     10.3102
  mem_backbone_0/U174/A2 (NAND4X0_RVT)                                 0.0609      1.0000              0.0002      7.7539 r    (91.31,114.75)
  mem_backbone_0/U174/Y (NAND4X0_RVT)                                  0.2073      1.0000              0.1581      7.9121 f    (91.32,114.83)
  mem_backbone_0/n14 (net)                          3      5.0292
  mem_backbone_0/U39/A1 (AND2X2_RVT)                                   0.2073      1.0000              0.0000      7.9121 f    (93.96,114.90)
  mem_backbone_0/U39/Y (AND2X2_RVT)                                    0.0541      1.0000              0.1230      8.0351 f    (94.47,114.83)
  mem_backbone_0/n10 (net)                          1      1.0721
  mem_backbone_0/clockZBUF_inst_5979/A (NBUFFX4_RVT)                   0.0541      1.0000              0.0000      8.0351 f    (92.29,114.73)
  mem_backbone_0/clockZBUF_inst_5979/Y (NBUFFX4_RVT)                   0.0512      1.0000              0.0820      8.1172 f    (92.96,114.83)
  mem_backbone_0/clockZBUF_23 (net)                12     16.6805
  mem_backbone_0/U37/A4 (AO222X2_RVT)                                  0.0512      1.0000              0.0002      8.1174 f    (95.18,111.57)
  mem_backbone_0/U37/Y (AO222X2_RVT)                                   0.0714      1.0000              0.1333      8.2507 f    (96.22,111.48)
  mem_backbone_0/pmem_addr[10] (net)                1     10.4867
  mem_backbone_0/pmem_addr[10] (omsp_mem_backbone)                     0.0714      1.0000              0.0000      8.2507 f    (hierarchical)    h
  pmem_addr[10] (net)                                     10.4867
  pmem_addr[10] (out)                                                  0.0715      1.0000              0.0011      8.2519 f    (211.88,110.50)
  data arrival time                                                                                                8.2519

  clock dco_clk (rise edge)                                                                           40.0000     40.0000
  clock network delay (ideal)                                                                          0.1015     40.1015
  clock uncertainty                                                                                   -0.2000     39.9015
  output external delay                                                                               -0.6400     39.2615
  data required time                                                                                              39.2615
  ----------------------------------------------------------------------------------------------------------------------------------------------------------------
  data required time                                                                                              39.2615
  data arrival time                                                                                               -8.2519
  ----------------------------------------------------------------------------------------------------------------------------------------------------------------
  slack (MET)                                                                                                     31.0097


1
