********************************************
* VIA App: getModSignal.tcl
* Report : Modules_Signal.log
* Date   : 2026-09-06 02:40:07
********************************************

================================================================================
Target Modules: *
================================================================================

Module: openMSP430 (openMSP430)
--------------------------------------------------------------------------------
   1)  net: aclk             Type: logic ( logic unsigned aclk; )
   2)  net: aclk_en          Type: logic ( logic unsigned aclk_en; )
   3)  net: dbg_freeze       Type: logic ( logic unsigned dbg_freeze; )
   4)  net: dbg_i2c_sda_out  Type: logic ( logic unsigned dbg_i2c_sda_out; )
   5)  net: dbg_uart_txd     Type: logic ( logic unsigned dbg_uart_txd; )
   6)  net: dco_enable       Type: logic ( logic unsigned dco_enable; )
   7)  net: dco_wkup         Type: logic ( logic unsigned dco_wkup; )
   8)  net: dmem_addr        Type: logic ( logic unsigned [(9 - 1):0] dmem_addr; )
   9)  net: dmem_cen         Type: logic ( logic unsigned dmem_cen; )
  10)  net: dmem_din         Type: logic ( logic unsigned [15:0] dmem_din; )
  11)  net: dmem_wen         Type: logic ( logic unsigned [1:0] dmem_wen; )
  12)  net: irq_acc          Type: logic ( logic unsigned [(16 - 3):0] irq_acc; )
  13)  net: lfxt_enable      Type: logic ( logic unsigned lfxt_enable; )
  14)  net: lfxt_wkup        Type: logic ( logic unsigned lfxt_wkup; )
  15)  net: mclk             Type: logic ( logic unsigned mclk; )
  16)  net: dma_dout         Type: logic ( logic unsigned [15:0] dma_dout; )
  17)  net: dma_ready        Type: logic ( logic unsigned dma_ready; )
  18)  net: dma_resp         Type: logic ( logic unsigned dma_resp; )
  19)  net: per_addr         Type: logic ( logic unsigned [13:0] per_addr; )
  20)  net: per_din          Type: logic ( logic unsigned [15:0] per_din; )
  21)  net: per_en           Type: logic ( logic unsigned per_en; )
  22)  net: per_we           Type: logic ( logic unsigned [1:0] per_we; )
  23)  net: pmem_addr        Type: logic ( logic unsigned [(11 - 1):0] pmem_addr; )
  24)  net: pmem_cen         Type: logic ( logic unsigned pmem_cen; )
  25)  net: pmem_din         Type: logic ( logic unsigned [15:0] pmem_din; )
  26)  net: pmem_wen         Type: logic ( logic unsigned [1:0] pmem_wen; )
  27)  net: puc_rst          Type: logic ( logic unsigned puc_rst; )
  28)  net: smclk            Type: logic ( logic unsigned smclk; )
  29)  net: smclk_en         Type: logic ( logic unsigned smclk_en; )
  30)  net: cpu_en           Type: logic ( logic unsigned cpu_en; )
  31)  net: dbg_en           Type: logic ( logic unsigned dbg_en; )
  32)  net: dbg_i2c_addr     Type: logic ( logic unsigned [6:0] dbg_i2c_addr; )
  33)  net: dbg_i2c_broadcast Type: logic ( logic unsigned [6:0] dbg_i2c_broadcast; )
  34)  net: dbg_i2c_scl      Type: logic ( logic unsigned dbg_i2c_scl; )
  35)  net: dbg_i2c_sda_in   Type: logic ( logic unsigned dbg_i2c_sda_in; )
  36)  net: dbg_uart_rxd     Type: logic ( logic unsigned dbg_uart_rxd; )
  37)  net: dco_clk          Type: logic ( logic unsigned dco_clk; )
  38)  net: dmem_dout        Type: logic ( logic unsigned [15:0] dmem_dout; )
  39)  net: irq              Type: logic ( logic unsigned [(16 - 3):0] irq; )
  40)  net: lfxt_clk         Type: logic ( logic unsigned lfxt_clk; )
  41)  net: dma_addr         Type: logic ( logic unsigned [15:1] dma_addr; )
  42)  net: dma_din          Type: logic ( logic unsigned [15:0] dma_din; )
  43)  net: dma_en           Type: logic ( logic unsigned dma_en; )
  44)  net: dma_priority     Type: logic ( logic unsigned dma_priority; )
  45)  net: dma_we           Type: logic ( logic unsigned [1:0] dma_we; )
  46)  net: dma_wkup         Type: logic ( logic unsigned dma_wkup; )
  47)  net: nmi              Type: logic ( logic unsigned nmi; )
  48)  net: per_dout         Type: logic ( logic unsigned [15:0] per_dout; )
  49)  net: pmem_dout        Type: logic ( logic unsigned [15:0] pmem_dout; )
  50)  net: reset_n          Type: logic ( logic unsigned reset_n; )
  51)  net: scan_enable      Type: logic ( logic unsigned scan_enable; )
  52)  net: scan_mode        Type: logic ( logic unsigned scan_mode; )
  53)  net: wkup             Type: logic ( logic unsigned wkup; )
  54)  net: inst_ad          Type: logic ( logic unsigned [7:0] inst_ad; )
  55)  net: inst_as          Type: logic ( logic unsigned [7:0] inst_as; )
  56)  net: inst_alu         Type: logic ( logic unsigned [11:0] inst_alu; )
  57)  net: inst_bw          Type: logic ( logic unsigned inst_bw; )
  58)  net: inst_irq_rst     Type: logic ( logic unsigned inst_irq_rst; )
  59)  net: inst_mov         Type: logic ( logic unsigned inst_mov; )
  60)  net: inst_dest        Type: logic ( logic unsigned [15:0] inst_dest; )
  61)  net: inst_dext        Type: logic ( logic unsigned [15:0] inst_dext; )
  62)  net: inst_sext        Type: logic ( logic unsigned [15:0] inst_sext; )
  63)  net: inst_so          Type: logic ( logic unsigned [7:0] inst_so; )
  64)  net: inst_src         Type: logic ( logic unsigned [15:0] inst_src; )
  65)  net: inst_type        Type: logic ( logic unsigned [2:0] inst_type; )
  66)  net: inst_jmp         Type: logic ( logic unsigned [7:0] inst_jmp; )
  67)  net: e_state          Type: logic ( logic unsigned [3:0] e_state; )
  68)  net: exec_done        Type: logic ( logic unsigned exec_done; )
  69)  net: decode_noirq     Type: logic ( logic unsigned decode_noirq; )
  70)  net: cpu_en_s         Type: logic ( logic unsigned cpu_en_s; )
  71)  net: cpuoff           Type: logic ( logic unsigned cpuoff; )
  72)  net: oscoff           Type: logic ( logic unsigned oscoff; )
  73)  net: scg0             Type: logic ( logic unsigned scg0; )
  74)  net: scg1             Type: logic ( logic unsigned scg1; )
  75)  net: por              Type: logic ( logic unsigned por; )
  76)  net: gie              Type: logic ( logic unsigned gie; )
  77)  net: cpu_mclk         Type: logic ( logic unsigned cpu_mclk; )
  78)  net: dma_mclk         Type: logic ( logic unsigned dma_mclk; )
  79)  net: mclk_dma_enable  Type: logic ( logic unsigned mclk_dma_enable; )
  80)  net: mclk_dma_wkup    Type: logic ( logic unsigned mclk_dma_wkup; )
  81)  net: mclk_enable      Type: logic ( logic unsigned mclk_enable; )
  82)  net: mclk_wkup        Type: logic ( logic unsigned mclk_wkup; )
  83)  net: cpu_id           Type: logic ( logic unsigned [31:0] cpu_id; )
  84)  net: cpu_nr_inst      Type: logic ( logic unsigned [7:0] cpu_nr_inst; )
  85)  net: cpu_nr_total     Type: logic ( logic unsigned [7:0] cpu_nr_total; )
  86)  net: eu_mab           Type: logic ( logic unsigned [15:0] eu_mab; )
  87)  net: eu_mdb_in        Type: logic ( logic unsigned [15:0] eu_mdb_in; )
  88)  net: eu_mdb_out       Type: logic ( logic unsigned [15:0] eu_mdb_out; )
  89)  net: eu_mb_wr         Type: logic ( logic unsigned [1:0] eu_mb_wr; )
  90)  net: eu_mb_en         Type: logic ( logic unsigned eu_mb_en; )
  91)  net: fe_mab           Type: logic ( logic unsigned [15:0] fe_mab; )
  92)  net: fe_mdb_in        Type: logic ( logic unsigned [15:0] fe_mdb_in; )
  93)  net: fe_mb_en         Type: logic ( logic unsigned fe_mb_en; )
  94)  net: fe_pmem_wait     Type: logic ( logic unsigned fe_pmem_wait; )
  95)  net: pc_sw_wr         Type: logic ( logic unsigned pc_sw_wr; )
  96)  net: pc_sw            Type: logic ( logic unsigned [15:0] pc_sw; )
  97)  net: pc               Type: logic ( logic unsigned [15:0] pc; )
  98)  net: pc_nxt           Type: logic ( logic unsigned [15:0] pc_nxt; )
  99)  net: nmi_acc          Type: logic ( logic unsigned nmi_acc; )
 100)  net: nmi_pnd          Type: logic ( logic unsigned nmi_pnd; )
 101)  net: nmi_wkup         Type: logic ( logic unsigned nmi_wkup; )
 102)  net: wdtie            Type: logic ( logic unsigned wdtie; )
 103)  net: wdtnmies         Type: logic ( logic unsigned wdtnmies; )
 104)  net: wdtifg           Type: logic ( logic unsigned wdtifg; )
 105)  net: wdt_irq          Type: logic ( logic unsigned wdt_irq; )
 106)  net: wdt_wkup         Type: logic ( logic unsigned wdt_wkup; )
 107)  net: wdt_reset        Type: logic ( logic unsigned wdt_reset; )
 108)  net: wdtifg_sw_clr    Type: logic ( logic unsigned wdtifg_sw_clr; )
 109)  net: wdtifg_sw_set    Type: logic ( logic unsigned wdtifg_sw_set; )
 110)  net: dbg_clk          Type: logic ( logic unsigned dbg_clk; )
 111)  net: dbg_rst          Type: logic ( logic unsigned dbg_rst; )
 112)  net: dbg_en_s         Type: logic ( logic unsigned dbg_en_s; )
 113)  net: dbg_halt_cmd     Type: logic ( logic unsigned dbg_halt_cmd; )
 114)  net: dbg_mem_en       Type: logic ( logic unsigned dbg_mem_en; )
 115)  net: dbg_reg_wr       Type: logic ( logic unsigned dbg_reg_wr; )
 116)  net: dbg_cpu_reset    Type: logic ( logic unsigned dbg_cpu_reset; )
 117)  net: dbg_mem_addr     Type: logic ( logic unsigned [15:0] dbg_mem_addr; )
 118)  net: dbg_mem_dout     Type: logic ( logic unsigned [15:0] dbg_mem_dout; )
 119)  net: dbg_mem_din      Type: logic ( logic unsigned [15:0] dbg_mem_din; )
 120)  net: dbg_reg_din      Type: logic ( logic unsigned [15:0] dbg_reg_din; )
 121)  net: dbg_mem_wr       Type: logic ( logic unsigned [1:0] dbg_mem_wr; )
 122)  net: cpu_halt_st      Type: logic ( logic unsigned cpu_halt_st; )
 123)  net: cpu_halt_cmd     Type: logic ( logic unsigned cpu_halt_cmd; )
 124)  net: puc_pnd_set      Type: logic ( logic unsigned puc_pnd_set; )
 125)  net: per_dout_or      Type: logic ( logic unsigned [15:0] per_dout_or; )
 126)  net: per_dout_sfr     Type: logic ( logic unsigned [15:0] per_dout_sfr; )
 127)  net: per_dout_wdog    Type: logic ( logic unsigned [15:0] per_dout_wdog; )
 128)  net: per_dout_mpy     Type: logic ( logic unsigned [15:0] per_dout_mpy; )
 129)  net: per_dout_clk     Type: logic ( logic unsigned [15:0] per_dout_clk; )
 130)  net: UNUSED_fe_mab_0  Type: logic ( logic unsigned UNUSED_fe_mab_0; )

Module: openMSP430.clock_module_0 (omsp_clock_module)
--------------------------------------------------------------------------------
   1)  net: aclk             Type: logic ( logic unsigned aclk; )
   2)  net: aclk_en          Type: logic ( logic unsigned aclk_en; )
   3)  net: cpu_en_s         Type: logic ( logic unsigned cpu_en_s; )
   4)  net: cpu_mclk         Type: logic ( logic unsigned cpu_mclk; )
   5)  net: dma_mclk         Type: logic ( logic unsigned dma_mclk; )
   6)  net: dbg_clk          Type: logic ( logic unsigned dbg_clk; )
   7)  net: dbg_en_s         Type: logic ( logic unsigned dbg_en_s; )
   8)  net: dbg_rst          Type: logic ( logic unsigned dbg_rst; )
   9)  net: dco_wkup         Type: logic ( logic unsigned dco_wkup; )
  10)  net: lfxt_enable      Type: logic ( logic unsigned lfxt_enable; )
  11)  net: lfxt_wkup        Type: logic ( logic unsigned lfxt_wkup; )
  12)  net: per_dout         Type: logic ( logic unsigned [15:0] per_dout; )
  13)  net: por              Type: logic ( logic unsigned por; )
  14)  net: puc_pnd_set      Type: logic ( logic unsigned puc_pnd_set; )
  15)  net: puc_rst          Type: logic ( logic unsigned puc_rst; )
  16)  net: smclk            Type: logic ( logic unsigned smclk; )
  17)  net: smclk_en         Type: logic ( logic unsigned smclk_en; )
  18)  net: cpu_en           Type: logic ( logic unsigned cpu_en; )
  19)  net: cpuoff           Type: logic ( logic unsigned cpuoff; )
  20)  net: dbg_cpu_reset    Type: logic ( logic unsigned dbg_cpu_reset; )
  21)  net: dbg_en           Type: logic ( logic unsigned dbg_en; )
  22)  net: dco_clk          Type: logic ( logic unsigned dco_clk; )
  23)  net: lfxt_clk         Type: logic ( logic unsigned lfxt_clk; )
  24)  net: mclk_dma_enable  Type: logic ( logic unsigned mclk_dma_enable; )
  25)  net: mclk_dma_wkup    Type: logic ( logic unsigned mclk_dma_wkup; )
  26)  net: mclk_enable      Type: logic ( logic unsigned mclk_enable; )
  27)  net: mclk_wkup        Type: logic ( logic unsigned mclk_wkup; )
  28)  net: oscoff           Type: logic ( logic unsigned oscoff; )
  29)  net: per_addr         Type: logic ( logic unsigned [13:0] per_addr; )
  30)  net: per_din          Type: logic ( logic unsigned [15:0] per_din; )
  31)  net: per_en           Type: logic ( logic unsigned per_en; )
  32)  net: per_we           Type: logic ( logic unsigned [1:0] per_we; )
  33)  net: reset_n          Type: logic ( logic unsigned reset_n; )
  34)  net: scan_enable      Type: logic ( logic unsigned scan_enable; )
  35)  net: scan_mode        Type: logic ( logic unsigned scan_mode; )
  36)  net: scg0             Type: logic ( logic unsigned scg0; )
  37)  net: scg1             Type: logic ( logic unsigned scg1; )
  38)  net: wdt_reset        Type: logic ( logic unsigned wdt_reset; )
  39)  net: nodiv_mclk       Type: logic ( logic unsigned nodiv_mclk; )
  40)  net: nodiv_smclk      Type: logic ( logic unsigned nodiv_smclk; )
  41)  net: reg_sel          Type: logic ( logic unsigned reg_sel; )
  42)  net: reg_addr         Type: logic ( logic unsigned [(DEC_WD - 1):0] reg_addr; )
  43)  net: reg_dec          Type: logic ( logic unsigned [(DEC_SZ - 1):0] reg_dec; )
  44)  net: reg_lo_write     Type: logic ( logic unsigned reg_lo_write; )
  45)  net: reg_hi_write     Type: logic ( logic unsigned reg_hi_write; )
  46)  net: reg_read         Type: logic ( logic unsigned reg_read; )
  47)  net: reg_hi_wr        Type: logic ( logic unsigned [(DEC_SZ - 1):0] reg_hi_wr; )
  48)  net: reg_lo_wr        Type: logic ( logic unsigned [(DEC_SZ - 1):0] reg_lo_wr; )
  49)  net: reg_rd           Type: logic ( logic unsigned [(DEC_SZ - 1):0] reg_rd; )
  50)  net: bcsctl1_wr       Type: logic ( logic unsigned bcsctl1_wr; )
  51)  net: bcsctl1_nxt      Type: logic ( logic unsigned [7:0] bcsctl1_nxt; )
  52)  net: divax_mask       Type: logic ( logic unsigned [7:0] divax_mask; )
  53)  net: dma_cpuoff_mask  Type: logic ( logic unsigned [7:0] dma_cpuoff_mask; )
  54)  net: dma_oscoff_mask  Type: logic ( logic unsigned [7:0] dma_oscoff_mask; )
  55)  net: dma_scg0_mask    Type: logic ( logic unsigned [7:0] dma_scg0_mask; )
  56)  net: dma_scg1_mask    Type: logic ( logic unsigned [7:0] dma_scg1_mask; )
  57)  net: bcsctl2_wr       Type: logic ( logic unsigned bcsctl2_wr; )
  58)  net: bcsctl2_nxt      Type: logic ( logic unsigned [7:0] bcsctl2_nxt; )
  59)  net: selmx_mask       Type: logic ( logic unsigned [7:0] selmx_mask; )
  60)  net: divmx_mask       Type: logic ( logic unsigned [7:0] divmx_mask; )
  61)  net: sels_mask        Type: logic ( logic unsigned [7:0] sels_mask; )
  62)  net: divsx_mask       Type: logic ( logic unsigned [7:0] divsx_mask; )
  63)  net: bcsctl1_rd       Type: logic ( logic unsigned [15:0] bcsctl1_rd; )
  64)  net: bcsctl2_rd       Type: logic ( logic unsigned [15:0] bcsctl2_rd; )
  65)  net: cpuoff_and_mclk_enable Type: logic ( logic unsigned cpuoff_and_mclk_enable; )
  66)  net: cpuoff_and_mclk_dma_enable Type: logic ( logic unsigned cpuoff_and_mclk_dma_enable; )
  67)  net: cpuoff_and_mclk_dma_wkup Type: logic ( logic unsigned cpuoff_and_mclk_dma_wkup; )
  68)  net: scg0_and_mclk_dma_enable Type: logic ( logic unsigned scg0_and_mclk_dma_enable; )
  69)  net: scg0_and_mclk_dma_wkup Type: logic ( logic unsigned scg0_and_mclk_dma_wkup; )
  70)  net: scg1_and_mclk_dma_enable Type: logic ( logic unsigned scg1_and_mclk_dma_enable; )
  71)  net: scg1_and_mclk_dma_wkup Type: logic ( logic unsigned scg1_and_mclk_dma_wkup; )
  72)  net: oscoff_and_mclk_dma_enable Type: logic ( logic unsigned oscoff_and_mclk_dma_enable; )
  73)  net: oscoff_and_mclk_dma_wkup Type: logic ( logic unsigned oscoff_and_mclk_dma_wkup; )
  74)  net: por_a            Type: logic ( logic unsigned por_a; )
  75)  net: cpu_en_wkup      Type: logic ( logic unsigned cpu_en_wkup; )
  76)  net: cpu_enabled_with_dco Type: logic ( logic unsigned cpu_enabled_with_dco; )
  77)  net: dco_not_enabled_by_dbg Type: logic ( logic unsigned dco_not_enabled_by_dbg; )
  78)  net: dco_disable_by_scg0 Type: logic ( logic unsigned dco_disable_by_scg0; )
  79)  net: dco_disable_by_cpu_en Type: logic ( logic unsigned dco_disable_by_cpu_en; )
  80)  net: dco_enable_nxt   Type: logic ( logic unsigned dco_enable_nxt; )
  81)  net: dco_wkup_set_scan_observe Type: logic ( logic unsigned dco_wkup_set_scan_observe; )
  82)  net: dco_clk_n        Type: logic ( logic unsigned dco_clk_n; )
  83)  net: nodiv_mclk_n     Type: logic ( logic unsigned nodiv_mclk_n; )
  84)  net: dco_mclk_wkup    Type: logic ( logic unsigned dco_mclk_wkup; )
  85)  net: dco_en_wkup      Type: logic ( logic unsigned dco_en_wkup; )
  86)  net: dco_wkup_set     Type: logic ( logic unsigned dco_wkup_set; )
  87)  net: dco_wkup_set_scan Type: logic ( logic unsigned dco_wkup_set_scan; )
  88)  net: dco_wkup_n       Type: logic ( logic unsigned dco_wkup_n; )
  89)  net: cpu_enabled_with_lfxt Type: logic ( logic unsigned cpu_enabled_with_lfxt; )
  90)  net: lfxt_not_enabled_by_dbg Type: logic ( logic unsigned lfxt_not_enabled_by_dbg; )
  91)  net: lfxt_disable_by_oscoff Type: logic ( logic unsigned lfxt_disable_by_oscoff; )
  92)  net: lfxt_disable_by_cpu_en Type: logic ( logic unsigned lfxt_disable_by_cpu_en; )
  93)  net: lfxt_enable_nxt  Type: logic ( logic unsigned lfxt_enable_nxt; )
  94)  net: lfxt_wkup_set_scan_observe Type: logic ( logic unsigned lfxt_wkup_set_scan_observe; )
  95)  net: lfxt_clk_n       Type: logic ( logic unsigned lfxt_clk_n; )
  96)  net: lfxt_mclk_wkup   Type: logic ( logic unsigned lfxt_mclk_wkup; )
  97)  net: lfxt_en_wkup     Type: logic ( logic unsigned lfxt_en_wkup; )
  98)  net: lfxt_wkup_set    Type: logic ( logic unsigned lfxt_wkup_set; )
  99)  net: lfxt_wkup_set_scan Type: logic ( logic unsigned lfxt_wkup_set_scan; )
 100)  net: lfxt_wkup_n      Type: logic ( logic unsigned lfxt_wkup_n; )
 101)  net: cpu_en_aux_s     Type: logic ( logic unsigned cpu_en_aux_s; )
 102)  net: cpu_en_sm_s      Type: logic ( logic unsigned cpu_en_sm_s; )
 103)  net: cpuoff_and_mclk_dma_wkup_s Type: logic ( logic unsigned cpuoff_and_mclk_dma_wkup_s; )
 104)  net: mclk_wkup_s      Type: logic ( logic unsigned mclk_wkup_s; )
 105)  net: mclk_active      Type: logic ( logic unsigned mclk_active; )
 106)  net: mclk_dma_active  Type: logic ( logic unsigned mclk_dma_active; )
 107)  net: mclk_div_sel     Type: logic ( logic unsigned mclk_div_sel; )
 108)  net: mclk_div_en      Type: logic ( logic unsigned mclk_div_en; )
 109)  net: mclk_dma_div_en  Type: logic ( logic unsigned mclk_dma_div_en; )
 110)  net: nodiv_aclk       Type: logic ( logic unsigned nodiv_aclk; )
 111)  net: puc_lfxt_noscan_n Type: logic ( logic unsigned puc_lfxt_noscan_n; )
 112)  net: puc_lfxt_rst     Type: logic ( logic unsigned puc_lfxt_rst; )
 113)  net: oscoff_s         Type: logic ( logic unsigned oscoff_s; )
 114)  net: oscoff_and_mclk_dma_enable_s Type: logic ( logic unsigned oscoff_and_mclk_dma_enable_s; )
 115)  net: aclk_active      Type: logic ( logic unsigned aclk_active; )
 116)  net: aclk_div_sel     Type: logic ( logic unsigned aclk_div_sel; )
 117)  net: aclk_div_en      Type: logic ( logic unsigned aclk_div_en; )
 118)  net: puc_sm_rst       Type: logic ( logic unsigned puc_sm_rst; )
 119)  net: divsx_ss         Type: logic ( logic unsigned [1:0] divsx_ss; )
 120)  net: scg1_s           Type: logic ( logic unsigned scg1_s; )
 121)  net: scg1_and_mclk_dma_enable_s Type: logic ( logic unsigned scg1_and_mclk_dma_enable_s; )
 122)  net: scg1_and_mclk_dma_wkup_s Type: logic ( logic unsigned scg1_and_mclk_dma_wkup_s; )
 123)  net: smclk_active     Type: logic ( logic unsigned smclk_active; )
 124)  net: smclk_div_sel    Type: logic ( logic unsigned smclk_div_sel; )
 125)  net: smclk_div_en     Type: logic ( logic unsigned smclk_div_en; )
 126)  net: dbg_rst_nxt      Type: logic ( logic unsigned dbg_rst_nxt; )
 127)  net: por_noscan       Type: logic ( logic unsigned por_noscan; )
 128)  net: puc_noscan_n     Type: logic ( logic unsigned puc_noscan_n; )
 129)  net: puc_a_scan       Type: logic ( logic unsigned puc_a_scan; )
 130)  net: puc_a            Type: logic ( logic unsigned puc_a; )
 131)  net: puc_s            Type: logic ( logic unsigned puc_s; )
 132)  var: dco_enable       Type: reg ( logic unsigned dco_enable; )
 133)  var: bcsctl1          Type: reg ( logic unsigned [7:0] bcsctl1; )
 134)  var: bcsctl2          Type: reg ( logic unsigned [7:0] bcsctl2; )
 135)  var: dco_disable      Type: reg ( logic unsigned dco_disable; )
 136)  var: lfxt_disable     Type: reg ( logic unsigned lfxt_disable; )
 137)  var: mclk_div         Type: reg ( logic unsigned [2:0] mclk_div; )
 138)  var: divax_s          Type: reg ( logic unsigned [1:0] divax_s; )
 139)  var: divax_ss         Type: reg ( logic unsigned [1:0] divax_ss; )
 140)  var: aclk_div         Type: reg ( logic unsigned [2:0] aclk_div; )
 141)  var: smclk_div        Type: reg ( logic unsigned [2:0] smclk_div; )
 142)  var: dbg_rst_noscan   Type: reg ( logic unsigned dbg_rst_noscan; )

Module: openMSP430.clock_module_0.and_cpuoff_mclk_en (omsp_and_gate)
--------------------------------------------------------------------------------
   1)  net: y                Type: logic ( logic unsigned y; )
   2)  net: a                Type: logic ( logic unsigned a; )
   3)  net: b                Type: logic ( logic unsigned b; )

Module: openMSP430.clock_module_0.and_cpuoff_mclk_dma_en (omsp_and_gate)
--------------------------------------------------------------------------------
   1)  net: y                Type: logic ( logic unsigned y; )
   2)  net: a                Type: logic ( logic unsigned a; )
   3)  net: b                Type: logic ( logic unsigned b; )

Module: openMSP430.clock_module_0.and_cpuoff_mclk_dma_wkup (omsp_and_gate)
--------------------------------------------------------------------------------
   1)  net: y                Type: logic ( logic unsigned y; )
   2)  net: a                Type: logic ( logic unsigned a; )
   3)  net: b                Type: logic ( logic unsigned b; )

Module: openMSP430.clock_module_0.and_scg0_mclk_dma_en (omsp_and_gate)
--------------------------------------------------------------------------------
   1)  net: y                Type: logic ( logic unsigned y; )
   2)  net: a                Type: logic ( logic unsigned a; )
   3)  net: b                Type: logic ( logic unsigned b; )

Module: openMSP430.clock_module_0.and_scg0_mclk_dma_wkup (omsp_and_gate)
--------------------------------------------------------------------------------
   1)  net: y                Type: logic ( logic unsigned y; )
   2)  net: a                Type: logic ( logic unsigned a; )
   3)  net: b                Type: logic ( logic unsigned b; )

Module: openMSP430.clock_module_0.and_scg1_mclk_dma_en (omsp_and_gate)
--------------------------------------------------------------------------------
   1)  net: y                Type: logic ( logic unsigned y; )
   2)  net: a                Type: logic ( logic unsigned a; )
   3)  net: b                Type: logic ( logic unsigned b; )

Module: openMSP430.clock_module_0.and_scg1_mclk_dma_wkup (omsp_and_gate)
--------------------------------------------------------------------------------
   1)  net: y                Type: logic ( logic unsigned y; )
   2)  net: a                Type: logic ( logic unsigned a; )
   3)  net: b                Type: logic ( logic unsigned b; )

Module: openMSP430.clock_module_0.and_oscoff_mclk_dma_en (omsp_and_gate)
--------------------------------------------------------------------------------
   1)  net: y                Type: logic ( logic unsigned y; )
   2)  net: a                Type: logic ( logic unsigned a; )
   3)  net: b                Type: logic ( logic unsigned b; )

Module: openMSP430.clock_module_0.and_oscoff_mclk_dma_wkup (omsp_and_gate)
--------------------------------------------------------------------------------
   1)  net: y                Type: logic ( logic unsigned y; )
   2)  net: a                Type: logic ( logic unsigned a; )
   3)  net: b                Type: logic ( logic unsigned b; )

Module: openMSP430.clock_module_0.and_dco_dis1 (omsp_and_gate)
--------------------------------------------------------------------------------
   1)  net: y                Type: logic ( logic unsigned y; )
   2)  net: a                Type: logic ( logic unsigned a; )
   3)  net: b                Type: logic ( logic unsigned b; )

Module: openMSP430.clock_module_0.and_dco_dis2 (omsp_and_gate)
--------------------------------------------------------------------------------
   1)  net: y                Type: logic ( logic unsigned y; )
   2)  net: a                Type: logic ( logic unsigned a; )
   3)  net: b                Type: logic ( logic unsigned b; )

Module: openMSP430.clock_module_0.and_dco_dis3 (omsp_and_gate)
--------------------------------------------------------------------------------
   1)  net: y                Type: logic ( logic unsigned y; )
   2)  net: a                Type: logic ( logic unsigned a; )
   3)  net: b                Type: logic ( logic unsigned b; )

Module: openMSP430.clock_module_0.and_dco_dis4 (omsp_and_gate)
--------------------------------------------------------------------------------
   1)  net: y                Type: logic ( logic unsigned y; )
   2)  net: a                Type: logic ( logic unsigned a; )
   3)  net: b                Type: logic ( logic unsigned b; )

Module: openMSP430.clock_module_0.and_dco_dis5 (omsp_and_gate)
--------------------------------------------------------------------------------
   1)  net: y                Type: logic ( logic unsigned y; )
   2)  net: a                Type: logic ( logic unsigned a; )
   3)  net: b                Type: logic ( logic unsigned b; )

Module: openMSP430.clock_module_0.and_dco_mclk_wkup (omsp_and_gate)
--------------------------------------------------------------------------------
   1)  net: y                Type: logic ( logic unsigned y; )
   2)  net: a                Type: logic ( logic unsigned a; )
   3)  net: b                Type: logic ( logic unsigned b; )

Module: openMSP430.clock_module_0.and_dco_en_wkup (omsp_and_gate)
--------------------------------------------------------------------------------
   1)  net: y                Type: logic ( logic unsigned y; )
   2)  net: a                Type: logic ( logic unsigned a; )
   3)  net: b                Type: logic ( logic unsigned b; )

Module: openMSP430.clock_module_0.and_dco_wkup (omsp_and_gate)
--------------------------------------------------------------------------------
   1)  net: y                Type: logic ( logic unsigned y; )
   2)  net: a                Type: logic ( logic unsigned a; )
   3)  net: b                Type: logic ( logic unsigned b; )

Module: openMSP430.clock_module_0.and_lfxt_dis1 (omsp_and_gate)
--------------------------------------------------------------------------------
   1)  net: y                Type: logic ( logic unsigned y; )
   2)  net: a                Type: logic ( logic unsigned a; )
   3)  net: b                Type: logic ( logic unsigned b; )

Module: openMSP430.clock_module_0.and_lfxt_dis2 (omsp_and_gate)
--------------------------------------------------------------------------------
   1)  net: y                Type: logic ( logic unsigned y; )
   2)  net: a                Type: logic ( logic unsigned a; )
   3)  net: b                Type: logic ( logic unsigned b; )

Module: openMSP430.clock_module_0.and_lfxt_dis3 (omsp_and_gate)
--------------------------------------------------------------------------------
   1)  net: y                Type: logic ( logic unsigned y; )
   2)  net: a                Type: logic ( logic unsigned a; )
   3)  net: b                Type: logic ( logic unsigned b; )

Module: openMSP430.clock_module_0.and_lfxt_dis4 (omsp_and_gate)
--------------------------------------------------------------------------------
   1)  net: y                Type: logic ( logic unsigned y; )
   2)  net: a                Type: logic ( logic unsigned a; )
   3)  net: b                Type: logic ( logic unsigned b; )

Module: openMSP430.clock_module_0.and_lfxt_dis5 (omsp_and_gate)
--------------------------------------------------------------------------------
   1)  net: y                Type: logic ( logic unsigned y; )
   2)  net: a                Type: logic ( logic unsigned a; )
   3)  net: b                Type: logic ( logic unsigned b; )

Module: openMSP430.clock_module_0.and_lfxt_mclk_wkup (omsp_and_gate)
--------------------------------------------------------------------------------
   1)  net: y                Type: logic ( logic unsigned y; )
   2)  net: a                Type: logic ( logic unsigned a; )
   3)  net: b                Type: logic ( logic unsigned b; )

Module: openMSP430.clock_module_0.and_lfxt_en_wkup (omsp_and_gate)
--------------------------------------------------------------------------------
   1)  net: y                Type: logic ( logic unsigned y; )
   2)  net: a                Type: logic ( logic unsigned a; )
   3)  net: b                Type: logic ( logic unsigned b; )

Module: openMSP430.clock_module_0.and_lfxt_wkup (omsp_and_gate)
--------------------------------------------------------------------------------
   1)  net: y                Type: logic ( logic unsigned y; )
   2)  net: a                Type: logic ( logic unsigned a; )
   3)  net: b                Type: logic ( logic unsigned b; )

Module: openMSP430.clock_module_0.scan_mux_dco_wkup (omsp_scan_mux)
--------------------------------------------------------------------------------
   1)  net: data_out         Type: logic ( logic unsigned data_out; )
   2)  net: data_in_scan     Type: logic ( logic unsigned data_in_scan; )
   3)  net: data_in_func     Type: logic ( logic unsigned data_in_func; )
   4)  net: scan_mode        Type: logic ( logic unsigned scan_mode; )

Module: openMSP430.clock_module_0.scan_mux_dco_wkup_observe (omsp_scan_mux)
--------------------------------------------------------------------------------
   1)  net: data_out         Type: logic ( logic unsigned data_out; )
   2)  net: data_in_scan     Type: logic ( logic unsigned data_in_scan; )
   3)  net: data_in_func     Type: logic ( logic unsigned data_in_func; )
   4)  net: scan_mode        Type: logic ( logic unsigned scan_mode; )

Module: openMSP430.clock_module_0.scan_mux_lfxt_wkup (omsp_scan_mux)
--------------------------------------------------------------------------------
   1)  net: data_out         Type: logic ( logic unsigned data_out; )
   2)  net: data_in_scan     Type: logic ( logic unsigned data_in_scan; )
   3)  net: data_in_func     Type: logic ( logic unsigned data_in_func; )
   4)  net: scan_mode        Type: logic ( logic unsigned scan_mode; )

Module: openMSP430.clock_module_0.scan_mux_lfxt_wkup_observe (omsp_scan_mux)
--------------------------------------------------------------------------------
   1)  net: data_out         Type: logic ( logic unsigned data_out; )
   2)  net: data_in_scan     Type: logic ( logic unsigned data_in_scan; )
   3)  net: data_in_func     Type: logic ( logic unsigned data_in_func; )
   4)  net: scan_mode        Type: logic ( logic unsigned scan_mode; )

Module: openMSP430.clock_module_0.scan_mux_puc_lfxt (omsp_scan_mux)
--------------------------------------------------------------------------------
   1)  net: data_out         Type: logic ( logic unsigned data_out; )
   2)  net: data_in_scan     Type: logic ( logic unsigned data_in_scan; )
   3)  net: data_in_func     Type: logic ( logic unsigned data_in_func; )
   4)  net: scan_mode        Type: logic ( logic unsigned scan_mode; )

Module: openMSP430.clock_module_0.scan_mux_por (omsp_scan_mux)
--------------------------------------------------------------------------------
   1)  net: data_out         Type: logic ( logic unsigned data_out; )
   2)  net: data_in_scan     Type: logic ( logic unsigned data_in_scan; )
   3)  net: data_in_func     Type: logic ( logic unsigned data_in_func; )
   4)  net: scan_mode        Type: logic ( logic unsigned scan_mode; )

Module: openMSP430.clock_module_0.scan_mux_dbg_rst (omsp_scan_mux)
--------------------------------------------------------------------------------
   1)  net: data_out         Type: logic ( logic unsigned data_out; )
   2)  net: data_in_scan     Type: logic ( logic unsigned data_in_scan; )
   3)  net: data_in_func     Type: logic ( logic unsigned data_in_func; )
   4)  net: scan_mode        Type: logic ( logic unsigned scan_mode; )

Module: openMSP430.clock_module_0.scan_mux_puc_rst_a (omsp_scan_mux)
--------------------------------------------------------------------------------
   1)  net: data_out         Type: logic ( logic unsigned data_out; )
   2)  net: data_in_scan     Type: logic ( logic unsigned data_in_scan; )
   3)  net: data_in_func     Type: logic ( logic unsigned data_in_func; )
   4)  net: scan_mode        Type: logic ( logic unsigned scan_mode; )

Module: openMSP430.clock_module_0.scan_mux_puc_rst (omsp_scan_mux)
--------------------------------------------------------------------------------
   1)  net: data_out         Type: logic ( logic unsigned data_out; )
   2)  net: data_in_scan     Type: logic ( logic unsigned data_in_scan; )
   3)  net: data_in_func     Type: logic ( logic unsigned data_in_func; )
   4)  net: scan_mode        Type: logic ( logic unsigned scan_mode; )

Module: openMSP430.clock_module_0.sync_cell_dco_wkup (omsp_sync_cell)
--------------------------------------------------------------------------------
   1)  net: data_out         Type: logic ( logic unsigned data_out; )
   2)  net: clk              Type: logic ( logic unsigned clk; )
   3)  net: data_in          Type: logic ( logic unsigned data_in; )
   4)  net: rst              Type: logic ( logic unsigned rst; )
   5)  var: data_sync        Type: reg ( logic unsigned [1:0] data_sync; )

Module: openMSP430.clock_module_0.sync_cell_lfxt_disable (omsp_sync_cell)
--------------------------------------------------------------------------------
   1)  net: data_out         Type: logic ( logic unsigned data_out; )
   2)  net: clk              Type: logic ( logic unsigned clk; )
   3)  net: data_in          Type: logic ( logic unsigned data_in; )
   4)  net: rst              Type: logic ( logic unsigned rst; )
   5)  var: data_sync        Type: reg ( logic unsigned [1:0] data_sync; )

Module: openMSP430.clock_module_0.sync_cell_lfxt_wkup (omsp_sync_cell)
--------------------------------------------------------------------------------
   1)  net: data_out         Type: logic ( logic unsigned data_out; )
   2)  net: clk              Type: logic ( logic unsigned clk; )
   3)  net: data_in          Type: logic ( logic unsigned data_in; )
   4)  net: rst              Type: logic ( logic unsigned rst; )
   5)  var: data_sync        Type: reg ( logic unsigned [1:0] data_sync; )

Module: openMSP430.clock_module_0.sync_cell_cpu_aux_en (omsp_sync_cell)
--------------------------------------------------------------------------------
   1)  net: data_out         Type: logic ( logic unsigned data_out; )
   2)  net: clk              Type: logic ( logic unsigned clk; )
   3)  net: data_in          Type: logic ( logic unsigned data_in; )
   4)  net: rst              Type: logic ( logic unsigned rst; )
   5)  var: data_sync        Type: reg ( logic unsigned [1:0] data_sync; )

Module: openMSP430.clock_module_0.sync_cell_mclk_dma_wkup (omsp_sync_cell)
--------------------------------------------------------------------------------
   1)  net: data_out         Type: logic ( logic unsigned data_out; )
   2)  net: clk              Type: logic ( logic unsigned clk; )
   3)  net: data_in          Type: logic ( logic unsigned data_in; )
   4)  net: rst              Type: logic ( logic unsigned rst; )
   5)  var: data_sync        Type: reg ( logic unsigned [1:0] data_sync; )

Module: openMSP430.clock_module_0.sync_cell_mclk_wkup (omsp_sync_cell)
--------------------------------------------------------------------------------
   1)  net: data_out         Type: logic ( logic unsigned data_out; )
   2)  net: clk              Type: logic ( logic unsigned clk; )
   3)  net: data_in          Type: logic ( logic unsigned data_in; )
   4)  net: rst              Type: logic ( logic unsigned rst; )
   5)  var: data_sync        Type: reg ( logic unsigned [1:0] data_sync; )

Module: openMSP430.clock_module_0.sync_cell_puc_lfxt (omsp_sync_cell)
--------------------------------------------------------------------------------
   1)  net: data_out         Type: logic ( logic unsigned data_out; )
   2)  net: clk              Type: logic ( logic unsigned clk; )
   3)  net: data_in          Type: logic ( logic unsigned data_in; )
   4)  net: rst              Type: logic ( logic unsigned rst; )
   5)  var: data_sync        Type: reg ( logic unsigned [1:0] data_sync; )

Module: openMSP430.clock_module_0.sync_cell_oscoff (omsp_sync_cell)
--------------------------------------------------------------------------------
   1)  net: data_out         Type: logic ( logic unsigned data_out; )
   2)  net: clk              Type: logic ( logic unsigned clk; )
   3)  net: data_in          Type: logic ( logic unsigned data_in; )
   4)  net: rst              Type: logic ( logic unsigned rst; )
   5)  var: data_sync        Type: reg ( logic unsigned [1:0] data_sync; )

Module: openMSP430.clock_module_0.sync_cell_aclk_dma_wkup (omsp_sync_cell)
--------------------------------------------------------------------------------
   1)  net: data_out         Type: logic ( logic unsigned data_out; )
   2)  net: clk              Type: logic ( logic unsigned clk; )
   3)  net: data_in          Type: logic ( logic unsigned data_in; )
   4)  net: rst              Type: logic ( logic unsigned rst; )
   5)  var: data_sync        Type: reg ( logic unsigned [1:0] data_sync; )

Module: openMSP430.clock_module_0.sync_cell_smclk_dma_wkup (omsp_sync_cell)
--------------------------------------------------------------------------------
   1)  net: data_out         Type: logic ( logic unsigned data_out; )
   2)  net: clk              Type: logic ( logic unsigned clk; )
   3)  net: data_in          Type: logic ( logic unsigned data_in; )
   4)  net: rst              Type: logic ( logic unsigned rst; )
   5)  var: data_sync        Type: reg ( logic unsigned [1:0] data_sync; )

Module: openMSP430.clock_module_0.sync_cell_puc (omsp_sync_cell)
--------------------------------------------------------------------------------
   1)  net: data_out         Type: logic ( logic unsigned data_out; )
   2)  net: clk              Type: logic ( logic unsigned clk; )
   3)  net: data_in          Type: logic ( logic unsigned data_in; )
   4)  net: rst              Type: logic ( logic unsigned rst; )
   5)  var: data_sync        Type: reg ( logic unsigned [1:0] data_sync; )

Module: openMSP430.clock_module_0.clock_gate_mclk (omsp_clock_gate)
--------------------------------------------------------------------------------
   1)  net: gclk             Type: logic ( logic unsigned gclk; )
   2)  net: clk              Type: logic ( logic unsigned clk; )
   3)  net: enable           Type: logic ( logic unsigned enable; )
   4)  net: scan_enable      Type: logic ( logic unsigned scan_enable; )
   5)  net: enable_in        Type: logic ( logic unsigned enable_in; )
   6)  var: enable_latch     Type: reg ( logic unsigned enable_latch; )

Module: openMSP430.clock_module_0.clock_gate_dma_mclk (omsp_clock_gate)
--------------------------------------------------------------------------------
   1)  net: gclk             Type: logic ( logic unsigned gclk; )
   2)  net: clk              Type: logic ( logic unsigned clk; )
   3)  net: enable           Type: logic ( logic unsigned enable; )
   4)  net: scan_enable      Type: logic ( logic unsigned scan_enable; )
   5)  net: enable_in        Type: logic ( logic unsigned enable_in; )
   6)  var: enable_latch     Type: reg ( logic unsigned enable_latch; )

Module: openMSP430.clock_module_0.clock_gate_aclk (omsp_clock_gate)
--------------------------------------------------------------------------------
   1)  net: gclk             Type: logic ( logic unsigned gclk; )
   2)  net: clk              Type: logic ( logic unsigned clk; )
   3)  net: enable           Type: logic ( logic unsigned enable; )
   4)  net: scan_enable      Type: logic ( logic unsigned scan_enable; )
   5)  net: enable_in        Type: logic ( logic unsigned enable_in; )
   6)  var: enable_latch     Type: reg ( logic unsigned enable_latch; )

Module: openMSP430.clock_module_0.clock_gate_smclk (omsp_clock_gate)
--------------------------------------------------------------------------------
   1)  net: gclk             Type: logic ( logic unsigned gclk; )
   2)  net: clk              Type: logic ( logic unsigned clk; )
   3)  net: enable           Type: logic ( logic unsigned enable; )
   4)  net: scan_enable      Type: logic ( logic unsigned scan_enable; )
   5)  net: enable_in        Type: logic ( logic unsigned enable_in; )
   6)  var: enable_latch     Type: reg ( logic unsigned enable_latch; )

Module: openMSP430.clock_module_0.clock_gate_dbg_clk (omsp_clock_gate)
--------------------------------------------------------------------------------
   1)  net: gclk             Type: logic ( logic unsigned gclk; )
   2)  net: clk              Type: logic ( logic unsigned clk; )
   3)  net: enable           Type: logic ( logic unsigned enable; )
   4)  net: scan_enable      Type: logic ( logic unsigned scan_enable; )
   5)  net: enable_in        Type: logic ( logic unsigned enable_in; )
   6)  var: enable_latch     Type: reg ( logic unsigned enable_latch; )

Module: openMSP430.clock_module_0.sync_reset_por (omsp_sync_reset)
--------------------------------------------------------------------------------
   1)  net: rst_s            Type: logic ( logic unsigned rst_s; )
   2)  net: clk              Type: logic ( logic unsigned clk; )
   3)  net: rst_a            Type: logic ( logic unsigned rst_a; )
   4)  var: data_sync        Type: reg ( logic unsigned [1:0] data_sync; )

Module: openMSP430.frontend_0 (omsp_frontend)
--------------------------------------------------------------------------------
   1)  net: decode_noirq     Type: logic ( logic unsigned decode_noirq; )
   2)  net: exec_done        Type: logic ( logic unsigned exec_done; )
   3)  net: inst_dest        Type: logic ( logic unsigned [15:0] inst_dest; )
   4)  net: inst_jmp         Type: logic ( logic unsigned [7:0] inst_jmp; )
   5)  net: inst_src         Type: logic ( logic unsigned [15:0] inst_src; )
   6)  net: irq_acc          Type: logic ( logic unsigned [(16 - 3):0] irq_acc; )
   7)  net: mab              Type: logic ( logic unsigned [15:0] mab; )
   8)  net: mb_en            Type: logic ( logic unsigned mb_en; )
   9)  net: mclk_dma_enable  Type: logic ( logic unsigned mclk_dma_enable; )
  10)  net: mclk_dma_wkup    Type: logic ( logic unsigned mclk_dma_wkup; )
  11)  net: mclk_enable      Type: logic ( logic unsigned mclk_enable; )
  12)  net: mclk_wkup        Type: logic ( logic unsigned mclk_wkup; )
  13)  net: nmi_acc          Type: logic ( logic unsigned nmi_acc; )
  14)  net: pc_nxt           Type: logic ( logic unsigned [15:0] pc_nxt; )
  15)  net: cpu_en_s         Type: logic ( logic unsigned cpu_en_s; )
  16)  net: cpu_halt_cmd     Type: logic ( logic unsigned cpu_halt_cmd; )
  17)  net: cpuoff           Type: logic ( logic unsigned cpuoff; )
  18)  net: dbg_reg_sel      Type: logic ( logic unsigned [3:0] dbg_reg_sel; )
  19)  net: dma_en           Type: logic ( logic unsigned dma_en; )
  20)  net: dma_wkup         Type: logic ( logic unsigned dma_wkup; )
  21)  net: fe_pmem_wait     Type: logic ( logic unsigned fe_pmem_wait; )
  22)  net: gie              Type: logic ( logic unsigned gie; )
  23)  net: irq              Type: logic ( logic unsigned [(16 - 3):0] irq; )
  24)  net: mclk             Type: logic ( logic unsigned mclk; )
  25)  net: mdb_in           Type: logic ( logic unsigned [15:0] mdb_in; )
  26)  net: nmi_pnd          Type: logic ( logic unsigned nmi_pnd; )
  27)  net: nmi_wkup         Type: logic ( logic unsigned nmi_wkup; )
  28)  net: pc_sw            Type: logic ( logic unsigned [15:0] pc_sw; )
  29)  net: pc_sw_wr         Type: logic ( logic unsigned pc_sw_wr; )
  30)  net: puc_rst          Type: logic ( logic unsigned puc_rst; )
  31)  net: scan_enable      Type: logic ( logic unsigned scan_enable; )
  32)  net: wdt_irq          Type: logic ( logic unsigned wdt_irq; )
  33)  net: wdt_wkup         Type: logic ( logic unsigned wdt_wkup; )
  34)  net: wkup             Type: logic ( logic unsigned wkup; )
  35)  net: inst_sz_nxt      Type: logic ( logic unsigned [1:0] inst_sz_nxt; )
  36)  net: irq_detect       Type: logic ( logic unsigned irq_detect; )
  37)  net: inst_type_nxt    Type: logic ( logic unsigned [2:0] inst_type_nxt; )
  38)  net: is_const         Type: logic ( logic unsigned is_const; )
  39)  net: cpu_halt_req     Type: logic ( logic unsigned cpu_halt_req; )
  40)  net: decode           Type: logic ( logic unsigned decode; )
  41)  net: fetch            Type: logic ( logic unsigned fetch; )
  42)  net: mclk_irq_num     Type: logic ( logic unsigned mclk_irq_num; )
  43)  net: irq_all          Type: logic ( logic unsigned [62:0] irq_all; )
  44)  net: irq_addr         Type: logic ( logic unsigned [15:0] irq_addr; )
  45)  net: irq_acc_all      Type: logic ( logic unsigned [63:0] irq_acc_all; )
  46)  net: mirq_wkup        Type: logic ( logic unsigned mirq_wkup; )
  47)  net: pc_incr          Type: logic ( logic unsigned [15:0] pc_incr; )
  48)  net: pc_en            Type: logic ( logic unsigned pc_en; )
  49)  net: mclk_pc          Type: logic ( logic unsigned mclk_pc; )
  50)  net: ir               Type: logic ( logic unsigned [15:0] ir; )
  51)  net: is_sext          Type: logic ( logic unsigned is_sext; )
  52)  net: ext_incr         Type: logic ( logic unsigned [15:0] ext_incr; )
  53)  net: ext_nxt          Type: logic ( logic unsigned [15:0] ext_nxt; )
  54)  net: inst_sext_en     Type: logic ( logic unsigned inst_sext_en; )
  55)  net: mclk_inst_sext   Type: logic ( logic unsigned mclk_inst_sext; )
  56)  net: inst_sext_rdy    Type: logic ( logic unsigned inst_sext_rdy; )
  57)  net: inst_dext_en     Type: logic ( logic unsigned inst_dext_en; )
  58)  net: mclk_inst_dext   Type: logic ( logic unsigned mclk_inst_dext; )
  59)  net: inst_dext_rdy    Type: logic ( logic unsigned inst_dext_rdy; )
  60)  net: mclk_decode      Type: logic ( logic unsigned mclk_decode; )
  61)  net: inst_so_nxt      Type: logic ( logic unsigned [7:0] inst_so_nxt; )
  62)  net: inst_to_1hot     Type: logic ( logic unsigned [15:0] inst_to_1hot; )
  63)  net: inst_to_nxt      Type: logic ( logic unsigned [11:0] inst_to_nxt; )
  64)  net: src_reg          Type: logic ( logic unsigned [3:0] src_reg; )
  65)  net: dest_reg         Type: logic ( logic unsigned [3:0] dest_reg; )
  66)  net: src_acalc_pre    Type: logic ( logic unsigned src_acalc_pre; )
  67)  net: src_rd_pre       Type: logic ( logic unsigned src_rd_pre; )
  68)  net: dst_acalc_pre    Type: logic ( logic unsigned dst_acalc_pre; )
  69)  net: dst_acalc        Type: logic ( logic unsigned dst_acalc; )
  70)  net: dst_rd_pre       Type: logic ( logic unsigned dst_rd_pre; )
  71)  net: dst_rd           Type: logic ( logic unsigned dst_rd; )
  72)  net: inst_branch      Type: logic ( logic unsigned inst_branch; )
  73)  net: e_first_state    Type: logic ( logic unsigned [3:0] e_first_state; )
  74)  net: alu_src_inv      Type: logic ( logic unsigned alu_src_inv; )
  75)  net: alu_inc          Type: logic ( logic unsigned alu_inc; )
  76)  net: alu_inc_c        Type: logic ( logic unsigned alu_inc_c; )
  77)  net: alu_add          Type: logic ( logic unsigned alu_add; )
  78)  net: alu_and          Type: logic ( logic unsigned alu_and; )
  79)  net: alu_or           Type: logic ( logic unsigned alu_or; )
  80)  net: alu_xor          Type: logic ( logic unsigned alu_xor; )
  81)  net: alu_dadd         Type: logic ( logic unsigned alu_dadd; )
  82)  net: alu_stat_7       Type: logic ( logic unsigned alu_stat_7; )
  83)  net: alu_stat_f       Type: logic ( logic unsigned alu_stat_f; )
  84)  net: alu_shift        Type: logic ( logic unsigned alu_shift; )
  85)  net: exec_no_wr       Type: logic ( logic unsigned exec_no_wr; )
  86)  net: inst_alu_nxt     Type: logic ( logic unsigned [11:0] inst_alu_nxt; )
  87)  var: cpu_halt_st      Type: reg ( logic unsigned cpu_halt_st; )
  88)  var: e_state          Type: reg ( logic unsigned [3:0] e_state; )
  89)  var: inst_ad          Type: reg ( logic unsigned [7:0] inst_ad; )
  90)  var: inst_as          Type: reg ( logic unsigned [7:0] inst_as; )
  91)  var: inst_alu         Type: reg ( logic unsigned [11:0] inst_alu; )
  92)  var: inst_bw          Type: reg ( logic unsigned inst_bw; )
  93)  var: inst_dext        Type: reg ( logic unsigned [15:0] inst_dext; )
  94)  var: inst_irq_rst     Type: reg ( logic unsigned inst_irq_rst; )
  95)  var: inst_mov         Type: reg ( logic unsigned inst_mov; )
  96)  var: inst_sext        Type: reg ( logic unsigned [15:0] inst_sext; )
  97)  var: inst_so          Type: reg ( logic unsigned [7:0] inst_so; )
  98)  var: inst_type        Type: reg ( logic unsigned [2:0] inst_type; )
  99)  var: pc               Type: reg ( logic unsigned [15:0] pc; )
 100)  var: i_state          Type: reg ( logic unsigned [2:0] i_state; )
 101)  var: i_state_nxt      Type: reg ( logic unsigned [2:0] i_state_nxt; )
 102)  var: inst_sz          Type: reg ( logic unsigned [1:0] inst_sz; )
 103)  var: sconst_nxt       Type: reg ( logic unsigned [15:0] sconst_nxt; )
 104)  var: e_state_nxt      Type: reg ( logic unsigned [3:0] e_state_nxt; )
 105)  var: irq_num          Type: reg ( logic unsigned [5:0] irq_num; )
 106)  var: pmem_busy        Type: reg ( logic unsigned pmem_busy; )
 107)  var: inst_jmp_bin     Type: reg ( logic unsigned [2:0] inst_jmp_bin; )
 108)  var: inst_dest_bin    Type: reg ( logic unsigned [3:0] inst_dest_bin; )
 109)  var: inst_src_bin     Type: reg ( logic unsigned [3:0] inst_src_bin; )
 110)  var: inst_as_nxt      Type: reg ( logic unsigned [12:0] inst_as_nxt; )
 111)  var: inst_ad_nxt      Type: reg ( logic unsigned [7:0] inst_ad_nxt; )
 112)  var: exec_jmp         Type: reg ( logic unsigned exec_jmp; )
 113)  var: exec_dst_wr      Type: reg ( logic unsigned exec_dst_wr; )
 114)  var: exec_src_wr      Type: reg ( logic unsigned exec_src_wr; )
 115)  var: exec_dext_rdy    Type: reg ( logic unsigned exec_dext_rdy; )

Module: openMSP430.frontend_0.clock_gate_irq_num (omsp_clock_gate)
--------------------------------------------------------------------------------
   1)  net: gclk             Type: logic ( logic unsigned gclk; )
   2)  net: clk              Type: logic ( logic unsigned clk; )
   3)  net: enable           Type: logic ( logic unsigned enable; )
   4)  net: scan_enable      Type: logic ( logic unsigned scan_enable; )
   5)  net: enable_in        Type: logic ( logic unsigned enable_in; )
   6)  var: enable_latch     Type: reg ( logic unsigned enable_latch; )

Module: openMSP430.frontend_0.clock_gate_pc (omsp_clock_gate)
--------------------------------------------------------------------------------
   1)  net: gclk             Type: logic ( logic unsigned gclk; )
   2)  net: clk              Type: logic ( logic unsigned clk; )
   3)  net: enable           Type: logic ( logic unsigned enable; )
   4)  net: scan_enable      Type: logic ( logic unsigned scan_enable; )
   5)  net: enable_in        Type: logic ( logic unsigned enable_in; )
   6)  var: enable_latch     Type: reg ( logic unsigned enable_latch; )

Module: openMSP430.frontend_0.clock_gate_inst_sext (omsp_clock_gate)
--------------------------------------------------------------------------------
   1)  net: gclk             Type: logic ( logic unsigned gclk; )
   2)  net: clk              Type: logic ( logic unsigned clk; )
   3)  net: enable           Type: logic ( logic unsigned enable; )
   4)  net: scan_enable      Type: logic ( logic unsigned scan_enable; )
   5)  net: enable_in        Type: logic ( logic unsigned enable_in; )
   6)  var: enable_latch     Type: reg ( logic unsigned enable_latch; )

Module: openMSP430.frontend_0.clock_gate_inst_dext (omsp_clock_gate)
--------------------------------------------------------------------------------
   1)  net: gclk             Type: logic ( logic unsigned gclk; )
   2)  net: clk              Type: logic ( logic unsigned clk; )
   3)  net: enable           Type: logic ( logic unsigned enable; )
   4)  net: scan_enable      Type: logic ( logic unsigned scan_enable; )
   5)  net: enable_in        Type: logic ( logic unsigned enable_in; )
   6)  var: enable_latch     Type: reg ( logic unsigned enable_latch; )

Module: openMSP430.frontend_0.clock_gate_decode (omsp_clock_gate)
--------------------------------------------------------------------------------
   1)  net: gclk             Type: logic ( logic unsigned gclk; )
   2)  net: clk              Type: logic ( logic unsigned clk; )
   3)  net: enable           Type: logic ( logic unsigned enable; )
   4)  net: scan_enable      Type: logic ( logic unsigned scan_enable; )
   5)  net: enable_in        Type: logic ( logic unsigned enable_in; )
   6)  var: enable_latch     Type: reg ( logic unsigned enable_latch; )

Module: openMSP430.frontend_0.and_mirq_wkup (omsp_and_gate)
--------------------------------------------------------------------------------
   1)  net: y                Type: logic ( logic unsigned y; )
   2)  net: a                Type: logic ( logic unsigned a; )
   3)  net: b                Type: logic ( logic unsigned b; )

Module: openMSP430.frontend_0.and_mclk_wkup (omsp_and_gate)
--------------------------------------------------------------------------------
   1)  net: y                Type: logic ( logic unsigned y; )
   2)  net: a                Type: logic ( logic unsigned a; )
   3)  net: b                Type: logic ( logic unsigned b; )

Module: openMSP430.frontend_0.and_mclk_dma_wkup (omsp_and_gate)
--------------------------------------------------------------------------------
   1)  net: y                Type: logic ( logic unsigned y; )
   2)  net: a                Type: logic ( logic unsigned a; )
   3)  net: b                Type: logic ( logic unsigned b; )

Module: openMSP430.execution_unit_0 (omsp_execution_unit)
--------------------------------------------------------------------------------
   1)  net: cpuoff           Type: logic ( logic unsigned cpuoff; )
   2)  net: dbg_reg_din      Type: logic ( logic unsigned [15:0] dbg_reg_din; )
   3)  net: gie              Type: logic ( logic unsigned gie; )
   4)  net: mab              Type: logic ( logic unsigned [15:0] mab; )
   5)  net: mb_en            Type: logic ( logic unsigned mb_en; )
   6)  net: mb_wr            Type: logic ( logic unsigned [1:0] mb_wr; )
   7)  net: mdb_out          Type: logic ( logic unsigned [15:0] mdb_out; )
   8)  net: oscoff           Type: logic ( logic unsigned oscoff; )
   9)  net: pc_sw            Type: logic ( logic unsigned [15:0] pc_sw; )
  10)  net: pc_sw_wr         Type: logic ( logic unsigned pc_sw_wr; )
  11)  net: scg0             Type: logic ( logic unsigned scg0; )
  12)  net: scg1             Type: logic ( logic unsigned scg1; )
  13)  net: dbg_halt_st      Type: logic ( logic unsigned dbg_halt_st; )
  14)  net: dbg_mem_dout     Type: logic ( logic unsigned [15:0] dbg_mem_dout; )
  15)  net: dbg_reg_wr       Type: logic ( logic unsigned dbg_reg_wr; )
  16)  net: e_state          Type: logic ( logic unsigned [3:0] e_state; )
  17)  net: exec_done        Type: logic ( logic unsigned exec_done; )
  18)  net: inst_ad          Type: logic ( logic unsigned [7:0] inst_ad; )
  19)  net: inst_as          Type: logic ( logic unsigned [7:0] inst_as; )
  20)  net: inst_alu         Type: logic ( logic unsigned [11:0] inst_alu; )
  21)  net: inst_bw          Type: logic ( logic unsigned inst_bw; )
  22)  net: inst_dest        Type: logic ( logic unsigned [15:0] inst_dest; )
  23)  net: inst_dext        Type: logic ( logic unsigned [15:0] inst_dext; )
  24)  net: inst_irq_rst     Type: logic ( logic unsigned inst_irq_rst; )
  25)  net: inst_jmp         Type: logic ( logic unsigned [7:0] inst_jmp; )
  26)  net: inst_mov         Type: logic ( logic unsigned inst_mov; )
  27)  net: inst_sext        Type: logic ( logic unsigned [15:0] inst_sext; )
  28)  net: inst_so          Type: logic ( logic unsigned [7:0] inst_so; )
  29)  net: inst_src         Type: logic ( logic unsigned [15:0] inst_src; )
  30)  net: inst_type        Type: logic ( logic unsigned [2:0] inst_type; )
  31)  net: mclk             Type: logic ( logic unsigned mclk; )
  32)  net: mdb_in           Type: logic ( logic unsigned [15:0] mdb_in; )
  33)  net: pc               Type: logic ( logic unsigned [15:0] pc; )
  34)  net: pc_nxt           Type: logic ( logic unsigned [15:0] pc_nxt; )
  35)  net: puc_rst          Type: logic ( logic unsigned puc_rst; )
  36)  net: scan_enable      Type: logic ( logic unsigned scan_enable; )
  37)  net: alu_out          Type: logic ( logic unsigned [15:0] alu_out; )
  38)  net: alu_out_add      Type: logic ( logic unsigned [15:0] alu_out_add; )
  39)  net: alu_stat         Type: logic ( logic unsigned [3:0] alu_stat; )
  40)  net: alu_stat_wr      Type: logic ( logic unsigned [3:0] alu_stat_wr; )
  41)  net: op_dst           Type: logic ( logic unsigned [15:0] op_dst; )
  42)  net: op_src           Type: logic ( logic unsigned [15:0] op_src; )
  43)  net: reg_dest         Type: logic ( logic unsigned [15:0] reg_dest; )
  44)  net: reg_src          Type: logic ( logic unsigned [15:0] reg_src; )
  45)  net: mdb_in_bw        Type: logic ( logic unsigned [15:0] mdb_in_bw; )
  46)  net: mdb_in_val       Type: logic ( logic unsigned [15:0] mdb_in_val; )
  47)  net: status           Type: logic ( logic unsigned [3:0] status; )
  48)  net: reg_dest_wr      Type: logic ( logic unsigned reg_dest_wr; )
  49)  net: reg_sp_wr        Type: logic ( logic unsigned reg_sp_wr; )
  50)  net: reg_sr_wr        Type: logic ( logic unsigned reg_sr_wr; )
  51)  net: reg_sr_clr       Type: logic ( logic unsigned reg_sr_clr; )
  52)  net: reg_pc_call      Type: logic ( logic unsigned reg_pc_call; )
  53)  net: reg_incr         Type: logic ( logic unsigned reg_incr; )
  54)  net: src_reg_src_sel  Type: logic ( logic unsigned src_reg_src_sel; )
  55)  net: src_reg_dest_sel Type: logic ( logic unsigned src_reg_dest_sel; )
  56)  net: src_mdb_in_val_sel Type: logic ( logic unsigned src_mdb_in_val_sel; )
  57)  net: src_inst_dext_sel Type: logic ( logic unsigned src_inst_dext_sel; )
  58)  net: src_inst_sext_sel Type: logic ( logic unsigned src_inst_sext_sel; )
  59)  net: dst_inst_sext_sel Type: logic ( logic unsigned dst_inst_sext_sel; )
  60)  net: dst_mdb_in_bw_sel Type: logic ( logic unsigned dst_mdb_in_bw_sel; )
  61)  net: dst_fffe_sel     Type: logic ( logic unsigned dst_fffe_sel; )
  62)  net: dst_reg_dest_sel Type: logic ( logic unsigned dst_reg_dest_sel; )
  63)  net: exec_cycle       Type: logic ( logic unsigned exec_cycle; )
  64)  net: mb_rd_det        Type: logic ( logic unsigned mb_rd_det; )
  65)  net: mb_wr_det        Type: logic ( logic unsigned mb_wr_det; )
  66)  net: mb_wr_msk        Type: logic ( logic unsigned [1:0] mb_wr_msk; )
  67)  net: mdb_out_nxt_en   Type: logic ( logic unsigned mdb_out_nxt_en; )
  68)  net: mclk_mdb_out_nxt Type: logic ( logic unsigned mclk_mdb_out_nxt; )
  69)  net: mclk_mdb_in_buf  Type: logic ( logic unsigned mclk_mdb_in_buf; )
  70)  net: UNUSED_inst_ad_idx Type: logic ( logic unsigned UNUSED_inst_ad_idx; )
  71)  net: UNUSED_inst_ad_indir Type: logic ( logic unsigned UNUSED_inst_ad_indir; )
  72)  net: UNUSED_inst_ad_indir_i Type: logic ( logic unsigned UNUSED_inst_ad_indir_i; )
  73)  net: UNUSED_inst_ad_symb Type: logic ( logic unsigned UNUSED_inst_ad_symb; )
  74)  net: UNUSED_inst_ad_imm Type: logic ( logic unsigned UNUSED_inst_ad_imm; )
  75)  net: UNUSED_inst_ad_const Type: logic ( logic unsigned UNUSED_inst_ad_const; )
  76)  var: mdb_out_nxt      Type: reg ( logic unsigned [15:0] mdb_out_nxt; )
  77)  var: mab_lsb          Type: reg ( logic unsigned mab_lsb; )
  78)  var: mdb_in_buf_en    Type: reg ( logic unsigned mdb_in_buf_en; )
  79)  var: mdb_in_buf_valid Type: reg ( logic unsigned mdb_in_buf_valid; )
  80)  var: mdb_in_buf       Type: reg ( logic unsigned [15:0] mdb_in_buf; )

Module: openMSP430.execution_unit_0.register_file_0 (omsp_register_file)
--------------------------------------------------------------------------------
   1)  net: cpuoff           Type: logic ( logic unsigned cpuoff; )
   2)  net: gie              Type: logic ( logic unsigned gie; )
   3)  net: oscoff           Type: logic ( logic unsigned oscoff; )
   4)  net: pc_sw            Type: logic ( logic unsigned [15:0] pc_sw; )
   5)  net: pc_sw_wr         Type: logic ( logic unsigned pc_sw_wr; )
   6)  net: reg_dest         Type: logic ( logic unsigned [15:0] reg_dest; )
   7)  net: reg_src          Type: logic ( logic unsigned [15:0] reg_src; )
   8)  net: scg0             Type: logic ( logic unsigned scg0; )
   9)  net: scg1             Type: logic ( logic unsigned scg1; )
  10)  net: status           Type: logic ( logic unsigned [3:0] status; )
  11)  net: alu_stat         Type: logic ( logic unsigned [3:0] alu_stat; )
  12)  net: alu_stat_wr      Type: logic ( logic unsigned [3:0] alu_stat_wr; )
  13)  net: inst_bw          Type: logic ( logic unsigned inst_bw; )
  14)  net: inst_dest        Type: logic ( logic unsigned [15:0] inst_dest; )
  15)  net: inst_src         Type: logic ( logic unsigned [15:0] inst_src; )
  16)  net: mclk             Type: logic ( logic unsigned mclk; )
  17)  net: pc               Type: logic ( logic unsigned [15:0] pc; )
  18)  net: puc_rst          Type: logic ( logic unsigned puc_rst; )
  19)  net: reg_dest_val     Type: logic ( logic unsigned [15:0] reg_dest_val; )
  20)  net: reg_dest_wr      Type: logic ( logic unsigned reg_dest_wr; )
  21)  net: reg_pc_call      Type: logic ( logic unsigned reg_pc_call; )
  22)  net: reg_sp_val       Type: logic ( logic unsigned [15:0] reg_sp_val; )
  23)  net: reg_sp_wr        Type: logic ( logic unsigned reg_sp_wr; )
  24)  net: reg_sr_wr        Type: logic ( logic unsigned reg_sr_wr; )
  25)  net: reg_sr_clr       Type: logic ( logic unsigned reg_sr_clr; )
  26)  net: reg_incr         Type: logic ( logic unsigned reg_incr; )
  27)  net: scan_enable      Type: logic ( logic unsigned scan_enable; )
  28)  net: inst_src_in      Type: logic ( logic unsigned [15:0] inst_src_in; )
  29)  net: incr_op          Type: logic ( logic unsigned [15:0] incr_op; )
  30)  net: reg_incr_val     Type: logic ( logic unsigned [15:0] reg_incr_val; )
  31)  net: reg_dest_val_in  Type: logic ( logic unsigned [15:0] reg_dest_val_in; )
  32)  net: r0               Type: logic ( logic unsigned [15:0] r0; )
  33)  net: r1_wr            Type: logic ( logic unsigned r1_wr; )
  34)  net: r1_inc           Type: logic ( logic unsigned r1_inc; )
  35)  net: r1_en            Type: logic ( logic unsigned r1_en; )
  36)  net: mclk_r1          Type: logic ( logic unsigned mclk_r1; )
  37)  net: UNUSED_reg_sp_val_0 Type: logic ( logic unsigned UNUSED_reg_sp_val_0; )
  38)  net: r2_wr            Type: logic ( logic unsigned r2_wr; )
  39)  net: r2_c             Type: logic ( logic unsigned r2_c; )
  40)  net: r2_z             Type: logic ( logic unsigned r2_z; )
  41)  net: r2_n             Type: logic ( logic unsigned r2_n; )
  42)  net: r2_nxt           Type: logic ( logic unsigned [7:3] r2_nxt; )
  43)  net: r2_v             Type: logic ( logic unsigned r2_v; )
  44)  net: r2_en            Type: logic ( logic unsigned r2_en; )
  45)  net: mclk_r2          Type: logic ( logic unsigned mclk_r2; )
  46)  net: cpuoff_mask      Type: logic ( logic unsigned [15:0] cpuoff_mask; )
  47)  net: oscoff_mask      Type: logic ( logic unsigned [15:0] oscoff_mask; )
  48)  net: scg0_mask        Type: logic ( logic unsigned [15:0] scg0_mask; )
  49)  net: scg1_mask        Type: logic ( logic unsigned [15:0] scg1_mask; )
  50)  net: r2_mask          Type: logic ( logic unsigned [15:0] r2_mask; )
  51)  net: r3_wr            Type: logic ( logic unsigned r3_wr; )
  52)  net: r3_en            Type: logic ( logic unsigned r3_en; )
  53)  net: mclk_r3          Type: logic ( logic unsigned mclk_r3; )
  54)  net: r4_wr            Type: logic ( logic unsigned r4_wr; )
  55)  net: r4_inc           Type: logic ( logic unsigned r4_inc; )
  56)  net: r4_en            Type: logic ( logic unsigned r4_en; )
  57)  net: mclk_r4          Type: logic ( logic unsigned mclk_r4; )
  58)  net: r5_wr            Type: logic ( logic unsigned r5_wr; )
  59)  net: r5_inc           Type: logic ( logic unsigned r5_inc; )
  60)  net: r5_en            Type: logic ( logic unsigned r5_en; )
  61)  net: mclk_r5          Type: logic ( logic unsigned mclk_r5; )
  62)  net: r6_wr            Type: logic ( logic unsigned r6_wr; )
  63)  net: r6_inc           Type: logic ( logic unsigned r6_inc; )
  64)  net: r6_en            Type: logic ( logic unsigned r6_en; )
  65)  net: mclk_r6          Type: logic ( logic unsigned mclk_r6; )
  66)  net: r7_wr            Type: logic ( logic unsigned r7_wr; )
  67)  net: r7_inc           Type: logic ( logic unsigned r7_inc; )
  68)  net: r7_en            Type: logic ( logic unsigned r7_en; )
  69)  net: mclk_r7          Type: logic ( logic unsigned mclk_r7; )
  70)  net: r8_wr            Type: logic ( logic unsigned r8_wr; )
  71)  net: r8_inc           Type: logic ( logic unsigned r8_inc; )
  72)  net: r8_en            Type: logic ( logic unsigned r8_en; )
  73)  net: mclk_r8          Type: logic ( logic unsigned mclk_r8; )
  74)  net: r9_wr            Type: logic ( logic unsigned r9_wr; )
  75)  net: r9_inc           Type: logic ( logic unsigned r9_inc; )
  76)  net: r9_en            Type: logic ( logic unsigned r9_en; )
  77)  net: mclk_r9          Type: logic ( logic unsigned mclk_r9; )
  78)  net: r10_wr           Type: logic ( logic unsigned r10_wr; )
  79)  net: r10_inc          Type: logic ( logic unsigned r10_inc; )
  80)  net: r10_en           Type: logic ( logic unsigned r10_en; )
  81)  net: mclk_r10         Type: logic ( logic unsigned mclk_r10; )
  82)  net: r11_wr           Type: logic ( logic unsigned r11_wr; )
  83)  net: r11_inc          Type: logic ( logic unsigned r11_inc; )
  84)  net: r11_en           Type: logic ( logic unsigned r11_en; )
  85)  net: mclk_r11         Type: logic ( logic unsigned mclk_r11; )
  86)  net: r12_wr           Type: logic ( logic unsigned r12_wr; )
  87)  net: r12_inc          Type: logic ( logic unsigned r12_inc; )
  88)  net: r12_en           Type: logic ( logic unsigned r12_en; )
  89)  net: mclk_r12         Type: logic ( logic unsigned mclk_r12; )
  90)  net: r13_wr           Type: logic ( logic unsigned r13_wr; )
  91)  net: r13_inc          Type: logic ( logic unsigned r13_inc; )
  92)  net: r13_en           Type: logic ( logic unsigned r13_en; )
  93)  net: mclk_r13         Type: logic ( logic unsigned mclk_r13; )
  94)  net: r14_wr           Type: logic ( logic unsigned r14_wr; )
  95)  net: r14_inc          Type: logic ( logic unsigned r14_inc; )
  96)  net: r14_en           Type: logic ( logic unsigned r14_en; )
  97)  net: mclk_r14         Type: logic ( logic unsigned mclk_r14; )
  98)  net: r15_wr           Type: logic ( logic unsigned r15_wr; )
  99)  net: r15_inc          Type: logic ( logic unsigned r15_inc; )
 100)  net: r15_en           Type: logic ( logic unsigned r15_en; )
 101)  net: mclk_r15         Type: logic ( logic unsigned mclk_r15; )
 102)  var: r1               Type: reg ( logic unsigned [15:0] r1; )
 103)  var: r2               Type: reg ( logic unsigned [15:0] r2; )
 104)  var: r3               Type: reg ( logic unsigned [15:0] r3; )
 105)  var: r4               Type: reg ( logic unsigned [15:0] r4; )
 106)  var: r5               Type: reg ( logic unsigned [15:0] r5; )
 107)  var: r6               Type: reg ( logic unsigned [15:0] r6; )
 108)  var: r7               Type: reg ( logic unsigned [15:0] r7; )
 109)  var: r8               Type: reg ( logic unsigned [15:0] r8; )
 110)  var: r9               Type: reg ( logic unsigned [15:0] r9; )
 111)  var: r10              Type: reg ( logic unsigned [15:0] r10; )
 112)  var: r11              Type: reg ( logic unsigned [15:0] r11; )
 113)  var: r12              Type: reg ( logic unsigned [15:0] r12; )
 114)  var: r13              Type: reg ( logic unsigned [15:0] r13; )
 115)  var: r14              Type: reg ( logic unsigned [15:0] r14; )
 116)  var: r15              Type: reg ( logic unsigned [15:0] r15; )

Module: openMSP430.execution_unit_0.register_file_0.clock_gate_r1 (omsp_clock_gate)
--------------------------------------------------------------------------------
   1)  net: gclk             Type: logic ( logic unsigned gclk; )
   2)  net: clk              Type: logic ( logic unsigned clk; )
   3)  net: enable           Type: logic ( logic unsigned enable; )
   4)  net: scan_enable      Type: logic ( logic unsigned scan_enable; )
   5)  net: enable_in        Type: logic ( logic unsigned enable_in; )
   6)  var: enable_latch     Type: reg ( logic unsigned enable_latch; )

Module: openMSP430.execution_unit_0.register_file_0.clock_gate_r2 (omsp_clock_gate)
--------------------------------------------------------------------------------
   1)  net: gclk             Type: logic ( logic unsigned gclk; )
   2)  net: clk              Type: logic ( logic unsigned clk; )
   3)  net: enable           Type: logic ( logic unsigned enable; )
   4)  net: scan_enable      Type: logic ( logic unsigned scan_enable; )
   5)  net: enable_in        Type: logic ( logic unsigned enable_in; )
   6)  var: enable_latch     Type: reg ( logic unsigned enable_latch; )

Module: openMSP430.execution_unit_0.register_file_0.clock_gate_r3 (omsp_clock_gate)
--------------------------------------------------------------------------------
   1)  net: gclk             Type: logic ( logic unsigned gclk; )
   2)  net: clk              Type: logic ( logic unsigned clk; )
   3)  net: enable           Type: logic ( logic unsigned enable; )
   4)  net: scan_enable      Type: logic ( logic unsigned scan_enable; )
   5)  net: enable_in        Type: logic ( logic unsigned enable_in; )
   6)  var: enable_latch     Type: reg ( logic unsigned enable_latch; )

Module: openMSP430.execution_unit_0.register_file_0.clock_gate_r4 (omsp_clock_gate)
--------------------------------------------------------------------------------
   1)  net: gclk             Type: logic ( logic unsigned gclk; )
   2)  net: clk              Type: logic ( logic unsigned clk; )
   3)  net: enable           Type: logic ( logic unsigned enable; )
   4)  net: scan_enable      Type: logic ( logic unsigned scan_enable; )
   5)  net: enable_in        Type: logic ( logic unsigned enable_in; )
   6)  var: enable_latch     Type: reg ( logic unsigned enable_latch; )

Module: openMSP430.execution_unit_0.register_file_0.clock_gate_r5 (omsp_clock_gate)
--------------------------------------------------------------------------------
   1)  net: gclk             Type: logic ( logic unsigned gclk; )
   2)  net: clk              Type: logic ( logic unsigned clk; )
   3)  net: enable           Type: logic ( logic unsigned enable; )
   4)  net: scan_enable      Type: logic ( logic unsigned scan_enable; )
   5)  net: enable_in        Type: logic ( logic unsigned enable_in; )
   6)  var: enable_latch     Type: reg ( logic unsigned enable_latch; )

Module: openMSP430.execution_unit_0.register_file_0.clock_gate_r6 (omsp_clock_gate)
--------------------------------------------------------------------------------
   1)  net: gclk             Type: logic ( logic unsigned gclk; )
   2)  net: clk              Type: logic ( logic unsigned clk; )
   3)  net: enable           Type: logic ( logic unsigned enable; )
   4)  net: scan_enable      Type: logic ( logic unsigned scan_enable; )
   5)  net: enable_in        Type: logic ( logic unsigned enable_in; )
   6)  var: enable_latch     Type: reg ( logic unsigned enable_latch; )

Module: openMSP430.execution_unit_0.register_file_0.clock_gate_r7 (omsp_clock_gate)
--------------------------------------------------------------------------------
   1)  net: gclk             Type: logic ( logic unsigned gclk; )
   2)  net: clk              Type: logic ( logic unsigned clk; )
   3)  net: enable           Type: logic ( logic unsigned enable; )
   4)  net: scan_enable      Type: logic ( logic unsigned scan_enable; )
   5)  net: enable_in        Type: logic ( logic unsigned enable_in; )
   6)  var: enable_latch     Type: reg ( logic unsigned enable_latch; )

Module: openMSP430.execution_unit_0.register_file_0.clock_gate_r8 (omsp_clock_gate)
--------------------------------------------------------------------------------
   1)  net: gclk             Type: logic ( logic unsigned gclk; )
   2)  net: clk              Type: logic ( logic unsigned clk; )
   3)  net: enable           Type: logic ( logic unsigned enable; )
   4)  net: scan_enable      Type: logic ( logic unsigned scan_enable; )
   5)  net: enable_in        Type: logic ( logic unsigned enable_in; )
   6)  var: enable_latch     Type: reg ( logic unsigned enable_latch; )

Module: openMSP430.execution_unit_0.register_file_0.clock_gate_r9 (omsp_clock_gate)
--------------------------------------------------------------------------------
   1)  net: gclk             Type: logic ( logic unsigned gclk; )
   2)  net: clk              Type: logic ( logic unsigned clk; )
   3)  net: enable           Type: logic ( logic unsigned enable; )
   4)  net: scan_enable      Type: logic ( logic unsigned scan_enable; )
   5)  net: enable_in        Type: logic ( logic unsigned enable_in; )
   6)  var: enable_latch     Type: reg ( logic unsigned enable_latch; )

Module: openMSP430.execution_unit_0.register_file_0.clock_gate_r10 (omsp_clock_gate)
--------------------------------------------------------------------------------
   1)  net: gclk             Type: logic ( logic unsigned gclk; )
   2)  net: clk              Type: logic ( logic unsigned clk; )
   3)  net: enable           Type: logic ( logic unsigned enable; )
   4)  net: scan_enable      Type: logic ( logic unsigned scan_enable; )
   5)  net: enable_in        Type: logic ( logic unsigned enable_in; )
   6)  var: enable_latch     Type: reg ( logic unsigned enable_latch; )

Module: openMSP430.execution_unit_0.register_file_0.clock_gate_r11 (omsp_clock_gate)
--------------------------------------------------------------------------------
   1)  net: gclk             Type: logic ( logic unsigned gclk; )
   2)  net: clk              Type: logic ( logic unsigned clk; )
   3)  net: enable           Type: logic ( logic unsigned enable; )
   4)  net: scan_enable      Type: logic ( logic unsigned scan_enable; )
   5)  net: enable_in        Type: logic ( logic unsigned enable_in; )
   6)  var: enable_latch     Type: reg ( logic unsigned enable_latch; )

Module: openMSP430.execution_unit_0.register_file_0.clock_gate_r12 (omsp_clock_gate)
--------------------------------------------------------------------------------
   1)  net: gclk             Type: logic ( logic unsigned gclk; )
   2)  net: clk              Type: logic ( logic unsigned clk; )
   3)  net: enable           Type: logic ( logic unsigned enable; )
   4)  net: scan_enable      Type: logic ( logic unsigned scan_enable; )
   5)  net: enable_in        Type: logic ( logic unsigned enable_in; )
   6)  var: enable_latch     Type: reg ( logic unsigned enable_latch; )

Module: openMSP430.execution_unit_0.register_file_0.clock_gate_r13 (omsp_clock_gate)
--------------------------------------------------------------------------------
   1)  net: gclk             Type: logic ( logic unsigned gclk; )
   2)  net: clk              Type: logic ( logic unsigned clk; )
   3)  net: enable           Type: logic ( logic unsigned enable; )
   4)  net: scan_enable      Type: logic ( logic unsigned scan_enable; )
   5)  net: enable_in        Type: logic ( logic unsigned enable_in; )
   6)  var: enable_latch     Type: reg ( logic unsigned enable_latch; )

Module: openMSP430.execution_unit_0.register_file_0.clock_gate_r14 (omsp_clock_gate)
--------------------------------------------------------------------------------
   1)  net: gclk             Type: logic ( logic unsigned gclk; )
   2)  net: clk              Type: logic ( logic unsigned clk; )
   3)  net: enable           Type: logic ( logic unsigned enable; )
   4)  net: scan_enable      Type: logic ( logic unsigned scan_enable; )
   5)  net: enable_in        Type: logic ( logic unsigned enable_in; )
   6)  var: enable_latch     Type: reg ( logic unsigned enable_latch; )

Module: openMSP430.execution_unit_0.register_file_0.clock_gate_r15 (omsp_clock_gate)
--------------------------------------------------------------------------------
   1)  net: gclk             Type: logic ( logic unsigned gclk; )
   2)  net: clk              Type: logic ( logic unsigned clk; )
   3)  net: enable           Type: logic ( logic unsigned enable; )
   4)  net: scan_enable      Type: logic ( logic unsigned scan_enable; )
   5)  net: enable_in        Type: logic ( logic unsigned enable_in; )
   6)  var: enable_latch     Type: reg ( logic unsigned enable_latch; )

Module: openMSP430.execution_unit_0.alu_0 (omsp_alu)
--------------------------------------------------------------------------------
   1)  net: alu_out          Type: logic ( logic unsigned [15:0] alu_out; )
   2)  net: alu_out_add      Type: logic ( logic unsigned [15:0] alu_out_add; )
   3)  net: alu_stat         Type: logic ( logic unsigned [3:0] alu_stat; )
   4)  net: alu_stat_wr      Type: logic ( logic unsigned [3:0] alu_stat_wr; )
   5)  net: dbg_halt_st      Type: logic ( logic unsigned dbg_halt_st; )
   6)  net: exec_cycle       Type: logic ( logic unsigned exec_cycle; )
   7)  net: inst_alu         Type: logic ( logic unsigned [11:0] inst_alu; )
   8)  net: inst_bw          Type: logic ( logic unsigned inst_bw; )
   9)  net: inst_jmp         Type: logic ( logic unsigned [7:0] inst_jmp; )
  10)  net: inst_so          Type: logic ( logic unsigned [7:0] inst_so; )
  11)  net: op_dst           Type: logic ( logic unsigned [15:0] op_dst; )
  12)  net: op_src           Type: logic ( logic unsigned [15:0] op_src; )
  13)  net: status           Type: logic ( logic unsigned [3:0] status; )
  14)  net: op_src_inv_cmd   Type: logic ( logic unsigned op_src_inv_cmd; )
  15)  net: op_src_inv       Type: logic ( logic unsigned [15:0] op_src_inv; )
  16)  net: op_bit8_msk      Type: logic ( logic unsigned op_bit8_msk; )
  17)  net: op_src_in        Type: logic ( logic unsigned [16:0] op_src_in; )
  18)  net: op_dst_in        Type: logic ( logic unsigned [16:0] op_dst_in; )
  19)  net: jmp_not_taken    Type: logic ( logic unsigned jmp_not_taken; )
  20)  net: op_src_in_jmp    Type: logic ( logic unsigned [16:0] op_src_in_jmp; )
  21)  net: alu_add          Type: logic ( logic unsigned [16:0] alu_add; )
  22)  net: alu_and          Type: logic ( logic unsigned [16:0] alu_and; )
  23)  net: alu_or           Type: logic ( logic unsigned [16:0] alu_or; )
  24)  net: alu_xor          Type: logic ( logic unsigned [16:0] alu_xor; )
  25)  net: alu_inc          Type: logic ( logic unsigned alu_inc; )
  26)  net: alu_add_inc      Type: logic ( logic unsigned [16:0] alu_add_inc; )
  27)  net: alu_dadd0        Type: logic ( logic unsigned [4:0] alu_dadd0; )
  28)  net: alu_dadd1        Type: logic ( logic unsigned [4:0] alu_dadd1; )
  29)  net: alu_dadd2        Type: logic ( logic unsigned [4:0] alu_dadd2; )
  30)  net: alu_dadd3        Type: logic ( logic unsigned [4:0] alu_dadd3; )
  31)  net: alu_dadd         Type: logic ( logic unsigned [16:0] alu_dadd; )
  32)  net: alu_shift_msb    Type: logic ( logic unsigned alu_shift_msb; )
  33)  net: alu_shift_7      Type: logic ( logic unsigned alu_shift_7; )
  34)  net: alu_shift        Type: logic ( logic unsigned [16:0] alu_shift; )
  35)  net: alu_swpb         Type: logic ( logic unsigned [16:0] alu_swpb; )
  36)  net: alu_sxt          Type: logic ( logic unsigned [16:0] alu_sxt; )
  37)  net: alu_short_thro   Type: logic ( logic unsigned alu_short_thro; )
  38)  net: alu_short        Type: logic ( logic unsigned [16:0] alu_short; )
  39)  net: alu_out_nxt      Type: logic ( logic unsigned [16:0] alu_out_nxt; )
  40)  net: V_xor            Type: logic ( logic unsigned V_xor; )
  41)  net: V                Type: logic ( logic unsigned V; )
  42)  net: N                Type: logic ( logic unsigned N; )
  43)  net: Z                Type: logic ( logic unsigned Z; )
  44)  net: C                Type: logic ( logic unsigned C; )
  45)  net: UNUSED_inst_so_rra Type: logic ( logic unsigned UNUSED_inst_so_rra; )
  46)  net: UNUSED_inst_so_push Type: logic ( logic unsigned UNUSED_inst_so_push; )
  47)  net: UNUSED_inst_so_call Type: logic ( logic unsigned UNUSED_inst_so_call; )
  48)  net: UNUSED_inst_so_reti Type: logic ( logic unsigned UNUSED_inst_so_reti; )
  49)  net: UNUSED_inst_jmp  Type: logic ( logic unsigned UNUSED_inst_jmp; )
  50)  net: UNUSED_inst_alu  Type: logic ( logic unsigned UNUSED_inst_alu; )

Module: openMSP430.execution_unit_0.clock_gate_mdb_out_nxt (omsp_clock_gate)
--------------------------------------------------------------------------------
   1)  net: gclk             Type: logic ( logic unsigned gclk; )
   2)  net: clk              Type: logic ( logic unsigned clk; )
   3)  net: enable           Type: logic ( logic unsigned enable; )
   4)  net: scan_enable      Type: logic ( logic unsigned scan_enable; )
   5)  net: enable_in        Type: logic ( logic unsigned enable_in; )
   6)  var: enable_latch     Type: reg ( logic unsigned enable_latch; )

Module: openMSP430.execution_unit_0.clock_gate_mdb_in_buf (omsp_clock_gate)
--------------------------------------------------------------------------------
   1)  net: gclk             Type: logic ( logic unsigned gclk; )
   2)  net: clk              Type: logic ( logic unsigned clk; )
   3)  net: enable           Type: logic ( logic unsigned enable; )
   4)  net: scan_enable      Type: logic ( logic unsigned scan_enable; )
   5)  net: enable_in        Type: logic ( logic unsigned enable_in; )
   6)  var: enable_latch     Type: reg ( logic unsigned enable_latch; )

Module: openMSP430.mem_backbone_0 (omsp_mem_backbone)
--------------------------------------------------------------------------------
   1)  net: cpu_halt_cmd     Type: logic ( logic unsigned cpu_halt_cmd; )
   2)  net: dbg_mem_din      Type: logic ( logic unsigned [15:0] dbg_mem_din; )
   3)  net: dmem_addr        Type: logic ( logic unsigned [(9 - 1):0] dmem_addr; )
   4)  net: dmem_cen         Type: logic ( logic unsigned dmem_cen; )
   5)  net: dmem_din         Type: logic ( logic unsigned [15:0] dmem_din; )
   6)  net: dmem_wen         Type: logic ( logic unsigned [1:0] dmem_wen; )
   7)  net: eu_mdb_in        Type: logic ( logic unsigned [15:0] eu_mdb_in; )
   8)  net: fe_mdb_in        Type: logic ( logic unsigned [15:0] fe_mdb_in; )
   9)  net: fe_pmem_wait     Type: logic ( logic unsigned fe_pmem_wait; )
  10)  net: dma_dout         Type: logic ( logic unsigned [15:0] dma_dout; )
  11)  net: dma_ready        Type: logic ( logic unsigned dma_ready; )
  12)  net: dma_resp         Type: logic ( logic unsigned dma_resp; )
  13)  net: per_addr         Type: logic ( logic unsigned [13:0] per_addr; )
  14)  net: per_din          Type: logic ( logic unsigned [15:0] per_din; )
  15)  net: per_we           Type: logic ( logic unsigned [1:0] per_we; )
  16)  net: per_en           Type: logic ( logic unsigned per_en; )
  17)  net: pmem_addr        Type: logic ( logic unsigned [(11 - 1):0] pmem_addr; )
  18)  net: pmem_cen         Type: logic ( logic unsigned pmem_cen; )
  19)  net: pmem_din         Type: logic ( logic unsigned [15:0] pmem_din; )
  20)  net: pmem_wen         Type: logic ( logic unsigned [1:0] pmem_wen; )
  21)  net: cpu_halt_st      Type: logic ( logic unsigned cpu_halt_st; )
  22)  net: dbg_halt_cmd     Type: logic ( logic unsigned dbg_halt_cmd; )
  23)  net: dbg_mem_addr     Type: logic ( logic unsigned [15:1] dbg_mem_addr; )
  24)  net: dbg_mem_dout     Type: logic ( logic unsigned [15:0] dbg_mem_dout; )
  25)  net: dbg_mem_en       Type: logic ( logic unsigned dbg_mem_en; )
  26)  net: dbg_mem_wr       Type: logic ( logic unsigned [1:0] dbg_mem_wr; )
  27)  net: dmem_dout        Type: logic ( logic unsigned [15:0] dmem_dout; )
  28)  net: eu_mab           Type: logic ( logic unsigned [14:0] eu_mab; )
  29)  net: eu_mb_en         Type: logic ( logic unsigned eu_mb_en; )
  30)  net: eu_mb_wr         Type: logic ( logic unsigned [1:0] eu_mb_wr; )
  31)  net: eu_mdb_out       Type: logic ( logic unsigned [15:0] eu_mdb_out; )
  32)  net: fe_mab           Type: logic ( logic unsigned [14:0] fe_mab; )
  33)  net: fe_mb_en         Type: logic ( logic unsigned fe_mb_en; )
  34)  net: mclk             Type: logic ( logic unsigned mclk; )
  35)  net: dma_addr         Type: logic ( logic unsigned [15:1] dma_addr; )
  36)  net: dma_din          Type: logic ( logic unsigned [15:0] dma_din; )
  37)  net: dma_en           Type: logic ( logic unsigned dma_en; )
  38)  net: dma_priority     Type: logic ( logic unsigned dma_priority; )
  39)  net: dma_we           Type: logic ( logic unsigned [1:0] dma_we; )
  40)  net: per_dout         Type: logic ( logic unsigned [15:0] per_dout; )
  41)  net: pmem_dout        Type: logic ( logic unsigned [15:0] pmem_dout; )
  42)  net: puc_rst          Type: logic ( logic unsigned puc_rst; )
  43)  net: scan_enable      Type: logic ( logic unsigned scan_enable; )
  44)  net: ext_mem_en       Type: logic ( logic unsigned ext_mem_en; )
  45)  net: ext_mem_din      Type: logic ( logic unsigned [15:0] ext_mem_din; )
  46)  net: ext_dmem_sel     Type: logic ( logic unsigned ext_dmem_sel; )
  47)  net: ext_dmem_en      Type: logic ( logic unsigned ext_dmem_en; )
  48)  net: ext_pmem_sel     Type: logic ( logic unsigned ext_pmem_sel; )
  49)  net: ext_pmem_en      Type: logic ( logic unsigned ext_pmem_en; )
  50)  net: ext_per_sel      Type: logic ( logic unsigned ext_per_sel; )
  51)  net: ext_per_en       Type: logic ( logic unsigned ext_per_en; )
  52)  net: ext_mem_wr       Type: logic ( logic unsigned [1:0] ext_mem_wr; )
  53)  net: ext_mem_addr     Type: logic ( logic unsigned [15:1] ext_mem_addr; )
  54)  net: ext_mem_dout     Type: logic ( logic unsigned [15:0] ext_mem_dout; )
  55)  net: eu_dmem_sel      Type: logic ( logic unsigned eu_dmem_sel; )
  56)  net: eu_dmem_en       Type: logic ( logic unsigned eu_dmem_en; )
  57)  net: eu_dmem_addr     Type: logic ( logic unsigned [15:0] eu_dmem_addr; )
  58)  net: ext_dmem_addr    Type: logic ( logic unsigned [15:0] ext_dmem_addr; )
  59)  net: eu_pmem_sel      Type: logic ( logic unsigned eu_pmem_sel; )
  60)  net: eu_pmem_en       Type: logic ( logic unsigned eu_pmem_en; )
  61)  net: eu_pmem_addr     Type: logic ( logic unsigned [15:0] eu_pmem_addr; )
  62)  net: fe_pmem_sel      Type: logic ( logic unsigned fe_pmem_sel; )
  63)  net: fe_pmem_en       Type: logic ( logic unsigned fe_pmem_en; )
  64)  net: fe_pmem_addr     Type: logic ( logic unsigned [15:0] fe_pmem_addr; )
  65)  net: ext_pmem_addr    Type: logic ( logic unsigned [15:0] ext_pmem_addr; )
  66)  net: eu_per_sel       Type: logic ( logic unsigned eu_per_sel; )
  67)  net: eu_per_en        Type: logic ( logic unsigned eu_per_en; )
  68)  net: per_addr_mux     Type: logic ( logic unsigned [(8 - 1):0] per_addr_mux; )
  69)  net: per_addr_ful     Type: logic ( logic unsigned [14:0] per_addr_ful; )
  70)  net: fe_pmem_save     Type: logic ( logic unsigned fe_pmem_save; )
  71)  net: fe_pmem_restore  Type: logic ( logic unsigned fe_pmem_restore; )
  72)  net: mclk_bckup_gated Type: logic ( logic unsigned mclk_bckup_gated; )
  73)  var: dma_ready_dly    Type: reg ( logic unsigned dma_ready_dly; )
  74)  var: per_dout_val     Type: reg ( logic unsigned [15:0] per_dout_val; )
  75)  var: fe_pmem_en_dly   Type: reg ( logic unsigned fe_pmem_en_dly; )
  76)  var: pmem_dout_bckup  Type: reg ( logic unsigned [15:0] pmem_dout_bckup; )
  77)  var: pmem_dout_bckup_sel Type: reg ( logic unsigned pmem_dout_bckup_sel; )
  78)  var: eu_mdb_in_sel    Type: reg ( logic unsigned [1:0] eu_mdb_in_sel; )
  79)  var: ext_mem_din_sel  Type: reg ( logic unsigned [1:0] ext_mem_din_sel; )

Module: openMSP430.mem_backbone_0.clock_gate_bckup (omsp_clock_gate)
--------------------------------------------------------------------------------
   1)  net: gclk             Type: logic ( logic unsigned gclk; )
   2)  net: clk              Type: logic ( logic unsigned clk; )
   3)  net: enable           Type: logic ( logic unsigned enable; )
   4)  net: scan_enable      Type: logic ( logic unsigned scan_enable; )
   5)  net: enable_in        Type: logic ( logic unsigned enable_in; )
   6)  var: enable_latch     Type: reg ( logic unsigned enable_latch; )

Module: openMSP430.sfr_0 (omsp_sfr)
--------------------------------------------------------------------------------
   1)  net: cpu_id           Type: logic ( logic unsigned [31:0] cpu_id; )
   2)  net: nmi_pnd          Type: logic ( logic unsigned nmi_pnd; )
   3)  net: nmi_wkup         Type: logic ( logic unsigned nmi_wkup; )
   4)  net: per_dout         Type: logic ( logic unsigned [15:0] per_dout; )
   5)  net: wdtifg_sw_clr    Type: logic ( logic unsigned wdtifg_sw_clr; )
   6)  net: wdtifg_sw_set    Type: logic ( logic unsigned wdtifg_sw_set; )
   7)  net: cpu_nr_inst      Type: logic ( logic unsigned [7:0] cpu_nr_inst; )
   8)  net: cpu_nr_total     Type: logic ( logic unsigned [7:0] cpu_nr_total; )
   9)  net: mclk             Type: logic ( logic unsigned mclk; )
  10)  net: nmi              Type: logic ( logic unsigned nmi; )
  11)  net: nmi_acc          Type: logic ( logic unsigned nmi_acc; )
  12)  net: per_addr         Type: logic ( logic unsigned [13:0] per_addr; )
  13)  net: per_din          Type: logic ( logic unsigned [15:0] per_din; )
  14)  net: per_en           Type: logic ( logic unsigned per_en; )
  15)  net: per_we           Type: logic ( logic unsigned [1:0] per_we; )
  16)  net: puc_rst          Type: logic ( logic unsigned puc_rst; )
  17)  net: scan_mode        Type: logic ( logic unsigned scan_mode; )
  18)  net: wdtifg           Type: logic ( logic unsigned wdtifg; )
  19)  net: wdtnmies         Type: logic ( logic unsigned wdtnmies; )
  20)  net: reg_sel          Type: logic ( logic unsigned reg_sel; )
  21)  net: reg_addr         Type: logic ( logic unsigned [(DEC_WD - 1):0] reg_addr; )
  22)  net: reg_dec          Type: logic ( logic unsigned [(DEC_SZ - 1):0] reg_dec; )
  23)  net: reg_lo_write     Type: logic ( logic unsigned reg_lo_write; )
  24)  net: reg_hi_write     Type: logic ( logic unsigned reg_hi_write; )
  25)  net: reg_read         Type: logic ( logic unsigned reg_read; )
  26)  net: reg_hi_wr        Type: logic ( logic unsigned [(DEC_SZ - 1):0] reg_hi_wr; )
  27)  net: reg_lo_wr        Type: logic ( logic unsigned [(DEC_SZ - 1):0] reg_lo_wr; )
  28)  net: reg_rd           Type: logic ( logic unsigned [(DEC_SZ - 1):0] reg_rd; )
  29)  net: ie1              Type: logic ( logic unsigned [7:0] ie1; )
  30)  net: ie1_wr           Type: logic ( logic unsigned ie1_wr; )
  31)  net: ie1_nxt          Type: logic ( logic unsigned [7:0] ie1_nxt; )
  32)  net: ifg1             Type: logic ( logic unsigned [7:0] ifg1; )
  33)  net: ifg1_wr          Type: logic ( logic unsigned ifg1_wr; )
  34)  net: ifg1_nxt         Type: logic ( logic unsigned [7:0] ifg1_nxt; )
  35)  net: nmi_edge         Type: logic ( logic unsigned nmi_edge; )
  36)  net: cpu_version      Type: logic ( logic unsigned [2:0] cpu_version; )
  37)  net: cpu_asic         Type: logic ( logic unsigned cpu_asic; )
  38)  net: user_version     Type: logic ( logic unsigned [4:0] user_version; )
  39)  net: per_space        Type: logic ( logic unsigned [6:0] per_space; )
  40)  net: mpy_info         Type: logic ( logic unsigned mpy_info; )
  41)  net: dmem_size        Type: logic ( logic unsigned [8:0] dmem_size; )
  42)  net: pmem_size        Type: logic ( logic unsigned [5:0] pmem_size; )
  43)  net: cpu_nr           Type: logic ( logic unsigned [15:0] cpu_nr; )
  44)  net: ie1_rd           Type: logic ( logic unsigned [15:0] ie1_rd; )
  45)  net: ifg1_rd          Type: logic ( logic unsigned [15:0] ifg1_rd; )
  46)  net: cpu_id_lo_rd     Type: logic ( logic unsigned [15:0] cpu_id_lo_rd; )
  47)  net: cpu_id_hi_rd     Type: logic ( logic unsigned [15:0] cpu_id_hi_rd; )
  48)  net: cpu_nr_rd        Type: logic ( logic unsigned [15:0] cpu_nr_rd; )
  49)  net: nmi_pol          Type: logic ( logic unsigned nmi_pol; )
  50)  net: nmi_capture      Type: logic ( logic unsigned nmi_capture; )
  51)  net: nmi_s            Type: logic ( logic unsigned nmi_s; )
  52)  net: UNUSED_per_din_15_8 Type: logic ( logic unsigned [7:0] UNUSED_per_din_15_8; )
  53)  var: wdtie            Type: reg ( logic unsigned wdtie; )
  54)  var: nmie             Type: reg ( logic unsigned nmie; )
  55)  var: nmiifg           Type: reg ( logic unsigned nmiifg; )
  56)  var: nmi_capture_rst  Type: reg ( logic unsigned nmi_capture_rst; )
  57)  var: nmi_dly          Type: reg ( logic unsigned nmi_dly; )

Module: openMSP430.sfr_0.wakeup_cell_nmi (omsp_wakeup_cell)
--------------------------------------------------------------------------------
   1)  net: scan_clk         Type: logic ( logic unsigned scan_clk; )
   2)  net: scan_mode        Type: logic ( logic unsigned scan_mode; )
   3)  net: scan_rst         Type: logic ( logic unsigned scan_rst; )
   4)  net: wkup_clear       Type: logic ( logic unsigned wkup_clear; )
   5)  net: wkup_event       Type: logic ( logic unsigned wkup_event; )
   6)  net: wkup_rst         Type: logic ( logic unsigned wkup_rst; )
   7)  net: wkup_clk         Type: logic ( logic unsigned wkup_clk; )
   8)  var: wkup_out         Type: reg ( logic unsigned wkup_out; )

Module: openMSP430.sfr_0.wakeup_cell_nmi.scan_mux_rst (omsp_scan_mux)
--------------------------------------------------------------------------------
   1)  net: data_out         Type: logic ( logic unsigned data_out; )
   2)  net: data_in_scan     Type: logic ( logic unsigned data_in_scan; )
   3)  net: data_in_func     Type: logic ( logic unsigned data_in_func; )
   4)  net: scan_mode        Type: logic ( logic unsigned scan_mode; )

Module: openMSP430.sfr_0.wakeup_cell_nmi.scan_mux_clk (omsp_scan_mux)
--------------------------------------------------------------------------------
   1)  net: data_out         Type: logic ( logic unsigned data_out; )
   2)  net: data_in_scan     Type: logic ( logic unsigned data_in_scan; )
   3)  net: data_in_func     Type: logic ( logic unsigned data_in_func; )
   4)  net: scan_mode        Type: logic ( logic unsigned scan_mode; )

Module: openMSP430.sfr_0.sync_cell_nmi (omsp_sync_cell)
--------------------------------------------------------------------------------
   1)  net: data_out         Type: logic ( logic unsigned data_out; )
   2)  net: clk              Type: logic ( logic unsigned clk; )
   3)  net: data_in          Type: logic ( logic unsigned data_in; )
   4)  net: rst              Type: logic ( logic unsigned rst; )
   5)  var: data_sync        Type: reg ( logic unsigned [1:0] data_sync; )

Module: openMSP430.sfr_0.and_nmi_wkup (omsp_and_gate)
--------------------------------------------------------------------------------
   1)  net: y                Type: logic ( logic unsigned y; )
   2)  net: a                Type: logic ( logic unsigned a; )
   3)  net: b                Type: logic ( logic unsigned b; )

Module: openMSP430.watchdog_0 (omsp_watchdog)
--------------------------------------------------------------------------------
   1)  net: per_dout         Type: logic ( logic unsigned [15:0] per_dout; )
   2)  net: wdt_irq          Type: logic ( logic unsigned wdt_irq; )
   3)  net: wdt_wkup         Type: logic ( logic unsigned wdt_wkup; )
   4)  net: wdtnmies         Type: logic ( logic unsigned wdtnmies; )
   5)  net: aclk             Type: logic ( logic unsigned aclk; )
   6)  net: aclk_en          Type: logic ( logic unsigned aclk_en; )
   7)  net: dbg_freeze       Type: logic ( logic unsigned dbg_freeze; )
   8)  net: mclk             Type: logic ( logic unsigned mclk; )
   9)  net: per_addr         Type: logic ( logic unsigned [13:0] per_addr; )
  10)  net: per_din          Type: logic ( logic unsigned [15:0] per_din; )
  11)  net: per_en           Type: logic ( logic unsigned per_en; )
  12)  net: per_we           Type: logic ( logic unsigned [1:0] per_we; )
  13)  net: por              Type: logic ( logic unsigned por; )
  14)  net: puc_rst          Type: logic ( logic unsigned puc_rst; )
  15)  net: scan_enable      Type: logic ( logic unsigned scan_enable; )
  16)  net: scan_mode        Type: logic ( logic unsigned scan_mode; )
  17)  net: smclk            Type: logic ( logic unsigned smclk; )
  18)  net: smclk_en         Type: logic ( logic unsigned smclk_en; )
  19)  net: wdtie            Type: logic ( logic unsigned wdtie; )
  20)  net: wdtifg_irq_clr   Type: logic ( logic unsigned wdtifg_irq_clr; )
  21)  net: wdtifg_sw_clr    Type: logic ( logic unsigned wdtifg_sw_clr; )
  22)  net: wdtifg_sw_set    Type: logic ( logic unsigned wdtifg_sw_set; )
  23)  net: reg_sel          Type: logic ( logic unsigned reg_sel; )
  24)  net: reg_addr         Type: logic ( logic unsigned [(DEC_WD - 1):0] reg_addr; )
  25)  net: reg_dec          Type: logic ( logic unsigned [(DEC_SZ - 1):0] reg_dec; )
  26)  net: reg_write        Type: logic ( logic unsigned reg_write; )
  27)  net: reg_read         Type: logic ( logic unsigned reg_read; )
  28)  net: reg_wr           Type: logic ( logic unsigned [(DEC_SZ - 1):0] reg_wr; )
  29)  net: reg_rd           Type: logic ( logic unsigned [(DEC_SZ - 1):0] reg_rd; )
  30)  net: wdtctl_wr        Type: logic ( logic unsigned wdtctl_wr; )
  31)  net: mclk_wdtctl      Type: logic ( logic unsigned mclk_wdtctl; )
  32)  net: wdtpw_error      Type: logic ( logic unsigned wdtpw_error; )
  33)  net: wdttmsel         Type: logic ( logic unsigned wdttmsel; )
  34)  net: wdtctl_rd        Type: logic ( logic unsigned [15:0] wdtctl_rd; )
  35)  net: wdt_clk          Type: logic ( logic unsigned wdt_clk; )
  36)  net: UNUSED_aclk      Type: logic ( logic unsigned UNUSED_aclk; )
  37)  net: wdt_rst_noscan   Type: logic ( logic unsigned wdt_rst_noscan; )
  38)  net: wdt_rst          Type: logic ( logic unsigned wdt_rst; )
  39)  net: wdtcnt_clr_detect Type: logic ( logic unsigned wdtcnt_clr_detect; )
  40)  net: wdtcnt_clr_sync  Type: logic ( logic unsigned wdtcnt_clr_sync; )
  41)  net: wdtqn_edge       Type: logic ( logic unsigned wdtqn_edge; )
  42)  net: wdtcnt_clr       Type: logic ( logic unsigned wdtcnt_clr; )
  43)  net: wdtcnt_incr      Type: logic ( logic unsigned wdtcnt_incr; )
  44)  net: wdtcnt_nxt       Type: logic ( logic unsigned [15:0] wdtcnt_nxt; )
  45)  net: wdtcnt_en        Type: logic ( logic unsigned wdtcnt_en; )
  46)  net: wdt_clk_cnt      Type: logic ( logic unsigned wdt_clk_cnt; )
  47)  net: wdt_evt_toggle_sync Type: logic ( logic unsigned wdt_evt_toggle_sync; )
  48)  net: wdtifg_evt       Type: logic ( logic unsigned wdtifg_evt; )
  49)  net: wdtifg_clr       Type: logic ( logic unsigned wdtifg_clr; )
  50)  net: wdt_wkup_pre     Type: logic ( logic unsigned wdt_wkup_pre; )
  51)  net: wdtifg_set       Type: logic ( logic unsigned wdtifg_set; )
  52)  net: UNUSED_smclk_en  Type: logic ( logic unsigned UNUSED_smclk_en; )
  53)  net: UNUSED_aclk_en   Type: logic ( logic unsigned UNUSED_aclk_en; )
  54)  net: UNUSED_per_din   Type: logic ( logic unsigned [15:0] UNUSED_per_din; )
  55)  var: wdt_reset        Type: reg ( logic unsigned wdt_reset; )
  56)  var: wdtifg           Type: reg ( logic unsigned wdtifg; )
  57)  var: wdtctl           Type: reg ( logic unsigned [7:0] wdtctl; )
  58)  var: wdtcnt_clr_toggle Type: reg ( logic unsigned wdtcnt_clr_toggle; )
  59)  var: wdtcnt_clr_sync_dly Type: reg ( logic unsigned wdtcnt_clr_sync_dly; )
  60)  var: wdtcnt           Type: reg ( logic unsigned [15:0] wdtcnt; )
  61)  var: wdtisx_s         Type: reg ( logic unsigned [1:0] wdtisx_s; )
  62)  var: wdtisx_ss        Type: reg ( logic unsigned [1:0] wdtisx_ss; )
  63)  var: wdtqn            Type: reg ( logic unsigned wdtqn; )
  64)  var: wdt_evt_toggle   Type: reg ( logic unsigned wdt_evt_toggle; )
  65)  var: wdt_evt_toggle_sync_dly Type: reg ( logic unsigned wdt_evt_toggle_sync_dly; )
  66)  var: wdtifg_clr_reg   Type: reg ( logic unsigned wdtifg_clr_reg; )
  67)  var: wdtqn_edge_reg   Type: reg ( logic unsigned wdtqn_edge_reg; )
  68)  var: wdt_wkup_en      Type: reg ( logic unsigned wdt_wkup_en; )

Module: openMSP430.watchdog_0.clock_gate_wdtctl (omsp_clock_gate)
--------------------------------------------------------------------------------
   1)  net: gclk             Type: logic ( logic unsigned gclk; )
   2)  net: clk              Type: logic ( logic unsigned clk; )
   3)  net: enable           Type: logic ( logic unsigned enable; )
   4)  net: scan_enable      Type: logic ( logic unsigned scan_enable; )
   5)  net: enable_in        Type: logic ( logic unsigned enable_in; )
   6)  var: enable_latch     Type: reg ( logic unsigned enable_latch; )

Module: openMSP430.watchdog_0.clock_gate_wdtcnt (omsp_clock_gate)
--------------------------------------------------------------------------------
   1)  net: gclk             Type: logic ( logic unsigned gclk; )
   2)  net: clk              Type: logic ( logic unsigned clk; )
   3)  net: enable           Type: logic ( logic unsigned enable; )
   4)  net: scan_enable      Type: logic ( logic unsigned scan_enable; )
   5)  net: enable_in        Type: logic ( logic unsigned enable_in; )
   6)  var: enable_latch     Type: reg ( logic unsigned enable_latch; )

Module: openMSP430.watchdog_0.sync_reset_por (omsp_sync_reset)
--------------------------------------------------------------------------------
   1)  net: rst_s            Type: logic ( logic unsigned rst_s; )
   2)  net: clk              Type: logic ( logic unsigned clk; )
   3)  net: rst_a            Type: logic ( logic unsigned rst_a; )
   4)  var: data_sync        Type: reg ( logic unsigned [1:0] data_sync; )

Module: openMSP430.watchdog_0.scan_mux_wdt_rst (omsp_scan_mux)
--------------------------------------------------------------------------------
   1)  net: data_out         Type: logic ( logic unsigned data_out; )
   2)  net: data_in_scan     Type: logic ( logic unsigned data_in_scan; )
   3)  net: data_in_func     Type: logic ( logic unsigned data_in_func; )
   4)  net: scan_mode        Type: logic ( logic unsigned scan_mode; )

Module: openMSP430.watchdog_0.sync_cell_wdtcnt_clr (omsp_sync_cell)
--------------------------------------------------------------------------------
   1)  net: data_out         Type: logic ( logic unsigned data_out; )
   2)  net: clk              Type: logic ( logic unsigned clk; )
   3)  net: data_in          Type: logic ( logic unsigned data_in; )
   4)  net: rst              Type: logic ( logic unsigned rst; )
   5)  var: data_sync        Type: reg ( logic unsigned [1:0] data_sync; )

Module: openMSP430.watchdog_0.sync_cell_wdtcnt_incr (omsp_sync_cell)
--------------------------------------------------------------------------------
   1)  net: data_out         Type: logic ( logic unsigned data_out; )
   2)  net: clk              Type: logic ( logic unsigned clk; )
   3)  net: data_in          Type: logic ( logic unsigned data_in; )
   4)  net: rst              Type: logic ( logic unsigned rst; )
   5)  var: data_sync        Type: reg ( logic unsigned [1:0] data_sync; )

Module: openMSP430.watchdog_0.sync_cell_wdt_evt (omsp_sync_cell)
--------------------------------------------------------------------------------
   1)  net: data_out         Type: logic ( logic unsigned data_out; )
   2)  net: clk              Type: logic ( logic unsigned clk; )
   3)  net: data_in          Type: logic ( logic unsigned data_in; )
   4)  net: rst              Type: logic ( logic unsigned rst; )
   5)  var: data_sync        Type: reg ( logic unsigned [1:0] data_sync; )

Module: openMSP430.watchdog_0.wakeup_cell_wdog (omsp_wakeup_cell)
--------------------------------------------------------------------------------
   1)  net: scan_clk         Type: logic ( logic unsigned scan_clk; )
   2)  net: scan_mode        Type: logic ( logic unsigned scan_mode; )
   3)  net: scan_rst         Type: logic ( logic unsigned scan_rst; )
   4)  net: wkup_clear       Type: logic ( logic unsigned wkup_clear; )
   5)  net: wkup_event       Type: logic ( logic unsigned wkup_event; )
   6)  net: wkup_rst         Type: logic ( logic unsigned wkup_rst; )
   7)  net: wkup_clk         Type: logic ( logic unsigned wkup_clk; )
   8)  var: wkup_out         Type: reg ( logic unsigned wkup_out; )

Module: openMSP430.watchdog_0.wakeup_cell_wdog.scan_mux_rst (omsp_scan_mux)
--------------------------------------------------------------------------------
   1)  net: data_out         Type: logic ( logic unsigned data_out; )
   2)  net: data_in_scan     Type: logic ( logic unsigned data_in_scan; )
   3)  net: data_in_func     Type: logic ( logic unsigned data_in_func; )
   4)  net: scan_mode        Type: logic ( logic unsigned scan_mode; )

Module: openMSP430.watchdog_0.wakeup_cell_wdog.scan_mux_clk (omsp_scan_mux)
--------------------------------------------------------------------------------
   1)  net: data_out         Type: logic ( logic unsigned data_out; )
   2)  net: data_in_scan     Type: logic ( logic unsigned data_in_scan; )
   3)  net: data_in_func     Type: logic ( logic unsigned data_in_func; )
   4)  net: scan_mode        Type: logic ( logic unsigned scan_mode; )

Module: openMSP430.watchdog_0.and_wdt_wkup (omsp_and_gate)
--------------------------------------------------------------------------------
   1)  net: y                Type: logic ( logic unsigned y; )
   2)  net: a                Type: logic ( logic unsigned a; )
   3)  net: b                Type: logic ( logic unsigned b; )

Module: openMSP430.multiplier_0 (omsp_multiplier)
--------------------------------------------------------------------------------
   1)  net: per_dout         Type: logic ( logic unsigned [15:0] per_dout; )
   2)  net: mclk             Type: logic ( logic unsigned mclk; )
   3)  net: per_addr         Type: logic ( logic unsigned [13:0] per_addr; )
   4)  net: per_din          Type: logic ( logic unsigned [15:0] per_din; )
   5)  net: per_en           Type: logic ( logic unsigned per_en; )
   6)  net: per_we           Type: logic ( logic unsigned [1:0] per_we; )
   7)  net: puc_rst          Type: logic ( logic unsigned puc_rst; )
   8)  net: scan_enable      Type: logic ( logic unsigned scan_enable; )
   9)  net: result_wr        Type: logic ( logic unsigned result_wr; )
  10)  net: result_clr       Type: logic ( logic unsigned result_clr; )
  11)  net: early_read       Type: logic ( logic unsigned early_read; )
  12)  net: reg_sel          Type: logic ( logic unsigned reg_sel; )
  13)  net: reg_addr         Type: logic ( logic unsigned [(DEC_WD - 1):0] reg_addr; )
  14)  net: reg_dec          Type: logic ( logic unsigned [(DEC_SZ - 1):0] reg_dec; )
  15)  net: reg_write        Type: logic ( logic unsigned reg_write; )
  16)  net: reg_read         Type: logic ( logic unsigned reg_read; )
  17)  net: reg_wr           Type: logic ( logic unsigned [(DEC_SZ - 1):0] reg_wr; )
  18)  net: reg_rd           Type: logic ( logic unsigned [(DEC_SZ - 1):0] reg_rd; )
  19)  net: per_din_msk      Type: logic ( logic unsigned [15:0] per_din_msk; )
  20)  net: op1_wr           Type: logic ( logic unsigned op1_wr; )
  21)  net: mclk_op1         Type: logic ( logic unsigned mclk_op1; )
  22)  net: op1_rd           Type: logic ( logic unsigned [15:0] op1_rd; )
  23)  net: op2_wr           Type: logic ( logic unsigned op2_wr; )
  24)  net: mclk_op2         Type: logic ( logic unsigned mclk_op2; )
  25)  net: op2_rd           Type: logic ( logic unsigned [15:0] op2_rd; )
  26)  net: reslo_nxt        Type: logic ( logic unsigned [15:0] reslo_nxt; )
  27)  net: reslo_wr         Type: logic ( logic unsigned reslo_wr; )
  28)  net: reslo_en         Type: logic ( logic unsigned reslo_en; )
  29)  net: mclk_reslo       Type: logic ( logic unsigned mclk_reslo; )
  30)  net: reslo_rd         Type: logic ( logic unsigned [15:0] reslo_rd; )
  31)  net: reshi_nxt        Type: logic ( logic unsigned [15:0] reshi_nxt; )
  32)  net: reshi_wr         Type: logic ( logic unsigned reshi_wr; )
  33)  net: reshi_en         Type: logic ( logic unsigned reshi_en; )
  34)  net: mclk_reshi       Type: logic ( logic unsigned mclk_reshi; )
  35)  net: reshi_rd         Type: logic ( logic unsigned [15:0] reshi_rd; )
  36)  net: sumext_s_nxt     Type: logic ( logic unsigned [1:0] sumext_s_nxt; )
  37)  net: sumext_nxt       Type: logic ( logic unsigned [15:0] sumext_nxt; )
  38)  net: sumext           Type: logic ( logic unsigned [15:0] sumext; )
  39)  net: sumext_rd        Type: logic ( logic unsigned [15:0] sumext_rd; )
  40)  net: op1_mux          Type: logic ( logic unsigned [15:0] op1_mux; )
  41)  net: op2_mux          Type: logic ( logic unsigned [15:0] op2_mux; )
  42)  net: reslo_mux        Type: logic ( logic unsigned [15:0] reslo_mux; )
  43)  net: reshi_mux        Type: logic ( logic unsigned [15:0] reshi_mux; )
  44)  net: sumext_mux       Type: logic ( logic unsigned [15:0] sumext_mux; )
  45)  net: result           Type: logic ( logic unsigned [31:0] result; )
  46)  net: op1_xp           Type: logic ( logic signed [16:0] op1_xp; )
  47)  net: op2_hi_xp        Type: logic ( logic signed [8:0] op2_hi_xp; )
  48)  net: op2_lo_xp        Type: logic ( logic signed [8:0] op2_lo_xp; )
  49)  net: op2_xp           Type: logic ( logic signed [8:0] op2_xp; )
  50)  net: product          Type: logic ( logic signed [25:0] product; )
  51)  net: product_xp       Type: logic ( logic unsigned [31:0] product_xp; )
  52)  net: result_nxt       Type: logic ( logic unsigned [32:0] result_nxt; )
  53)  var: op1              Type: reg ( logic unsigned [15:0] op1; )
  54)  var: op2              Type: reg ( logic unsigned [15:0] op2; )
  55)  var: reslo            Type: reg ( logic unsigned [15:0] reslo; )
  56)  var: reshi            Type: reg ( logic unsigned [15:0] reshi; )
  57)  var: sumext_s         Type: reg ( logic unsigned [1:0] sumext_s; )
  58)  var: sign_sel         Type: reg ( logic unsigned sign_sel; )
  59)  var: acc_sel          Type: reg ( logic unsigned acc_sel; )
  60)  var: cycle            Type: reg ( logic unsigned [1:0] cycle; )

Module: openMSP430.multiplier_0.clock_gate_op1 (omsp_clock_gate)
--------------------------------------------------------------------------------
   1)  net: gclk             Type: logic ( logic unsigned gclk; )
   2)  net: clk              Type: logic ( logic unsigned clk; )
   3)  net: enable           Type: logic ( logic unsigned enable; )
   4)  net: scan_enable      Type: logic ( logic unsigned scan_enable; )
   5)  net: enable_in        Type: logic ( logic unsigned enable_in; )
   6)  var: enable_latch     Type: reg ( logic unsigned enable_latch; )

Module: openMSP430.multiplier_0.clock_gate_op2 (omsp_clock_gate)
--------------------------------------------------------------------------------
   1)  net: gclk             Type: logic ( logic unsigned gclk; )
   2)  net: clk              Type: logic ( logic unsigned clk; )
   3)  net: enable           Type: logic ( logic unsigned enable; )
   4)  net: scan_enable      Type: logic ( logic unsigned scan_enable; )
   5)  net: enable_in        Type: logic ( logic unsigned enable_in; )
   6)  var: enable_latch     Type: reg ( logic unsigned enable_latch; )

Module: openMSP430.multiplier_0.clock_gate_reslo (omsp_clock_gate)
--------------------------------------------------------------------------------
   1)  net: gclk             Type: logic ( logic unsigned gclk; )
   2)  net: clk              Type: logic ( logic unsigned clk; )
   3)  net: enable           Type: logic ( logic unsigned enable; )
   4)  net: scan_enable      Type: logic ( logic unsigned scan_enable; )
   5)  net: enable_in        Type: logic ( logic unsigned enable_in; )
   6)  var: enable_latch     Type: reg ( logic unsigned enable_latch; )

Module: openMSP430.multiplier_0.clock_gate_reshi (omsp_clock_gate)
--------------------------------------------------------------------------------
   1)  net: gclk             Type: logic ( logic unsigned gclk; )
   2)  net: clk              Type: logic ( logic unsigned clk; )
   3)  net: enable           Type: logic ( logic unsigned enable; )
   4)  net: scan_enable      Type: logic ( logic unsigned scan_enable; )
   5)  net: enable_in        Type: logic ( logic unsigned enable_in; )
   6)  var: enable_latch     Type: reg ( logic unsigned enable_latch; )

Module: openMSP430.dbg_0 (omsp_dbg)
--------------------------------------------------------------------------------
   1)  net: dbg_cpu_reset    Type: logic ( logic unsigned dbg_cpu_reset; )
   2)  net: dbg_freeze       Type: logic ( logic unsigned dbg_freeze; )
   3)  net: dbg_halt_cmd     Type: logic ( logic unsigned dbg_halt_cmd; )
   4)  net: dbg_i2c_sda_out  Type: logic ( logic unsigned dbg_i2c_sda_out; )
   5)  net: dbg_mem_addr     Type: logic ( logic unsigned [15:0] dbg_mem_addr; )
   6)  net: dbg_mem_dout     Type: logic ( logic unsigned [15:0] dbg_mem_dout; )
   7)  net: dbg_mem_en       Type: logic ( logic unsigned dbg_mem_en; )
   8)  net: dbg_mem_wr       Type: logic ( logic unsigned [1:0] dbg_mem_wr; )
   9)  net: dbg_reg_wr       Type: logic ( logic unsigned dbg_reg_wr; )
  10)  net: dbg_uart_txd     Type: logic ( logic unsigned dbg_uart_txd; )
  11)  net: cpu_en_s         Type: logic ( logic unsigned cpu_en_s; )
  12)  net: cpu_id           Type: logic ( logic unsigned [31:0] cpu_id; )
  13)  net: cpu_nr_inst      Type: logic ( logic unsigned [7:0] cpu_nr_inst; )
  14)  net: cpu_nr_total     Type: logic ( logic unsigned [7:0] cpu_nr_total; )
  15)  net: dbg_clk          Type: logic ( logic unsigned dbg_clk; )
  16)  net: dbg_en_s         Type: logic ( logic unsigned dbg_en_s; )
  17)  net: dbg_halt_st      Type: logic ( logic unsigned dbg_halt_st; )
  18)  net: dbg_i2c_addr     Type: logic ( logic unsigned [6:0] dbg_i2c_addr; )
  19)  net: dbg_i2c_broadcast Type: logic ( logic unsigned [6:0] dbg_i2c_broadcast; )
  20)  net: dbg_i2c_scl      Type: logic ( logic unsigned dbg_i2c_scl; )
  21)  net: dbg_i2c_sda_in   Type: logic ( logic unsigned dbg_i2c_sda_in; )
  22)  net: dbg_mem_din      Type: logic ( logic unsigned [15:0] dbg_mem_din; )
  23)  net: dbg_reg_din      Type: logic ( logic unsigned [15:0] dbg_reg_din; )
  24)  net: dbg_rst          Type: logic ( logic unsigned dbg_rst; )
  25)  net: dbg_uart_rxd     Type: logic ( logic unsigned dbg_uart_rxd; )
  26)  net: decode_noirq     Type: logic ( logic unsigned decode_noirq; )
  27)  net: eu_mab           Type: logic ( logic unsigned [15:0] eu_mab; )
  28)  net: eu_mb_en         Type: logic ( logic unsigned eu_mb_en; )
  29)  net: eu_mb_wr         Type: logic ( logic unsigned [1:0] eu_mb_wr; )
  30)  net: fe_mdb_in        Type: logic ( logic unsigned [15:0] fe_mdb_in; )
  31)  net: pc               Type: logic ( logic unsigned [15:0] pc; )
  32)  net: puc_pnd_set      Type: logic ( logic unsigned puc_pnd_set; )
  33)  net: dbg_addr         Type: logic ( logic unsigned [5:0] dbg_addr; )
  34)  net: dbg_din          Type: logic ( logic unsigned [15:0] dbg_din; )
  35)  net: dbg_wr           Type: logic ( logic unsigned dbg_wr; )
  36)  net: dbg_reg_rd       Type: logic ( logic unsigned dbg_reg_rd; )
  37)  net: dbg_mem_rd       Type: logic ( logic unsigned dbg_mem_rd; )
  38)  net: dbg_swbrk        Type: logic ( logic unsigned dbg_swbrk; )
  39)  net: dbg_rd           Type: logic ( logic unsigned dbg_rd; )
  40)  net: mem_burst_rd     Type: logic ( logic unsigned mem_burst_rd; )
  41)  net: mem_burst_wr     Type: logic ( logic unsigned mem_burst_wr; )
  42)  net: brk0_halt        Type: logic ( logic unsigned brk0_halt; )
  43)  net: brk0_pnd         Type: logic ( logic unsigned brk0_pnd; )
  44)  net: brk0_dout        Type: logic ( logic unsigned [15:0] brk0_dout; )
  45)  net: brk1_halt        Type: logic ( logic unsigned brk1_halt; )
  46)  net: brk1_pnd         Type: logic ( logic unsigned brk1_pnd; )
  47)  net: brk1_dout        Type: logic ( logic unsigned [15:0] brk1_dout; )
  48)  net: brk2_halt        Type: logic ( logic unsigned brk2_halt; )
  49)  net: brk2_pnd         Type: logic ( logic unsigned brk2_pnd; )
  50)  net: brk2_dout        Type: logic ( logic unsigned [15:0] brk2_dout; )
  51)  net: brk3_halt        Type: logic ( logic unsigned brk3_halt; )
  52)  net: brk3_pnd         Type: logic ( logic unsigned brk3_pnd; )
  53)  net: brk3_dout        Type: logic ( logic unsigned [15:0] brk3_dout; )
  54)  net: dbg_addr_in      Type: logic ( logic unsigned [5:0] dbg_addr_in; )
  55)  net: reg_write        Type: logic ( logic unsigned reg_write; )
  56)  net: reg_read         Type: logic ( logic unsigned reg_read; )
  57)  net: reg_wr           Type: logic ( logic unsigned [(NR_REG - 1):0] reg_wr; )
  58)  net: reg_rd           Type: logic ( logic unsigned [(NR_REG - 1):0] reg_rd; )
  59)  net: cpu_nr           Type: logic ( logic unsigned [15:0] cpu_nr; )
  60)  net: cpu_ctl_wr       Type: logic ( logic unsigned cpu_ctl_wr; )
  61)  net: cpu_ctl_full     Type: logic ( logic unsigned [7:0] cpu_ctl_full; )
  62)  net: halt_cpu         Type: logic ( logic unsigned halt_cpu; )
  63)  net: run_cpu          Type: logic ( logic unsigned run_cpu; )
  64)  net: istep            Type: logic ( logic unsigned istep; )
  65)  net: cpu_stat_wr      Type: logic ( logic unsigned cpu_stat_wr; )
  66)  net: cpu_stat_set     Type: logic ( logic unsigned [3:2] cpu_stat_set; )
  67)  net: cpu_stat_clr     Type: logic ( logic unsigned [3:2] cpu_stat_clr; )
  68)  net: cpu_stat_full    Type: logic ( logic unsigned [7:0] cpu_stat_full; )
  69)  net: mem_ctl_wr       Type: logic ( logic unsigned mem_ctl_wr; )
  70)  net: mem_ctl_full     Type: logic ( logic unsigned [7:0] mem_ctl_full; )
  71)  net: mem_bw           Type: logic ( logic unsigned mem_bw; )
  72)  net: mem_access       Type: logic ( logic unsigned mem_access; )
  73)  net: mem_data_wr      Type: logic ( logic unsigned mem_data_wr; )
  74)  net: dbg_mem_din_bw   Type: logic ( logic unsigned [15:0] dbg_mem_din_bw; )
  75)  net: mem_addr_wr      Type: logic ( logic unsigned mem_addr_wr; )
  76)  net: dbg_mem_acc      Type: logic ( logic unsigned dbg_mem_acc; )
  77)  net: dbg_reg_acc      Type: logic ( logic unsigned dbg_reg_acc; )
  78)  net: mem_addr_inc     Type: logic ( logic unsigned [15:0] mem_addr_inc; )
  79)  net: mem_cnt_wr       Type: logic ( logic unsigned mem_cnt_wr; )
  80)  net: mem_cnt_dec      Type: logic ( logic unsigned [15:0] mem_cnt_dec; )
  81)  net: UNUSED_eu_mab    Type: logic ( logic unsigned [15:0] UNUSED_eu_mab; )
  82)  net: UNUSED_eu_mb_en  Type: logic ( logic unsigned UNUSED_eu_mb_en; )
  83)  net: UNUSED_eu_mb_wr  Type: logic ( logic unsigned [1:0] UNUSED_eu_mb_wr; )
  84)  net: UNUSED_pc        Type: logic ( logic unsigned [15:0] UNUSED_pc; )
  85)  net: cpu_id_lo_rd     Type: logic ( logic unsigned [15:0] cpu_id_lo_rd; )
  86)  net: cpu_id_hi_rd     Type: logic ( logic unsigned [15:0] cpu_id_hi_rd; )
  87)  net: cpu_ctl_rd       Type: logic ( logic unsigned [15:0] cpu_ctl_rd; )
  88)  net: cpu_stat_rd      Type: logic ( logic unsigned [15:0] cpu_stat_rd; )
  89)  net: mem_ctl_rd       Type: logic ( logic unsigned [15:0] mem_ctl_rd; )
  90)  net: mem_data_rd      Type: logic ( logic unsigned [15:0] mem_data_rd; )
  91)  net: mem_addr_rd      Type: logic ( logic unsigned [15:0] mem_addr_rd; )
  92)  net: mem_cnt_rd       Type: logic ( logic unsigned [15:0] mem_cnt_rd; )
  93)  net: cpu_nr_rd        Type: logic ( logic unsigned [15:0] cpu_nr_rd; )
  94)  net: dbg_dout         Type: logic ( logic unsigned [15:0] dbg_dout; )
  95)  net: halt_rst         Type: logic ( logic unsigned halt_rst; )
  96)  net: mem_halt_cpu     Type: logic ( logic unsigned mem_halt_cpu; )
  97)  net: mem_run_cpu      Type: logic ( logic unsigned mem_run_cpu; )
  98)  net: halt_flag_clr    Type: logic ( logic unsigned halt_flag_clr; )
  99)  net: halt_flag_set    Type: logic ( logic unsigned halt_flag_set; )
 100)  net: mem_burst_start  Type: logic ( logic unsigned mem_burst_start; )
 101)  net: mem_burst_end    Type: logic ( logic unsigned mem_burst_end; )
 102)  net: mem_seq_start    Type: logic ( logic unsigned mem_seq_start; )
 103)  net: dbg_mem_wr_msk   Type: logic ( logic unsigned [1:0] dbg_mem_wr_msk; )
 104)  net: UNUSED_dbg_i2c_addr Type: logic ( logic unsigned [6:0] UNUSED_dbg_i2c_addr; )
 105)  net: UNUSED_dbg_i2c_broadcast Type: logic ( logic unsigned [6:0] UNUSED_dbg_i2c_broadcast; )
 106)  net: UNUSED_dbg_i2c_scl Type: logic ( logic unsigned UNUSED_dbg_i2c_scl; )
 107)  net: UNUSED_dbg_i2c_sda_in Type: logic ( logic unsigned UNUSED_dbg_i2c_sda_in; )
 108)  net: UNUSED_dbg_rd_rdy Type: logic ( logic unsigned UNUSED_dbg_rd_rdy; )
 109)  var: mem_burst        Type: reg ( logic unsigned mem_burst; )
 110)  var: dbg_mem_rd_dly   Type: reg ( logic unsigned dbg_mem_rd_dly; )
 111)  var: dbg_rd_rdy       Type: reg ( logic unsigned dbg_rd_rdy; )
 112)  var: reg_dec          Type: reg ( logic unsigned [(NR_REG - 1):0] reg_dec; )
 113)  var: cpu_ctl          Type: reg ( logic unsigned [6:3] cpu_ctl; )
 114)  var: cpu_stat         Type: reg ( logic unsigned [3:2] cpu_stat; )
 115)  var: mem_ctl          Type: reg ( logic unsigned [3:1] mem_ctl; )
 116)  var: mem_start        Type: reg ( logic unsigned mem_start; )
 117)  var: mem_data         Type: reg ( logic unsigned [15:0] mem_data; )
 118)  var: mem_addr         Type: reg ( logic unsigned [15:0] mem_addr; )
 119)  var: mem_cnt          Type: reg ( logic unsigned [15:0] mem_cnt; )
 120)  var: inc_step         Type: reg ( logic unsigned [1:0] inc_step; )
 121)  var: halt_flag        Type: reg ( logic unsigned halt_flag; )
 122)  var: mem_startb       Type: reg ( logic unsigned mem_startb; )
 123)  var: mem_state        Type: reg ( logic unsigned [1:0] mem_state; )
 124)  var: mem_state_nxt    Type: reg ( logic unsigned [1:0] mem_state_nxt; )

Module: openMSP430.dbg_0.dbg_uart_0 (omsp_dbg_uart)
--------------------------------------------------------------------------------
   1)  net: dbg_din          Type: logic ( logic unsigned [15:0] dbg_din; )
   2)  net: dbg_rd           Type: logic ( logic unsigned dbg_rd; )
   3)  net: dbg_wr           Type: logic ( logic unsigned dbg_wr; )
   4)  net: dbg_clk          Type: logic ( logic unsigned dbg_clk; )
   5)  net: dbg_dout         Type: logic ( logic unsigned [15:0] dbg_dout; )
   6)  net: dbg_rd_rdy       Type: logic ( logic unsigned dbg_rd_rdy; )
   7)  net: dbg_rst          Type: logic ( logic unsigned dbg_rst; )
   8)  net: dbg_uart_rxd     Type: logic ( logic unsigned dbg_uart_rxd; )
   9)  net: mem_burst        Type: logic ( logic unsigned mem_burst; )
  10)  net: mem_burst_end    Type: logic ( logic unsigned mem_burst_end; )
  11)  net: mem_burst_rd     Type: logic ( logic unsigned mem_burst_rd; )
  12)  net: mem_burst_wr     Type: logic ( logic unsigned mem_burst_wr; )
  13)  net: mem_bw           Type: logic ( logic unsigned mem_bw; )
  14)  net: uart_rxd_n       Type: logic ( logic unsigned uart_rxd_n; )
  15)  net: uart_rxd         Type: logic ( logic unsigned uart_rxd; )
  16)  net: rxd_maj_nxt      Type: logic ( logic unsigned rxd_maj_nxt; )
  17)  net: rxd_s            Type: logic ( logic unsigned rxd_s; )
  18)  net: rxd_fe           Type: logic ( logic unsigned rxd_fe; )
  19)  net: rxd_re           Type: logic ( logic unsigned rxd_re; )
  20)  net: rxd_edge         Type: logic ( logic unsigned rxd_edge; )
  21)  net: sync_done        Type: logic ( logic unsigned sync_done; )
  22)  net: xfer_done        Type: logic ( logic unsigned xfer_done; )
  23)  net: xfer_buf_nxt     Type: logic ( logic unsigned [19:0] xfer_buf_nxt; )
  24)  net: cmd_valid        Type: logic ( logic unsigned cmd_valid; )
  25)  net: rx_active        Type: logic ( logic unsigned rx_active; )
  26)  net: tx_active        Type: logic ( logic unsigned tx_active; )
  27)  net: bit_cnt_max      Type: logic ( logic unsigned [(16 - 1):0] bit_cnt_max; )
  28)  net: txd_start        Type: logic ( logic unsigned txd_start; )
  29)  net: rxd_start        Type: logic ( logic unsigned rxd_start; )
  30)  net: xfer_bit_inc     Type: logic ( logic unsigned xfer_bit_inc; )
  31)  net: dbg_din_bw       Type: logic ( logic unsigned dbg_din_bw; )
  32)  var: dbg_addr         Type: reg ( logic unsigned [5:0] dbg_addr; )
  33)  var: dbg_uart_txd     Type: reg ( logic unsigned dbg_uart_txd; )
  34)  var: rxd_buf          Type: reg ( logic unsigned [1:0] rxd_buf; )
  35)  var: rxd_maj          Type: reg ( logic unsigned rxd_maj; )
  36)  var: uart_state       Type: reg ( logic unsigned [2:0] uart_state; )
  37)  var: uart_state_nxt   Type: reg ( logic unsigned [2:0] uart_state_nxt; )
  38)  var: xfer_buf         Type: reg ( logic unsigned [19:0] xfer_buf; )
  39)  var: sync_busy        Type: reg ( logic unsigned sync_busy; )
  40)  var: sync_cnt         Type: reg ( logic unsigned [(16 + 2):0] sync_cnt; )
  41)  var: xfer_bit         Type: reg ( logic unsigned [3:0] xfer_bit; )
  42)  var: xfer_cnt         Type: reg ( logic unsigned [(16 - 1):0] xfer_cnt; )
  43)  var: dbg_bw           Type: reg ( logic unsigned dbg_bw; )

Module: openMSP430.dbg_0.dbg_uart_0.sync_cell_uart_rxd (omsp_sync_cell)
--------------------------------------------------------------------------------
   1)  net: data_out         Type: logic ( logic unsigned data_out; )
   2)  net: clk              Type: logic ( logic unsigned clk; )
   3)  net: data_in          Type: logic ( logic unsigned data_in; )
   4)  net: rst              Type: logic ( logic unsigned rst; )
   5)  var: data_sync        Type: reg ( logic unsigned [1:0] data_sync; )

Module: omsp_dbg_i2c (omsp_dbg_i2c)
--------------------------------------------------------------------------------
   1)  net: dbg_din          Type: logic ( logic unsigned [15:0] dbg_din; )
   2)  net: dbg_clk          Type: logic ( logic unsigned dbg_clk; )
   3)  net: dbg_dout         Type: logic ( logic unsigned [15:0] dbg_dout; )
   4)  net: dbg_i2c_addr     Type: logic ( logic unsigned [6:0] dbg_i2c_addr; )
   5)  net: dbg_i2c_broadcast Type: logic ( logic unsigned [6:0] dbg_i2c_broadcast; )
   6)  net: dbg_i2c_scl      Type: logic ( logic unsigned dbg_i2c_scl; )
   7)  net: dbg_i2c_sda_in   Type: logic ( logic unsigned dbg_i2c_sda_in; )
   8)  net: dbg_rst          Type: logic ( logic unsigned dbg_rst; )
   9)  net: mem_burst        Type: logic ( logic unsigned mem_burst; )
  10)  net: mem_burst_end    Type: logic ( logic unsigned mem_burst_end; )
  11)  net: mem_burst_rd     Type: logic ( logic unsigned mem_burst_rd; )
  12)  net: mem_burst_wr     Type: logic ( logic unsigned mem_burst_wr; )
  13)  net: mem_bw           Type: logic ( logic unsigned mem_bw; )
  14)  net: scl_sync_n       Type: logic ( logic unsigned scl_sync_n; )
  15)  net: scl_sync         Type: logic ( logic unsigned scl_sync; )
  16)  net: sda_in_sync_n    Type: logic ( logic unsigned sda_in_sync_n; )
  17)  net: sda_in_sync      Type: logic ( logic unsigned sda_in_sync; )
  18)  net: scl              Type: logic ( logic unsigned scl; )
  19)  net: sda_in           Type: logic ( logic unsigned sda_in; )
  20)  net: sda_in_fe        Type: logic ( logic unsigned sda_in_fe; )
  21)  net: sda_in_re        Type: logic ( logic unsigned sda_in_re; )
  22)  net: sda_in_edge      Type: logic ( logic unsigned sda_in_edge; )
  23)  net: scl_fe           Type: logic ( logic unsigned scl_fe; )
  24)  net: scl_re           Type: logic ( logic unsigned scl_re; )
  25)  net: scl_edge         Type: logic ( logic unsigned scl_edge; )
  26)  net: scl_sample       Type: logic ( logic unsigned scl_sample; )
  27)  net: start_detect     Type: logic ( logic unsigned start_detect; )
  28)  net: stop_detect      Type: logic ( logic unsigned stop_detect; )
  29)  net: i2c_addr_not_valid Type: logic ( logic unsigned i2c_addr_not_valid; )
  30)  net: i2c_active       Type: logic ( logic unsigned i2c_active; )
  31)  net: i2c_init         Type: logic ( logic unsigned i2c_init; )
  32)  net: shift_rx_done    Type: logic ( logic unsigned shift_rx_done; )
  33)  net: shift_tx_done    Type: logic ( logic unsigned shift_tx_done; )
  34)  net: shift_rx_en      Type: logic ( logic unsigned shift_rx_en; )
  35)  net: shift_tx_en      Type: logic ( logic unsigned shift_tx_en; )
  36)  net: shift_tx_en_pre  Type: logic ( logic unsigned shift_tx_en_pre; )
  37)  net: shift_buf_rx_init Type: logic ( logic unsigned shift_buf_rx_init; )
  38)  net: shift_buf_rx_en  Type: logic ( logic unsigned shift_buf_rx_en; )
  39)  net: shift_buf_tx_init Type: logic ( logic unsigned shift_buf_tx_init; )
  40)  net: shift_buf_tx_en  Type: logic ( logic unsigned shift_buf_tx_en; )
  41)  net: shift_tx_val     Type: logic ( logic unsigned [7:0] shift_tx_val; )
  42)  net: shift_buf_nxt    Type: logic ( logic unsigned [8:0] shift_buf_nxt; )
  43)  net: UNUSED_dbg_i2c_broadcast Type: logic ( logic unsigned [6:0] UNUSED_dbg_i2c_broadcast; )
  44)  net: shift_rx_data_done Type: logic ( logic unsigned shift_rx_data_done; )
  45)  net: shift_tx_data_done Type: logic ( logic unsigned shift_tx_data_done; )
  46)  net: cmd_valid        Type: logic ( logic unsigned cmd_valid; )
  47)  net: rx_lo_valid      Type: logic ( logic unsigned rx_lo_valid; )
  48)  net: rx_hi_valid      Type: logic ( logic unsigned rx_hi_valid; )
  49)  var: dbg_addr         Type: reg ( logic unsigned [5:0] dbg_addr; )
  50)  var: dbg_i2c_sda_out  Type: reg ( logic unsigned dbg_i2c_sda_out; )
  51)  var: dbg_rd           Type: reg ( logic unsigned dbg_rd; )
  52)  var: dbg_wr           Type: reg ( logic unsigned dbg_wr; )
  53)  var: scl_buf          Type: reg ( logic unsigned [1:0] scl_buf; )
  54)  var: sda_in_buf       Type: reg ( logic unsigned [1:0] sda_in_buf; )
  55)  var: sda_in_dly       Type: reg ( logic unsigned sda_in_dly; )
  56)  var: scl_dly          Type: reg ( logic unsigned scl_dly; )
  57)  var: scl_re_dly       Type: reg ( logic unsigned [1:0] scl_re_dly; )
  58)  var: i2c_active_seq   Type: reg ( logic unsigned i2c_active_seq; )
  59)  var: i2c_state        Type: reg ( logic unsigned [2:0] i2c_state; )
  60)  var: i2c_state_nxt    Type: reg ( logic unsigned [2:0] i2c_state_nxt; )
  61)  var: shift_buf        Type: reg ( logic unsigned [8:0] shift_buf; )
  62)  var: dbg_state        Type: reg ( logic unsigned [2:0] dbg_state; )
  63)  var: dbg_state_nxt    Type: reg ( logic unsigned [2:0] dbg_state_nxt; )
  64)  var: dbg_bw           Type: reg ( logic unsigned dbg_bw; )
  65)  var: dbg_din_lo       Type: reg ( logic unsigned [7:0] dbg_din_lo; )
  66)  var: dbg_din_hi       Type: reg ( logic unsigned [7:0] dbg_din_hi; )

Module: omsp_dbg_i2c.sync_cell_i2c_scl (omsp_sync_cell)
--------------------------------------------------------------------------------
   1)  net: data_out         Type: logic ( logic unsigned data_out; )
   2)  net: clk              Type: logic ( logic unsigned clk; )
   3)  net: data_in          Type: logic ( logic unsigned data_in; )
   4)  net: rst              Type: logic ( logic unsigned rst; )
   5)  var: data_sync        Type: reg ( logic unsigned [1:0] data_sync; )

Module: omsp_dbg_i2c.sync_cell_i2c_sda (omsp_sync_cell)
--------------------------------------------------------------------------------
   1)  net: data_out         Type: logic ( logic unsigned data_out; )
   2)  net: clk              Type: logic ( logic unsigned clk; )
   3)  net: data_in          Type: logic ( logic unsigned data_in; )
   4)  net: rst              Type: logic ( logic unsigned rst; )
   5)  var: data_sync        Type: reg ( logic unsigned [1:0] data_sync; )

Module: omsp_dbg_hwbrk (omsp_dbg_hwbrk)
--------------------------------------------------------------------------------
   1)  net: brk_halt         Type: logic ( logic unsigned brk_halt; )
   2)  net: brk_pnd          Type: logic ( logic unsigned brk_pnd; )
   3)  net: brk_dout         Type: logic ( logic unsigned [15:0] brk_dout; )
   4)  net: brk_reg_rd       Type: logic ( logic unsigned [3:0] brk_reg_rd; )
   5)  net: brk_reg_wr       Type: logic ( logic unsigned [3:0] brk_reg_wr; )
   6)  net: dbg_clk          Type: logic ( logic unsigned dbg_clk; )
   7)  net: dbg_din          Type: logic ( logic unsigned [15:0] dbg_din; )
   8)  net: dbg_rst          Type: logic ( logic unsigned dbg_rst; )
   9)  net: decode_noirq     Type: logic ( logic unsigned decode_noirq; )
  10)  net: eu_mab           Type: logic ( logic unsigned [15:0] eu_mab; )
  11)  net: eu_mb_en         Type: logic ( logic unsigned eu_mb_en; )
  12)  net: eu_mb_wr         Type: logic ( logic unsigned [1:0] eu_mb_wr; )
  13)  net: pc               Type: logic ( logic unsigned [15:0] pc; )
  14)  net: range_wr_set     Type: logic ( logic unsigned range_wr_set; )
  15)  net: range_rd_set     Type: logic ( logic unsigned range_rd_set; )
  16)  net: addr1_wr_set     Type: logic ( logic unsigned addr1_wr_set; )
  17)  net: addr1_rd_set     Type: logic ( logic unsigned addr1_rd_set; )
  18)  net: addr0_wr_set     Type: logic ( logic unsigned addr0_wr_set; )
  19)  net: addr0_rd_set     Type: logic ( logic unsigned addr0_rd_set; )
  20)  net: brk_ctl_wr       Type: logic ( logic unsigned brk_ctl_wr; )
  21)  net: brk_ctl_full     Type: logic ( logic unsigned [7:0] brk_ctl_full; )
  22)  net: brk_stat_wr      Type: logic ( logic unsigned brk_stat_wr; )
  23)  net: brk_stat_set     Type: logic ( logic unsigned [5:0] brk_stat_set; )
  24)  net: brk_stat_clr     Type: logic ( logic unsigned [5:0] brk_stat_clr; )
  25)  net: brk_stat_full    Type: logic ( logic unsigned [7:0] brk_stat_full; )
  26)  net: brk_addr0_wr     Type: logic ( logic unsigned brk_addr0_wr; )
  27)  net: brk_addr1_wr     Type: logic ( logic unsigned brk_addr1_wr; )
  28)  net: brk_ctl_rd       Type: logic ( logic unsigned [15:0] brk_ctl_rd; )
  29)  net: brk_stat_rd      Type: logic ( logic unsigned [15:0] brk_stat_rd; )
  30)  net: brk_addr0_rd     Type: logic ( logic unsigned [15:0] brk_addr0_rd; )
  31)  net: brk_addr1_rd     Type: logic ( logic unsigned [15:0] brk_addr1_rd; )
  32)  net: equ_d_addr0      Type: logic ( logic unsigned equ_d_addr0; )
  33)  net: equ_d_addr1      Type: logic ( logic unsigned equ_d_addr1; )
  34)  net: equ_d_range      Type: logic ( logic unsigned equ_d_range; )
  35)  net: equ_i_addr0      Type: logic ( logic unsigned equ_i_addr0; )
  36)  net: equ_i_addr1      Type: logic ( logic unsigned equ_i_addr1; )
  37)  net: equ_i_range      Type: logic ( logic unsigned equ_i_range; )
  38)  net: i_addr0_rd       Type: logic ( logic unsigned i_addr0_rd; )
  39)  net: i_addr1_rd       Type: logic ( logic unsigned i_addr1_rd; )
  40)  net: i_range_rd       Type: logic ( logic unsigned i_range_rd; )
  41)  net: d_addr0_wr       Type: logic ( logic unsigned d_addr0_wr; )
  42)  net: d_addr1_wr       Type: logic ( logic unsigned d_addr1_wr; )
  43)  net: d_range_wr       Type: logic ( logic unsigned d_range_wr; )
  44)  net: d_addr0_rd       Type: logic ( logic unsigned d_addr0_rd; )
  45)  net: d_addr1_rd       Type: logic ( logic unsigned d_addr1_rd; )
  46)  net: d_range_rd       Type: logic ( logic unsigned d_range_rd; )
  47)  var: brk_ctl          Type: reg ( logic unsigned [4:0] brk_ctl; )
  48)  var: brk_stat         Type: reg ( logic unsigned [5:0] brk_stat; )
  49)  var: brk_addr0        Type: reg ( logic unsigned [15:0] brk_addr0; )
  50)  var: brk_addr1        Type: reg ( logic unsigned [15:0] brk_addr1; )

Module: omsp_clock_mux (omsp_clock_mux)
--------------------------------------------------------------------------------
   1)  net: clk_out          Type: logic ( logic unsigned clk_out; )
   2)  net: clk_in0          Type: logic ( logic unsigned clk_in0; )
   3)  net: clk_in1          Type: logic ( logic unsigned clk_in1; )
   4)  net: reset            Type: logic ( logic unsigned reset; )
   5)  net: scan_mode        Type: logic ( logic unsigned scan_mode; )
   6)  net: select_in        Type: logic ( logic unsigned select_in; )
   7)  net: in0_select       Type: logic ( logic unsigned in0_select; )
   8)  net: in0_enable       Type: logic ( logic unsigned in0_enable; )
   9)  net: in1_select       Type: logic ( logic unsigned in1_select; )
  10)  net: in1_enable       Type: logic ( logic unsigned in1_enable; )
  11)  net: clk_in0_inv      Type: logic ( logic unsigned clk_in0_inv; )
  12)  net: clk_in1_inv      Type: logic ( logic unsigned clk_in1_inv; )
  13)  net: clk_in0_scan_fix_inv Type: logic ( logic unsigned clk_in0_scan_fix_inv; )
  14)  net: clk_in1_scan_fix_inv Type: logic ( logic unsigned clk_in1_scan_fix_inv; )
  15)  net: gated_clk_in0    Type: logic ( logic unsigned gated_clk_in0; )
  16)  net: gated_clk_in1    Type: logic ( logic unsigned gated_clk_in1; )
  17)  var: in0_select_s     Type: reg ( logic unsigned in0_select_s; )
  18)  var: in0_select_ss    Type: reg ( logic unsigned in0_select_ss; )
  19)  var: in1_select_s     Type: reg ( logic unsigned in1_select_s; )
  20)  var: in1_select_ss    Type: reg ( logic unsigned in1_select_ss; )

