****************************************
Report : cell
Design : openMSP430
Version: O-2018.06-SP1
Date   : Sat Sep 26 03:05:17 2026
****************************************

Attributes
    b - black-box (unknown)
    h - hierarchical
    n - noncombinational
    u - contains unmapped logic
    E - extracted timing model
    Q - Quick timing model
    U - Unbound (missing)
    s - user size_only
    S - implicit size_only
    d - user dont_touch
    D - derived dont_touch
    o - synthetic operator


Cell                      Reference       Library          Attributes
--------------------------------------------------------------------------------
U2                        OR3X1_RVT       saed32rvt_c      
U4                        OR3X1_RVT       saed32rvt_c      
U5                        OR3X1_RVT       saed32rvt_c      
U10                       OR3X1_RVT       saed32rvt_c      
U11                       OR3X1_RVT       saed32rvt_c      
U12                       OR3X1_RVT       saed32rvt_c      
U13                       OR3X2_RVT       saed32rvt_c      
U16                       OR3X1_RVT       saed32rvt_c      
U18                       OR3X1_RVT       saed32rvt_c      
U19                       OR3X2_RVT       saed32rvt_c      
U24                       OR3X1_RVT       saed32rvt_c      
U25                       OR3X1_RVT       saed32rvt_c      
U26                       OR3X1_RVT       saed32rvt_c      
U28                       OR3X1_RVT       saed32rvt_c      
U29                       OR3X1_RVT       saed32rvt_c      
U30                       OR3X1_RVT       saed32rvt_c      
clock_module_0            omsp_clock_module                h
dbg_rst_noscan_reg        DFFASX1_RVT     saed32rvt_c      n, S
bcsctl1_reg[5]            DFFARX1_RVT     saed32rvt_c      n, S
divax_s_reg[1]            DFFARX1_RVT     saed32rvt_c      n, S
bcsctl1_reg[4]            DFFARX1_RVT     saed32rvt_c      n, S
divax_s_reg[0]            DFFARX1_RVT     saed32rvt_c      n, S
divax_ss_reg[0]           DFFARX1_RVT     saed32rvt_c      n, S
aclk_div_reg[1]           DFFARX1_RVT     saed32rvt_c      n, S
aclk_div_reg[2]           DFFARX1_RVT     saed32rvt_c      n, S
bcsctl1_reg[3]            DFFARX1_RVT     saed32rvt_c      n, S
bcsctl1_reg[2]            DFFARX1_RVT     saed32rvt_c      n, S
bcsctl1_reg[1]            DFFARX1_RVT     saed32rvt_c      n, S
bcsctl1_reg[0]            DFFARX1_RVT     saed32rvt_c      n, S
dco_enable_reg            DFFARX1_RVT     saed32rvt_c      n, S
bcsctl2_reg[5]            DFFARX1_RVT     saed32rvt_c      n, S
bcsctl2_reg[4]            DFFARX1_RVT     saed32rvt_c      n, S
mclk_div_reg[0]           DFFARX1_RVT     saed32rvt_c      n, S
mclk_div_reg[1]           DFFARX1_RVT     saed32rvt_c      n, S
mclk_div_reg[2]           DFFARX1_RVT     saed32rvt_c      n, S
bcsctl2_reg[2]            DFFARX1_RVT     saed32rvt_c      n, S
bcsctl2_reg[1]            DFFARX1_RVT     saed32rvt_c      n, S
U4                        NOR2X0_RVT      saed32rvt_c      
U5                        AO21X1_RVT      saed32rvt_c      
U7                        OR2X1_RVT       saed32rvt_c      
U9                        NAND2X0_RVT     saed32rvt_c      
U11                       AND2X1_RVT      saed32rvt_c      
U14                       NAND2X0_RVT     saed32rvt_c      
U15                       AO22X1_RVT      saed32rvt_c      
U16                       AO22X1_RVT      saed32rvt_c      
U18                       OR2X1_RVT       saed32rvt_c      
U20                       NAND2X0_RVT     saed32rvt_c      
U23                       AO22X1_RVT      saed32rvt_c      
U24                       AO22X1_RVT      saed32rvt_c      
U26                       NAND2X0_RVT     saed32rvt_c      
U27                       AO22X1_RVT      saed32rvt_c      
U28                       AO22X1_RVT      saed32rvt_c      
U29                       AO22X1_RVT      saed32rvt_c      
U30                       AO22X1_RVT      saed32rvt_c      
U32                       OR2X1_RVT       saed32rvt_c      
U34                       NAND2X1_RVT     saed32rvt_c      
U36                       AO22X1_RVT      saed32rvt_c      
U39                       AO22X1_RVT      saed32rvt_c      
U41                       NAND2X0_RVT     saed32rvt_c      
U55                       NOR2X0_RVT      saed32rvt_c      
U56                       NOR2X0_RVT      saed32rvt_c      
U57                       NOR2X0_RVT      saed32rvt_c      
U58                       AND3X1_RVT      saed32rvt_c      
U60                       AO21X1_RVT      saed32rvt_c      
U61                       OR2X1_RVT       saed32rvt_c      
U62                       AND2X1_RVT      saed32rvt_c      
U63                       NAND2X0_RVT     saed32rvt_c      
U64                       AO21X1_RVT      saed32rvt_c      
U65                       AO21X1_RVT      saed32rvt_c      
U66                       NAND2X0_RVT     saed32rvt_c      
U67                       AO21X1_RVT      saed32rvt_c      
U68                       OR2X1_RVT       saed32rvt_c      
U71                       AND2X2_RVT      saed32rvt_c      
U73                       AND2X2_RVT      saed32rvt_c      
U75                       AND2X2_RVT      saed32rvt_c      
U77                       AND2X2_RVT      saed32rvt_c      
U79                       AND3X1_RVT      saed32rvt_c      
U81                       AND2X1_RVT      saed32rvt_c      
U83                       AND2X1_RVT      saed32rvt_c      
U85                       AND2X1_RVT      saed32rvt_c      
U87                       AND2X1_RVT      saed32rvt_c      
U89                       AND2X1_RVT      saed32rvt_c      
U91                       AND2X1_RVT      saed32rvt_c      
U93                       AND3X2_RVT      saed32rvt_c      
U94                       AND4X1_RVT      saed32rvt_c      
U97                       NAND2X0_RVT     saed32rvt_c      
U99                       OR3X1_RVT       saed32rvt_c      
U101                      NAND3X0_RVT     saed32rvt_c      
U104                      OA221X1_RVT     saed32rvt_c      
U107                      OR2X1_RVT       saed32rvt_c      
U108                      OA21X1_RVT      saed32rvt_c      
U111                      AOI21X1_RVT     saed32rvt_c      
U112                      OR2X1_RVT       saed32rvt_c      
U113                      OR2X1_RVT       saed32rvt_c      
U114                      OR2X1_RVT       saed32rvt_c      
U115                      NAND2X0_RVT     saed32rvt_c      
U117                      NAND2X0_RVT     saed32rvt_c      
U119                      OR3X1_RVT       saed32rvt_c      
U120                      OR3X1_RVT       saed32rvt_c      
clock_module_0_p_abuf4_bip2371
                          NBUFFX4_RVT     saed32rvt_c      
clock_module_0_p_abuf5_bip2372
                          NBUFFX2_RVT     saed32rvt_c      
U80                       NOR4X1_RVT      saed32rvt_c      
U98                       NOR4X1_RVT      saed32rvt_c      
U100                      NOR4X1_RVT      saed32rvt_c      
and_cpuoff_mclk_en        omsp_and_gate_0                  h
U1                        AND2X2_RVT      saed32rvt_c      
and_cpuoff_mclk_dma_en    omsp_and_gate_29                 h
U1                        AND2X1_RVT      saed32rvt_c      
and_cpuoff_mclk_dma_wkup  omsp_and_gate_28                 h
U1                        AND2X1_RVT      saed32rvt_c      
and_scg0_mclk_dma_en      omsp_and_gate_27                 h
U1                        AND2X1_RVT      saed32rvt_c      
and_scg0_mclk_dma_wkup    omsp_and_gate_26                 h
U1                        AND2X1_RVT      saed32rvt_c      
and_scg1_mclk_dma_en      omsp_and_gate_25                 h
U1                        AND2X1_RVT      saed32rvt_c      
and_scg1_mclk_dma_wkup    omsp_and_gate_24                 h
U1                        AND2X1_RVT      saed32rvt_c      
and_oscoff_mclk_dma_en    omsp_and_gate_23                 h
U1                        AND2X1_RVT      saed32rvt_c      
and_oscoff_mclk_dma_wkup  omsp_and_gate_22                 h
U1                        AND2X1_RVT      saed32rvt_c      
and_dco_dis1              omsp_and_gate_21                 h
U1                        AND2X1_RVT      saed32rvt_c      
and_dco_dis2              omsp_and_gate_20                 h
U1                        AND2X1_RVT      saed32rvt_c      
and_dco_dis3              omsp_and_gate_19                 h
U1                        AND2X1_RVT      saed32rvt_c      
and_dco_dis4              omsp_and_gate_18                 h
U1                        AND2X1_RVT      saed32rvt_c      
and_dco_dis5              omsp_and_gate_17                 h
U1                        AND2X1_RVT      saed32rvt_c      
and_dco_mclk_wkup         omsp_and_gate_16                 h
U1                        AND2X1_RVT      saed32rvt_c      
and_dco_en_wkup           omsp_and_gate_15                 h
U1                        AND2X1_RVT      saed32rvt_c      
scan_mux_dco_wkup         omsp_scan_mux_1                  h
U2                        AO22X1_RVT      saed32rvt_c      
placeHFSINV_982_60        INVX4_RVT       saed32rvt_c      
scan_mux_dco_wkup_observe omsp_scan_mux_12                 h
U2                        AO22X1_RVT      saed32rvt_c      
placeHFSINV_5_61          INVX0_RVT       saed32rvt_c      
sync_cell_dco_wkup        omsp_sync_cell_0                 h
data_sync_reg[0]          DFFARX1_RVT     saed32rvt_c      n, S
data_sync_reg[1]          DFFARX1_RVT     saed32rvt_c      n, S
U3                        IBUFFX32_RVT    saed32rvt_c      
and_dco_wkup              omsp_and_gate_14                 h
U1                        AND2X4_RVT      saed32rvt_c      
and_lfxt_dis1             omsp_and_gate_13                 h
clockcopt_h_inst_3863     NBUFFX4_RVT     saed32rvt_c      
and_lfxt_dis2             omsp_and_gate_12                 h
U1                        AND2X1_RVT      saed32rvt_c      
and_lfxt_dis3             omsp_and_gate_11                 h
U1                        AND2X1_RVT      saed32rvt_c      
and_lfxt_dis4             omsp_and_gate_10                 h
U1                        AND2X1_RVT      saed32rvt_c      
and_lfxt_dis5             omsp_and_gate_9                  h
U1                        AND2X1_RVT      saed32rvt_c      
sync_cell_lfxt_disable    omsp_sync_cell_15                h
data_sync_reg[0]          DFFARX1_RVT     saed32rvt_c      n, S
data_sync_reg[1]          DFFARX1_RVT     saed32rvt_c      n, S
placeHFSINV_493_16        INVX4_RVT       saed32rvt_c      
and_lfxt_mclk_wkup        omsp_and_gate_8                  h
p_abuf0_bip2373           NBUFFX4_RVT     saed32rvt_c      
and_lfxt_en_wkup          omsp_and_gate_7                  h
U1                        AND2X1_RVT      saed32rvt_c      
scan_mux_lfxt_wkup        omsp_scan_mux_11                 h
U2                        AO22X1_RVT      saed32rvt_c      
placeHFSINV_5_62          INVX0_RVT       saed32rvt_c      
scan_mux_lfxt_wkup_observe
                          omsp_scan_mux_10                 h
U2                        AO22X1_RVT      saed32rvt_c      
placeHFSINV_859_63        INVX8_RVT       saed32rvt_c      
sync_cell_lfxt_wkup       omsp_sync_cell_14                h
data_sync_reg[0]          DFFARX1_RVT     saed32rvt_c      n, S
data_sync_reg[1]          DFFARX1_RVT     saed32rvt_c      n, S
U3                        IBUFFX32_RVT    saed32rvt_c      
and_lfxt_wkup             omsp_and_gate_6                  h
U1                        AND2X1_RVT      saed32rvt_c      
sync_cell_cpu_aux_en      omsp_sync_cell_13                h
data_sync_reg[0]          DFFARX1_RVT     saed32rvt_c      n, S
data_sync_reg[1]          DFFARX1_RVT     saed32rvt_c      n, S
placeHFSINV_13804_17      IBUFFX32_RVT    saed32rvt_c      
sync_cell_mclk_dma_wkup   omsp_sync_cell_12                h
data_sync_reg[0]          DFFARX1_RVT     saed32rvt_c      n, S
data_sync_reg[1]          DFFARX1_RVT     saed32rvt_c      n, S
placeHFSINV_24835_18      INVX8_RVT       saed32rvt_c      
sync_cell_mclk_wkup       omsp_sync_cell_11                h
data_sync_reg[0]          DFFARX1_RVT     saed32rvt_c      n, S
data_sync_reg[1]          DFFARX1_RVT     saed32rvt_c      n, S
placeHFSINV_11226_19      INVX8_RVT       saed32rvt_c      
clock_gate_mclk           omsp_clock_gate_0                h
enable_latch_reg          LATCHX1_RVT     saed32rvt_c      n, S
cto_buf_drc_3447          NBUFFX4_RVT     saed32rvt_c      
U3                        AND2X4_RVT      saed32rvt_c      S
U4                        OR2X1_RVT       saed32rvt_c      
clock_gate_dma_mclk       omsp_clock_gate_33               h
enable_latch_reg          LATCHX1_RVT     saed32rvt_c      n, S
cts_inv_7023075           INVX32_RVT      saed32rvt_c      
U3                        AND2X4_RVT      saed32rvt_c      S
U4                        OR2X1_RVT       saed32rvt_c      
sync_cell_puc_lfxt        omsp_sync_cell_10                h
data_sync_reg[0]          DFFARX1_RVT     saed32rvt_c      n, S
data_sync_reg[1]          DFFARX1_RVT     saed32rvt_c      n, S
placeHFSINV_34347_20      INVX8_RVT       saed32rvt_c      
scan_mux_puc_lfxt         omsp_scan_mux_9                  h
U2                        AO22X1_RVT      saed32rvt_c      
placeHFSINV_749_64        INVX1_RVT       saed32rvt_c      
sync_cell_oscoff          omsp_sync_cell_9                 h
data_sync_reg[0]          DFFARX1_RVT     saed32rvt_c      n, S
data_sync_reg[1]          DFFARX1_RVT     saed32rvt_c      n, S
placeHFSINV_433_2         INVX0_RVT       saed32rvt_c      
sync_cell_aclk_dma_wkup   omsp_sync_cell_8                 h
data_sync_reg[0]          DFFARX1_RVT     saed32rvt_c      n, S
data_sync_reg[1]          DFFARX1_RVT     saed32rvt_c      n, S
placeHFSINV_1856_3        INVX0_RVT       saed32rvt_c      
clock_gate_aclk           omsp_clock_gate_32               h
enable_latch_reg          LATCHX1_RVT     saed32rvt_c      n, S
U2                        INVX8_RVT       saed32rvt_c      
U3                        AND2X1_RVT      saed32rvt_c      S
U4                        OR2X1_RVT       saed32rvt_c      
sync_cell_smclk_dma_wkup  omsp_sync_cell_7                 h
data_sync_reg[0]          DFFARX1_RVT     saed32rvt_c      n, S
data_sync_reg[1]          DFFARX1_RVT     saed32rvt_c      n, S
placeHFSBUF_31215_21      NBUFFX8_RVT     saed32rvt_c      
clock_gate_smclk          omsp_clock_gate_31               h
enable_latch_reg          LATCHX1_RVT     saed32rvt_c      n, S
U2                        INVX2_RVT       saed32rvt_c      
U3                        AND2X4_RVT      saed32rvt_c      S
U4                        OR2X1_RVT       saed32rvt_c      
clock_gate_dbg_clk        omsp_clock_gate_30               h
enable_latch_reg          LATCHX1_RVT     saed32rvt_c      n, S
U2                        INVX8_RVT       saed32rvt_c      
U3                        AND2X4_RVT      saed32rvt_c      S
U4                        OR2X1_RVT       saed32rvt_c      
sync_reset_por            omsp_sync_reset_0                h
data_sync_reg[0]          DFFASX1_RVT     saed32rvt_c      n, S
data_sync_reg[1]          DFFASX1_RVT     saed32rvt_c      n, S
placeHFSINV_573_42        INVX0_RVT       saed32rvt_c      
scan_mux_por              omsp_scan_mux_8                  h
U2                        AO22X1_RVT      saed32rvt_c      
placeHFSINV_358_65        INVX2_RVT       saed32rvt_c      
scan_mux_dbg_rst          omsp_scan_mux_7                  h
U2                        AO22X2_RVT      saed32rvt_c      
placeHFSINV_148_66        INVX0_RVT       saed32rvt_c      
scan_mux_puc_rst_a        omsp_scan_mux_6                  h
U2                        AO22X1_RVT      saed32rvt_c      
placeHFSINV_441_67        INVX0_RVT       saed32rvt_c      
sync_cell_puc             omsp_sync_cell_6                 h
data_sync_reg[0]          DFFARX1_RVT     saed32rvt_c      n, S
data_sync_reg[1]          DFFARX1_RVT     saed32rvt_c      n, S
U3                        IBUFFX32_RVT    saed32rvt_c      
scan_mux_puc_rst          omsp_scan_mux_5                  h
U1                        AO22X1_RVT      saed32rvt_c      
placeHFSINV_477_68        INVX0_RVT       saed32rvt_c      
lfxt_disable_reg          DFFASX1_RVT     saed32rvt_c      n, S
dco_disable_reg           DFFASX1_RVT     saed32rvt_c      n, S
smclk_div_reg[0]          DFFARX1_RVT     saed32rvt_c      n, S
smclk_div_reg[1]          DFFARX1_RVT     saed32rvt_c      n, S
smclk_div_reg[2]          DFFARX1_RVT     saed32rvt_c      n, S
divax_ss_reg[1]           DFFARX1_RVT     saed32rvt_c      n, S
aclk_div_reg[0]           DFFARX1_RVT     saed32rvt_c      n, S
placeHFSINV_33843_22      INVX8_RVT       saed32rvt_c      
U6                        XNOR2X2_RVT     saed32rvt_c      
U8                        OAI21X1_RVT     saed32rvt_c      
U10                       AOI221X1_RVT    saed32rvt_c      
U12                       XOR2X1_RVT      saed32rvt_c      
U13                       XOR2X1_RVT      saed32rvt_c      
U17                       XNOR2X2_RVT     saed32rvt_c      
U19                       XNOR2X2_RVT     saed32rvt_c      
U21                       XNOR2X1_RVT     saed32rvt_c      
U22                       XOR2X1_RVT      saed32rvt_c      
U25                       XOR2X2_RVT      saed32rvt_c      
U31                       XOR2X1_RVT      saed32rvt_c      
placeHFSINV_376_69        INVX0_RVT       saed32rvt_c      
placeHFSINV_884_70        INVX2_RVT       saed32rvt_c      
U37                       INVX0_RVT       saed32rvt_c      
placeHFSINV_620_71        INVX2_RVT       saed32rvt_c      
U40                       INVX0_RVT       saed32rvt_c      
U42                       INVX0_RVT       saed32rvt_c      
placeHFSINV_5_72          INVX0_RVT       saed32rvt_c      
U44                       IBUFFX16_RVT    saed32rvt_c      
U45                       IBUFFX16_RVT    saed32rvt_c      
U46                       IBUFFX16_RVT    saed32rvt_c      
U47                       IBUFFX16_RVT    saed32rvt_c      
U48                       IBUFFX8_RVT     saed32rvt_c      
U49                       IBUFFX16_RVT    saed32rvt_c      
placeHFSINV_8_76          INVX0_RVT       saed32rvt_c      
placeHFSINV_60_73         INVX16_RVT      saed32rvt_c      
placeHFSINV_21_5          INVX2_RVT       saed32rvt_c      
placeHFSBUF_36_4          NBUFFX4_RVT     saed32rvt_c      
U54                       IBUFFX32_RVT    saed32rvt_c      
U59                       INVX0_RVT       saed32rvt_c      
U72                       IBUFFX2_RVT     saed32rvt_c      
placeHFSINV_29902_23      INVX8_RVT       saed32rvt_c      
U76                       INVX0_RVT       saed32rvt_c      
U78                       INVX0_RVT       saed32rvt_c      
placeHFSINV_634_112       INVX2_RVT       saed32rvt_c      
placeHFSINV_289_118       INVX0_RVT       saed32rvt_c      
placeHFSINV_1298_43       INVX4_RVT       saed32rvt_c      
frontend_0                omsp_frontend                    h
pmem_busy_reg             DFFARX1_RVT     saed32rvt_c      n, S
e_state_reg[0]            DFFASX1_RVT     saed32rvt_c      n, S
e_state_reg[1]            DFFARX1_RVT     saed32rvt_c      n, S
e_state_reg[2]            DFFARX1_RVT     saed32rvt_c      n, S
exec_dst_wr_reg           DFFARX1_RVT     saed32rvt_c      n, S
e_state_reg[3]            DFFARX1_RVT     saed32rvt_c      n, S
inst_irq_rst_reg          DFFASX1_RVT     saed32rvt_c      n, S
i_state_reg[0]            DFFARX1_RVT     saed32rvt_c      n, S
cpu_halt_st_reg           DFFARX1_RVT     saed32rvt_c      n, S
inst_jmp_bin_reg[2]       DFFARX1_RVT     saed32rvt_c      n, S
inst_jmp_bin_reg[1]       DFFARX1_RVT     saed32rvt_c      n, S
inst_jmp_bin_reg[0]       DFFARX1_RVT     saed32rvt_c      n, S
inst_dest_bin_reg[3]      DFFARX1_RVT     saed32rvt_c      n, S
inst_dest_bin_reg[2]      DFFARX1_RVT     saed32rvt_c      n, S
inst_dest_bin_reg[1]      DFFARX1_RVT     saed32rvt_c      n, S
inst_dest_bin_reg[0]      DFFARX1_RVT     saed32rvt_c      n, S
inst_src_bin_reg[3]       DFFARX1_RVT     saed32rvt_c      n, S
inst_src_bin_reg[2]       DFFARX1_RVT     saed32rvt_c      n, S
inst_src_bin_reg[1]       DFFARX1_RVT     saed32rvt_c      n, S
inst_src_bin_reg[0]       DFFARX1_RVT     saed32rvt_c      n, S
inst_type_reg[1]          DFFARX1_RVT     saed32rvt_c      n, S
inst_so_reg[4]            DFFARX1_RVT     saed32rvt_c      n, S
inst_so_reg[5]            DFFARX1_RVT     saed32rvt_c      n, S
inst_so_reg[6]            DFFARX1_RVT     saed32rvt_c      n, S
inst_so_reg[7]            DFFARX1_RVT     saed32rvt_c      n, S
inst_as_reg[6]            DFFARX1_RVT     saed32rvt_c      n, S
inst_as_reg[1]            DFFARX1_RVT     saed32rvt_c      n, S
inst_as_reg[4]            DFFARX1_RVT     saed32rvt_c      n, S
inst_as_reg[5]            DFFARX1_RVT     saed32rvt_c      n, S
inst_type_reg[0]          DFFARX1_RVT     saed32rvt_c      n, S
exec_src_wr_reg           DFFARX1_RVT     saed32rvt_c      n, S
inst_type_reg[2]          DFFARX1_RVT     saed32rvt_c      n, S
inst_ad_reg[1]            DFFARX1_RVT     saed32rvt_c      n, S
inst_ad_reg[6]            DFFARX1_RVT     saed32rvt_c      n, S
inst_sz_reg[1]            DFFARX1_RVT     saed32rvt_c      n, S
inst_ad_reg[4]            DFFARX1_RVT     saed32rvt_c      n, S
exec_jmp_reg              DFFARX1_RVT     saed32rvt_c      n, S
i_state_reg[2]            DFFARX1_RVT     saed32rvt_c      n, S
i_state_reg[1]            DFFARX1_RVT     saed32rvt_c      n, S
exec_dext_rdy_reg         DFFARX1_RVT     saed32rvt_c      n, S
inst_dext_reg[11]         DFFARX1_RVT     saed32rvt_c      n, S
inst_sext_reg[11]         DFFARX1_RVT     saed32rvt_c      n, S
inst_dext_reg[12]         DFFARX1_RVT     saed32rvt_c      n, S
inst_sext_reg[12]         DFFARX1_RVT     saed32rvt_c      n, S
inst_dext_reg[13]         DFFARX1_RVT     saed32rvt_c      n, S
inst_sext_reg[13]         DFFARX1_RVT     saed32rvt_c      n, S
inst_dext_reg[14]         DFFARX1_RVT     saed32rvt_c      n, S
inst_sext_reg[14]         DFFARX1_RVT     saed32rvt_c      n, S
inst_dext_reg[15]         DFFARX1_RVT     saed32rvt_c      n, S
inst_sext_reg[15]         DFFARX1_RVT     saed32rvt_c      n, S
pc_reg[9]                 DFFARX1_RVT     saed32rvt_c      n, S
pc_reg[10]                DFFARX1_RVT     saed32rvt_c      n, S
pc_reg[11]                DFFARX1_RVT     saed32rvt_c      n, S
pc_reg[12]                DFFARX1_RVT     saed32rvt_c      n, S
pc_reg[13]                DFFARX1_RVT     saed32rvt_c      n, S
pc_reg[14]                DFFARX1_RVT     saed32rvt_c      n, S
pc_reg[15]                DFFARX1_RVT     saed32rvt_c      n, S
U3                        AO221X1_RVT     saed32rvt_c      
U4                        AO21X1_RVT      saed32rvt_c      
U5                        AO221X1_RVT     saed32rvt_c      
U8                        AO21X1_RVT      saed32rvt_c      
U9                        AO221X1_RVT     saed32rvt_c      
U10                       AO21X1_RVT      saed32rvt_c      
U11                       AO221X1_RVT     saed32rvt_c      
U12                       AO21X1_RVT      saed32rvt_c      
U13                       AO221X1_RVT     saed32rvt_c      
U14                       AO21X1_RVT      saed32rvt_c      
U15                       AO221X1_RVT     saed32rvt_c      
U16                       AO22X1_RVT      saed32rvt_c      
U17                       AO221X1_RVT     saed32rvt_c      
U18                       AO22X1_RVT      saed32rvt_c      
U19                       AO221X1_RVT     saed32rvt_c      
U20                       AO22X1_RVT      saed32rvt_c      
U21                       AO221X1_RVT     saed32rvt_c      
U22                       AO22X1_RVT      saed32rvt_c      
U23                       AO221X1_RVT     saed32rvt_c      
U24                       AO21X1_RVT      saed32rvt_c      
U25                       AO221X1_RVT     saed32rvt_c      
U26                       AO21X1_RVT      saed32rvt_c      
U27                       AO221X1_RVT     saed32rvt_c      
U28                       AO21X1_RVT      saed32rvt_c      
U29                       AO221X1_RVT     saed32rvt_c      
U30                       AO21X1_RVT      saed32rvt_c      
U31                       AO221X1_RVT     saed32rvt_c      
U32                       AO21X1_RVT      saed32rvt_c      
U33                       AO221X1_RVT     saed32rvt_c      
U34                       AO21X1_RVT      saed32rvt_c      
U36                       AO222X1_RVT     saed32rvt_c      
U39                       NAND3X0_RVT     saed32rvt_c      
U40                       NAND3X0_RVT     saed32rvt_c      
U41                       NAND2X0_RVT     saed32rvt_c      
U42                       AND2X2_RVT      saed32rvt_c      
U43                       NOR2X0_RVT      saed32rvt_c      
U50                       AND2X1_RVT      saed32rvt_c      
U54                       AND2X1_RVT      saed32rvt_c      
U55                       OAI22X1_RVT     saed32rvt_c      
U56                       NAND2X0_RVT     saed32rvt_c      
U57                       NAND3X0_RVT     saed32rvt_c      
U58                       AND2X1_RVT      saed32rvt_c      
U59                       AO22X1_RVT      saed32rvt_c      
U61                       NAND3X0_RVT     saed32rvt_c      
U62                       NAND3X0_RVT     saed32rvt_c      
U63                       AO221X1_RVT     saed32rvt_c      
U64                       NAND2X0_RVT     saed32rvt_c      
U65                       AO21X1_RVT      saed32rvt_c      
U68                       AO22X1_RVT      saed32rvt_c      
U69                       NAND2X0_RVT     saed32rvt_c      
U70                       NAND2X0_RVT     saed32rvt_c      
U71                       AND2X1_RVT      saed32rvt_c      
U72                       NAND4X0_RVT     saed32rvt_c      
U73                       OA21X1_RVT      saed32rvt_c      
U74                       NAND2X0_RVT     saed32rvt_c      
U75                       NAND3X0_RVT     saed32rvt_c      
U76                       AND2X1_RVT      saed32rvt_c      
U77                       AND2X2_RVT      saed32rvt_c      
U78                       AND2X2_RVT      saed32rvt_c      
U79                       AND2X1_RVT      saed32rvt_c      
U80                       AND3X1_RVT      saed32rvt_c      
U81                       AND2X1_RVT      saed32rvt_c      
U82                       AND2X2_RVT      saed32rvt_c      
U83                       AND2X1_RVT      saed32rvt_c      
U84                       AND2X1_RVT      saed32rvt_c      
U85                       AND2X1_RVT      saed32rvt_c      
U86                       AND2X1_RVT      saed32rvt_c      
U87                       AND2X1_RVT      saed32rvt_c      
U88                       AND2X1_RVT      saed32rvt_c      
U89                       AND3X1_RVT      saed32rvt_c      
U91                       AND2X1_RVT      saed32rvt_c      
U92                       AND2X1_RVT      saed32rvt_c      
U94                       AND2X1_RVT      saed32rvt_c      
U95                       AND2X1_RVT      saed32rvt_c      
U97                       AND3X1_RVT      saed32rvt_c      
U99                       AND2X1_RVT      saed32rvt_c      
U100                      AND3X1_RVT      saed32rvt_c      
U102                      AND2X1_RVT      saed32rvt_c      
U103                      AND3X1_RVT      saed32rvt_c      
U105                      AND3X1_RVT      saed32rvt_c      
U106                      AO22X1_RVT      saed32rvt_c      
U107                      AO22X1_RVT      saed32rvt_c      
U108                      AO22X1_RVT      saed32rvt_c      
U109                      AO22X1_RVT      saed32rvt_c      
U110                      AO22X1_RVT      saed32rvt_c      
U111                      AO22X1_RVT      saed32rvt_c      
U112                      AND3X1_RVT      saed32rvt_c      
U113                      AO22X1_RVT      saed32rvt_c      
U114                      AO22X1_RVT      saed32rvt_c      
U115                      AO222X1_RVT     saed32rvt_c      
U116                      AND3X1_RVT      saed32rvt_c      
U117                      AO22X1_RVT      saed32rvt_c      
U118                      AO22X1_RVT      saed32rvt_c      
U119                      AND2X1_RVT      saed32rvt_c      
U120                      AO22X1_RVT      saed32rvt_c      
U121                      AO22X1_RVT      saed32rvt_c      
U122                      AND2X1_RVT      saed32rvt_c      
U124                      AND3X1_RVT      saed32rvt_c      
U125                      AO22X1_RVT      saed32rvt_c      
U126                      AND3X1_RVT      saed32rvt_c      
U128                      AO22X1_RVT      saed32rvt_c      
U129                      AND3X1_RVT      saed32rvt_c      
U131                      AND2X1_RVT      saed32rvt_c      
U133                      AND3X1_RVT      saed32rvt_c      
U134                      AO222X1_RVT     saed32rvt_c      
U135                      AND3X1_RVT      saed32rvt_c      
U136                      AND4X1_RVT      saed32rvt_c      
U138                      NOR2X0_RVT      saed32rvt_c      
U140                      AND2X1_RVT      saed32rvt_c      
U141                      AND3X1_RVT      saed32rvt_c      
U143                      AND2X1_RVT      saed32rvt_c      
U144                      AND2X1_RVT      saed32rvt_c      
U145                      AND3X1_RVT      saed32rvt_c      
U146                      AO21X1_RVT      saed32rvt_c      
placeHFSBUF_2226_6        NBUFFX8_RVT     saed32rvt_c      
U148                      AND3X1_RVT      saed32rvt_c      
U149                      AND3X1_RVT      saed32rvt_c      
U150                      AND3X1_RVT      saed32rvt_c      
U151                      NOR2X0_RVT      saed32rvt_c      
U152                      AND3X1_RVT      saed32rvt_c      
U153                      AND3X1_RVT      saed32rvt_c      
U155                      AND3X1_RVT      saed32rvt_c      
U157                      AND3X1_RVT      saed32rvt_c      
U158                      AND2X1_RVT      saed32rvt_c      
U159                      AO22X2_RVT      saed32rvt_c      
U160                      AO22X2_RVT      saed32rvt_c      
U161                      AO22X1_RVT      saed32rvt_c      
U162                      AO22X1_RVT      saed32rvt_c      
U163                      AO22X1_RVT      saed32rvt_c      
U164                      AO22X1_RVT      saed32rvt_c      
U165                      AND3X1_RVT      saed32rvt_c      
U166                      AO22X1_RVT      saed32rvt_c      
U167                      AO22X1_RVT      saed32rvt_c      
U168                      AO222X2_RVT     saed32rvt_c      
U169                      AND2X1_RVT      saed32rvt_c      
U170                      AND3X1_RVT      saed32rvt_c      
U171                      AO22X1_RVT      saed32rvt_c      
U172                      AO22X1_RVT      saed32rvt_c      
U173                      AND2X1_RVT      saed32rvt_c      
U174                      AO22X2_RVT      saed32rvt_c      
U175                      AND2X2_RVT      saed32rvt_c      
U176                      AO22X1_RVT      saed32rvt_c      
U177                      AND2X1_RVT      saed32rvt_c      
U178                      AND3X1_RVT      saed32rvt_c      
U180                      AO22X1_RVT      saed32rvt_c      
U181                      AND3X1_RVT      saed32rvt_c      
U182                      AND2X2_RVT      saed32rvt_c      
U184                      AO22X1_RVT      saed32rvt_c      
U185                      AND3X1_RVT      saed32rvt_c      
U186                      AND2X1_RVT      saed32rvt_c      
U187                      AND2X2_RVT      saed32rvt_c      
U189                      AND3X1_RVT      saed32rvt_c      
U191                      AO222X1_RVT     saed32rvt_c      
U192                      AND2X1_RVT      saed32rvt_c      
U195                      AND3X1_RVT      saed32rvt_c      
U198                      AND2X1_RVT      saed32rvt_c      
U199                      AND3X1_RVT      saed32rvt_c      
U200                      NOR3X0_RVT      saed32rvt_c      
U203                      NAND3X0_RVT     saed32rvt_c      
U204                      AND2X1_RVT      saed32rvt_c      
U205                      AND2X1_RVT      saed32rvt_c      
U206                      AND3X1_RVT      saed32rvt_c      
U207                      NAND2X0_RVT     saed32rvt_c      
U208                      NAND3X0_RVT     saed32rvt_c      
U209                      NAND2X0_RVT     saed32rvt_c      
U210                      NAND4X0_RVT     saed32rvt_c      
U211                      AND2X1_RVT      saed32rvt_c      
U213                      NAND2X0_RVT     saed32rvt_c      
U215                      AO21X1_RVT      saed32rvt_c      
U216                      AND3X1_RVT      saed32rvt_c      
U218                      NAND2X0_RVT     saed32rvt_c      
U219                      NOR2X0_RVT      saed32rvt_c      
U220                      AO21X1_RVT      saed32rvt_c      
U222                      AO21X1_RVT      saed32rvt_c      
U223                      AND2X1_RVT      saed32rvt_c      
U224                      NAND4X0_RVT     saed32rvt_c      
U225                      AOI21X1_RVT     saed32rvt_c      
U226                      NAND2X0_RVT     saed32rvt_c      
U227                      NAND2X0_RVT     saed32rvt_c      
U228                      AOI21X1_RVT     saed32rvt_c      
U230                      AND2X1_RVT      saed32rvt_c      
U232                      NAND3X0_RVT     saed32rvt_c      
U233                      NAND3X0_RVT     saed32rvt_c      
U234                      AND2X1_RVT      saed32rvt_c      
U235                      NAND2X0_RVT     saed32rvt_c      
U236                      AND2X1_RVT      saed32rvt_c      
U237                      NAND3X0_RVT     saed32rvt_c      
U238                      AND3X1_RVT      saed32rvt_c      
U240                      AND2X1_RVT      saed32rvt_c      
U241                      NAND3X0_RVT     saed32rvt_c      
U243                      NAND4X0_RVT     saed32rvt_c      
U244                      NAND3X0_RVT     saed32rvt_c      
U245                      NAND2X0_RVT     saed32rvt_c      
U246                      NAND2X1_RVT     saed32rvt_c      
U247                      AO222X1_RVT     saed32rvt_c      
U248                      NAND2X0_RVT     saed32rvt_c      
U250                      OA21X1_RVT      saed32rvt_c      
U251                      NAND3X0_RVT     saed32rvt_c      
U252                      NAND3X0_RVT     saed32rvt_c      
U253                      NAND3X0_RVT     saed32rvt_c      
U254                      NAND4X0_RVT     saed32rvt_c      
U255                      OA221X1_RVT     saed32rvt_c      
U256                      OA21X1_RVT      saed32rvt_c      
U257                      OA22X1_RVT      saed32rvt_c      
U258                      OA21X1_RVT      saed32rvt_c      
U259                      OA21X1_RVT      saed32rvt_c      
U260                      AND3X1_RVT      saed32rvt_c      
U262                      OA21X1_RVT      saed32rvt_c      
U263                      NAND4X0_RVT     saed32rvt_c      
U264                      AND4X1_RVT      saed32rvt_c      
U265                      NAND3X0_RVT     saed32rvt_c      
U266                      NAND4X0_RVT     saed32rvt_c      
U267                      AND4X1_RVT      saed32rvt_c      
U268                      NAND3X0_RVT     saed32rvt_c      
U269                      NAND3X0_RVT     saed32rvt_c      
U270                      NAND4X0_RVT     saed32rvt_c      
U271                      AND2X1_RVT      saed32rvt_c      
U272                      OR3X1_RVT       saed32rvt_c      
U273                      NAND2X0_RVT     saed32rvt_c      
U274                      NAND3X0_RVT     saed32rvt_c      
U276                      NAND2X0_RVT     saed32rvt_c      
U277                      NAND3X0_RVT     saed32rvt_c      
U278                      AO21X1_RVT      saed32rvt_c      
U279                      NAND3X0_RVT     saed32rvt_c      
U280                      AND3X1_RVT      saed32rvt_c      
U281                      NAND3X0_RVT     saed32rvt_c      
U283                      OA21X1_RVT      saed32rvt_c      
U284                      NAND4X0_RVT     saed32rvt_c      
U287                      NAND2X0_RVT     saed32rvt_c      
U289                      NAND2X0_RVT     saed32rvt_c      
U290                      NAND2X0_RVT     saed32rvt_c      
U291                      NAND4X0_RVT     saed32rvt_c      
U292                      AO21X1_RVT      saed32rvt_c      
U293                      NAND3X0_RVT     saed32rvt_c      
U294                      NAND3X0_RVT     saed32rvt_c      
U295                      NAND2X0_RVT     saed32rvt_c      
U297                      AO21X1_RVT      saed32rvt_c      
U299                      NAND4X0_RVT     saed32rvt_c      
U300                      OR2X1_RVT       saed32rvt_c      
U301                      OR2X1_RVT       saed32rvt_c      
U302                      AO21X1_RVT      saed32rvt_c      
U303                      AO21X1_RVT      saed32rvt_c      
U304                      AO21X1_RVT      saed32rvt_c      
U305                      AO21X1_RVT      saed32rvt_c      
U306                      AO21X1_RVT      saed32rvt_c      
U307                      AO21X1_RVT      saed32rvt_c      
U308                      AO21X1_RVT      saed32rvt_c      
U309                      AO221X1_RVT     saed32rvt_c      
U310                      AO221X1_RVT     saed32rvt_c      
U311                      AO221X1_RVT     saed32rvt_c      
U312                      AO221X1_RVT     saed32rvt_c      
U313                      AO221X1_RVT     saed32rvt_c      
U314                      AO221X1_RVT     saed32rvt_c      
U315                      AO221X1_RVT     saed32rvt_c      
U316                      AO21X1_RVT      saed32rvt_c      
U318                      AO221X1_RVT     saed32rvt_c      
U319                      AO21X1_RVT      saed32rvt_c      
U321                      AO222X1_RVT     saed32rvt_c      
U323                      AO221X1_RVT     saed32rvt_c      
U327                      NAND2X0_RVT     saed32rvt_c      
U328                      NAND2X0_RVT     saed32rvt_c      
U331                      NAND2X0_RVT     saed32rvt_c      
U332                      OR2X2_RVT       saed32rvt_c      
U333                      AO21X1_RVT      saed32rvt_c      
U334                      NAND3X0_RVT     saed32rvt_c      
U335                      NAND2X0_RVT     saed32rvt_c      
U336                      AND2X1_RVT      saed32rvt_c      
U337                      NAND3X0_RVT     saed32rvt_c      
U338                      NAND3X0_RVT     saed32rvt_c      
U341                      AND2X1_RVT      saed32rvt_c      
U343                      AOI21X1_RVT     saed32rvt_c      
U344                      AO221X1_RVT     saed32rvt_c      
U345                      AND3X1_RVT      saed32rvt_c      
U346                      AO21X1_RVT      saed32rvt_c      
U348                      NAND3X0_RVT     saed32rvt_c      
U349                      AO22X1_RVT      saed32rvt_c      
U351                      AND2X1_RVT      saed32rvt_c      
U352                      NAND3X0_RVT     saed32rvt_c      
U353                      AND4X2_RVT      saed32rvt_c      
U354                      AND4X2_RVT      saed32rvt_c      
U355                      AND3X4_RVT      saed32rvt_c      
U356                      AND3X2_RVT      saed32rvt_c      
U357                      AND2X1_RVT      saed32rvt_c      
U358                      NAND4X0_RVT     saed32rvt_c      
U359                      NAND3X0_RVT     saed32rvt_c      
U360                      NAND2X0_RVT     saed32rvt_c      
U361                      AND4X1_RVT      saed32rvt_c      
U362                      AND2X1_RVT      saed32rvt_c      
U363                      AND4X1_RVT      saed32rvt_c      
U364                      NAND4X0_RVT     saed32rvt_c      
U365                      AND4X1_RVT      saed32rvt_c      
U366                      NAND3X0_RVT     saed32rvt_c      
U367                      AND2X1_RVT      saed32rvt_c      
U368                      NAND3X0_RVT     saed32rvt_c      
U369                      AND4X1_RVT      saed32rvt_c      
U370                      NAND3X0_RVT     saed32rvt_c      
U371                      AND2X1_RVT      saed32rvt_c      
U372                      NAND3X0_RVT     saed32rvt_c      
U373                      AND2X1_RVT      saed32rvt_c      
U374                      AND4X1_RVT      saed32rvt_c      
U375                      NAND3X0_RVT     saed32rvt_c      
U376                      AND3X1_RVT      saed32rvt_c      
U377                      AND3X1_RVT      saed32rvt_c      
U378                      NAND2X0_RVT     saed32rvt_c      
U379                      NAND4X0_RVT     saed32rvt_c      
U380                      NAND3X0_RVT     saed32rvt_c      
U381                      NAND2X0_RVT     saed32rvt_c      
U382                      OR2X1_RVT       saed32rvt_c      
U383                      AND2X1_RVT      saed32rvt_c      
U384                      AND2X1_RVT      saed32rvt_c      
U385                      NAND3X0_RVT     saed32rvt_c      
U387                      AND3X1_RVT      saed32rvt_c      
U388                      NAND3X0_RVT     saed32rvt_c      
U389                      NAND3X0_RVT     saed32rvt_c      
U390                      NAND4X0_RVT     saed32rvt_c      
U391                      OR2X1_RVT       saed32rvt_c      
U392                      AND2X1_RVT      saed32rvt_c      
U394                      NAND3X0_RVT     saed32rvt_c      
U395                      NAND3X0_RVT     saed32rvt_c      
U396                      NAND2X0_RVT     saed32rvt_c      
U397                      NAND3X0_RVT     saed32rvt_c      
U398                      NOR3X0_RVT      saed32rvt_c      
U399                      NAND3X0_RVT     saed32rvt_c      
U400                      AND3X1_RVT      saed32rvt_c      
U402                      AND2X2_RVT      saed32rvt_c      
U403                      AO21X1_RVT      saed32rvt_c      
U404                      NAND2X0_RVT     saed32rvt_c      
U405                      NAND3X0_RVT     saed32rvt_c      
U407                      NAND3X0_RVT     saed32rvt_c      
U408                      NAND3X0_RVT     saed32rvt_c      
U410                      NAND3X0_RVT     saed32rvt_c      
U411                      NAND2X0_RVT     saed32rvt_c      
U414                      NAND2X0_RVT     saed32rvt_c      
U415                      AND2X1_RVT      saed32rvt_c      
U416                      NAND3X2_RVT     saed32rvt_c      
U417                      NAND4X0_RVT     saed32rvt_c      
U418                      NAND2X0_RVT     saed32rvt_c      
U419                      NAND2X0_RVT     saed32rvt_c      
U421                      NAND3X0_RVT     saed32rvt_c      
U422                      OA22X1_RVT      saed32rvt_c      
U426                      AO22X1_RVT      saed32rvt_c      
U427                      AOI22X1_RVT     saed32rvt_c      
U428                      OR2X1_RVT       saed32rvt_c      
U429                      OR2X1_RVT       saed32rvt_c      
U431                      NAND3X2_RVT     saed32rvt_c      
U433                      NAND2X0_RVT     saed32rvt_c      
U437                      NAND2X0_RVT     saed32rvt_c      
U438                      NAND3X0_RVT     saed32rvt_c      
U440                      NAND3X0_RVT     saed32rvt_c      
U442                      NAND2X0_RVT     saed32rvt_c      
U443                      AOI22X1_RVT     saed32rvt_c      
U444                      OA21X1_RVT      saed32rvt_c      
U445                      AND3X1_RVT      saed32rvt_c      
U448                      NAND2X0_RVT     saed32rvt_c      
U449                      AOI21X1_RVT     saed32rvt_c      
U451                      NAND2X0_RVT     saed32rvt_c      
U453                      OA21X1_RVT      saed32rvt_c      
U455                      NAND2X0_RVT     saed32rvt_c      
U458                      NAND4X0_RVT     saed32rvt_c      
U459                      OR3X1_RVT       saed32rvt_c      
U460                      NAND2X0_RVT     saed32rvt_c      
U461                      NAND2X0_RVT     saed32rvt_c      
U462                      OR3X1_RVT       saed32rvt_c      
U463                      NAND2X0_RVT     saed32rvt_c      
U465                      NAND3X0_RVT     saed32rvt_c      
U466                      AND2X1_RVT      saed32rvt_c      
U468                      NAND3X0_RVT     saed32rvt_c      
U470                      NAND2X0_RVT     saed32rvt_c      
U472                      AND2X1_RVT      saed32rvt_c      
U474                      NAND3X0_RVT     saed32rvt_c      
U476                      NAND2X0_RVT     saed32rvt_c      
U477                      AND3X1_RVT      saed32rvt_c      
U481                      NAND3X0_RVT     saed32rvt_c      
U485                      NAND2X0_RVT     saed32rvt_c      
U486                      OR3X2_RVT       saed32rvt_c      
U491                      NAND2X0_RVT     saed32rvt_c      
clock_gate_irq_num        omsp_clock_gate_29               h
enable_latch_reg          LATCHX1_RVT     saed32rvt_c      n, S
cts_inv_7033076           INVX4_RVT       saed32rvt_c      
U3                        AND2X1_RVT      saed32rvt_c      S
U4                        OR2X1_RVT       saed32rvt_c      
and_mirq_wkup             omsp_and_gate_5                  h
U1                        AND2X1_RVT      saed32rvt_c      
and_mclk_wkup             omsp_and_gate_4                  h
U1                        AND2X1_RVT      saed32rvt_c      
and_mclk_dma_wkup         omsp_and_gate_3                  h
U1                        AND2X1_RVT      saed32rvt_c      
clock_gate_pc             omsp_clock_gate_28               h
enable_latch_reg          LATCHX1_RVT     saed32rvt_c      n, S
cts_inv_7083081           INVX32_RVT      saed32rvt_c      
U3                        AND2X4_RVT      saed32rvt_c      S
U4                        OR2X1_RVT       saed32rvt_c      
clock_gate_inst_sext      omsp_clock_gate_27               h
enable_latch_reg          LATCHX1_RVT     saed32rvt_c      n, S
cts_inv_7393112           INVX8_RVT       saed32rvt_c      
U3                        AND2X4_RVT      saed32rvt_c      S
U4                        OR2X1_RVT       saed32rvt_c      
clock_gate_inst_dext      omsp_clock_gate_26               h
enable_latch_reg          LATCHX1_RVT     saed32rvt_c      n, S
cts_inv_7443117           INVX2_RVT       saed32rvt_c      
U3                        AND2X4_RVT      saed32rvt_c      S
U4                        OR2X1_RVT       saed32rvt_c      
clock_gate_decode         omsp_clock_gate_25               h
enable_latch_reg          LATCHX1_RVT     saed32rvt_c      n, S
clockZBUF_inst_2159       NBUFFX4_RVT     saed32rvt_c      
U3                        AND2X1_RVT      saed32rvt_c      S
U4                        OR2X1_RVT       saed32rvt_c      
add_458/U1_2              FADDX1_RVT      saed32rvt_c      
add_458/U1_3              FADDX1_RVT      saed32rvt_c      
add_458/U1_4              FADDX1_RVT      saed32rvt_c      
add_458/U1_5              FADDX1_RVT      saed32rvt_c      
add_458/U1_6              FADDX1_RVT      saed32rvt_c      
add_458/U1_7              FADDX1_RVT      saed32rvt_c      
add_458/U1_8              FADDX1_RVT      saed32rvt_c      
add_458/U1_9              FADDX1_RVT      saed32rvt_c      
add_458/U1_10             FADDX1_RVT      saed32rvt_c      
add_458/U1_11             FADDX1_RVT      saed32rvt_c      
add_458/U1_12             FADDX1_RVT      saed32rvt_c      
add_458/U1_13             FADDX1_RVT      saed32rvt_c      
add_458/U1_14             FADDX1_RVT      saed32rvt_c      
add_458/U1_15             FADDX1_RVT      saed32rvt_c      
inst_bw_reg               DFFARX2_RVT     saed32rvt_c      n, S
irq_num_reg[1]            DFFASX1_RVT     saed32rvt_c      n, S
irq_num_reg[0]            DFFASX1_RVT     saed32rvt_c      n, S
irq_num_reg[3]            DFFASX1_RVT     saed32rvt_c      n, S
irq_num_reg[2]            DFFASX1_RVT     saed32rvt_c      n, S
inst_dext_reg[0]          DFFARX1_RVT     saed32rvt_c      n, S
inst_ad_reg[0]            DFFARX1_RVT     saed32rvt_c      n, S
inst_alu_reg[11]          DFFARX1_RVT     saed32rvt_c      n, S
inst_alu_reg[7]           DFFARX1_RVT     saed32rvt_c      n, S
inst_mov_reg              DFFARX1_RVT     saed32rvt_c      n, S
inst_alu_reg[1]           DFFARX1_RVT     saed32rvt_c      n, S
inst_so_reg[3]            DFFARX1_RVT     saed32rvt_c      n, S
inst_alu_reg[6]           DFFARX1_RVT     saed32rvt_c      n, S
inst_alu_reg[0]           DFFARX1_RVT     saed32rvt_c      n, S
inst_so_reg[0]            DFFARX1_RVT     saed32rvt_c      n, S
inst_so_reg[2]            DFFARX1_RVT     saed32rvt_c      n, S
inst_alu_reg[8]           DFFARX1_RVT     saed32rvt_c      n, S
inst_alu_reg[2]           DFFARX1_RVT     saed32rvt_c      n, S
inst_alu_reg[3]           DFFARX1_RVT     saed32rvt_c      n, S
inst_alu_reg[9]           DFFARX1_RVT     saed32rvt_c      n, S
inst_as_reg[3]            DFFARX1_RVT     saed32rvt_c      n, S
pc_reg[0]                 DFFARX1_RVT     saed32rvt_c      n, S
inst_as_reg[2]            DFFARX1_RVT     saed32rvt_c      n, S
inst_as_reg[7]            DFFARX1_RVT     saed32rvt_c      n, S
inst_as_reg[0]            DFFARX1_RVT     saed32rvt_c      n, S
inst_sz_reg[0]            DFFARX1_RVT     saed32rvt_c      n, S
inst_sext_reg[0]          DFFARX1_RVT     saed32rvt_c      n, S
inst_dext_reg[1]          DFFARX1_RVT     saed32rvt_c      n, S
pc_reg[1]                 DFFARX1_RVT     saed32rvt_c      n, S
inst_dext_reg[2]          DFFARX1_RVT     saed32rvt_c      n, S
pc_reg[2]                 DFFARX1_RVT     saed32rvt_c      n, S
inst_sext_reg[1]          DFFARX1_RVT     saed32rvt_c      n, S
pc_reg[3]                 DFFARX1_RVT     saed32rvt_c      n, S
inst_dext_reg[3]          DFFARX1_RVT     saed32rvt_c      n, S
inst_sext_reg[2]          DFFARX1_RVT     saed32rvt_c      n, S
pc_reg[4]                 DFFARX1_RVT     saed32rvt_c      n, S
inst_sext_reg[3]          DFFARX1_RVT     saed32rvt_c      n, S
inst_dext_reg[4]          DFFARX1_RVT     saed32rvt_c      n, S
inst_sext_reg[4]          DFFARX1_RVT     saed32rvt_c      n, S
pc_reg[5]                 DFFARX1_RVT     saed32rvt_c      n, S
inst_dext_reg[5]          DFFARX1_RVT     saed32rvt_c      n, S
pc_reg[6]                 DFFARX1_RVT     saed32rvt_c      n, S
inst_sext_reg[5]          DFFARX1_RVT     saed32rvt_c      n, S
inst_dext_reg[6]          DFFARX1_RVT     saed32rvt_c      n, S
pc_reg[7]                 DFFARX1_RVT     saed32rvt_c      n, S
pc_reg[8]                 DFFARX1_RVT     saed32rvt_c      n, S
inst_sext_reg[6]          DFFARX1_RVT     saed32rvt_c      n, S
inst_dext_reg[7]          DFFARX1_RVT     saed32rvt_c      n, S
inst_sext_reg[7]          DFFARX1_RVT     saed32rvt_c      n, S
inst_dext_reg[8]          DFFARX1_RVT     saed32rvt_c      n, S
inst_sext_reg[8]          DFFARX1_RVT     saed32rvt_c      n, S
inst_dext_reg[9]          DFFARX1_RVT     saed32rvt_c      n, S
inst_sext_reg[9]          DFFARX1_RVT     saed32rvt_c      n, S
inst_dext_reg[10]         DFFARX1_RVT     saed32rvt_c      n, S
inst_sext_reg[10]         DFFARX1_RVT     saed32rvt_c      n, S
inst_alu_reg[10]          DFFARX1_RVT     saed32rvt_c      n, S
inst_alu_reg[5]           DFFARX1_RVT     saed32rvt_c      n, S
inst_alu_reg[4]           DFFARX1_RVT     saed32rvt_c      n, S
inst_so_reg[1]            DFFARX1_RVT     saed32rvt_c      n, S
U6                        NOR2X4_RVT      saed32rvt_c      
placeHFSINV_606_86        INVX2_RVT       saed32rvt_c      
placeHFSINV_1268_40       INVX4_RVT       saed32rvt_c      
placeHFSINV_536_45        INVX2_RVT       saed32rvt_c      
placeHFSINV_21654_24      INVX8_RVT       saed32rvt_c      
placeHFSINV_18361_25      INVX8_RVT       saed32rvt_c      
placeHFSINV_15700_26      INVX8_RVT       saed32rvt_c      
placeHFSINV_39573_27      IBUFFX16_RVT    saed32rvt_c      
placeHFSINV_47499_28      INVX8_RVT       saed32rvt_c      
placeHFSINV_50341_29      INVX8_RVT       saed32rvt_c      
placeHFSINV_46083_30      INVX8_RVT       saed32rvt_c      
placeHFSINV_41226_31      INVX8_RVT       saed32rvt_c      
placeHFSINV_2028_32       INVX8_RVT       saed32rvt_c      
U53                       AND2X4_RVT      saed32rvt_c      
U60                       AND3X2_RVT      saed32rvt_c      
U66                       XOR2X1_RVT      saed32rvt_c      
placeHFSBUF_4078_33       NBUFFX8_RVT     saed32rvt_c      
U90                       AND3X4_RVT      saed32rvt_c      
U93                       AO221X1_RVT     saed32rvt_c      
U96                       AOI221X1_RVT    saed32rvt_c      
U98                       OR4X1_RVT       saed32rvt_c      
U101                      OR4X1_RVT       saed32rvt_c      
U104                      OR4X1_RVT       saed32rvt_c      
U123                      OR4X1_RVT       saed32rvt_c      
placeHFSINV_76_81         IBUFFX4_RVT     saed32rvt_c      
U130                      OAI22X1_RVT     saed32rvt_c      
U132                      OAI21X1_RVT     saed32rvt_c      
U137                      AND2X1_RVT      saed32rvt_c      
U139                      XOR2X1_RVT      saed32rvt_c      
U142                      XOR2X1_RVT      saed32rvt_c      
U154                      AND2X1_RVT      saed32rvt_c      
U156                      XOR2X1_RVT      saed32rvt_c      
U179                      AND2X1_RVT      saed32rvt_c      
U183                      XOR2X1_RVT      saed32rvt_c      
U188                      AND2X1_RVT      saed32rvt_c      
U190                      XOR2X1_RVT      saed32rvt_c      
U193                      AND2X1_RVT      saed32rvt_c      
U194                      XOR2X1_RVT      saed32rvt_c      
U196                      AND2X1_RVT      saed32rvt_c      
U197                      XOR2X1_RVT      saed32rvt_c      
U201                      AND2X1_RVT      saed32rvt_c      
U202                      XOR2X1_RVT      saed32rvt_c      
U212                      AND2X1_RVT      saed32rvt_c      
U214                      XOR2X1_RVT      saed32rvt_c      
U217                      AND2X1_RVT      saed32rvt_c      
U221                      XOR2X1_RVT      saed32rvt_c      
U229                      AND2X1_RVT      saed32rvt_c      
U231                      XOR2X1_RVT      saed32rvt_c      
U239                      AND2X1_RVT      saed32rvt_c      
U242                      XOR2X1_RVT      saed32rvt_c      
U249                      AND2X1_RVT      saed32rvt_c      
U261                      XOR2X1_RVT      saed32rvt_c      
U275                      AND2X1_RVT      saed32rvt_c      
U282                      XOR2X1_RVT      saed32rvt_c      
U285                      AND2X1_RVT      saed32rvt_c      
U286                      XOR2X1_RVT      saed32rvt_c      
U288                      AND2X1_RVT      saed32rvt_c      
U296                      XOR2X1_RVT      saed32rvt_c      
U298                      INVX0_RVT       saed32rvt_c      
U317                      INVX0_RVT       saed32rvt_c      
placeHFSINV_665_90        INVX0_RVT       saed32rvt_c      
U322                      INVX0_RVT       saed32rvt_c      
placeHFSINV_410_108       IBUFFX2_RVT     saed32rvt_c      
U325                      IBUFFX4_RVT     saed32rvt_c      
U326                      INVX0_RVT       saed32rvt_c      
U329                      INVX0_RVT       saed32rvt_c      
U330                      INVX0_RVT       saed32rvt_c      
U339                      IBUFFX4_RVT     saed32rvt_c      
U340                      INVX0_RVT       saed32rvt_c      
U342                      INVX0_RVT       saed32rvt_c      
U347                      INVX0_RVT       saed32rvt_c      
U350                      INVX16_RVT      saed32rvt_c      
U386                      INVX0_RVT       saed32rvt_c      
U393                      INVX0_RVT       saed32rvt_c      
U401                      IBUFFX4_RVT     saed32rvt_c      
U406                      INVX0_RVT       saed32rvt_c      
U409                      INVX0_RVT       saed32rvt_c      
U412                      INVX0_RVT       saed32rvt_c      
placeHFSINV_615_101       INVX2_RVT       saed32rvt_c      
U420                      INVX16_RVT      saed32rvt_c      
U423                      INVX16_RVT      saed32rvt_c      
placeHFSINV_141_95        IBUFFX4_RVT     saed32rvt_c      
U425                      INVX0_RVT       saed32rvt_c      
U430                      INVX16_RVT      saed32rvt_c      
U432                      INVX16_RVT      saed32rvt_c      
U434                      INVX16_RVT      saed32rvt_c      
U435                      INVX0_RVT       saed32rvt_c      
U436                      INVX16_RVT      saed32rvt_c      
U439                      IBUFFX4_RVT     saed32rvt_c      
U441                      INVX0_RVT       saed32rvt_c      
U446                      IBUFFX4_RVT     saed32rvt_c      
U447                      IBUFFX4_RVT     saed32rvt_c      
placeHFSINV_427_110       INVX2_RVT       saed32rvt_c      
placeHFSINV_21_114        INVX2_RVT       saed32rvt_c      
placeHFSINV_697_172       INVX0_RVT       saed32rvt_c      
placeHFSINV_516_173       INVX2_RVT       saed32rvt_c      
placeHFSINV_536_174       INVX2_RVT       saed32rvt_c      
placeHFSINV_637_175       INVX2_RVT       saed32rvt_c      
placeHFSINV_207_109       IBUFFX2_RVT     saed32rvt_c      
U469                      INVX16_RVT      saed32rvt_c      
placeHFSINV_56_121        IBUFFX32_RVT    saed32rvt_c      
placeHFSINV_59_122        IBUFFX32_RVT    saed32rvt_c      
placeHFSINV_242_123       INVX0_RVT       saed32rvt_c      
placeHFSINV_448_124       IBUFFX2_RVT     saed32rvt_c      
placeHFSINV_447_119       INVX2_RVT       saed32rvt_c      
placeHFSINV_1341_129      IBUFFX32_RVT    saed32rvt_c      
placeHFSINV_460_130       IBUFFX2_RVT     saed32rvt_c      
placeHFSINV_335_120       IBUFFX2_RVT     saed32rvt_c      
U484                      IBUFFX32_RVT    saed32rvt_c      
placeHFSINV_480_125       INVX16_RVT      saed32rvt_c      
U488                      INVX0_RVT       saed32rvt_c      
U489                      INVX0_RVT       saed32rvt_c      
placeHFSINV_351_127       INVX0_RVT       saed32rvt_c      
U492                      INVX0_RVT       saed32rvt_c      
U497                      INVX0_RVT       saed32rvt_c      
U498                      INVX0_RVT       saed32rvt_c      
U499                      INVX0_RVT       saed32rvt_c      
U500                      INVX0_RVT       saed32rvt_c      
U501                      INVX0_RVT       saed32rvt_c      
U502                      INVX0_RVT       saed32rvt_c      
U503                      INVX0_RVT       saed32rvt_c      
U504                      INVX0_RVT       saed32rvt_c      
placeHFSINV_359_176       IBUFFX2_RVT     saed32rvt_c      
U506                      INVX0_RVT       saed32rvt_c      
U507                      INVX0_RVT       saed32rvt_c      
execution_unit_0          omsp_execution_unit              h
mdb_in_buf_valid_reg      DFFARX1_RVT     saed32rvt_c      n, S
mdb_out_nxt_reg[9]        DFFARX1_RVT     saed32rvt_c      n, S
mdb_out_nxt_reg[10]       DFFARX1_RVT     saed32rvt_c      n, S
mdb_out_nxt_reg[11]       DFFARX1_RVT     saed32rvt_c      n, S
mdb_out_nxt_reg[12]       DFFARX1_RVT     saed32rvt_c      n, S
mdb_out_nxt_reg[13]       DFFARX1_RVT     saed32rvt_c      n, S
mdb_out_nxt_reg[14]       DFFARX1_RVT     saed32rvt_c      n, S
mdb_out_nxt_reg[15]       DFFARX1_RVT     saed32rvt_c      n, S
U32                       AO221X1_RVT     saed32rvt_c      
U33                       NOR2X0_RVT      saed32rvt_c      
U34                       AO22X1_RVT      saed32rvt_c      
U35                       AO22X2_RVT      saed32rvt_c      
U36                       NAND2X0_RVT     saed32rvt_c      
U37                       AO21X1_RVT      saed32rvt_c      
U38                       NAND3X0_RVT     saed32rvt_c      
U39                       NAND3X0_RVT     saed32rvt_c      
U40                       NAND3X0_RVT     saed32rvt_c      
U41                       OR2X1_RVT       saed32rvt_c      
U42                       AO222X1_RVT     saed32rvt_c      
U43                       AO222X1_RVT     saed32rvt_c      
U44                       OR2X1_RVT       saed32rvt_c      
U45                       AO222X1_RVT     saed32rvt_c      
U46                       AO222X1_RVT     saed32rvt_c      
U47                       OR2X1_RVT       saed32rvt_c      
U48                       AO222X1_RVT     saed32rvt_c      
U49                       AO222X1_RVT     saed32rvt_c      
U50                       OR2X1_RVT       saed32rvt_c      
U51                       AO222X1_RVT     saed32rvt_c      
U52                       AO222X1_RVT     saed32rvt_c      
U53                       OR2X1_RVT       saed32rvt_c      
U54                       AO222X1_RVT     saed32rvt_c      
U55                       AO222X1_RVT     saed32rvt_c      
U56                       OR2X1_RVT       saed32rvt_c      
U57                       AO222X1_RVT     saed32rvt_c      
U58                       AO222X1_RVT     saed32rvt_c      
U59                       OR2X1_RVT       saed32rvt_c      
U60                       AO222X1_RVT     saed32rvt_c      
U61                       AO222X1_RVT     saed32rvt_c      
U62                       OR2X1_RVT       saed32rvt_c      
U63                       AO222X1_RVT     saed32rvt_c      
U64                       AO222X1_RVT     saed32rvt_c      
U65                       OR2X1_RVT       saed32rvt_c      
U66                       AO222X1_RVT     saed32rvt_c      
U67                       AO222X1_RVT     saed32rvt_c      
U68                       OR2X1_RVT       saed32rvt_c      
U69                       AO222X1_RVT     saed32rvt_c      
U70                       AO222X1_RVT     saed32rvt_c      
U71                       OR2X1_RVT       saed32rvt_c      
U72                       AO222X1_RVT     saed32rvt_c      
U73                       AO222X1_RVT     saed32rvt_c      
U74                       OR2X1_RVT       saed32rvt_c      
U75                       AO222X1_RVT     saed32rvt_c      
U76                       AO222X1_RVT     saed32rvt_c      
U77                       OR2X1_RVT       saed32rvt_c      
U78                       AO222X1_RVT     saed32rvt_c      
U79                       AO222X1_RVT     saed32rvt_c      
U80                       OR2X1_RVT       saed32rvt_c      
U81                       AO222X1_RVT     saed32rvt_c      
U82                       AO222X1_RVT     saed32rvt_c      
U83                       OR2X1_RVT       saed32rvt_c      
U84                       AO222X1_RVT     saed32rvt_c      
U85                       AO222X1_RVT     saed32rvt_c      
U86                       OR2X1_RVT       saed32rvt_c      
U87                       AO222X1_RVT     saed32rvt_c      
U89                       AO22X1_RVT      saed32rvt_c      
U90                       AO222X1_RVT     saed32rvt_c      
U94                       AND2X1_RVT      saed32rvt_c      
U95                       NAND2X0_RVT     saed32rvt_c      
U96                       NAND2X0_RVT     saed32rvt_c      
U97                       NOR2X0_RVT      saed32rvt_c      
U100                      AND2X1_RVT      saed32rvt_c      
U101                      AO221X1_RVT     saed32rvt_c      
U102                      AO221X1_RVT     saed32rvt_c      
U103                      AO221X1_RVT     saed32rvt_c      
U104                      AO221X1_RVT     saed32rvt_c      
U105                      AO221X2_RVT     saed32rvt_c      
U106                      AO221X1_RVT     saed32rvt_c      
U107                      AO221X1_RVT     saed32rvt_c      
U108                      AO221X1_RVT     saed32rvt_c      
U109                      AO221X1_RVT     saed32rvt_c      
U110                      AO221X1_RVT     saed32rvt_c      
U111                      AO221X1_RVT     saed32rvt_c      
U112                      AO221X1_RVT     saed32rvt_c      
U113                      AO221X1_RVT     saed32rvt_c      
U114                      AO221X1_RVT     saed32rvt_c      
U115                      AO221X1_RVT     saed32rvt_c      
U116                      AO221X1_RVT     saed32rvt_c      
U117                      AO221X1_RVT     saed32rvt_c      
U118                      AO221X1_RVT     saed32rvt_c      
U119                      AO221X1_RVT     saed32rvt_c      
U120                      AO221X1_RVT     saed32rvt_c      
U121                      AO221X1_RVT     saed32rvt_c      
U122                      AO221X1_RVT     saed32rvt_c      
U123                      AO221X1_RVT     saed32rvt_c      
U124                      AO221X1_RVT     saed32rvt_c      
U125                      AO221X1_RVT     saed32rvt_c      
U126                      AO221X1_RVT     saed32rvt_c      
U127                      AO221X1_RVT     saed32rvt_c      
U128                      AO221X1_RVT     saed32rvt_c      
U129                      AO221X1_RVT     saed32rvt_c      
U130                      AO221X1_RVT     saed32rvt_c      
U132                      AO221X1_RVT     saed32rvt_c      
U133                      AO21X1_RVT      saed32rvt_c      
U134                      AND2X1_RVT      saed32rvt_c      
U135                      AO21X1_RVT      saed32rvt_c      
U136                      AND4X1_RVT      saed32rvt_c      
U137                      AND2X1_RVT      saed32rvt_c      
U138                      AND2X1_RVT      saed32rvt_c      
U139                      OR2X1_RVT       saed32rvt_c      
U140                      AO221X2_RVT     saed32rvt_c      
U141                      AO22X1_RVT      saed32rvt_c      
U145                      OA22X1_RVT      saed32rvt_c      
U146                      OR2X1_RVT       saed32rvt_c      
U147                      OR3X1_RVT       saed32rvt_c      
U148                      OAI22X1_RVT     saed32rvt_c      
U149                      OA21X1_RVT      saed32rvt_c      
U150                      NAND2X0_RVT     saed32rvt_c      
U151                      OR2X1_RVT       saed32rvt_c      
U152                      AND2X1_RVT      saed32rvt_c      
U153                      NAND2X0_RVT     saed32rvt_c      
U154                      NAND2X0_RVT     saed32rvt_c      
U155                      OR3X1_RVT       saed32rvt_c      
U156                      AO22X1_RVT      saed32rvt_c      
U157                      OA21X1_RVT      saed32rvt_c      
U158                      NAND3X0_RVT     saed32rvt_c      
U159                      AO21X1_RVT      saed32rvt_c      
U160                      AND2X1_RVT      saed32rvt_c      
U161                      OR2X1_RVT       saed32rvt_c      
U162                      AO22X1_RVT      saed32rvt_c      
U163                      AO22X1_RVT      saed32rvt_c      
U164                      AO22X1_RVT      saed32rvt_c      
U165                      AO22X1_RVT      saed32rvt_c      
U166                      AO22X1_RVT      saed32rvt_c      
U167                      AO22X1_RVT      saed32rvt_c      
U168                      AO22X1_RVT      saed32rvt_c      
U169                      AO22X1_RVT      saed32rvt_c      
U170                      AO22X1_RVT      saed32rvt_c      
U171                      AO22X1_RVT      saed32rvt_c      
U172                      AO22X1_RVT      saed32rvt_c      
U173                      AO22X1_RVT      saed32rvt_c      
U174                      AO22X1_RVT      saed32rvt_c      
U175                      AO22X1_RVT      saed32rvt_c      
U176                      AO22X1_RVT      saed32rvt_c      
U177                      AO22X1_RVT      saed32rvt_c      
U178                      NAND2X0_RVT     saed32rvt_c      
U179                      AND2X1_RVT      saed32rvt_c      
U180                      OA21X1_RVT      saed32rvt_c      
U181                      AOI21X1_RVT     saed32rvt_c      
U182                      NAND3X1_RVT     saed32rvt_c      
U183                      OA22X1_RVT      saed32rvt_c      
U184                      NAND2X0_RVT     saed32rvt_c      
U185                      NAND3X2_RVT     saed32rvt_c      
U186                      NAND2X0_RVT     saed32rvt_c      
U187                      NAND3X0_RVT     saed32rvt_c      
U188                      NAND2X0_RVT     saed32rvt_c      
U189                      NAND3X0_RVT     saed32rvt_c      
U190                      NAND3X0_RVT     saed32rvt_c      
U191                      NAND2X0_RVT     saed32rvt_c      
U192                      NAND3X0_RVT     saed32rvt_c      
U193                      NAND3X0_RVT     saed32rvt_c      
U194                      NAND2X0_RVT     saed32rvt_c      
U195                      AND3X1_RVT      saed32rvt_c      
U196                      OR3X1_RVT       saed32rvt_c      
U197                      AO22X1_RVT      saed32rvt_c      
U198                      AO22X1_RVT      saed32rvt_c      
U199                      AO22X1_RVT      saed32rvt_c      
U200                      AO22X1_RVT      saed32rvt_c      
U201                      AO22X1_RVT      saed32rvt_c      
U202                      AO22X1_RVT      saed32rvt_c      
U203                      AO22X1_RVT      saed32rvt_c      
U204                      AO22X1_RVT      saed32rvt_c      
U205                      AO22X1_RVT      saed32rvt_c      
U206                      AO22X1_RVT      saed32rvt_c      
U207                      AO22X1_RVT      saed32rvt_c      
U208                      AO22X1_RVT      saed32rvt_c      
U209                      AO22X1_RVT      saed32rvt_c      
U210                      AO22X1_RVT      saed32rvt_c      
U211                      AO22X1_RVT      saed32rvt_c      
U212                      AO22X1_RVT      saed32rvt_c      
U214                      AND2X1_RVT      saed32rvt_c      
register_file_0           omsp_register_file               h
r2_reg[8]                 DFFARX1_RVT     saed32rvt_c      n, S
r2_reg[7]                 DFFARX1_RVT     saed32rvt_c      n, S
r2_reg[6]                 DFFARX1_RVT     saed32rvt_c      n, S
r2_reg[5]                 DFFARX1_RVT     saed32rvt_c      n, S
r2_reg[4]                 DFFARX1_RVT     saed32rvt_c      n, S
r2_reg[3]                 DFFARX1_RVT     saed32rvt_c      n, S
r2_reg[2]                 DFFARX1_RVT     saed32rvt_c      n, S
r2_reg[1]                 DFFARX1_RVT     saed32rvt_c      n, S
r2_reg[0]                 DFFARX1_RVT     saed32rvt_c      n, S
r3_reg[15]                DFFARX1_RVT     saed32rvt_c      n, S
r3_reg[14]                DFFARX1_RVT     saed32rvt_c      n, S
r3_reg[13]                DFFARX1_RVT     saed32rvt_c      n, S
r3_reg[12]                DFFARX1_RVT     saed32rvt_c      n, S
r3_reg[11]                DFFARX1_RVT     saed32rvt_c      n, S
r3_reg[10]                DFFARX1_RVT     saed32rvt_c      n, S
r3_reg[8]                 DFFARX1_RVT     saed32rvt_c      n, S
r3_reg[7]                 DFFARX1_RVT     saed32rvt_c      n, S
r3_reg[6]                 DFFARX1_RVT     saed32rvt_c      n, S
r3_reg[5]                 DFFARX1_RVT     saed32rvt_c      n, S
r3_reg[4]                 DFFARX1_RVT     saed32rvt_c      n, S
r3_reg[3]                 DFFARX1_RVT     saed32rvt_c      n, S
r3_reg[2]                 DFFARX1_RVT     saed32rvt_c      n, S
r3_reg[1]                 DFFARX1_RVT     saed32rvt_c      n, S
r3_reg[0]                 DFFARX1_RVT     saed32rvt_c      n, S
r15_reg[0]                DFFARX1_RVT     saed32rvt_c      n, S
r6_reg[0]                 DFFARX1_RVT     saed32rvt_c      n, S
r7_reg[0]                 DFFARX1_RVT     saed32rvt_c      n, S
r8_reg[0]                 DFFARX1_RVT     saed32rvt_c      n, S
r9_reg[0]                 DFFARX1_RVT     saed32rvt_c      n, S
r10_reg[0]                DFFARX1_RVT     saed32rvt_c      n, S
r11_reg[0]                DFFARX1_RVT     saed32rvt_c      n, S
r12_reg[0]                DFFARX1_RVT     saed32rvt_c      n, S
r13_reg[0]                DFFARX1_RVT     saed32rvt_c      n, S
r14_reg[0]                DFFARX1_RVT     saed32rvt_c      n, S
r4_reg[0]                 DFFARX1_RVT     saed32rvt_c      n, S
r5_reg[0]                 DFFARX1_RVT     saed32rvt_c      n, S
r6_reg[1]                 DFFARX1_RVT     saed32rvt_c      n, S
r7_reg[1]                 DFFARX1_RVT     saed32rvt_c      n, S
r8_reg[1]                 DFFARX1_RVT     saed32rvt_c      n, S
r9_reg[1]                 DFFARX1_RVT     saed32rvt_c      n, S
r10_reg[1]                DFFARX1_RVT     saed32rvt_c      n, S
r11_reg[1]                DFFARX1_RVT     saed32rvt_c      n, S
r12_reg[1]                DFFARX1_RVT     saed32rvt_c      n, S
r13_reg[1]                DFFARX1_RVT     saed32rvt_c      n, S
r14_reg[1]                DFFARX1_RVT     saed32rvt_c      n, S
r15_reg[1]                DFFARX1_RVT     saed32rvt_c      n, S
r1_reg[1]                 DFFARX1_RVT     saed32rvt_c      n, S
r4_reg[1]                 DFFARX1_RVT     saed32rvt_c      n, S
r5_reg[1]                 DFFARX1_RVT     saed32rvt_c      n, S
r5_reg[2]                 DFFARX1_RVT     saed32rvt_c      n, S
r6_reg[2]                 DFFARX1_RVT     saed32rvt_c      n, S
r7_reg[2]                 DFFARX1_RVT     saed32rvt_c      n, S
r8_reg[2]                 DFFARX1_RVT     saed32rvt_c      n, S
r9_reg[2]                 DFFARX1_RVT     saed32rvt_c      n, S
r10_reg[2]                DFFARX1_RVT     saed32rvt_c      n, S
r11_reg[2]                DFFARX1_RVT     saed32rvt_c      n, S
r12_reg[2]                DFFARX1_RVT     saed32rvt_c      n, S
r13_reg[2]                DFFARX1_RVT     saed32rvt_c      n, S
r14_reg[2]                DFFARX1_RVT     saed32rvt_c      n, S
r15_reg[2]                DFFARX1_RVT     saed32rvt_c      n, S
r1_reg[2]                 DFFARX1_RVT     saed32rvt_c      n, S
r4_reg[2]                 DFFARX1_RVT     saed32rvt_c      n, S
r5_reg[3]                 DFFARX1_RVT     saed32rvt_c      n, S
r6_reg[3]                 DFFARX1_RVT     saed32rvt_c      n, S
r7_reg[3]                 DFFARX1_RVT     saed32rvt_c      n, S
r8_reg[3]                 DFFARX1_RVT     saed32rvt_c      n, S
r9_reg[3]                 DFFARX1_RVT     saed32rvt_c      n, S
r10_reg[3]                DFFARX1_RVT     saed32rvt_c      n, S
r11_reg[3]                DFFARX1_RVT     saed32rvt_c      n, S
r12_reg[3]                DFFARX1_RVT     saed32rvt_c      n, S
r13_reg[3]                DFFARX1_RVT     saed32rvt_c      n, S
r14_reg[3]                DFFARX1_RVT     saed32rvt_c      n, S
r15_reg[3]                DFFARX1_RVT     saed32rvt_c      n, S
r1_reg[3]                 DFFARX1_RVT     saed32rvt_c      n, S
r4_reg[3]                 DFFARX1_RVT     saed32rvt_c      n, S
r5_reg[4]                 DFFARX1_RVT     saed32rvt_c      n, S
r6_reg[4]                 DFFARX1_RVT     saed32rvt_c      n, S
r7_reg[4]                 DFFARX1_RVT     saed32rvt_c      n, S
r8_reg[4]                 DFFARX1_RVT     saed32rvt_c      n, S
r9_reg[4]                 DFFARX1_RVT     saed32rvt_c      n, S
r10_reg[4]                DFFARX1_RVT     saed32rvt_c      n, S
r11_reg[4]                DFFARX1_RVT     saed32rvt_c      n, S
r12_reg[4]                DFFARX1_RVT     saed32rvt_c      n, S
r13_reg[4]                DFFARX1_RVT     saed32rvt_c      n, S
r14_reg[4]                DFFARX1_RVT     saed32rvt_c      n, S
r15_reg[4]                DFFARX1_RVT     saed32rvt_c      n, S
r1_reg[4]                 DFFARX1_RVT     saed32rvt_c      n, S
r4_reg[4]                 DFFARX1_RVT     saed32rvt_c      n, S
r5_reg[5]                 DFFARX1_RVT     saed32rvt_c      n, S
r6_reg[5]                 DFFARX1_RVT     saed32rvt_c      n, S
r7_reg[5]                 DFFARX1_RVT     saed32rvt_c      n, S
r8_reg[5]                 DFFARX1_RVT     saed32rvt_c      n, S
r9_reg[5]                 DFFARX1_RVT     saed32rvt_c      n, S
r10_reg[5]                DFFARX1_RVT     saed32rvt_c      n, S
r11_reg[5]                DFFARX1_RVT     saed32rvt_c      n, S
r12_reg[5]                DFFARX1_RVT     saed32rvt_c      n, S
r13_reg[5]                DFFARX1_RVT     saed32rvt_c      n, S
r14_reg[5]                DFFARX1_RVT     saed32rvt_c      n, S
r15_reg[5]                DFFARX1_RVT     saed32rvt_c      n, S
r1_reg[5]                 DFFARX1_RVT     saed32rvt_c      n, S
r4_reg[5]                 DFFARX1_RVT     saed32rvt_c      n, S
r5_reg[6]                 DFFARX1_RVT     saed32rvt_c      n, S
r6_reg[6]                 DFFARX1_RVT     saed32rvt_c      n, S
r7_reg[6]                 DFFARX1_RVT     saed32rvt_c      n, S
r8_reg[6]                 DFFARX1_RVT     saed32rvt_c      n, S
r9_reg[6]                 DFFARX1_RVT     saed32rvt_c      n, S
r10_reg[6]                DFFARX1_RVT     saed32rvt_c      n, S
r11_reg[6]                DFFARX1_RVT     saed32rvt_c      n, S
r12_reg[6]                DFFARX1_RVT     saed32rvt_c      n, S
r13_reg[6]                DFFARX1_RVT     saed32rvt_c      n, S
r14_reg[6]                DFFARX1_RVT     saed32rvt_c      n, S
r15_reg[6]                DFFARX1_RVT     saed32rvt_c      n, S
r1_reg[6]                 DFFARX1_RVT     saed32rvt_c      n, S
r4_reg[6]                 DFFARX1_RVT     saed32rvt_c      n, S
r5_reg[7]                 DFFARX1_RVT     saed32rvt_c      n, S
r6_reg[7]                 DFFARX1_RVT     saed32rvt_c      n, S
r7_reg[7]                 DFFARX1_RVT     saed32rvt_c      n, S
r8_reg[7]                 DFFARX1_RVT     saed32rvt_c      n, S
r9_reg[7]                 DFFARX1_RVT     saed32rvt_c      n, S
r10_reg[7]                DFFARX1_RVT     saed32rvt_c      n, S
r11_reg[7]                DFFARX1_RVT     saed32rvt_c      n, S
r12_reg[7]                DFFARX1_RVT     saed32rvt_c      n, S
r13_reg[7]                DFFARX1_RVT     saed32rvt_c      n, S
r14_reg[7]                DFFARX1_RVT     saed32rvt_c      n, S
r15_reg[7]                DFFARX1_RVT     saed32rvt_c      n, S
r1_reg[7]                 DFFARX1_RVT     saed32rvt_c      n, S
r4_reg[7]                 DFFARX1_RVT     saed32rvt_c      n, S
r5_reg[8]                 DFFARX1_RVT     saed32rvt_c      n, S
r6_reg[8]                 DFFARX1_RVT     saed32rvt_c      n, S
r7_reg[8]                 DFFARX1_RVT     saed32rvt_c      n, S
r8_reg[8]                 DFFARX1_RVT     saed32rvt_c      n, S
r9_reg[8]                 DFFARX1_RVT     saed32rvt_c      n, S
r10_reg[8]                DFFARX1_RVT     saed32rvt_c      n, S
r11_reg[8]                DFFARX1_RVT     saed32rvt_c      n, S
r12_reg[8]                DFFARX1_RVT     saed32rvt_c      n, S
r13_reg[8]                DFFARX1_RVT     saed32rvt_c      n, S
r14_reg[8]                DFFARX1_RVT     saed32rvt_c      n, S
r15_reg[8]                DFFARX1_RVT     saed32rvt_c      n, S
r1_reg[8]                 DFFARX1_RVT     saed32rvt_c      n, S
r4_reg[8]                 DFFARX1_RVT     saed32rvt_c      n, S
r5_reg[9]                 DFFARX1_RVT     saed32rvt_c      n, S
r6_reg[9]                 DFFARX1_RVT     saed32rvt_c      n, S
r7_reg[9]                 DFFARX1_RVT     saed32rvt_c      n, S
r8_reg[9]                 DFFARX1_RVT     saed32rvt_c      n, S
r9_reg[9]                 DFFARX1_RVT     saed32rvt_c      n, S
r10_reg[9]                DFFARX1_RVT     saed32rvt_c      n, S
r11_reg[9]                DFFARX1_RVT     saed32rvt_c      n, S
r12_reg[9]                DFFARX1_RVT     saed32rvt_c      n, S
r13_reg[9]                DFFARX1_RVT     saed32rvt_c      n, S
r14_reg[9]                DFFARX1_RVT     saed32rvt_c      n, S
r15_reg[9]                DFFARX1_RVT     saed32rvt_c      n, S
r1_reg[9]                 DFFARX1_RVT     saed32rvt_c      n, S
r4_reg[9]                 DFFARX1_RVT     saed32rvt_c      n, S
r5_reg[10]                DFFARX1_RVT     saed32rvt_c      n, S
r6_reg[10]                DFFARX1_RVT     saed32rvt_c      n, S
r7_reg[10]                DFFARX1_RVT     saed32rvt_c      n, S
r8_reg[10]                DFFARX1_RVT     saed32rvt_c      n, S
r9_reg[10]                DFFARX1_RVT     saed32rvt_c      n, S
r10_reg[10]               DFFARX1_RVT     saed32rvt_c      n, S
r11_reg[10]               DFFARX1_RVT     saed32rvt_c      n, S
r12_reg[10]               DFFARX1_RVT     saed32rvt_c      n, S
r13_reg[10]               DFFARX1_RVT     saed32rvt_c      n, S
r14_reg[10]               DFFARX1_RVT     saed32rvt_c      n, S
r15_reg[10]               DFFARX1_RVT     saed32rvt_c      n, S
r1_reg[10]                DFFARX1_RVT     saed32rvt_c      n, S
r4_reg[10]                DFFARX1_RVT     saed32rvt_c      n, S
r5_reg[11]                DFFARX1_RVT     saed32rvt_c      n, S
r6_reg[11]                DFFARX1_RVT     saed32rvt_c      n, S
r7_reg[11]                DFFARX1_RVT     saed32rvt_c      n, S
r8_reg[11]                DFFARX1_RVT     saed32rvt_c      n, S
r9_reg[11]                DFFARX1_RVT     saed32rvt_c      n, S
r10_reg[11]               DFFARX1_RVT     saed32rvt_c      n, S
r11_reg[11]               DFFARX1_RVT     saed32rvt_c      n, S
r12_reg[11]               DFFARX1_RVT     saed32rvt_c      n, S
r13_reg[11]               DFFARX1_RVT     saed32rvt_c      n, S
r14_reg[11]               DFFARX1_RVT     saed32rvt_c      n, S
r15_reg[11]               DFFARX1_RVT     saed32rvt_c      n, S
r1_reg[11]                DFFARX1_RVT     saed32rvt_c      n, S
r4_reg[11]                DFFARX1_RVT     saed32rvt_c      n, S
r5_reg[12]                DFFARX1_RVT     saed32rvt_c      n, S
r6_reg[12]                DFFARX1_RVT     saed32rvt_c      n, S
r7_reg[12]                DFFARX1_RVT     saed32rvt_c      n, S
r8_reg[12]                DFFARX1_RVT     saed32rvt_c      n, S
r9_reg[12]                DFFARX1_RVT     saed32rvt_c      n, S
r10_reg[12]               DFFARX1_RVT     saed32rvt_c      n, S
r11_reg[12]               DFFARX1_RVT     saed32rvt_c      n, S
r12_reg[12]               DFFARX1_RVT     saed32rvt_c      n, S
r13_reg[12]               DFFARX1_RVT     saed32rvt_c      n, S
r14_reg[12]               DFFARX1_RVT     saed32rvt_c      n, S
r15_reg[12]               DFFARX1_RVT     saed32rvt_c      n, S
r1_reg[12]                DFFARX1_RVT     saed32rvt_c      n, S
r4_reg[12]                DFFARX1_RVT     saed32rvt_c      n, S
r5_reg[13]                DFFARX1_RVT     saed32rvt_c      n, S
r6_reg[13]                DFFARX1_RVT     saed32rvt_c      n, S
r7_reg[13]                DFFARX1_RVT     saed32rvt_c      n, S
r8_reg[13]                DFFARX1_RVT     saed32rvt_c      n, S
r9_reg[13]                DFFARX1_RVT     saed32rvt_c      n, S
r10_reg[13]               DFFARX1_RVT     saed32rvt_c      n, S
r11_reg[13]               DFFARX1_RVT     saed32rvt_c      n, S
r12_reg[13]               DFFARX1_RVT     saed32rvt_c      n, S
r13_reg[13]               DFFARX1_RVT     saed32rvt_c      n, S
r14_reg[13]               DFFARX1_RVT     saed32rvt_c      n, S
r15_reg[13]               DFFARX1_RVT     saed32rvt_c      n, S
r1_reg[13]                DFFARX1_RVT     saed32rvt_c      n, S
r4_reg[13]                DFFARX1_RVT     saed32rvt_c      n, S
r5_reg[14]                DFFARX1_RVT     saed32rvt_c      n, S
r6_reg[14]                DFFARX1_RVT     saed32rvt_c      n, S
r7_reg[14]                DFFARX1_RVT     saed32rvt_c      n, S
r8_reg[14]                DFFARX1_RVT     saed32rvt_c      n, S
r9_reg[14]                DFFARX1_RVT     saed32rvt_c      n, S
r10_reg[14]               DFFARX1_RVT     saed32rvt_c      n, S
r11_reg[14]               DFFARX1_RVT     saed32rvt_c      n, S
r12_reg[14]               DFFARX1_RVT     saed32rvt_c      n, S
r13_reg[14]               DFFARX1_RVT     saed32rvt_c      n, S
r14_reg[14]               DFFARX1_RVT     saed32rvt_c      n, S
r15_reg[14]               DFFARX1_RVT     saed32rvt_c      n, S
r1_reg[14]                DFFARX1_RVT     saed32rvt_c      n, S
r4_reg[14]                DFFARX1_RVT     saed32rvt_c      n, S
r5_reg[15]                DFFARX1_RVT     saed32rvt_c      n, S
r6_reg[15]                DFFARX1_RVT     saed32rvt_c      n, S
r7_reg[15]                DFFARX1_RVT     saed32rvt_c      n, S
r8_reg[15]                DFFARX1_RVT     saed32rvt_c      n, S
r9_reg[15]                DFFARX1_RVT     saed32rvt_c      n, S
r10_reg[15]               DFFARX1_RVT     saed32rvt_c      n, S
r11_reg[15]               DFFARX1_RVT     saed32rvt_c      n, S
r12_reg[15]               DFFARX1_RVT     saed32rvt_c      n, S
r13_reg[15]               DFFARX1_RVT     saed32rvt_c      n, S
r14_reg[15]               DFFARX1_RVT     saed32rvt_c      n, S
r15_reg[15]               DFFARX1_RVT     saed32rvt_c      n, S
r1_reg[15]                DFFARX1_RVT     saed32rvt_c      n, S
r4_reg[15]                DFFARX1_RVT     saed32rvt_c      n, S
U79                       NAND4X0_RVT     saed32rvt_c      
U80                       OA221X1_RVT     saed32rvt_c      
U82                       OA221X1_RVT     saed32rvt_c      
U83                       OA22X1_RVT      saed32rvt_c      
U84                       OA221X1_RVT     saed32rvt_c      
U85                       OA22X1_RVT      saed32rvt_c      
U86                       OA221X1_RVT     saed32rvt_c      
U87                       OA22X1_RVT      saed32rvt_c      
U88                       NAND4X0_RVT     saed32rvt_c      
U89                       OA221X1_RVT     saed32rvt_c      
U90                       OA22X1_RVT      saed32rvt_c      
U91                       OA221X1_RVT     saed32rvt_c      
U92                       OA22X1_RVT      saed32rvt_c      
U93                       OA221X1_RVT     saed32rvt_c      
U94                       OA22X1_RVT      saed32rvt_c      
U95                       OA221X1_RVT     saed32rvt_c      
U96                       OA22X1_RVT      saed32rvt_c      
U97                       NAND4X0_RVT     saed32rvt_c      
U98                       OA221X1_RVT     saed32rvt_c      
U99                       OA22X1_RVT      saed32rvt_c      
U100                      OA221X1_RVT     saed32rvt_c      
U101                      OA22X1_RVT      saed32rvt_c      
U102                      OA221X1_RVT     saed32rvt_c      
U103                      OA22X1_RVT      saed32rvt_c      
U104                      OA221X1_RVT     saed32rvt_c      
U105                      OA22X1_RVT      saed32rvt_c      
U106                      NAND4X0_RVT     saed32rvt_c      
U107                      OA221X1_RVT     saed32rvt_c      
U108                      OA22X1_RVT      saed32rvt_c      
U109                      OA221X1_RVT     saed32rvt_c      
U110                      OA22X1_RVT      saed32rvt_c      
U111                      OA221X1_RVT     saed32rvt_c      
U112                      OA22X1_RVT      saed32rvt_c      
U113                      OA221X1_RVT     saed32rvt_c      
U114                      OA22X1_RVT      saed32rvt_c      
U115                      NAND4X0_RVT     saed32rvt_c      
U116                      OA221X1_RVT     saed32rvt_c      
U117                      OA22X1_RVT      saed32rvt_c      
U118                      OA221X1_RVT     saed32rvt_c      
U119                      OA22X1_RVT      saed32rvt_c      
U120                      OA221X1_RVT     saed32rvt_c      
U121                      OA22X1_RVT      saed32rvt_c      
U122                      OA221X1_RVT     saed32rvt_c      
U123                      OA22X1_RVT      saed32rvt_c      
U124                      NAND4X0_RVT     saed32rvt_c      
U125                      OA221X1_RVT     saed32rvt_c      
U126                      OA22X1_RVT      saed32rvt_c      
U127                      OA221X1_RVT     saed32rvt_c      
U128                      OA22X1_RVT      saed32rvt_c      
U129                      OA221X1_RVT     saed32rvt_c      
U130                      OA22X1_RVT      saed32rvt_c      
U131                      OA221X1_RVT     saed32rvt_c      
U132                      OA22X1_RVT      saed32rvt_c      
U133                      NAND4X0_RVT     saed32rvt_c      
U134                      OA221X1_RVT     saed32rvt_c      
U135                      OA22X1_RVT      saed32rvt_c      
U136                      OA221X1_RVT     saed32rvt_c      
U137                      OA22X1_RVT      saed32rvt_c      
U138                      OA221X1_RVT     saed32rvt_c      
U139                      OA22X1_RVT      saed32rvt_c      
U140                      OA221X1_RVT     saed32rvt_c      
U141                      OA22X1_RVT      saed32rvt_c      
U142                      NAND4X0_RVT     saed32rvt_c      
U143                      OA221X1_RVT     saed32rvt_c      
U144                      OA22X1_RVT      saed32rvt_c      
U145                      OA221X1_RVT     saed32rvt_c      
U146                      OA22X1_RVT      saed32rvt_c      
U147                      OA221X1_RVT     saed32rvt_c      
U148                      OA22X1_RVT      saed32rvt_c      
U149                      OA221X1_RVT     saed32rvt_c      
U150                      OA22X1_RVT      saed32rvt_c      
U151                      NAND4X0_RVT     saed32rvt_c      
U152                      OA221X1_RVT     saed32rvt_c      
U153                      OA22X1_RVT      saed32rvt_c      
U154                      OA221X1_RVT     saed32rvt_c      
U155                      OA22X1_RVT      saed32rvt_c      
U156                      OA221X1_RVT     saed32rvt_c      
U157                      OA22X1_RVT      saed32rvt_c      
U158                      OA221X1_RVT     saed32rvt_c      
U159                      OA22X1_RVT      saed32rvt_c      
U160                      NAND4X0_RVT     saed32rvt_c      
U161                      OA221X1_RVT     saed32rvt_c      
U163                      OA221X1_RVT     saed32rvt_c      
U164                      OA22X1_RVT      saed32rvt_c      
U165                      OA221X1_RVT     saed32rvt_c      
U166                      OA22X1_RVT      saed32rvt_c      
U167                      OA221X1_RVT     saed32rvt_c      
U168                      OA22X1_RVT      saed32rvt_c      
U169                      NAND4X0_RVT     saed32rvt_c      
U170                      OA221X1_RVT     saed32rvt_c      
U172                      OA221X1_RVT     saed32rvt_c      
U173                      OA22X1_RVT      saed32rvt_c      
U174                      OA221X1_RVT     saed32rvt_c      
U175                      OA22X1_RVT      saed32rvt_c      
U176                      OA221X1_RVT     saed32rvt_c      
U177                      OA22X1_RVT      saed32rvt_c      
U178                      NAND4X0_RVT     saed32rvt_c      
U179                      OA221X1_RVT     saed32rvt_c      
U181                      OA221X1_RVT     saed32rvt_c      
U182                      OA22X1_RVT      saed32rvt_c      
U183                      OA221X1_RVT     saed32rvt_c      
U184                      OA22X1_RVT      saed32rvt_c      
U185                      OA221X1_RVT     saed32rvt_c      
U186                      OA22X1_RVT      saed32rvt_c      
U187                      NAND4X0_RVT     saed32rvt_c      
U188                      OA221X1_RVT     saed32rvt_c      
U190                      OA221X1_RVT     saed32rvt_c      
U191                      OA22X1_RVT      saed32rvt_c      
U192                      OA221X1_RVT     saed32rvt_c      
U193                      OA22X1_RVT      saed32rvt_c      
U194                      OA221X1_RVT     saed32rvt_c      
U195                      OA22X1_RVT      saed32rvt_c      
U196                      NAND4X0_RVT     saed32rvt_c      
U197                      OA221X1_RVT     saed32rvt_c      
U199                      OA221X1_RVT     saed32rvt_c      
U200                      OA22X1_RVT      saed32rvt_c      
U201                      OA221X1_RVT     saed32rvt_c      
U202                      OA22X1_RVT      saed32rvt_c      
U203                      OA221X1_RVT     saed32rvt_c      
U204                      OA22X1_RVT      saed32rvt_c      
U205                      NAND4X0_RVT     saed32rvt_c      
U206                      OA221X1_RVT     saed32rvt_c      
U208                      OA221X1_RVT     saed32rvt_c      
U209                      OA22X1_RVT      saed32rvt_c      
U210                      OA221X1_RVT     saed32rvt_c      
U211                      OA22X1_RVT      saed32rvt_c      
U212                      OA221X1_RVT     saed32rvt_c      
U213                      OA22X1_RVT      saed32rvt_c      
U214                      NAND4X0_RVT     saed32rvt_c      
U216                      OA22X1_RVT      saed32rvt_c      
U220                      OA221X1_RVT     saed32rvt_c      
U221                      OA22X1_RVT      saed32rvt_c      
U222                      OA221X1_RVT     saed32rvt_c      
U223                      OA22X1_RVT      saed32rvt_c      
U224                      OA221X1_RVT     saed32rvt_c      
U225                      OA22X1_RVT      saed32rvt_c      
U226                      NAND4X0_RVT     saed32rvt_c      
U227                      OA221X1_RVT     saed32rvt_c      
U228                      OA22X1_RVT      saed32rvt_c      
U229                      OA221X1_RVT     saed32rvt_c      
U230                      OA22X1_RVT      saed32rvt_c      
U231                      OA221X1_RVT     saed32rvt_c      
U233                      OA221X1_RVT     saed32rvt_c      
U234                      OA22X1_RVT      saed32rvt_c      
U235                      NAND4X0_RVT     saed32rvt_c      
U236                      OA221X1_RVT     saed32rvt_c      
U237                      OA22X1_RVT      saed32rvt_c      
U238                      OA221X1_RVT     saed32rvt_c      
U239                      OA22X1_RVT      saed32rvt_c      
U240                      OA221X1_RVT     saed32rvt_c      
U241                      OA22X1_RVT      saed32rvt_c      
U242                      OA221X1_RVT     saed32rvt_c      
U243                      OA22X1_RVT      saed32rvt_c      
U244                      NAND4X0_RVT     saed32rvt_c      
U245                      OA221X1_RVT     saed32rvt_c      
U246                      OA22X1_RVT      saed32rvt_c      
U247                      OA221X1_RVT     saed32rvt_c      
U248                      OA22X1_RVT      saed32rvt_c      
U249                      OA221X1_RVT     saed32rvt_c      
U250                      OA22X1_RVT      saed32rvt_c      
U251                      OA221X1_RVT     saed32rvt_c      
U252                      OA22X1_RVT      saed32rvt_c      
U253                      NAND4X0_RVT     saed32rvt_c      
U254                      OA221X1_RVT     saed32rvt_c      
U255                      OA22X1_RVT      saed32rvt_c      
U256                      OA221X1_RVT     saed32rvt_c      
U257                      OA22X1_RVT      saed32rvt_c      
U258                      OA221X1_RVT     saed32rvt_c      
U259                      OA22X1_RVT      saed32rvt_c      
U260                      OA221X1_RVT     saed32rvt_c      
U261                      OA22X1_RVT      saed32rvt_c      
U262                      NAND4X0_RVT     saed32rvt_c      
U263                      OA221X1_RVT     saed32rvt_c      
U264                      OA22X1_RVT      saed32rvt_c      
U265                      OA221X1_RVT     saed32rvt_c      
U266                      OA22X1_RVT      saed32rvt_c      
U267                      OA221X1_RVT     saed32rvt_c      
U268                      OA22X1_RVT      saed32rvt_c      
U269                      OA221X1_RVT     saed32rvt_c      
U270                      OA22X1_RVT      saed32rvt_c      
U271                      NAND4X0_RVT     saed32rvt_c      
U272                      OA221X1_RVT     saed32rvt_c      
U273                      OA22X1_RVT      saed32rvt_c      
U274                      OA221X1_RVT     saed32rvt_c      
U275                      OA22X1_RVT      saed32rvt_c      
U276                      OA221X1_RVT     saed32rvt_c      
U277                      OA22X1_RVT      saed32rvt_c      
U278                      OA221X1_RVT     saed32rvt_c      
U279                      OA22X1_RVT      saed32rvt_c      
U280                      NAND4X0_RVT     saed32rvt_c      
U281                      OA221X1_RVT     saed32rvt_c      
U282                      OA22X1_RVT      saed32rvt_c      
U283                      OA221X1_RVT     saed32rvt_c      
U284                      OA22X1_RVT      saed32rvt_c      
U285                      OA221X1_RVT     saed32rvt_c      
U286                      OA22X1_RVT      saed32rvt_c      
U287                      OA221X1_RVT     saed32rvt_c      
U288                      OA22X1_RVT      saed32rvt_c      
U289                      NAND4X0_RVT     saed32rvt_c      
U290                      OA221X1_RVT     saed32rvt_c      
U291                      OA22X1_RVT      saed32rvt_c      
U292                      OA221X1_RVT     saed32rvt_c      
U293                      OA22X1_RVT      saed32rvt_c      
U294                      OA221X1_RVT     saed32rvt_c      
U295                      OA22X1_RVT      saed32rvt_c      
U296                      OA221X1_RVT     saed32rvt_c      
U297                      OA22X1_RVT      saed32rvt_c      
U298                      NAND4X0_RVT     saed32rvt_c      
U299                      OA221X1_RVT     saed32rvt_c      
U300                      OA22X1_RVT      saed32rvt_c      
U301                      OA221X1_RVT     saed32rvt_c      
U302                      OA22X1_RVT      saed32rvt_c      
U303                      OA221X1_RVT     saed32rvt_c      
U304                      OA22X1_RVT      saed32rvt_c      
U305                      OA221X1_RVT     saed32rvt_c      
U306                      OA22X1_RVT      saed32rvt_c      
U307                      NAND4X0_RVT     saed32rvt_c      
U308                      OA221X1_RVT     saed32rvt_c      
U309                      OA22X1_RVT      saed32rvt_c      
U310                      OA221X1_RVT     saed32rvt_c      
U311                      OA22X1_RVT      saed32rvt_c      
U312                      OA221X1_RVT     saed32rvt_c      
U314                      OA221X1_RVT     saed32rvt_c      
U315                      OA22X1_RVT      saed32rvt_c      
U316                      NAND4X0_RVT     saed32rvt_c      
U317                      OA221X1_RVT     saed32rvt_c      
U318                      OA22X1_RVT      saed32rvt_c      
U319                      OA221X1_RVT     saed32rvt_c      
U320                      OA22X1_RVT      saed32rvt_c      
U321                      OA221X1_RVT     saed32rvt_c      
U323                      OA221X1_RVT     saed32rvt_c      
U324                      OA22X1_RVT      saed32rvt_c      
U325                      NAND4X0_RVT     saed32rvt_c      
U326                      OA221X1_RVT     saed32rvt_c      
U327                      OA22X1_RVT      saed32rvt_c      
U328                      OA221X1_RVT     saed32rvt_c      
U329                      OA22X1_RVT      saed32rvt_c      
U330                      OA221X1_RVT     saed32rvt_c      
U332                      OA221X1_RVT     saed32rvt_c      
U333                      OA22X1_RVT      saed32rvt_c      
U334                      NAND4X0_RVT     saed32rvt_c      
U335                      OA221X1_RVT     saed32rvt_c      
U336                      OA22X1_RVT      saed32rvt_c      
U337                      OA221X1_RVT     saed32rvt_c      
U338                      OA22X1_RVT      saed32rvt_c      
U339                      OA221X1_RVT     saed32rvt_c      
U341                      OA221X1_RVT     saed32rvt_c      
U342                      OA22X1_RVT      saed32rvt_c      
U343                      NAND4X0_RVT     saed32rvt_c      
U344                      OA221X1_RVT     saed32rvt_c      
U345                      OA22X1_RVT      saed32rvt_c      
U346                      OA221X1_RVT     saed32rvt_c      
U347                      OA22X1_RVT      saed32rvt_c      
U348                      OA221X1_RVT     saed32rvt_c      
U350                      OA221X1_RVT     saed32rvt_c      
U351                      OA22X1_RVT      saed32rvt_c      
U352                      NAND4X0_RVT     saed32rvt_c      
U353                      OA221X1_RVT     saed32rvt_c      
U354                      OA22X1_RVT      saed32rvt_c      
U355                      OA221X1_RVT     saed32rvt_c      
U356                      OA22X1_RVT      saed32rvt_c      
U357                      OA221X1_RVT     saed32rvt_c      
U359                      OA221X1_RVT     saed32rvt_c      
U360                      OA22X1_RVT      saed32rvt_c      
U361                      NAND4X0_RVT     saed32rvt_c      
U362                      OA221X1_RVT     saed32rvt_c      
U363                      OA22X1_RVT      saed32rvt_c      
U365                      OA22X1_RVT      saed32rvt_c      
U366                      OA221X1_RVT     saed32rvt_c      
U367                      OA22X1_RVT      saed32rvt_c      
U368                      OA221X1_RVT     saed32rvt_c      
U369                      OA22X1_RVT      saed32rvt_c      
U370                      AO21X1_RVT      saed32rvt_c      
U372                      AO21X1_RVT      saed32rvt_c      
U374                      AO21X1_RVT      saed32rvt_c      
U376                      AO21X1_RVT      saed32rvt_c      
U378                      AO21X1_RVT      saed32rvt_c      
U380                      AO21X1_RVT      saed32rvt_c      
U382                      AND2X1_RVT      saed32rvt_c      
U383                      NAND3X0_RVT     saed32rvt_c      
U384                      AND3X1_RVT      saed32rvt_c      
U385                      AO21X1_RVT      saed32rvt_c      
U386                      AO21X1_RVT      saed32rvt_c      
U388                      AO21X1_RVT      saed32rvt_c      
U390                      AO21X1_RVT      saed32rvt_c      
U392                      AO21X1_RVT      saed32rvt_c      
U394                      AO21X1_RVT      saed32rvt_c      
U396                      AO21X1_RVT      saed32rvt_c      
U399                      AO21X2_RVT      saed32rvt_c      
U400                      AO22X1_RVT      saed32rvt_c      
U401                      AO22X1_RVT      saed32rvt_c      
U402                      AO22X1_RVT      saed32rvt_c      
U403                      AO22X1_RVT      saed32rvt_c      
U404                      AO22X1_RVT      saed32rvt_c      
U405                      AO22X1_RVT      saed32rvt_c      
U406                      AO22X1_RVT      saed32rvt_c      
U407                      AO22X1_RVT      saed32rvt_c      
U408                      AO22X1_RVT      saed32rvt_c      
U409                      AO22X1_RVT      saed32rvt_c      
U410                      AO22X1_RVT      saed32rvt_c      
U411                      AO22X1_RVT      saed32rvt_c      
U412                      AO22X1_RVT      saed32rvt_c      
U413                      AO22X1_RVT      saed32rvt_c      
U414                      AO22X1_RVT      saed32rvt_c      
U415                      AO22X1_RVT      saed32rvt_c      
U416                      AO22X1_RVT      saed32rvt_c      
U417                      AO22X1_RVT      saed32rvt_c      
U419                      AND2X1_RVT      saed32rvt_c      
U420                      AO22X1_RVT      saed32rvt_c      
U421                      AO22X1_RVT      saed32rvt_c      
U422                      AO22X1_RVT      saed32rvt_c      
U423                      AO22X1_RVT      saed32rvt_c      
U424                      AO22X1_RVT      saed32rvt_c      
U425                      AO22X1_RVT      saed32rvt_c      
U426                      NOR2X0_RVT      saed32rvt_c      
U427                      AND2X1_RVT      saed32rvt_c      
U428                      AO21X1_RVT      saed32rvt_c      
U429                      AND2X1_RVT      saed32rvt_c      
U430                      AO22X1_RVT      saed32rvt_c      
U431                      AND2X1_RVT      saed32rvt_c      
U432                      AO22X1_RVT      saed32rvt_c      
U433                      AND2X1_RVT      saed32rvt_c      
U434                      AO22X1_RVT      saed32rvt_c      
U435                      AO222X1_RVT     saed32rvt_c      
U436                      AO222X1_RVT     saed32rvt_c      
U437                      AO222X1_RVT     saed32rvt_c      
U438                      AO222X1_RVT     saed32rvt_c      
U439                      AO222X1_RVT     saed32rvt_c      
U440                      AO222X1_RVT     saed32rvt_c      
U441                      AO222X1_RVT     saed32rvt_c      
U442                      AO222X1_RVT     saed32rvt_c      
U443                      AO222X1_RVT     saed32rvt_c      
U444                      AO222X1_RVT     saed32rvt_c      
U445                      AO222X1_RVT     saed32rvt_c      
U446                      AO222X1_RVT     saed32rvt_c      
U447                      AO222X1_RVT     saed32rvt_c      
U448                      AO222X1_RVT     saed32rvt_c      
U449                      AO222X1_RVT     saed32rvt_c      
U450                      OR2X1_RVT       saed32rvt_c      
U452                      NAND2X0_RVT     saed32rvt_c      
U453                      NAND2X0_RVT     saed32rvt_c      
U455                      AO22X1_RVT      saed32rvt_c      
U456                      AO22X1_RVT      saed32rvt_c      
U457                      AO22X1_RVT      saed32rvt_c      
U458                      AO22X1_RVT      saed32rvt_c      
U459                      AO22X1_RVT      saed32rvt_c      
U460                      AO22X1_RVT      saed32rvt_c      
U461                      AO22X1_RVT      saed32rvt_c      
U462                      AO22X1_RVT      saed32rvt_c      
U463                      AO22X1_RVT      saed32rvt_c      
U464                      AO22X1_RVT      saed32rvt_c      
U465                      AO22X1_RVT      saed32rvt_c      
U466                      AO22X1_RVT      saed32rvt_c      
U467                      AO22X1_RVT      saed32rvt_c      
U468                      AO22X1_RVT      saed32rvt_c      
U469                      AO22X1_RVT      saed32rvt_c      
U470                      AO22X1_RVT      saed32rvt_c      
U472                      AO22X1_RVT      saed32rvt_c      
U473                      AO22X1_RVT      saed32rvt_c      
U474                      AO22X1_RVT      saed32rvt_c      
U475                      AO22X1_RVT      saed32rvt_c      
U476                      AO22X1_RVT      saed32rvt_c      
U477                      AO22X1_RVT      saed32rvt_c      
U478                      AO22X1_RVT      saed32rvt_c      
U479                      AO22X1_RVT      saed32rvt_c      
U480                      AO22X1_RVT      saed32rvt_c      
U481                      AO22X1_RVT      saed32rvt_c      
U482                      AO22X1_RVT      saed32rvt_c      
U483                      AO22X1_RVT      saed32rvt_c      
U484                      AO22X1_RVT      saed32rvt_c      
U485                      AO22X1_RVT      saed32rvt_c      
U486                      AO22X1_RVT      saed32rvt_c      
U487                      AO22X1_RVT      saed32rvt_c      
U489                      AO22X1_RVT      saed32rvt_c      
U490                      AO22X1_RVT      saed32rvt_c      
U491                      AO22X1_RVT      saed32rvt_c      
U492                      AO22X1_RVT      saed32rvt_c      
U493                      AO22X1_RVT      saed32rvt_c      
U494                      AO22X1_RVT      saed32rvt_c      
U495                      AO22X1_RVT      saed32rvt_c      
U496                      AO22X1_RVT      saed32rvt_c      
U497                      AO22X1_RVT      saed32rvt_c      
U498                      AO22X1_RVT      saed32rvt_c      
U499                      AO22X1_RVT      saed32rvt_c      
U500                      AO22X1_RVT      saed32rvt_c      
U501                      AO22X1_RVT      saed32rvt_c      
U502                      AO22X1_RVT      saed32rvt_c      
U503                      AO22X1_RVT      saed32rvt_c      
U504                      AO22X1_RVT      saed32rvt_c      
U506                      AO22X1_RVT      saed32rvt_c      
U507                      AO22X1_RVT      saed32rvt_c      
U508                      AO22X1_RVT      saed32rvt_c      
U509                      AO22X1_RVT      saed32rvt_c      
U510                      AO22X1_RVT      saed32rvt_c      
U511                      AO22X1_RVT      saed32rvt_c      
U512                      AO22X1_RVT      saed32rvt_c      
U513                      AO22X1_RVT      saed32rvt_c      
U514                      AO22X1_RVT      saed32rvt_c      
U515                      AO22X1_RVT      saed32rvt_c      
U516                      AO22X1_RVT      saed32rvt_c      
U517                      AO22X1_RVT      saed32rvt_c      
U518                      AO22X1_RVT      saed32rvt_c      
U519                      AO22X1_RVT      saed32rvt_c      
U520                      AO22X1_RVT      saed32rvt_c      
U521                      AO22X1_RVT      saed32rvt_c      
U523                      AO22X1_RVT      saed32rvt_c      
U524                      AO22X1_RVT      saed32rvt_c      
U525                      AO22X1_RVT      saed32rvt_c      
U526                      AO22X1_RVT      saed32rvt_c      
U527                      AO22X1_RVT      saed32rvt_c      
U528                      AO22X1_RVT      saed32rvt_c      
U529                      AO22X1_RVT      saed32rvt_c      
U530                      AO22X1_RVT      saed32rvt_c      
U531                      AO22X1_RVT      saed32rvt_c      
U532                      AO22X1_RVT      saed32rvt_c      
U533                      AO22X1_RVT      saed32rvt_c      
U534                      AO22X1_RVT      saed32rvt_c      
U535                      AO22X1_RVT      saed32rvt_c      
U536                      AO22X1_RVT      saed32rvt_c      
U537                      AO22X1_RVT      saed32rvt_c      
U538                      AO22X1_RVT      saed32rvt_c      
U540                      AO22X1_RVT      saed32rvt_c      
U541                      AO22X1_RVT      saed32rvt_c      
U542                      AO22X1_RVT      saed32rvt_c      
U543                      AO22X1_RVT      saed32rvt_c      
U544                      AO22X1_RVT      saed32rvt_c      
U545                      AO22X1_RVT      saed32rvt_c      
U546                      AO22X1_RVT      saed32rvt_c      
U547                      AO22X1_RVT      saed32rvt_c      
U548                      AO22X1_RVT      saed32rvt_c      
U549                      AO22X1_RVT      saed32rvt_c      
U550                      AO22X1_RVT      saed32rvt_c      
U551                      AO22X1_RVT      saed32rvt_c      
U552                      AO22X1_RVT      saed32rvt_c      
U553                      AO22X1_RVT      saed32rvt_c      
U554                      AO22X1_RVT      saed32rvt_c      
U555                      AO22X1_RVT      saed32rvt_c      
U557                      AO22X1_RVT      saed32rvt_c      
U558                      AO22X1_RVT      saed32rvt_c      
U559                      AO22X1_RVT      saed32rvt_c      
U560                      AO22X1_RVT      saed32rvt_c      
U561                      AO22X1_RVT      saed32rvt_c      
U562                      AO22X1_RVT      saed32rvt_c      
U563                      AO22X1_RVT      saed32rvt_c      
U564                      AO22X1_RVT      saed32rvt_c      
U565                      AO22X1_RVT      saed32rvt_c      
U566                      AO22X1_RVT      saed32rvt_c      
U567                      AO22X1_RVT      saed32rvt_c      
U568                      AO22X1_RVT      saed32rvt_c      
U569                      AO22X1_RVT      saed32rvt_c      
U570                      AO22X1_RVT      saed32rvt_c      
U571                      AO22X1_RVT      saed32rvt_c      
U572                      AO22X1_RVT      saed32rvt_c      
U574                      AO22X1_RVT      saed32rvt_c      
U575                      AO22X1_RVT      saed32rvt_c      
U576                      AO22X1_RVT      saed32rvt_c      
U577                      AO22X1_RVT      saed32rvt_c      
U578                      AO22X1_RVT      saed32rvt_c      
U579                      AO22X1_RVT      saed32rvt_c      
U580                      AO22X1_RVT      saed32rvt_c      
U581                      AO22X1_RVT      saed32rvt_c      
U582                      AO22X1_RVT      saed32rvt_c      
U583                      AO22X1_RVT      saed32rvt_c      
U584                      AO22X1_RVT      saed32rvt_c      
U585                      AO22X1_RVT      saed32rvt_c      
U586                      AO22X1_RVT      saed32rvt_c      
U587                      AO22X1_RVT      saed32rvt_c      
U588                      AO22X1_RVT      saed32rvt_c      
U589                      AO22X1_RVT      saed32rvt_c      
U591                      AO22X1_RVT      saed32rvt_c      
U592                      AO22X1_RVT      saed32rvt_c      
U593                      AO22X1_RVT      saed32rvt_c      
U594                      AO22X1_RVT      saed32rvt_c      
U595                      AO22X1_RVT      saed32rvt_c      
U596                      AO22X1_RVT      saed32rvt_c      
U597                      AO22X1_RVT      saed32rvt_c      
U598                      AO22X1_RVT      saed32rvt_c      
U599                      AO22X1_RVT      saed32rvt_c      
U600                      AO22X1_RVT      saed32rvt_c      
U601                      AO22X1_RVT      saed32rvt_c      
U602                      AO22X1_RVT      saed32rvt_c      
U603                      AO22X1_RVT      saed32rvt_c      
U604                      AO22X1_RVT      saed32rvt_c      
U605                      AO22X1_RVT      saed32rvt_c      
U606                      AO22X1_RVT      saed32rvt_c      
U608                      AO22X1_RVT      saed32rvt_c      
U609                      AO22X1_RVT      saed32rvt_c      
U610                      AO22X1_RVT      saed32rvt_c      
U611                      AO22X1_RVT      saed32rvt_c      
U612                      AO22X1_RVT      saed32rvt_c      
U613                      AO22X1_RVT      saed32rvt_c      
U614                      AO22X1_RVT      saed32rvt_c      
U615                      AO22X1_RVT      saed32rvt_c      
U616                      AO22X1_RVT      saed32rvt_c      
U617                      AO22X1_RVT      saed32rvt_c      
U618                      AO22X1_RVT      saed32rvt_c      
U619                      AO22X1_RVT      saed32rvt_c      
U620                      AO22X1_RVT      saed32rvt_c      
U621                      AO22X1_RVT      saed32rvt_c      
U622                      AO22X1_RVT      saed32rvt_c      
U623                      AO22X1_RVT      saed32rvt_c      
U625                      AO22X1_RVT      saed32rvt_c      
U627                      AO22X1_RVT      saed32rvt_c      
U629                      AO22X1_RVT      saed32rvt_c      
U631                      AO22X1_RVT      saed32rvt_c      
U633                      AO22X1_RVT      saed32rvt_c      
U635                      AO22X1_RVT      saed32rvt_c      
U637                      AO22X1_RVT      saed32rvt_c      
U639                      AO22X1_RVT      saed32rvt_c      
U641                      AO22X1_RVT      saed32rvt_c      
U642                      AO22X1_RVT      saed32rvt_c      
U643                      AO22X1_RVT      saed32rvt_c      
U644                      AO22X1_RVT      saed32rvt_c      
U645                      AO22X1_RVT      saed32rvt_c      
U646                      AO22X1_RVT      saed32rvt_c      
clock_gate_r1             omsp_clock_gate_15               h
enable_latch_reg          LATCHX1_RVT     saed32rvt_c      n, S
clockZBUF_inst_2160       NBUFFX2_RVT     saed32rvt_c      
U3                        AND2X4_RVT      saed32rvt_c      S
U4                        OR2X1_RVT       saed32rvt_c      
clock_gate_r2             omsp_clock_gate_14               h
enable_latch_reg          LATCHX1_RVT     saed32rvt_c      n, S
clockcopt_h_inst_6003     DELLN3X2_RVT    saed32rvt_c      
U3                        AND2X2_RVT      saed32rvt_c      S
U4                        OR2X1_RVT       saed32rvt_c      
clock_gate_r3             omsp_clock_gate_13               h
enable_latch_reg          LATCHX1_RVT     saed32rvt_c      n, S
clockZBUF_inst_3771       DELLN2X2_RVT    saed32rvt_c      
U3                        AND2X4_RVT      saed32rvt_c      S
U4                        OR2X1_RVT       saed32rvt_c      
clock_gate_r4             omsp_clock_gate_12               h
enable_latch_reg          LATCHX1_RVT     saed32rvt_c      n, S
clockZBUF_inst_3772       DELLN3X2_RVT    saed32rvt_c      
U3                        AND2X4_RVT      saed32rvt_c      S
U4                        OR2X1_RVT       saed32rvt_c      
clock_gate_r5             omsp_clock_gate_11               h
enable_latch_reg          LATCHX1_RVT     saed32rvt_c      n, S
clockZBUF_inst_3773       DELLN2X2_RVT    saed32rvt_c      
U3                        AND2X4_RVT      saed32rvt_c      S
U4                        OR2X1_RVT       saed32rvt_c      
clock_gate_r6             omsp_clock_gate_10               h
enable_latch_reg          LATCHX1_RVT     saed32rvt_c      n, S
clockcopt_h_inst_3865     NBUFFX2_RVT     saed32rvt_c      
U3                        AND2X4_RVT      saed32rvt_c      S
U4                        OR2X1_RVT       saed32rvt_c      
clock_gate_r7             omsp_clock_gate_9                h
enable_latch_reg          LATCHX1_RVT     saed32rvt_c      n, S
clockZBUF_inst_2162       NBUFFX2_RVT     saed32rvt_c      
U3                        AND2X4_RVT      saed32rvt_c      S
U4                        OR2X1_RVT       saed32rvt_c      
clock_gate_r8             omsp_clock_gate_8                h
enable_latch_reg          LATCHX1_RVT     saed32rvt_c      n, S
cts_inv_8163189           INVX32_RVT      saed32rvt_c      
U3                        AND2X4_RVT      saed32rvt_c      S
U4                        OR2X1_RVT       saed32rvt_c      
clock_gate_r9             omsp_clock_gate_7                h
enable_latch_reg          LATCHX1_RVT     saed32rvt_c      n, S
cts_inv_8213194           INVX16_RVT      saed32rvt_c      
U3                        AND2X4_RVT      saed32rvt_c      S
U4                        OR2X1_RVT       saed32rvt_c      
clock_gate_r10            omsp_clock_gate_6                h
enable_latch_reg          LATCHX1_RVT     saed32rvt_c      n, S
cts_inv_8263199           INVX16_RVT      saed32rvt_c      
U3                        AND2X4_RVT      saed32rvt_c      S
U4                        OR2X1_RVT       saed32rvt_c      
clock_gate_r11            omsp_clock_gate_5                h
enable_latch_reg          LATCHX1_RVT     saed32rvt_c      n, S
cts_inv_8313204           INVX16_RVT      saed32rvt_c      
U3                        AND2X4_RVT      saed32rvt_c      S
U4                        OR2X1_RVT       saed32rvt_c      
clock_gate_r12            omsp_clock_gate_4                h
enable_latch_reg          LATCHX1_RVT     saed32rvt_c      n, S
cts_inv_8373210           INVX16_RVT      saed32rvt_c      
U3                        AND2X4_RVT      saed32rvt_c      S
U4                        OR2X1_RVT       saed32rvt_c      
clock_gate_r13            omsp_clock_gate_3                h
enable_latch_reg          LATCHX1_RVT     saed32rvt_c      n, S
cts_inv_8423215           INVX8_RVT       saed32rvt_c      
U3                        AND2X4_RVT      saed32rvt_c      S
U4                        OR2X1_RVT       saed32rvt_c      
clock_gate_r14            omsp_clock_gate_2                h
enable_latch_reg          LATCHX1_RVT     saed32rvt_c      n, S
cts_inv_8693242           INVX4_RVT       saed32rvt_c      
U3                        AND2X4_RVT      saed32rvt_c      S
U4                        OR2X1_RVT       saed32rvt_c      
clock_gate_r15            omsp_clock_gate_1                h
enable_latch_reg          LATCHX1_RVT     saed32rvt_c      n, S
cts_inv_8743247           INVX2_RVT       saed32rvt_c      
U3                        AND2X4_RVT      saed32rvt_c      S
U4                        OR2X1_RVT       saed32rvt_c      
add_122/U1_1              FADDX1_RVT      saed32rvt_c      
r3_reg[9]                 DFFARX1_RVT     saed32rvt_c      n, S
U3                        AO21X1_RVT      saed32rvt_c      
placeHFSINV_3110_135      INVX4_RVT       saed32rvt_c      
placeHFSINV_6357_34       INVX8_RVT       saed32rvt_c      
clockcopt_h_inst_6004     DELLN3X2_RVT    saed32rvt_c      
placeHFSINV_587_36        INVX4_RVT       saed32rvt_c      
placeHFSINV_367_37        INVX0_RVT       saed32rvt_c      
placeHFSINV_1023_38       INVX0_RVT       saed32rvt_c      
placeHFSBUF_2268_39       NBUFFX16_RVT    saed32rvt_c      
placeHFSINV_545_41        INVX4_RVT       saed32rvt_c      
placeHFSINV_1082_44       INVX4_RVT       saed32rvt_c      
placeHFSINV_1025_46       INVX4_RVT       saed32rvt_c      
placeHFSINV_1251_47       INVX16_RVT      saed32rvt_c      
placeHFSINV_1305_48       INVX4_RVT       saed32rvt_c      
placeHFSINV_1219_49       INVX4_RVT       saed32rvt_c      
placeHFSINV_1450_50       INVX4_RVT       saed32rvt_c      
placeHFSINV_1152_51       INVX4_RVT       saed32rvt_c      
placeHFSINV_1035_52       INVX4_RVT       saed32rvt_c      
placeHFSINV_1340_53       INVX4_RVT       saed32rvt_c      
placeHFSINV_1129_54       INVX4_RVT       saed32rvt_c      
placeHFSINV_1443_55       INVX4_RVT       saed32rvt_c      
placeHFSINV_1121_56       INVX4_RVT       saed32rvt_c      
placeHFSINV_1245_57       INVX4_RVT       saed32rvt_c      
placeHFSINV_1500_168      INVX4_RVT       saed32rvt_c      
placeHFSINV_644_160       INVX2_RVT       saed32rvt_c      
placeHFSINV_620_158       INVX4_RVT       saed32rvt_c      
placeHFSINV_969_164       INVX4_RVT       saed32rvt_c      
placeHFSINV_547_162       INVX4_RVT       saed32rvt_c      
placeHFSINV_730_143       INVX0_RVT       saed32rvt_c      
placeHFSINV_1408_146      INVX4_RVT       saed32rvt_c      
placeHFSINV_594_148       INVX4_RVT       saed32rvt_c      
placeHFSINV_1131_149      INVX4_RVT       saed32rvt_c      
placeHFSINV_1211_145      INVX4_RVT       saed32rvt_c      
placeHFSINV_794_147       INVX4_RVT       saed32rvt_c      
placeHFSINV_1108_150      INVX4_RVT       saed32rvt_c      
placeHFSINV_611_163       INVX4_RVT       saed32rvt_c      
placeHFSINV_722_159       INVX4_RVT       saed32rvt_c      
placeHFSINV_387_161       INVX2_RVT       saed32rvt_c      
U40                       NAND2X4_RVT     saed32rvt_c      
placeHFSINV_5_74          INVX0_RVT       saed32rvt_c      
placeHFSINV_1318_58       INVX4_RVT       saed32rvt_c      
placeHFSINV_1163_59       INVX4_RVT       saed32rvt_c      
placeHFSINV_313_75        INVX0_RVT       saed32rvt_c      
placeHFSINV_34_77         INVX0_RVT       saed32rvt_c      
placeHFSINV_332_78        INVX0_RVT       saed32rvt_c      
placeHFSINV_1992_79       INVX4_RVT       saed32rvt_c      
placeHFSINV_336_80        INVX0_RVT       saed32rvt_c      
placeHFSINV_13_82         IBUFFX16_RVT    saed32rvt_c      
placeHFSINV_348_83        INVX16_RVT      saed32rvt_c      
placeHFSINV_443_84        INVX2_RVT       saed32rvt_c      
placeHFSINV_10_85         INVX0_RVT       saed32rvt_c      
placeHFSINV_2104_87       INVX8_RVT       saed32rvt_c      
placeHFSINV_446_88        INVX0_RVT       saed32rvt_c      
U55                       AND2X4_RVT      saed32rvt_c      
U56                       AND2X4_RVT      saed32rvt_c      
U57                       AND2X4_RVT      saed32rvt_c      
U58                       AND2X4_RVT      saed32rvt_c      
placeHFSINV_797_165       INVX4_RVT       saed32rvt_c      
placeHFSINV_792_134       INVX4_RVT       saed32rvt_c      
U61                       NAND2X4_RVT     saed32rvt_c      
U62                       NAND2X4_RVT     saed32rvt_c      
U63                       NAND2X4_RVT     saed32rvt_c      
U64                       NAND2X4_RVT     saed32rvt_c      
U65                       NAND2X4_RVT     saed32rvt_c      
U66                       NAND2X4_RVT     saed32rvt_c      
U67                       NAND2X4_RVT     saed32rvt_c      
U68                       NAND2X4_RVT     saed32rvt_c      
U69                       NAND2X4_RVT     saed32rvt_c      
U70                       NAND2X4_RVT     saed32rvt_c      
U71                       NAND2X4_RVT     saed32rvt_c      
U72                       NAND2X4_RVT     saed32rvt_c      
U73                       NOR2X2_RVT      saed32rvt_c      
U74                       NAND2X2_RVT     saed32rvt_c      
U75                       NAND2X0_RVT     saed32rvt_c      
U76                       NAND2X0_RVT     saed32rvt_c      
U77                       NAND2X0_RVT     saed32rvt_c      
U78                       NAND2X0_RVT     saed32rvt_c      
U81                       AND2X4_RVT      saed32rvt_c      
U162                      AND2X4_RVT      saed32rvt_c      
U171                      AND2X4_RVT      saed32rvt_c      
U180                      AND2X4_RVT      saed32rvt_c      
U189                      XOR2X1_RVT      saed32rvt_c      
U198                      XOR2X1_RVT      saed32rvt_c      
U207                      XOR2X1_RVT      saed32rvt_c      
U215                      XOR2X1_RVT      saed32rvt_c      
U217                      XOR2X1_RVT      saed32rvt_c      
U218                      XOR2X2_RVT      saed32rvt_c      
U219                      XNOR2X1_RVT     saed32rvt_c      
U232                      NAND2X0_RVT     saed32rvt_c      
U313                      XOR2X1_RVT      saed32rvt_c      
U322                      XOR2X1_RVT      saed32rvt_c      
U331                      XOR2X1_RVT      saed32rvt_c      
U340                      XOR2X1_RVT      saed32rvt_c      
U349                      XOR2X1_RVT      saed32rvt_c      
U358                      XOR2X1_RVT      saed32rvt_c      
U364                      XOR2X1_RVT      saed32rvt_c      
U371                      XOR2X2_RVT      saed32rvt_c      
U373                      AND2X4_RVT      saed32rvt_c      
placeHFSINV_510_89        INVX2_RVT       saed32rvt_c      
placeHFSINV_309_91        INVX0_RVT       saed32rvt_c      
U379                      NAND2X4_RVT     saed32rvt_c      
U381                      NAND2X0_RVT     saed32rvt_c      
U387                      NAND2X0_RVT     saed32rvt_c      
U389                      NAND2X0_RVT     saed32rvt_c      
U391                      NAND2X2_RVT     saed32rvt_c      
U393                      NAND2X0_RVT     saed32rvt_c      
U395                      NAND2X0_RVT     saed32rvt_c      
U397                      NAND2X0_RVT     saed32rvt_c      
U398                      NAND2X0_RVT     saed32rvt_c      
U418                      AND2X1_RVT      saed32rvt_c      
U451                      AND2X1_RVT      saed32rvt_c      
U454                      AND2X1_RVT      saed32rvt_c      
U471                      AND2X1_RVT      saed32rvt_c      
U488                      AND2X1_RVT      saed32rvt_c      
U505                      AND2X1_RVT      saed32rvt_c      
U522                      AND2X1_RVT      saed32rvt_c      
U539                      AND2X1_RVT      saed32rvt_c      
U556                      AND2X1_RVT      saed32rvt_c      
U573                      AND2X1_RVT      saed32rvt_c      
U590                      AND2X1_RVT      saed32rvt_c      
U607                      AND2X1_RVT      saed32rvt_c      
U624                      AND2X1_RVT      saed32rvt_c      
placeHFSINV_338_92        INVX2_RVT       saed32rvt_c      
placeHFSINV_5_128         INVX0_RVT       saed32rvt_c      
U630                      INVX0_RVT       saed32rvt_c      
placeHFSINV_5_138         INVX0_RVT       saed32rvt_c      
placeHFSINV_364_140       INVX0_RVT       saed32rvt_c      
placeHFSINV_5_156         INVX0_RVT       saed32rvt_c      
placeHFSINV_122_153       INVX0_RVT       saed32rvt_c      
placeHFSINV_5_142         INVX0_RVT       saed32rvt_c      
placeHFSINV_184_136       INVX0_RVT       saed32rvt_c      
placeHFSINV_172_154       INVX0_RVT       saed32rvt_c      
placeHFSINV_180_151       INVX0_RVT       saed32rvt_c      
placeHFSINV_177_137       INVX0_RVT       saed32rvt_c      
placeHFSINV_121_139       INVX0_RVT       saed32rvt_c      
placeHFSINV_380_155       INVX0_RVT       saed32rvt_c      
placeHFSINV_294_152       INVX0_RVT       saed32rvt_c      
placeHFSINV_1551_157      INVX2_RVT       saed32rvt_c      
placeHFSINV_316_93        INVX0_RVT       saed32rvt_c      
placeHFSINV_517_94        INVX0_RVT       saed32rvt_c      
placeHFSINV_5_96          INVX0_RVT       saed32rvt_c      
placeHFSINV_43_97         INVX0_RVT       saed32rvt_c      
U659                      INVX0_RVT       saed32rvt_c      
U660                      INVX0_RVT       saed32rvt_c      
U661                      INVX0_RVT       saed32rvt_c      
U662                      INVX0_RVT       saed32rvt_c      
U663                      INVX0_RVT       saed32rvt_c      
U664                      INVX0_RVT       saed32rvt_c      
U665                      INVX0_RVT       saed32rvt_c      
U666                      INVX0_RVT       saed32rvt_c      
U667                      INVX0_RVT       saed32rvt_c      
U668                      INVX0_RVT       saed32rvt_c      
U669                      INVX0_RVT       saed32rvt_c      
U670                      INVX0_RVT       saed32rvt_c      
U671                      INVX0_RVT       saed32rvt_c      
U672                      INVX0_RVT       saed32rvt_c      
U673                      INVX0_RVT       saed32rvt_c      
U674                      INVX0_RVT       saed32rvt_c      
U675                      NAND2X0_RVT     saed32rvt_c      
U676                      NAND2X0_RVT     saed32rvt_c      
U677                      NAND2X0_RVT     saed32rvt_c      
U678                      NAND2X0_RVT     saed32rvt_c      
U679                      NAND2X0_RVT     saed32rvt_c      
U680                      NAND2X0_RVT     saed32rvt_c      
U681                      NAND2X0_RVT     saed32rvt_c      
U682                      NAND2X0_RVT     saed32rvt_c      
U683                      NAND2X0_RVT     saed32rvt_c      
U684                      NAND2X0_RVT     saed32rvt_c      
U685                      NAND2X0_RVT     saed32rvt_c      
U686                      NAND2X0_RVT     saed32rvt_c      
U687                      NAND2X0_RVT     saed32rvt_c      
U688                      NAND2X0_RVT     saed32rvt_c      
U689                      OA21X1_RVT      saed32rvt_c      
U690                      OA21X1_RVT      saed32rvt_c      
alu_0                     omsp_alu                         h
U107                      AND2X1_RVT      saed32rvt_c      
U108                      AND2X1_RVT      saed32rvt_c      
U109                      AND2X1_RVT      saed32rvt_c      
U110                      AND2X1_RVT      saed32rvt_c      
U111                      AND2X1_RVT      saed32rvt_c      
U112                      AND2X1_RVT      saed32rvt_c      
U113                      AND2X1_RVT      saed32rvt_c      
U114                      AND2X1_RVT      saed32rvt_c      
U115                      AND2X1_RVT      saed32rvt_c      
U116                      AND2X1_RVT      saed32rvt_c      
U117                      AND2X1_RVT      saed32rvt_c      
U118                      AND2X1_RVT      saed32rvt_c      
U119                      AND2X1_RVT      saed32rvt_c      
U120                      AND2X1_RVT      saed32rvt_c      
U121                      AND2X1_RVT      saed32rvt_c      
U122                      AND2X1_RVT      saed32rvt_c      
U124                      AO222X1_RVT     saed32rvt_c      
U125                      AO222X1_RVT     saed32rvt_c      
U126                      AO22X1_RVT      saed32rvt_c      
U127                      AO221X1_RVT     saed32rvt_c      
U128                      AO22X1_RVT      saed32rvt_c      
U129                      NAND2X0_RVT     saed32rvt_c      
U130                      NAND4X0_RVT     saed32rvt_c      
U131                      NAND3X0_RVT     saed32rvt_c      
U132                      AO21X1_RVT      saed32rvt_c      
U133                      NAND2X0_RVT     saed32rvt_c      
U134                      NAND4X0_RVT     saed32rvt_c      
U135                      NAND3X0_RVT     saed32rvt_c      
U136                      AO21X1_RVT      saed32rvt_c      
U137                      AND3X1_RVT      saed32rvt_c      
U138                      AO22X1_RVT      saed32rvt_c      
U139                      AO221X1_RVT     saed32rvt_c      
U140                      AND3X1_RVT      saed32rvt_c      
U141                      NAND4X0_RVT     saed32rvt_c      
U142                      OA21X1_RVT      saed32rvt_c      
U144                      AO22X1_RVT      saed32rvt_c      
U145                      AO22X1_RVT      saed32rvt_c      
U146                      NOR2X2_RVT      saed32rvt_c      
U147                      NAND2X0_RVT     saed32rvt_c      
U148                      AO222X2_RVT     saed32rvt_c      
U149                      AO221X1_RVT     saed32rvt_c      
U150                      AO221X1_RVT     saed32rvt_c      
U151                      AO221X1_RVT     saed32rvt_c      
U152                      AO21X1_RVT      saed32rvt_c      
U153                      NAND2X0_RVT     saed32rvt_c      
U154                      NAND2X0_RVT     saed32rvt_c      
U155                      AO222X1_RVT     saed32rvt_c      
U156                      AO221X1_RVT     saed32rvt_c      
U157                      AO221X1_RVT     saed32rvt_c      
U158                      AO221X1_RVT     saed32rvt_c      
U159                      AO21X1_RVT      saed32rvt_c      
U160                      NAND2X0_RVT     saed32rvt_c      
U161                      NAND2X0_RVT     saed32rvt_c      
U163                      AO221X1_RVT     saed32rvt_c      
U164                      AO221X1_RVT     saed32rvt_c      
U165                      AO22X1_RVT      saed32rvt_c      
U166                      AO21X1_RVT      saed32rvt_c      
U167                      AO221X1_RVT     saed32rvt_c      
U169                      AO221X1_RVT     saed32rvt_c      
U170                      AO222X1_RVT     saed32rvt_c      
U171                      AO21X1_RVT      saed32rvt_c      
U172                      AO221X1_RVT     saed32rvt_c      
U174                      AO221X1_RVT     saed32rvt_c      
U175                      AO222X1_RVT     saed32rvt_c      
U176                      AO21X1_RVT      saed32rvt_c      
U177                      AO221X1_RVT     saed32rvt_c      
U179                      AO221X1_RVT     saed32rvt_c      
U180                      AO222X1_RVT     saed32rvt_c      
U181                      AO21X1_RVT      saed32rvt_c      
U182                      AO221X1_RVT     saed32rvt_c      
U184                      AO221X1_RVT     saed32rvt_c      
U185                      AO222X1_RVT     saed32rvt_c      
U186                      AO21X1_RVT      saed32rvt_c      
U187                      AO221X1_RVT     saed32rvt_c      
U189                      AO221X1_RVT     saed32rvt_c      
U190                      AO222X1_RVT     saed32rvt_c      
U191                      AO21X1_RVT      saed32rvt_c      
U192                      AO221X1_RVT     saed32rvt_c      
U194                      AO221X1_RVT     saed32rvt_c      
U195                      AO222X1_RVT     saed32rvt_c      
U196                      AO21X1_RVT      saed32rvt_c      
U197                      AO221X1_RVT     saed32rvt_c      
U198                      AO222X1_RVT     saed32rvt_c      
U199                      AO221X1_RVT     saed32rvt_c      
U200                      AO221X1_RVT     saed32rvt_c      
U201                      AO221X1_RVT     saed32rvt_c      
U202                      AO21X1_RVT      saed32rvt_c      
U203                      NAND2X0_RVT     saed32rvt_c      
U204                      NAND2X0_RVT     saed32rvt_c      
U205                      AO22X1_RVT      saed32rvt_c      
U206                      AO22X1_RVT      saed32rvt_c      
U207                      AO222X1_RVT     saed32rvt_c      
U208                      AO221X1_RVT     saed32rvt_c      
U209                      AO221X1_RVT     saed32rvt_c      
U210                      AO221X1_RVT     saed32rvt_c      
U211                      AO21X1_RVT      saed32rvt_c      
U212                      NAND2X0_RVT     saed32rvt_c      
U213                      NAND2X0_RVT     saed32rvt_c      
U214                      AO222X2_RVT     saed32rvt_c      
U215                      AO221X1_RVT     saed32rvt_c      
U216                      AO221X1_RVT     saed32rvt_c      
U217                      AO221X1_RVT     saed32rvt_c      
U218                      AO21X1_RVT      saed32rvt_c      
U219                      NAND2X0_RVT     saed32rvt_c      
U220                      NAND2X0_RVT     saed32rvt_c      
U221                      AO222X1_RVT     saed32rvt_c      
U222                      AO221X1_RVT     saed32rvt_c      
U223                      AO221X1_RVT     saed32rvt_c      
U224                      AO221X1_RVT     saed32rvt_c      
U225                      AO21X1_RVT      saed32rvt_c      
U226                      NAND2X0_RVT     saed32rvt_c      
U227                      NAND2X0_RVT     saed32rvt_c      
U228                      AO222X2_RVT     saed32rvt_c      
U229                      AO221X1_RVT     saed32rvt_c      
U230                      AO221X1_RVT     saed32rvt_c      
U231                      AO221X1_RVT     saed32rvt_c      
U232                      AO21X1_RVT      saed32rvt_c      
U233                      NAND2X0_RVT     saed32rvt_c      
U234                      NAND2X0_RVT     saed32rvt_c      
U235                      AO222X1_RVT     saed32rvt_c      
U236                      AO221X1_RVT     saed32rvt_c      
U237                      AO221X1_RVT     saed32rvt_c      
U239                      AO221X1_RVT     saed32rvt_c      
U240                      AO21X1_RVT      saed32rvt_c      
U241                      NAND2X0_RVT     saed32rvt_c      
U242                      NAND2X0_RVT     saed32rvt_c      
U245                      AO221X1_RVT     saed32rvt_c      
U246                      AO222X1_RVT     saed32rvt_c      
U247                      AO21X1_RVT      saed32rvt_c      
U249                      NAND4X0_RVT     saed32rvt_c      
U251                      AO221X1_RVT     saed32rvt_c      
U256                      OA21X1_RVT      saed32rvt_c      
U257                      AND2X1_RVT      saed32rvt_c      
U258                      AND2X1_RVT      saed32rvt_c      
add_171                   omsp_alu_DW01_add_9              h
U1_15                     FADDX1_RVT      saed32rvt_c      
U1_14                     FADDX1_RVT      saed32rvt_c      
U1_13                     FADDX1_RVT      saed32rvt_c      
U1_12                     FADDX1_RVT      saed32rvt_c      
U1_11                     FADDX1_RVT      saed32rvt_c      
U1_10                     FADDX1_RVT      saed32rvt_c      
U1_9                      FADDX1_RVT      saed32rvt_c      
U1_8                      FADDX1_RVT      saed32rvt_c      
U1_7                      FADDX2_RVT      saed32rvt_c      
U1_6                      FADDX2_RVT      saed32rvt_c      
U1_5                      FADDX1_RVT      saed32rvt_c      
U1_4                      FADDX1_RVT      saed32rvt_c      
U1_3                      FADDX1_RVT      saed32rvt_c      
U1_2                      FADDX1_RVT      saed32rvt_c      
U1_1                      FADDX1_RVT      saed32rvt_c      
U1                        XOR2X2_RVT      saed32rvt_c      
U2                        AND2X1_RVT      saed32rvt_c      
add_102_C188_aco/U1_2     FADDX1_RVT      saed32rvt_c      
add_1_root_add_100_2_C188/U1_0
                          FADDX1_RVT      saed32rvt_c      
add_1_root_add_100_2_C188/U1_1
                          FADDX1_RVT      saed32rvt_c      
add_1_root_add_100_2_C188/U1_2
                          FADDX1_RVT      saed32rvt_c      
add_1_root_add_100_2_C188/U1_3
                          FADDX1_RVT      saed32rvt_c      
add_102_C187_aco/U1_2     FADDX1_RVT      saed32rvt_c      
add_1_root_add_100_2_C187/U1_0
                          FADDX1_RVT      saed32rvt_c      
add_1_root_add_100_2_C187/U1_1
                          FADDX1_RVT      saed32rvt_c      
add_1_root_add_100_2_C187/U1_2
                          FADDX1_RVT      saed32rvt_c      
add_1_root_add_100_2_C187/U1_3
                          FADDX1_RVT      saed32rvt_c      
add_102_C186_aco/U1_2     FADDX1_RVT      saed32rvt_c      
add_1_root_add_100_2_C186/U1_0
                          FADDX1_RVT      saed32rvt_c      
add_1_root_add_100_2_C186/U1_1
                          FADDX1_RVT      saed32rvt_c      
add_1_root_add_100_2_C186/U1_2
                          FADDX1_RVT      saed32rvt_c      
add_1_root_add_100_2_C186/U1_3
                          FADDX1_RVT      saed32rvt_c      
add_102_C185_aco/U1_2     FADDX1_RVT      saed32rvt_c      
add_1_root_add_100_2_C185/U1_0
                          FADDX1_RVT      saed32rvt_c      
add_1_root_add_100_2_C185/U1_1
                          FADDX1_RVT      saed32rvt_c      
add_1_root_add_100_2_C185/U1_2
                          FADDX1_RVT      saed32rvt_c      
add_1_root_add_100_2_C185/U1_3
                          FADDX1_RVT      saed32rvt_c      
U3                        AND2X4_RVT      saed32rvt_c      
U4                        OR2X1_RVT       saed32rvt_c      
U5                        OR2X1_RVT       saed32rvt_c      
U6                        OR2X1_RVT       saed32rvt_c      
U7                        OR2X1_RVT       saed32rvt_c      
U8                        AO222X2_RVT     saed32rvt_c      
U9                        NOR2X1_RVT      saed32rvt_c      
U10                       NOR4X0_RVT      saed32rvt_c      
U11                       AO222X1_RVT     saed32rvt_c      
U12                       AO222X1_RVT     saed32rvt_c      
U13                       NOR3X0_RVT      saed32rvt_c      
U14                       AO222X1_RVT     saed32rvt_c      
U15                       AO222X1_RVT     saed32rvt_c      
U16                       AO222X1_RVT     saed32rvt_c      
U17                       AO222X1_RVT     saed32rvt_c      
U18                       AO222X2_RVT     saed32rvt_c      
placeHFSINV_192_98        INVX0_RVT       saed32rvt_c      
placeHFSINV_43_99         INVX0_RVT       saed32rvt_c      
placeHFSINV_55_100        INVX0_RVT       saed32rvt_c      
placeHFSINV_291_141       INVX0_RVT       saed32rvt_c      
placeHFSINV_336_106       INVX0_RVT       saed32rvt_c      
placeHFSINV_493_104       INVX0_RVT       saed32rvt_c      
U26                       XOR2X2_RVT      saed32rvt_c      
U27                       XOR2X1_RVT      saed32rvt_c      
U28                       XOR2X1_RVT      saed32rvt_c      
U29                       XOR2X1_RVT      saed32rvt_c      
U30                       XOR2X1_RVT      saed32rvt_c      
U31                       XOR2X1_RVT      saed32rvt_c      
U32                       XOR2X1_RVT      saed32rvt_c      
U34                       XOR2X1_RVT      saed32rvt_c      
U35                       XOR2X1_RVT      saed32rvt_c      
U36                       XOR2X1_RVT      saed32rvt_c      
U37                       XOR2X1_RVT      saed32rvt_c      
U38                       XOR2X1_RVT      saed32rvt_c      
U39                       XOR2X1_RVT      saed32rvt_c      
U40                       XOR2X1_RVT      saed32rvt_c      
U41                       XOR2X1_RVT      saed32rvt_c      
U42                       XOR2X1_RVT      saed32rvt_c      
placeHFSBUF_452_105       NBUFFX8_RVT     saed32rvt_c      
placeHFSINV_115_107       INVX0_RVT       saed32rvt_c      
placeHFSINV_1056_111      INVX4_RVT       saed32rvt_c      
U46                       OR4X1_RVT       saed32rvt_c      
U47                       OR4X1_RVT       saed32rvt_c      
U48                       AND2X2_RVT      saed32rvt_c      
U49                       NOR2X4_RVT      saed32rvt_c      
U50                       NAND2X4_RVT     saed32rvt_c      
U51                       NAND2X4_RVT     saed32rvt_c      
U52                       OR3X4_RVT       saed32rvt_c      
U53                       AND2X4_RVT      saed32rvt_c      
U54                       NOR2X2_RVT      saed32rvt_c      
U55                       XOR2X1_RVT      saed32rvt_c      
U56                       XOR2X1_RVT      saed32rvt_c      
U57                       AND2X1_RVT      saed32rvt_c      
U58                       XOR2X1_RVT      saed32rvt_c      
U59                       AND2X1_RVT      saed32rvt_c      
U60                       XOR2X1_RVT      saed32rvt_c      
U61                       AND2X1_RVT      saed32rvt_c      
U62                       XOR2X1_RVT      saed32rvt_c      
U63                       AND2X1_RVT      saed32rvt_c      
U64                       XOR2X1_RVT      saed32rvt_c      
U65                       AND2X1_RVT      saed32rvt_c      
U66                       XOR2X1_RVT      saed32rvt_c      
U67                       AND2X1_RVT      saed32rvt_c      
U68                       XOR2X1_RVT      saed32rvt_c      
U69                       AND2X1_RVT      saed32rvt_c      
U70                       XOR2X1_RVT      saed32rvt_c      
U71                       AND2X1_RVT      saed32rvt_c      
U72                       XOR2X1_RVT      saed32rvt_c      
U73                       AND2X1_RVT      saed32rvt_c      
U74                       XOR2X1_RVT      saed32rvt_c      
U75                       AND2X1_RVT      saed32rvt_c      
U76                       XOR2X1_RVT      saed32rvt_c      
U77                       AND2X1_RVT      saed32rvt_c      
U78                       XOR2X1_RVT      saed32rvt_c      
U79                       AND2X1_RVT      saed32rvt_c      
U80                       XOR2X1_RVT      saed32rvt_c      
U81                       AND2X1_RVT      saed32rvt_c      
U82                       XOR2X1_RVT      saed32rvt_c      
U83                       XOR2X1_RVT      saed32rvt_c      
U84                       AND2X1_RVT      saed32rvt_c      
U85                       XOR2X1_RVT      saed32rvt_c      
U86                       AND2X1_RVT      saed32rvt_c      
U87                       XOR2X1_RVT      saed32rvt_c      
U88                       XOR2X1_RVT      saed32rvt_c      
U89                       AND2X1_RVT      saed32rvt_c      
U90                       XOR2X1_RVT      saed32rvt_c      
U91                       AND2X1_RVT      saed32rvt_c      
U92                       XOR2X1_RVT      saed32rvt_c      
U93                       AND2X1_RVT      saed32rvt_c      
U94                       XOR2X1_RVT      saed32rvt_c      
U95                       AND2X1_RVT      saed32rvt_c      
U96                       XOR2X1_RVT      saed32rvt_c      
U97                       AND2X1_RVT      saed32rvt_c      
U98                       XOR2X1_RVT      saed32rvt_c      
U99                       AND2X1_RVT      saed32rvt_c      
U100                      XOR2X1_RVT      saed32rvt_c      
U101                      AND2X1_RVT      saed32rvt_c      
U102                      XOR2X1_RVT      saed32rvt_c      
U103                      XOR2X1_RVT      saed32rvt_c      
U104                      AND2X1_RVT      saed32rvt_c      
U105                      XOR2X1_RVT      saed32rvt_c      
U106                      AND2X1_RVT      saed32rvt_c      
U123                      XOR2X1_RVT      saed32rvt_c      
U143                      OA21X1_RVT      saed32rvt_c      
U162                      OA21X1_RVT      saed32rvt_c      
U168                      OA21X1_RVT      saed32rvt_c      
U173                      OA21X1_RVT      saed32rvt_c      
U178                      INVX0_RVT       saed32rvt_c      
U183                      INVX0_RVT       saed32rvt_c      
U188                      INVX0_RVT       saed32rvt_c      
U193                      INVX0_RVT       saed32rvt_c      
U238                      INVX0_RVT       saed32rvt_c      
placeHFSINV_167_102       INVX0_RVT       saed32rvt_c      
placeHFSINV_290_103       INVX0_RVT       saed32rvt_c      
U248                      INVX0_RVT       saed32rvt_c      
placeHFSINV_55_113        INVX0_RVT       saed32rvt_c      
U252                      INVX0_RVT       saed32rvt_c      
placeHFSBUF_2047_115      NBUFFX2_RVT     saed32rvt_c      
U254                      INVX0_RVT       saed32rvt_c      
placeHFSINV_47_116        INVX0_RVT       saed32rvt_c      
U259                      INVX0_RVT       saed32rvt_c      
placeHFSINV_5_117         INVX0_RVT       saed32rvt_c      
U261                      INVX0_RVT       saed32rvt_c      
U262                      INVX0_RVT       saed32rvt_c      
U263                      INVX0_RVT       saed32rvt_c      
U264                      INVX0_RVT       saed32rvt_c      
U265                      INVX0_RVT       saed32rvt_c      
U266                      INVX0_RVT       saed32rvt_c      
U267                      INVX0_RVT       saed32rvt_c      
placeHFSINV_1454_126      INVX2_RVT       saed32rvt_c      
placeHFSINV_314_131       INVX0_RVT       saed32rvt_c      
U270                      INVX0_RVT       saed32rvt_c      
placeHFSINV_1872_132      INVX4_RVT       saed32rvt_c      
U272                      INVX0_RVT       saed32rvt_c      
U273                      INVX0_RVT       saed32rvt_c      
U274                      INVX0_RVT       saed32rvt_c      
U275                      INVX1_RVT       saed32rvt_c      
U276                      INVX0_RVT       saed32rvt_c      
U277                      INVX0_RVT       saed32rvt_c      
U278                      INVX0_RVT       saed32rvt_c      
U279                      INVX0_RVT       saed32rvt_c      
U280                      INVX0_RVT       saed32rvt_c      
U281                      INVX0_RVT       saed32rvt_c      
U282                      INVX0_RVT       saed32rvt_c      
U283                      INVX0_RVT       saed32rvt_c      
placeHFSBUF_1946_133      NBUFFX8_RVT     saed32rvt_c      
placeHFSINV_703_144       INVX4_RVT       saed32rvt_c      
U286                      INVX0_RVT       saed32rvt_c      
placeHFSINV_334_166       INVX0_RVT       saed32rvt_c      
U288                      INVX0_RVT       saed32rvt_c      
placeHFSINV_389_167       INVX0_RVT       saed32rvt_c      
clock_gate_mdb_out_nxt    omsp_clock_gate_24               h
enable_latch_reg          LATCHX1_RVT     saed32rvt_c      n, S
cts_inv_8943267           IBUFFX4_RVT     saed32rvt_c      
U3                        AND2X4_RVT      saed32rvt_c      S
U4                        OR2X1_RVT       saed32rvt_c      
clock_gate_mdb_in_buf     omsp_clock_gate_23               h
enable_latch_reg          LATCHX1_RVT     saed32rvt_c      n, S
cts_inv_8993272           IBUFFX2_RVT     saed32rvt_c      
U3                        AND2X4_RVT      saed32rvt_c      S
U4                        OR2X1_RVT       saed32rvt_c      
mdb_in_buf_en_reg         DFFARX1_RVT     saed32rvt_c      n, S
mdb_in_buf_reg[15]        DFFARX1_RVT     saed32rvt_c      n, S
mdb_in_buf_reg[14]        DFFARX1_RVT     saed32rvt_c      n, S
mdb_in_buf_reg[13]        DFFARX1_RVT     saed32rvt_c      n, S
mdb_in_buf_reg[12]        DFFARX1_RVT     saed32rvt_c      n, S
mdb_in_buf_reg[11]        DFFARX1_RVT     saed32rvt_c      n, S
mdb_in_buf_reg[10]        DFFARX1_RVT     saed32rvt_c      n, S
mdb_in_buf_reg[9]         DFFARX1_RVT     saed32rvt_c      n, S
mdb_in_buf_reg[8]         DFFARX1_RVT     saed32rvt_c      n, S
mdb_in_buf_reg[7]         DFFARX1_RVT     saed32rvt_c      n, S
mdb_in_buf_reg[6]         DFFARX1_RVT     saed32rvt_c      n, S
mdb_in_buf_reg[5]         DFFARX1_RVT     saed32rvt_c      n, S
mdb_in_buf_reg[4]         DFFARX1_RVT     saed32rvt_c      n, S
mdb_in_buf_reg[3]         DFFARX1_RVT     saed32rvt_c      n, S
mdb_in_buf_reg[2]         DFFARX1_RVT     saed32rvt_c      n, S
mdb_in_buf_reg[1]         DFFARX1_RVT     saed32rvt_c      n, S
mdb_in_buf_reg[0]         DFFARX1_RVT     saed32rvt_c      n, S
mab_lsb_reg               DFFARX1_RVT     saed32rvt_c      n, S
mdb_out_nxt_reg[0]        DFFARX1_RVT     saed32rvt_c      n, S
mdb_out_nxt_reg[1]        DFFARX1_RVT     saed32rvt_c      n, S
mdb_out_nxt_reg[2]        DFFARX1_RVT     saed32rvt_c      n, S
mdb_out_nxt_reg[3]        DFFARX1_RVT     saed32rvt_c      n, S
mdb_out_nxt_reg[4]        DFFARX1_RVT     saed32rvt_c      n, S
mdb_out_nxt_reg[5]        DFFARX1_RVT     saed32rvt_c      n, S
mdb_out_nxt_reg[6]        DFFARX1_RVT     saed32rvt_c      n, S
mdb_out_nxt_reg[7]        DFFARX1_RVT     saed32rvt_c      n, S
mdb_out_nxt_reg[8]        DFFARX1_RVT     saed32rvt_c      n, S
placeHFSINV_441_177       INVX0_RVT       saed32rvt_c      
U4                        AND4X4_RVT      saed32rvt_c      
U5                        AO221X1_RVT     saed32rvt_c      
placeHFSINV_881_169       INVX2_RVT       saed32rvt_c      
placeHFSINV_1380_170      INVX4_RVT       saed32rvt_c      
placeHFSINV_511_171       INVX0_RVT       saed32rvt_c      
placeHFSINV_588_178       INVX0_RVT       saed32rvt_c      
U10                       NOR2X4_RVT      saed32rvt_c      
U11                       OAI21X1_RVT     saed32rvt_c      
placeZBUF_inst_181        NBUFFX4_RVT     saed32rvt_c      
U13                       AND2X4_RVT      saed32rvt_c      
cts_inv_9403313           INVX16_RVT      saed32rvt_c      
cts_inv_9453318           INVX8_RVT       saed32rvt_c      
U16                       OR4X1_RVT       saed32rvt_c      
U17                       AND3X4_RVT      saed32rvt_c      
U18                       AND2X4_RVT      saed32rvt_c      
U19                       AND2X4_RVT      saed32rvt_c      
U20                       AND2X4_RVT      saed32rvt_c      
clockcopt_h_inst_3866     NBUFFX2_RVT     saed32rvt_c      
U22                       NAND3X2_RVT     saed32rvt_c      
U23                       AO221X1_RVT     saed32rvt_c      
U24                       AND2X4_RVT      saed32rvt_c      
clockcopt_h_inst_3867     NBUFFX4_RVT     saed32rvt_c      
placeZBUF_inst_186        NBUFFX2_RVT     saed32rvt_c      
placeZBUF_inst_187        NBUFFX2_RVT     saed32rvt_c      
U28                       INVX0_RVT       saed32rvt_c      
U29                       INVX0_RVT       saed32rvt_c      
U30                       IBUFFX16_RVT    saed32rvt_c      
U31                       INVX0_RVT       saed32rvt_c      
placeZBUF_inst_188        NBUFFX4_RVT     saed32rvt_c      
U91                       INVX0_RVT       saed32rvt_c      
placeZBUF_inst_189        NBUFFX4_RVT     saed32rvt_c      
U93                       INVX0_RVT       saed32rvt_c      
U98                       INVX0_RVT       saed32rvt_c      
U99                       IBUFFX8_RVT     saed32rvt_c      
clockcopt_h_inst_6005     DELLN1X2_RVT    saed32rvt_c      
U142                      INVX0_RVT       saed32rvt_c      
U143                      INVX0_RVT       saed32rvt_c      
U144                      INVX0_RVT       saed32rvt_c      
U213                      INVX0_RVT       saed32rvt_c      
clockcopt_h_inst_6006     NBUFFX2_RVT     saed32rvt_c      
U216                      INVX0_RVT       saed32rvt_c      
U217                      INVX0_RVT       saed32rvt_c      
placeZBUF_inst_192        NBUFFX4_RVT     saed32rvt_c      
U219                      INVX0_RVT       saed32rvt_c      
U220                      INVX0_RVT       saed32rvt_c      
mem_backbone_0            omsp_mem_backbone                h
dma_ready_dly_reg         DFFARX1_RVT     saed32rvt_c      n, S
per_dout_val_reg[15]      DFFARX1_RVT     saed32rvt_c      n, S
per_dout_val_reg[14]      DFFARX1_RVT     saed32rvt_c      n, S
per_dout_val_reg[13]      DFFARX1_RVT     saed32rvt_c      n, S
per_dout_val_reg[12]      DFFARX1_RVT     saed32rvt_c      n, S
per_dout_val_reg[11]      DFFARX1_RVT     saed32rvt_c      n, S
per_dout_val_reg[10]      DFFARX1_RVT     saed32rvt_c      n, S
per_dout_val_reg[9]       DFFARX1_RVT     saed32rvt_c      n, S
per_dout_val_reg[8]       DFFARX1_RVT     saed32rvt_c      n, S
per_dout_val_reg[7]       DFFARX1_RVT     saed32rvt_c      n, S
per_dout_val_reg[6]       DFFARX1_RVT     saed32rvt_c      n, S
per_dout_val_reg[5]       DFFARX1_RVT     saed32rvt_c      n, S
per_dout_val_reg[4]       DFFARX1_RVT     saed32rvt_c      n, S
per_dout_val_reg[3]       DFFARX1_RVT     saed32rvt_c      n, S
per_dout_val_reg[2]       DFFARX1_RVT     saed32rvt_c      n, S
per_dout_val_reg[1]       DFFARX1_RVT     saed32rvt_c      n, S
per_dout_val_reg[0]       DFFARX1_RVT     saed32rvt_c      n, S
fe_pmem_en_dly_reg        DFFARX1_RVT     saed32rvt_c      n, S
pmem_dout_bckup_reg[15]   DFFARX1_RVT     saed32rvt_c      n, S
pmem_dout_bckup_reg[14]   DFFARX1_RVT     saed32rvt_c      n, S
pmem_dout_bckup_reg[13]   DFFARX1_RVT     saed32rvt_c      n, S
pmem_dout_bckup_reg[12]   DFFARX1_RVT     saed32rvt_c      n, S
pmem_dout_bckup_reg[11]   DFFARX1_RVT     saed32rvt_c      n, S
pmem_dout_bckup_reg[10]   DFFARX1_RVT     saed32rvt_c      n, S
pmem_dout_bckup_reg[9]    DFFARX1_RVT     saed32rvt_c      n, S
pmem_dout_bckup_reg[8]    DFFARX1_RVT     saed32rvt_c      n, S
pmem_dout_bckup_reg[7]    DFFARX1_RVT     saed32rvt_c      n, S
pmem_dout_bckup_reg[6]    DFFARX1_RVT     saed32rvt_c      n, S
pmem_dout_bckup_reg[5]    DFFARX1_RVT     saed32rvt_c      n, S
pmem_dout_bckup_reg[4]    DFFARX1_RVT     saed32rvt_c      n, S
pmem_dout_bckup_reg[3]    DFFARX1_RVT     saed32rvt_c      n, S
pmem_dout_bckup_reg[2]    DFFARX1_RVT     saed32rvt_c      n, S
pmem_dout_bckup_reg[1]    DFFARX1_RVT     saed32rvt_c      n, S
pmem_dout_bckup_reg[0]    DFFARX1_RVT     saed32rvt_c      n, S
pmem_dout_bckup_sel_reg   DFFARX1_RVT     saed32rvt_c      n, S
eu_mdb_in_sel_reg[0]      DFFARX1_RVT     saed32rvt_c      n, S
ext_mem_din_sel_reg[1]    DFFARX1_RVT     saed32rvt_c      n, S
ext_mem_din_sel_reg[0]    DFFARX1_RVT     saed32rvt_c      n, S
clock_gate_bckup          omsp_clock_gate_22               h
enable_latch_reg          LATCHX1_RVT     saed32rvt_c      n, S
clockZBUF_inst_2165       NBUFFX2_RVT     saed32rvt_c      
U3                        AND2X4_RVT      saed32rvt_c      S
U4                        OR2X1_RVT       saed32rvt_c      
eu_mdb_in_sel_reg[1]      DFFARX1_RVT     saed32rvt_c      n, S
placeZBUF_inst_193        NBUFFX4_RVT     saed32rvt_c      
placeZBUF_inst_194        NBUFFX2_RVT     saed32rvt_c      
clockcopt_h_inst_3870     NBUFFX2_RVT     saed32rvt_c      
placeZBUF_inst_196        NBUFFX4_RVT     saed32rvt_c      
clockZBUF_inst_2167       NBUFFX2_RVT     saed32rvt_c      
clockcopt_h_inst_3871     NBUFFX4_RVT     saed32rvt_c      
placeZBUF_inst_199        NBUFFX4_RVT     saed32rvt_c      
placeHFSINV_816_11        INVX4_RVT       saed32rvt_c      
placeZBUF_inst_200        NBUFFX4_RVT     saed32rvt_c      
placeHFSINV_2652_10       INVX4_RVT       saed32rvt_c      
U13                       NOR2X4_RVT      saed32rvt_c      
U14                       NBUFFX4_RVT     saed32rvt_c      
placeZBUF_inst_201        NBUFFX4_RVT     saed32rvt_c      
U16                       AND2X1_RVT      saed32rvt_c      
U17                       NOR2X4_RVT      saed32rvt_c      
placeZBUF_inst_202        NBUFFX4_RVT     saed32rvt_c      
U19                       AND2X4_RVT      saed32rvt_c      
U20                       NAND3X0_RVT     saed32rvt_c      
U21                       NAND3X4_RVT     saed32rvt_c      
clockZBUF_inst_2169       NBUFFX2_RVT     saed32rvt_c      
placeZBUF_inst_204        NBUFFX4_RVT     saed32rvt_c      
U24                       AND4X1_RVT      saed32rvt_c      
U25                       NAND2X4_RVT     saed32rvt_c      
U26                       NAND2X4_RVT     saed32rvt_c      
U27                       AND2X2_RVT      saed32rvt_c      
U28                       AO222X2_RVT     saed32rvt_c      
U29                       AO222X2_RVT     saed32rvt_c      
U30                       AO222X2_RVT     saed32rvt_c      
U31                       AO222X2_RVT     saed32rvt_c      
U32                       AO222X2_RVT     saed32rvt_c      
U33                       AO222X2_RVT     saed32rvt_c      
U34                       AO222X2_RVT     saed32rvt_c      
U35                       AO222X2_RVT     saed32rvt_c      
U36                       AO222X2_RVT     saed32rvt_c      
U37                       AO222X2_RVT     saed32rvt_c      
U38                       AO222X2_RVT     saed32rvt_c      
U39                       AND2X2_RVT      saed32rvt_c      
U40                       MUX21X2_RVT     saed32rvt_c      
U41                       MUX21X1_RVT     saed32rvt_c      
U42                       NAND2X2_RVT     saed32rvt_c      
U43                       MUX21X2_RVT     saed32rvt_c      
U44                       MUX21X1_RVT     saed32rvt_c      
U45                       MUX21X2_RVT     saed32rvt_c      
U46                       MUX21X2_RVT     saed32rvt_c      
U47                       MUX21X1_RVT     saed32rvt_c      
U48                       MUX21X1_RVT     saed32rvt_c      
U49                       MUX21X2_RVT     saed32rvt_c      
U50                       MUX21X1_RVT     saed32rvt_c      
U51                       MUX21X1_RVT     saed32rvt_c      
U52                       MUX21X1_RVT     saed32rvt_c      
U53                       MUX21X2_RVT     saed32rvt_c      
U54                       MUX21X2_RVT     saed32rvt_c      
U55                       MUX21X2_RVT     saed32rvt_c      
U56                       MUX21X2_RVT     saed32rvt_c      
U57                       MUX21X2_RVT     saed32rvt_c      
U58                       MUX21X1_RVT     saed32rvt_c      
U59                       MUX21X2_RVT     saed32rvt_c      
U60                       MUX21X2_RVT     saed32rvt_c      
U61                       MUX21X1_RVT     saed32rvt_c      
U62                       MUX21X2_RVT     saed32rvt_c      
U63                       MUX21X2_RVT     saed32rvt_c      
U64                       MUX21X1_RVT     saed32rvt_c      
U65                       MUX21X1_RVT     saed32rvt_c      
U66                       MUX21X1_RVT     saed32rvt_c      
U67                       INVX0_RVT       saed32rvt_c      
U68                       INVX0_RVT       saed32rvt_c      
clockZBUF_inst_2170       NBUFFX2_RVT     saed32rvt_c      
U70                       NAND2X0_RVT     saed32rvt_c      
U71                       NAND3X0_RVT     saed32rvt_c      
U72                       NAND2X0_RVT     saed32rvt_c      
U73                       OR3X1_RVT       saed32rvt_c      
U74                       AND2X1_RVT      saed32rvt_c      
clockZBUF_inst_2171       NBUFFX2_RVT     saed32rvt_c      
U76                       MUX21X2_RVT     saed32rvt_c      
U77                       MUX21X2_RVT     saed32rvt_c      
U78                       MUX21X2_RVT     saed32rvt_c      
U79                       MUX21X1_RVT     saed32rvt_c      
U80                       MUX21X2_RVT     saed32rvt_c      
U81                       MUX21X2_RVT     saed32rvt_c      
U82                       MUX21X2_RVT     saed32rvt_c      
U83                       MUX21X2_RVT     saed32rvt_c      
U84                       MUX21X2_RVT     saed32rvt_c      
U85                       MUX21X2_RVT     saed32rvt_c      
U86                       MUX21X2_RVT     saed32rvt_c      
U87                       MUX21X1_RVT     saed32rvt_c      
U88                       MUX21X1_RVT     saed32rvt_c      
U89                       MUX21X2_RVT     saed32rvt_c      
U90                       MUX21X1_RVT     saed32rvt_c      
U91                       MUX21X1_RVT     saed32rvt_c      
U92                       MUX21X2_RVT     saed32rvt_c      
U93                       MUX21X1_RVT     saed32rvt_c      
U94                       MUX21X2_RVT     saed32rvt_c      
U95                       MUX21X2_RVT     saed32rvt_c      
U96                       MUX21X2_RVT     saed32rvt_c      
U97                       MUX21X1_RVT     saed32rvt_c      
U98                       MUX21X1_RVT     saed32rvt_c      
U99                       MUX21X2_RVT     saed32rvt_c      
U100                      AO222X2_RVT     saed32rvt_c      
U101                      AO222X1_RVT     saed32rvt_c      
U102                      AO222X1_RVT     saed32rvt_c      
U103                      AO222X1_RVT     saed32rvt_c      
U104                      AO222X1_RVT     saed32rvt_c      
U105                      AO222X1_RVT     saed32rvt_c      
U106                      AO222X1_RVT     saed32rvt_c      
U107                      AO222X1_RVT     saed32rvt_c      
U108                      AO222X1_RVT     saed32rvt_c      
U109                      AO222X1_RVT     saed32rvt_c      
U110                      AO222X1_RVT     saed32rvt_c      
U111                      AO222X1_RVT     saed32rvt_c      
U112                      AO222X1_RVT     saed32rvt_c      
U113                      AO222X1_RVT     saed32rvt_c      
U114                      AO222X1_RVT     saed32rvt_c      
U115                      AO222X1_RVT     saed32rvt_c      
U116                      MUX21X2_RVT     saed32rvt_c      
U117                      INVX0_RVT       saed32rvt_c      
U118                      MUX21X1_RVT     saed32rvt_c      
U119                      MUX21X2_RVT     saed32rvt_c      
clockZBUF_inst_2172       NBUFFX2_RVT     saed32rvt_c      
U121                      MUX21X1_RVT     saed32rvt_c      
U122                      MUX21X2_RVT     saed32rvt_c      
U123                      MUX21X1_RVT     saed32rvt_c      
U124                      MUX21X2_RVT     saed32rvt_c      
U125                      MUX21X2_RVT     saed32rvt_c      
U126                      MUX21X2_RVT     saed32rvt_c      
U127                      MUX21X2_RVT     saed32rvt_c      
U128                      MUX21X2_RVT     saed32rvt_c      
U129                      MUX21X2_RVT     saed32rvt_c      
U130                      MUX21X2_RVT     saed32rvt_c      
U131                      MUX21X2_RVT     saed32rvt_c      
U132                      MUX21X2_RVT     saed32rvt_c      
U133                      MUX21X2_RVT     saed32rvt_c      
U134                      MUX21X2_RVT     saed32rvt_c      
U135                      MUX21X2_RVT     saed32rvt_c      
U136                      MUX21X2_RVT     saed32rvt_c      
U137                      MUX21X1_RVT     saed32rvt_c      
U138                      MUX21X2_RVT     saed32rvt_c      
U139                      MUX21X2_RVT     saed32rvt_c      
U140                      MUX21X2_RVT     saed32rvt_c      
U141                      MUX21X1_RVT     saed32rvt_c      
U142                      MUX21X2_RVT     saed32rvt_c      
U143                      MUX21X1_RVT     saed32rvt_c      
U144                      MUX21X2_RVT     saed32rvt_c      
U145                      MUX21X2_RVT     saed32rvt_c      
U146                      MUX21X2_RVT     saed32rvt_c      
U147                      MUX21X1_RVT     saed32rvt_c      
U148                      MUX21X2_RVT     saed32rvt_c      
U149                      MUX21X1_RVT     saed32rvt_c      
U150                      MUX21X2_RVT     saed32rvt_c      
U151                      MUX21X1_RVT     saed32rvt_c      
U152                      MUX21X1_RVT     saed32rvt_c      
U153                      MUX21X1_RVT     saed32rvt_c      
U154                      AND2X2_RVT      saed32rvt_c      
U155                      MUX21X2_RVT     saed32rvt_c      
U156                      MUX21X2_RVT     saed32rvt_c      
U157                      MUX21X2_RVT     saed32rvt_c      
U158                      MUX21X2_RVT     saed32rvt_c      
U159                      MUX21X2_RVT     saed32rvt_c      
U160                      MUX21X2_RVT     saed32rvt_c      
U161                      MUX21X2_RVT     saed32rvt_c      
U162                      MUX21X2_RVT     saed32rvt_c      
U163                      MUX21X2_RVT     saed32rvt_c      
U164                      AO21X2_RVT      saed32rvt_c      
U165                      AND3X2_RVT      saed32rvt_c      
U166                      AND3X1_RVT      saed32rvt_c      
U167                      NAND3X0_RVT     saed32rvt_c      
U168                      INVX0_RVT       saed32rvt_c      
U169                      NAND4X0_RVT     saed32rvt_c      
U170                      NOR4X0_RVT      saed32rvt_c      
U171                      AND2X1_RVT      saed32rvt_c      
U172                      NAND2X0_RVT     saed32rvt_c      
U173                      XOR2X1_RVT      saed32rvt_c      
U174                      NAND4X0_RVT     saed32rvt_c      
U175                      NAND4X0_RVT     saed32rvt_c      
U176                      AND4X1_RVT      saed32rvt_c      
U177                      INVX0_RVT       saed32rvt_c      
U178                      INVX0_RVT       saed32rvt_c      
U179                      NAND2X2_RVT     saed32rvt_c      
U180                      INVX0_RVT       saed32rvt_c      
U181                      NAND4X0_RVT     saed32rvt_c      
clockcopt_h_inst_3872     DELLN3X2_RVT    saed32rvt_c      
U183                      NAND4X0_RVT     saed32rvt_c      
U184                      NOR4X0_RVT      saed32rvt_c      
U185                      MUX21X1_RVT     saed32rvt_c      
U186                      MUX21X2_RVT     saed32rvt_c      
U187                      MUX21X1_RVT     saed32rvt_c      
U188                      MUX21X2_RVT     saed32rvt_c      
U189                      INVX0_RVT       saed32rvt_c      
U190                      MUX21X1_RVT     saed32rvt_c      
U191                      INVX0_RVT       saed32rvt_c      
U192                      MUX21X1_RVT     saed32rvt_c      
U193                      INVX0_RVT       saed32rvt_c      
U194                      MUX21X1_RVT     saed32rvt_c      
U195                      OR2X1_RVT       saed32rvt_c      
U196                      OR3X1_RVT       saed32rvt_c      
U197                      INVX0_RVT       saed32rvt_c      
U198                      NOR4X0_RVT      saed32rvt_c      
U199                      OR3X1_RVT       saed32rvt_c      
clockZBUF_inst_2174       NBUFFX2_RVT     saed32rvt_c      
U201                      AND2X2_RVT      saed32rvt_c      
U202                      AND2X2_RVT      saed32rvt_c      
U203                      AND2X2_RVT      saed32rvt_c      
U204                      AND2X2_RVT      saed32rvt_c      
U205                      AND2X2_RVT      saed32rvt_c      
U206                      AND2X2_RVT      saed32rvt_c      
U207                      AND2X2_RVT      saed32rvt_c      
U208                      AND2X2_RVT      saed32rvt_c      
U209                      AND2X2_RVT      saed32rvt_c      
U210                      AND2X2_RVT      saed32rvt_c      
U211                      AND2X2_RVT      saed32rvt_c      
U212                      AND2X2_RVT      saed32rvt_c      
U213                      AND2X2_RVT      saed32rvt_c      
U214                      AND2X2_RVT      saed32rvt_c      
U215                      AND2X2_RVT      saed32rvt_c      
U216                      AND2X4_RVT      saed32rvt_c      
U217                      AO222X1_RVT     saed32rvt_c      
U218                      AO222X1_RVT     saed32rvt_c      
U219                      AO222X1_RVT     saed32rvt_c      
U220                      AO222X1_RVT     saed32rvt_c      
U221                      AO222X1_RVT     saed32rvt_c      
U222                      AO222X1_RVT     saed32rvt_c      
U223                      AO222X1_RVT     saed32rvt_c      
U224                      AO222X1_RVT     saed32rvt_c      
U225                      AO222X1_RVT     saed32rvt_c      
U226                      AO222X1_RVT     saed32rvt_c      
U227                      AO222X1_RVT     saed32rvt_c      
U228                      AO222X2_RVT     saed32rvt_c      
U229                      AO222X1_RVT     saed32rvt_c      
U230                      AO222X1_RVT     saed32rvt_c      
U231                      AO222X1_RVT     saed32rvt_c      
U232                      AO222X1_RVT     saed32rvt_c      
U233                      AO21X1_RVT      saed32rvt_c      
sfr_0                     omsp_sfr                         h
nmie_reg                  DFFARX1_RVT     saed32rvt_c      n, S
nmi_capture_rst_reg       DFFASX1_RVT     saed32rvt_c      n, S
nmiifg_reg                DFFARX1_RVT     saed32rvt_c      n, S
U3                        AND2X1_RVT      saed32rvt_c      
U4                        NOR2X0_RVT      saed32rvt_c      
U5                        AO21X1_RVT      saed32rvt_c      
U6                        AO221X1_RVT     saed32rvt_c      
U7                        NAND2X0_RVT     saed32rvt_c      
U8                        NAND4X0_RVT     saed32rvt_c      
U9                        AO21X1_RVT      saed32rvt_c      
U10                       AO21X1_RVT      saed32rvt_c      
U12                       AO21X1_RVT      saed32rvt_c      
U14                       AO221X1_RVT     saed32rvt_c      
U15                       NAND3X0_RVT     saed32rvt_c      
U16                       NAND3X0_RVT     saed32rvt_c      
U17                       NAND2X0_RVT     saed32rvt_c      
U18                       NAND3X0_RVT     saed32rvt_c      
U19                       AND2X1_RVT      saed32rvt_c      
U20                       AND2X1_RVT      saed32rvt_c      
U22                       AND2X1_RVT      saed32rvt_c      
U23                       AO22X1_RVT      saed32rvt_c      
U25                       NAND2X0_RVT     saed32rvt_c      
U27                       AO222X1_RVT     saed32rvt_c      
U31                       AO22X1_RVT      saed32rvt_c      
U32                       NOR2X0_RVT      saed32rvt_c      
U34                       AOI21X1_RVT     saed32rvt_c      
placeHFSBUF_9439_7        NBUFFX16_RVT    saed32rvt_c      
placeHFSBUF_12651_8       NBUFFX16_RVT    saed32rvt_c      
placeHFSINV_13284_9       INVX16_RVT      saed32rvt_c      
placeHFSINV_1948_12       INVX4_RVT       saed32rvt_c      
placeHFSINV_2130_13       INVX4_RVT       saed32rvt_c      
placeHFSINV_1707_14       INVX4_RVT       saed32rvt_c      
placeHFSINV_2025_15       INVX4_RVT       saed32rvt_c      
placeZBUF_inst_210        NBUFFX2_RVT     saed32rvt_c      
clockZBUF_inst_2175       NBUFFX2_RVT     saed32rvt_c      
clockZBUF_inst_2176       NBUFFX2_RVT     saed32rvt_c      
U47                       NOR3X0_RVT      saed32rvt_c      
U49                       NOR2X0_RVT      saed32rvt_c      
U50                       NAND2X0_RVT     saed32rvt_c      
U51                       AND4X1_RVT      saed32rvt_c      
U55                       NAND4X0_RVT     saed32rvt_c      
U57                       OR3X1_RVT       saed32rvt_c      
U58                       NOR3X0_RVT      saed32rvt_c      
clockcopt_h_inst_3873     DELLN3X2_RVT    saed32rvt_c      
U56                       NOR4X1_RVT      saed32rvt_c      
wakeup_cell_nmi           omsp_wakeup_cell_0               h
wkup_out_reg              DFFARX1_RVT     saed32rvt_c      n, S
scan_mux_rst              omsp_scan_mux_3                  h
U2                        AO22X1_RVT      saed32rvt_c      
placeZBUF_inst_214        NBUFFX2_RVT     saed32rvt_c      
scan_mux_clk              omsp_scan_mux_0                  h
U1                        MUX21X1_RVT     saed32rvt_c      S
U3                        IBUFFX32_RVT    saed32rvt_c      
sync_cell_nmi             omsp_sync_cell_5                 h
data_sync_reg[0]          DFFARX1_RVT     saed32rvt_c      n, S
data_sync_reg[1]          DFFARX1_RVT     saed32rvt_c      n, S
clockcopt_h_inst_6007     DELLN3X2_RVT    saed32rvt_c      
and_nmi_wkup              omsp_and_gate_2                  h
U1                        AND2X1_RVT      saed32rvt_c      
nmi_dly_reg               DFFARX1_RVT     saed32rvt_c      n, S
wdtie_reg                 DFFARX1_RVT     saed32rvt_c      n, S
U11                       AND4X1_RVT      saed32rvt_c      
U13                       XOR2X1_RVT      saed32rvt_c      
U21                       XOR2X1_RVT      saed32rvt_c      
U24                       INVX0_RVT       saed32rvt_c      
U26                       INVX0_RVT       saed32rvt_c      
U28                       INVX0_RVT       saed32rvt_c      
U29                       INVX0_RVT       saed32rvt_c      
U30                       INVX0_RVT       saed32rvt_c      
clockZBUF_inst_2179       NBUFFX2_RVT     saed32rvt_c      
placeZBUF_inst_217        NBUFFX2_RVT     saed32rvt_c      
clockcopt_h_inst_3875     DELLN3X2_RVT    saed32rvt_c      
placeZBUF_inst_219        NBUFFX2_RVT     saed32rvt_c      
watchdog_0                omsp_watchdog                    h
wdtcnt_clr_toggle_reg     DFFARX1_RVT     saed32rvt_c      n, S
wdtcnt_clr_sync_dly_reg   DFFARX1_RVT     saed32rvt_c      n, S
wdt_evt_toggle_reg        DFFARX1_RVT     saed32rvt_c      n, S
wdtifg_clr_reg_reg        DFFASX1_RVT     saed32rvt_c      n, S
wdtifg_reg                DFFARX1_RVT     saed32rvt_c      n, S
wdt_reset_reg             DFFARX1_RVT     saed32rvt_c      n, S
U3                        NAND2X0_RVT     saed32rvt_c      
U4                        AND3X2_RVT      saed32rvt_c      
U5                        AND2X1_RVT      saed32rvt_c      
U6                        AND2X1_RVT      saed32rvt_c      
U7                        AND2X1_RVT      saed32rvt_c      
U8                        AND2X1_RVT      saed32rvt_c      
U9                        AND2X1_RVT      saed32rvt_c      
U11                       NAND4X0_RVT     saed32rvt_c      
U12                       AND4X1_RVT      saed32rvt_c      
U13                       AND3X1_RVT      saed32rvt_c      
U14                       NAND4X0_RVT     saed32rvt_c      
placeZBUF_inst_220        NBUFFX4_RVT     saed32rvt_c      
U19                       NAND2X0_RVT     saed32rvt_c      
U21                       AO221X1_RVT     saed32rvt_c      
U23                       AO21X1_RVT      saed32rvt_c      
U26                       NOR2X0_RVT      saed32rvt_c      
U27                       AND2X1_RVT      saed32rvt_c      
U28                       AO22X1_RVT      saed32rvt_c      
U29                       OR2X1_RVT       saed32rvt_c      
U31                       NAND2X0_RVT     saed32rvt_c      
U33                       AND4X1_RVT      saed32rvt_c      
U35                       NAND4X0_RVT     saed32rvt_c      
U40                       NAND4X0_RVT     saed32rvt_c      
U45                       NAND4X0_RVT     saed32rvt_c      
U46                       NAND2X0_RVT     saed32rvt_c      
U49                       NAND4X0_RVT     saed32rvt_c      
U54                       OA21X1_RVT      saed32rvt_c      
U57                       AND2X1_RVT      saed32rvt_c      
U58                       AND2X1_RVT      saed32rvt_c      
U59                       AND2X1_RVT      saed32rvt_c      
U60                       AND2X1_RVT      saed32rvt_c      
U61                       AND2X1_RVT      saed32rvt_c      
U62                       AND2X1_RVT      saed32rvt_c      
U63                       AND2X1_RVT      saed32rvt_c      
U64                       AND2X1_RVT      saed32rvt_c      
U65                       AND2X1_RVT      saed32rvt_c      
U66                       AND2X1_RVT      saed32rvt_c      
U67                       AND2X1_RVT      saed32rvt_c      
U68                       AND2X1_RVT      saed32rvt_c      
U69                       AND2X1_RVT      saed32rvt_c      
U70                       AND2X1_RVT      saed32rvt_c      
U71                       AND2X1_RVT      saed32rvt_c      
U73                       AO221X1_RVT     saed32rvt_c      
U75                       OAI22X1_RVT     saed32rvt_c      
U77                       OAI22X1_RVT     saed32rvt_c      
U32                       NOR4X1_RVT      saed32rvt_c      
U34                       NOR4X1_RVT      saed32rvt_c      
clock_gate_wdtctl         omsp_clock_gate_21               h
enable_latch_reg          LATCHX1_RVT     saed32rvt_c      n, S
clockcopt_h_inst_3876     DELLN3X2_RVT    saed32rvt_c      
U3                        AND2X1_RVT      saed32rvt_c      S
U4                        OR2X1_RVT       saed32rvt_c      
sync_reset_por            omsp_sync_reset_1                h
data_sync_reg[0]          DFFASX1_RVT     saed32rvt_c      n, S
data_sync_reg[1]          DFFASX1_RVT     saed32rvt_c      n, S
placeZBUF_inst_221        NBUFFX4_RVT     saed32rvt_c      
scan_mux_wdt_rst          omsp_scan_mux_4                  h
U2                        AO22X1_RVT      saed32rvt_c      
placeZBUF_inst_222        NBUFFX4_RVT     saed32rvt_c      
sync_cell_wdtcnt_clr      omsp_sync_cell_4                 h
data_sync_reg[0]          DFFARX1_RVT     saed32rvt_c      n, S
data_sync_reg[1]          DFFARX1_RVT     saed32rvt_c      n, S
placeZBUF_inst_223        NBUFFX4_RVT     saed32rvt_c      
sync_cell_wdtcnt_incr     omsp_sync_cell_3                 h
data_sync_reg[0]          DFFARX1_RVT     saed32rvt_c      n, S
data_sync_reg[1]          DFFARX1_RVT     saed32rvt_c      n, S
placeZBUF_inst_224        NBUFFX4_RVT     saed32rvt_c      
clock_gate_wdtcnt         omsp_clock_gate_20               h
enable_latch_reg          LATCHX1_RVT     saed32rvt_c      n, S
U2                        INVX0_RVT       saed32rvt_c      
U3                        AND2X4_RVT      saed32rvt_c      S
U4                        OR2X1_RVT       saed32rvt_c      
sync_cell_wdt_evt         omsp_sync_cell_2                 h
data_sync_reg[0]          DFFARX1_RVT     saed32rvt_c      n, S
data_sync_reg[1]          DFFARX1_RVT     saed32rvt_c      n, S
placeZBUF_inst_225        NBUFFX4_RVT     saed32rvt_c      
wakeup_cell_wdog          omsp_wakeup_cell_1               h
wkup_out_reg              DFFARX1_RVT     saed32rvt_c      n, S
scan_mux_rst              omsp_scan_mux_2                  h
U2                        AO22X1_RVT      saed32rvt_c      
placeZBUF_inst_226        NBUFFX4_RVT     saed32rvt_c      
scan_mux_clk              omsp_scan_mux_13                 h
U1                        MUX21X1_RVT     saed32rvt_c      S
U3                        IBUFFX32_RVT    saed32rvt_c      
and_wdt_wkup              omsp_and_gate_1                  h
U1                        AND2X2_RVT      saed32rvt_c      
add_325                   omsp_watchdog_DW01_inc_0         h
U1_1_14                   HADDX1_RVT      saed32rvt_c      
U1_1_13                   HADDX1_RVT      saed32rvt_c      
U1_1_12                   HADDX1_RVT      saed32rvt_c      
U1_1_11                   HADDX1_RVT      saed32rvt_c      
U1_1_10                   HADDX1_RVT      saed32rvt_c      
U1_1_9                    HADDX1_RVT      saed32rvt_c      
U1_1_8                    HADDX1_RVT      saed32rvt_c      
U1_1_7                    HADDX1_RVT      saed32rvt_c      
U1_1_6                    HADDX1_RVT      saed32rvt_c      
U1_1_5                    HADDX1_RVT      saed32rvt_c      
U1_1_4                    HADDX1_RVT      saed32rvt_c      
U1_1_3                    HADDX1_RVT      saed32rvt_c      
U1_1_2                    HADDX1_RVT      saed32rvt_c      
U1_1_1                    HADDX1_RVT      saed32rvt_c      
U1                        IBUFFX2_RVT     saed32rvt_c      
U2                        XOR2X1_RVT      saed32rvt_c      
wdtisx_ss_reg[1]          DFFARX1_RVT     saed32rvt_c      n, S
wdtisx_ss_reg[0]          DFFARX1_RVT     saed32rvt_c      n, S
wdtisx_s_reg[1]           DFFARX1_RVT     saed32rvt_c      n, S
wdtisx_s_reg[0]           DFFARX1_RVT     saed32rvt_c      n, S
wdt_evt_toggle_sync_dly_reg
                          DFFARX1_RVT     saed32rvt_c      n, S
wdt_wkup_en_reg           DFFARX1_RVT     saed32rvt_c      n, S
wdtqn_edge_reg_reg        DFFARX1_RVT     saed32rvt_c      n, S
wdtcnt_reg[15]            DFFARX1_RVT     saed32rvt_c      n, S
wdtcnt_reg[14]            DFFARX1_RVT     saed32rvt_c      n, S
wdtcnt_reg[13]            DFFARX1_RVT     saed32rvt_c      n, S
wdtcnt_reg[12]            DFFARX1_RVT     saed32rvt_c      n, S
wdtcnt_reg[11]            DFFARX1_RVT     saed32rvt_c      n, S
wdtcnt_reg[10]            DFFARX1_RVT     saed32rvt_c      n, S
wdtcnt_reg[9]             DFFARX1_RVT     saed32rvt_c      n, S
wdtcnt_reg[8]             DFFARX1_RVT     saed32rvt_c      n, S
wdtcnt_reg[7]             DFFARX1_RVT     saed32rvt_c      n, S
wdtcnt_reg[6]             DFFARX1_RVT     saed32rvt_c      n, S
wdtcnt_reg[5]             DFFARX1_RVT     saed32rvt_c      n, S
wdtcnt_reg[4]             DFFARX1_RVT     saed32rvt_c      n, S
wdtcnt_reg[3]             DFFARX1_RVT     saed32rvt_c      n, S
wdtcnt_reg[2]             DFFARX1_RVT     saed32rvt_c      n, S
wdtcnt_reg[1]             DFFARX1_RVT     saed32rvt_c      n, S
wdtcnt_reg[0]             DFFARX1_RVT     saed32rvt_c      n, S
wdtctl_reg[7]             DFFARX1_RVT     saed32rvt_c      n, S
wdtctl_reg[6]             DFFARX1_RVT     saed32rvt_c      n, S
wdtctl_reg[1]             DFFARX1_RVT     saed32rvt_c      n, S
wdtctl_reg[4]             DFFARX1_RVT     saed32rvt_c      n, S
wdtctl_reg[0]             DFFARX1_RVT     saed32rvt_c      n, S
clockZBUF_inst_2182       NBUFFX2_RVT     saed32rvt_c      
placeZBUF_inst_228        NBUFFX4_RVT     saed32rvt_c      
U17                       NOR3X0_RVT      saed32rvt_c      
U18                       XOR2X1_RVT      saed32rvt_c      
U20                       XOR2X1_RVT      saed32rvt_c      
U22                       XOR2X1_RVT      saed32rvt_c      
U24                       XNOR2X1_RVT     saed32rvt_c      
U25                       AND2X4_RVT      saed32rvt_c      
clockZBUF_inst_2183       NBUFFX2_RVT     saed32rvt_c      
placeZBUF_inst_230        NBUFFX2_RVT     saed32rvt_c      
U37                       INVX0_RVT       saed32rvt_c      
clockcopt_h_inst_3877     DELLN2X2_RVT    saed32rvt_c      
clockZBUF_inst_2185       NBUFFX2_RVT     saed32rvt_c      
clockcopt_h_inst_3878     DELLN2X2_RVT    saed32rvt_c      
placeZBUF_inst_234        NBUFFX2_RVT     saed32rvt_c      
clockZBUF_inst_2187       NBUFFX2_RVT     saed32rvt_c      
placeZBUF_inst_236        NBUFFX2_RVT     saed32rvt_c      
U47                       IBUFFX32_RVT    saed32rvt_c      
U48                       IBUFFX32_RVT    saed32rvt_c      
clockZBUF_inst_2188       NBUFFX2_RVT     saed32rvt_c      
clockZBUF_inst_2189       NBUFFX2_RVT     saed32rvt_c      
clockcopt_h_inst_3879     DELLN3X2_RVT    saed32rvt_c      
clockZBUF_inst_2191       NBUFFX4_RVT     saed32rvt_c      
clockZBUF_inst_2192       NBUFFX2_RVT     saed32rvt_c      
clockZBUF_inst_2193       NBUFFX4_RVT     saed32rvt_c      
clockcopt_h_inst_3880     DELLN3X2_RVT    saed32rvt_c      
multiplier_0              omsp_multiplier                  h
sign_sel_reg              DFFARX1_RVT     saed32rvt_c      n, S
cycle_reg[0]              DFFARX1_RVT     saed32rvt_c      n, S
cycle_reg[1]              DFFARX1_RVT     saed32rvt_c      n, S
reslo_reg[0]              DFFARX1_RVT     saed32rvt_c      n, S
reslo_reg[1]              DFFARX1_RVT     saed32rvt_c      n, S
reslo_reg[2]              DFFARX1_RVT     saed32rvt_c      n, S
reslo_reg[3]              DFFARX1_RVT     saed32rvt_c      n, S
reslo_reg[4]              DFFARX1_RVT     saed32rvt_c      n, S
reslo_reg[5]              DFFARX1_RVT     saed32rvt_c      n, S
reslo_reg[6]              DFFARX1_RVT     saed32rvt_c      n, S
reslo_reg[7]              DFFARX1_RVT     saed32rvt_c      n, S
reslo_reg[8]              DFFARX1_RVT     saed32rvt_c      n, S
reshi_reg[0]              DFFARX1_RVT     saed32rvt_c      n, S
reshi_reg[1]              DFFARX1_RVT     saed32rvt_c      n, S
reshi_reg[2]              DFFARX1_RVT     saed32rvt_c      n, S
reshi_reg[3]              DFFARX1_RVT     saed32rvt_c      n, S
reshi_reg[4]              DFFARX1_RVT     saed32rvt_c      n, S
reshi_reg[5]              DFFARX1_RVT     saed32rvt_c      n, S
reshi_reg[6]              DFFARX1_RVT     saed32rvt_c      n, S
reshi_reg[7]              DFFARX1_RVT     saed32rvt_c      n, S
reshi_reg[8]              DFFARX1_RVT     saed32rvt_c      n, S
reshi_reg[9]              DFFARX1_RVT     saed32rvt_c      n, S
reshi_reg[10]             DFFARX1_RVT     saed32rvt_c      n, S
reshi_reg[11]             DFFARX1_RVT     saed32rvt_c      n, S
reshi_reg[12]             DFFARX1_RVT     saed32rvt_c      n, S
reshi_reg[13]             DFFARX1_RVT     saed32rvt_c      n, S
reshi_reg[14]             DFFARX1_RVT     saed32rvt_c      n, S
reshi_reg[15]             DFFARX1_RVT     saed32rvt_c      n, S
sumext_s_reg[1]           DFFARX1_RVT     saed32rvt_c      n, S
sumext_s_reg[0]           DFFARX1_RVT     saed32rvt_c      n, S
U4                        NOR4X1_RVT      saed32rvt_c      
U14                       NAND2X0_RVT     saed32rvt_c      
U15                       NAND2X0_RVT     saed32rvt_c      
U16                       AO22X1_RVT      saed32rvt_c      
U17                       AO22X1_RVT      saed32rvt_c      
U18                       AND2X1_RVT      saed32rvt_c      
U19                       AND2X1_RVT      saed32rvt_c      
U20                       AND2X1_RVT      saed32rvt_c      
U21                       AND2X1_RVT      saed32rvt_c      
U22                       AND2X1_RVT      saed32rvt_c      
U23                       OA21X1_RVT      saed32rvt_c      
U24                       AO21X1_RVT      saed32rvt_c      
U25                       AND2X1_RVT      saed32rvt_c      
U26                       AO21X1_RVT      saed32rvt_c      
U27                       AO21X1_RVT      saed32rvt_c      
U28                       AO21X1_RVT      saed32rvt_c      
U29                       AO21X1_RVT      saed32rvt_c      
U30                       AO21X1_RVT      saed32rvt_c      
U31                       AO21X1_RVT      saed32rvt_c      
U32                       AND3X1_RVT      saed32rvt_c      
U33                       AO22X1_RVT      saed32rvt_c      
U34                       AO22X1_RVT      saed32rvt_c      
U35                       AO22X1_RVT      saed32rvt_c      
U36                       AO22X1_RVT      saed32rvt_c      
U37                       AND2X1_RVT      saed32rvt_c      
U38                       AO22X1_RVT      saed32rvt_c      
U39                       AO22X1_RVT      saed32rvt_c      
U40                       AO22X1_RVT      saed32rvt_c      
U41                       AO22X1_RVT      saed32rvt_c      
U42                       AO22X1_RVT      saed32rvt_c      
U43                       AO22X1_RVT      saed32rvt_c      
U44                       AO22X1_RVT      saed32rvt_c      
U45                       AO22X1_RVT      saed32rvt_c      
U46                       AO22X1_RVT      saed32rvt_c      
U47                       AO22X1_RVT      saed32rvt_c      
U48                       AND2X1_RVT      saed32rvt_c      
U49                       NAND4X0_RVT     saed32rvt_c      
U50                       AOI222X1_RVT    saed32rvt_c      
U51                       AOI22X1_RVT     saed32rvt_c      
U52                       NAND2X0_RVT     saed32rvt_c      
U53                       NAND4X0_RVT     saed32rvt_c      
U54                       AOI222X1_RVT    saed32rvt_c      
U55                       AOI22X1_RVT     saed32rvt_c      
U56                       NAND2X0_RVT     saed32rvt_c      
U57                       NAND4X0_RVT     saed32rvt_c      
U58                       AOI222X1_RVT    saed32rvt_c      
U59                       AOI22X1_RVT     saed32rvt_c      
U60                       NAND2X0_RVT     saed32rvt_c      
U61                       NAND4X0_RVT     saed32rvt_c      
U62                       AOI222X1_RVT    saed32rvt_c      
U63                       AOI22X1_RVT     saed32rvt_c      
U64                       NAND2X0_RVT     saed32rvt_c      
U65                       NAND4X0_RVT     saed32rvt_c      
U66                       AOI222X1_RVT    saed32rvt_c      
U67                       AOI22X1_RVT     saed32rvt_c      
U68                       NAND2X0_RVT     saed32rvt_c      
U69                       NAND4X0_RVT     saed32rvt_c      
U70                       AOI222X1_RVT    saed32rvt_c      
U71                       AOI22X1_RVT     saed32rvt_c      
U72                       NAND2X0_RVT     saed32rvt_c      
U73                       NAND4X0_RVT     saed32rvt_c      
U74                       AOI222X1_RVT    saed32rvt_c      
U75                       AOI22X1_RVT     saed32rvt_c      
U76                       NAND2X0_RVT     saed32rvt_c      
U77                       NAND4X0_RVT     saed32rvt_c      
U78                       AOI222X1_RVT    saed32rvt_c      
U79                       AOI22X1_RVT     saed32rvt_c      
U80                       NAND2X0_RVT     saed32rvt_c      
U81                       NAND4X0_RVT     saed32rvt_c      
U82                       AOI222X1_RVT    saed32rvt_c      
U83                       AOI22X1_RVT     saed32rvt_c      
U84                       NAND2X0_RVT     saed32rvt_c      
U85                       NAND4X0_RVT     saed32rvt_c      
U86                       AOI222X1_RVT    saed32rvt_c      
U87                       AOI22X1_RVT     saed32rvt_c      
U88                       NAND2X0_RVT     saed32rvt_c      
U89                       NAND4X0_RVT     saed32rvt_c      
U90                       AOI222X1_RVT    saed32rvt_c      
U91                       AOI22X1_RVT     saed32rvt_c      
U92                       NAND2X0_RVT     saed32rvt_c      
U93                       NAND4X0_RVT     saed32rvt_c      
U94                       AOI222X1_RVT    saed32rvt_c      
U95                       AOI22X1_RVT     saed32rvt_c      
U96                       NAND2X0_RVT     saed32rvt_c      
U97                       NAND4X0_RVT     saed32rvt_c      
U98                       AOI222X1_RVT    saed32rvt_c      
U99                       AOI22X1_RVT     saed32rvt_c      
U100                      NAND2X0_RVT     saed32rvt_c      
U101                      NAND4X0_RVT     saed32rvt_c      
U102                      AOI222X1_RVT    saed32rvt_c      
U103                      AOI22X1_RVT     saed32rvt_c      
U104                      NAND2X0_RVT     saed32rvt_c      
U105                      NAND4X0_RVT     saed32rvt_c      
U106                      AOI222X1_RVT    saed32rvt_c      
U107                      AOI22X1_RVT     saed32rvt_c      
U109                      AO22X1_RVT      saed32rvt_c      
U110                      NAND2X0_RVT     saed32rvt_c      
U111                      OR3X1_RVT       saed32rvt_c      
U112                      AO222X1_RVT     saed32rvt_c      
U116                      AO22X1_RVT      saed32rvt_c      
U118                      AND3X1_RVT      saed32rvt_c      
U120                      AO22X1_RVT      saed32rvt_c      
U121                      AO22X1_RVT      saed32rvt_c      
U122                      AND3X1_RVT      saed32rvt_c      
U124                      AND3X1_RVT      saed32rvt_c      
U125                      NOR3X0_RVT      saed32rvt_c      
U126                      AND3X1_RVT      saed32rvt_c      
U135                      AND2X1_RVT      saed32rvt_c      
U136                      AO22X1_RVT      saed32rvt_c      
U137                      AO22X1_RVT      saed32rvt_c      
U138                      AO21X1_RVT      saed32rvt_c      
U139                      AND2X1_RVT      saed32rvt_c      
U140                      OR2X1_RVT       saed32rvt_c      
U141                      AND2X1_RVT      saed32rvt_c      
U142                      NAND2X0_RVT     saed32rvt_c      
U143                      NAND2X1_RVT     saed32rvt_c      
U144                      AO22X1_RVT      saed32rvt_c      
U145                      AND2X1_RVT      saed32rvt_c      
U146                      AND2X1_RVT      saed32rvt_c      
U147                      AND2X1_RVT      saed32rvt_c      
U148                      AO22X1_RVT      saed32rvt_c      
U149                      AO22X1_RVT      saed32rvt_c      
U150                      AO22X1_RVT      saed32rvt_c      
U151                      AO22X1_RVT      saed32rvt_c      
U152                      AO22X1_RVT      saed32rvt_c      
U153                      AO22X1_RVT      saed32rvt_c      
U154                      AO22X1_RVT      saed32rvt_c      
U155                      AO22X1_RVT      saed32rvt_c      
U156                      AO22X1_RVT      saed32rvt_c      
U157                      AO22X1_RVT      saed32rvt_c      
U158                      AO22X1_RVT      saed32rvt_c      
U159                      AO22X1_RVT      saed32rvt_c      
U160                      AO22X1_RVT      saed32rvt_c      
U161                      AO22X1_RVT      saed32rvt_c      
U162                      AO22X1_RVT      saed32rvt_c      
U163                      AO22X1_RVT      saed32rvt_c      
U165                      NAND3X0_RVT     saed32rvt_c      
U166                      AND2X1_RVT      saed32rvt_c      
U167                      AO22X1_RVT      saed32rvt_c      
U168                      AND2X1_RVT      saed32rvt_c      
U169                      AO22X1_RVT      saed32rvt_c      
U170                      AND2X1_RVT      saed32rvt_c      
U171                      AO22X1_RVT      saed32rvt_c      
U172                      AND2X1_RVT      saed32rvt_c      
U173                      AO22X1_RVT      saed32rvt_c      
U174                      AND2X1_RVT      saed32rvt_c      
U175                      AO22X1_RVT      saed32rvt_c      
U176                      AND2X1_RVT      saed32rvt_c      
U177                      AO22X1_RVT      saed32rvt_c      
U178                      AND2X1_RVT      saed32rvt_c      
U179                      AO22X1_RVT      saed32rvt_c      
U180                      AND2X1_RVT      saed32rvt_c      
U181                      AO22X1_RVT      saed32rvt_c      
U182                      AND2X1_RVT      saed32rvt_c      
U183                      AO22X1_RVT      saed32rvt_c      
U184                      AO22X1_RVT      saed32rvt_c      
U185                      AO22X1_RVT      saed32rvt_c      
U186                      AO22X1_RVT      saed32rvt_c      
U187                      AO22X1_RVT      saed32rvt_c      
U188                      AO22X1_RVT      saed32rvt_c      
U189                      AO22X1_RVT      saed32rvt_c      
U190                      AO22X1_RVT      saed32rvt_c      
U192                      OR2X1_RVT       saed32rvt_c      
U193                      NAND3X0_RVT     saed32rvt_c      
U194                      NAND3X0_RVT     saed32rvt_c      
U195                      NOR2X0_RVT      saed32rvt_c      
U196                      OA21X1_RVT      saed32rvt_c      
U197                      NAND4X0_RVT     saed32rvt_c      
U198                      OR3X1_RVT       saed32rvt_c      
U199                      AND3X1_RVT      saed32rvt_c      
placeZBUF_inst_244        NBUFFX2_RVT     saed32rvt_c      
clock_gate_op1            omsp_clock_gate_19               h
enable_latch_reg          LATCHX1_RVT     saed32rvt_c      n, S
clockZBUF_inst_2195       NBUFFX4_RVT     saed32rvt_c      
U3                        AND2X4_RVT      saed32rvt_c      S
U4                        OR2X1_RVT       saed32rvt_c      
clock_gate_op2            omsp_clock_gate_18               h
enable_latch_reg          LATCHX1_RVT     saed32rvt_c      n, S
clockcopt_h_inst_3881     DELLN2X2_RVT    saed32rvt_c      
U3                        AND2X4_RVT      saed32rvt_c      S
U4                        OR2X1_RVT       saed32rvt_c      
clock_gate_reslo          omsp_clock_gate_17               h
enable_latch_reg          LATCHX1_RVT     saed32rvt_c      n, S
clockZBUF_inst_2197       NBUFFX4_RVT     saed32rvt_c      
U3                        AND2X4_RVT      saed32rvt_c      S
U4                        OR2X1_RVT       saed32rvt_c      
clock_gate_reshi          omsp_clock_gate_16               h
enable_latch_reg          LATCHX1_RVT     saed32rvt_c      n, S
U2                        INVX4_RVT       saed32rvt_c      
U3                        AND2X4_RVT      saed32rvt_c      S
U4                        OR2X1_RVT       saed32rvt_c      
add_402                   omsp_multiplier_DW01_add_0       h
U1_31                     FADDX1_RVT      saed32rvt_c      
U1_30                     FADDX1_RVT      saed32rvt_c      
U1_29                     FADDX1_RVT      saed32rvt_c      
U1_28                     FADDX1_RVT      saed32rvt_c      
U1_27                     FADDX1_RVT      saed32rvt_c      
U1_26                     FADDX1_RVT      saed32rvt_c      
U1_25                     FADDX1_RVT      saed32rvt_c      
U1_24                     FADDX1_RVT      saed32rvt_c      
U1_23                     FADDX1_RVT      saed32rvt_c      
U1_22                     FADDX1_RVT      saed32rvt_c      
U1_21                     FADDX1_RVT      saed32rvt_c      
U1_20                     FADDX1_RVT      saed32rvt_c      
U1_19                     FADDX1_RVT      saed32rvt_c      
U1_18                     FADDX1_RVT      saed32rvt_c      
U1_17                     FADDX1_RVT      saed32rvt_c      
U1_16                     FADDX1_RVT      saed32rvt_c      
U1_15                     FADDX1_RVT      saed32rvt_c      
U1_14                     FADDX1_RVT      saed32rvt_c      
U1_13                     FADDX1_RVT      saed32rvt_c      
U1_12                     FADDX1_RVT      saed32rvt_c      
U1_11                     FADDX1_RVT      saed32rvt_c      
U1_10                     FADDX1_RVT      saed32rvt_c      
U1_9                      FADDX1_RVT      saed32rvt_c      
U1_8                      FADDX1_RVT      saed32rvt_c      
U1_7                      FADDX1_RVT      saed32rvt_c      
U1_6                      FADDX1_RVT      saed32rvt_c      
U1_5                      FADDX1_RVT      saed32rvt_c      
U1_4                      FADDX1_RVT      saed32rvt_c      
U1_3                      FADDX1_RVT      saed32rvt_c      
U1_2                      FADDX1_RVT      saed32rvt_c      
U1_1                      FADDX1_RVT      saed32rvt_c      
U1                        XOR2X1_RVT      saed32rvt_c      
U2                        AND2X1_RVT      saed32rvt_c      
mult_396                  omsp_multiplier_DW02_mult_0      h
S4_0                      FADDX1_RVT      saed32rvt_c      
S4_1                      FADDX1_RVT      saed32rvt_c      
S4_2                      FADDX1_RVT      saed32rvt_c      
S4_3                      FADDX1_RVT      saed32rvt_c      
S4_4                      FADDX1_RVT      saed32rvt_c      
S4_5                      FADDX1_RVT      saed32rvt_c      
S4_6                      FADDX1_RVT      saed32rvt_c      
S5_7                      FADDX1_RVT      saed32rvt_c      
clockZBUF_inst_2198       NBUFFX4_RVT     saed32rvt_c      
S1_15_0                   FADDX1_RVT      saed32rvt_c      
S2_15_1                   FADDX1_RVT      saed32rvt_c      
S2_15_2                   FADDX1_RVT      saed32rvt_c      
S2_15_3                   FADDX1_RVT      saed32rvt_c      
S2_15_4                   FADDX1_RVT      saed32rvt_c      
S2_15_5                   FADDX1_RVT      saed32rvt_c      
S2_15_6                   FADDX1_RVT      saed32rvt_c      
S3_15_7                   FADDX1_RVT      saed32rvt_c      
S1_14_0                   FADDX1_RVT      saed32rvt_c      
S2_14_1                   FADDX1_RVT      saed32rvt_c      
S2_14_2                   FADDX1_RVT      saed32rvt_c      
S2_14_3                   FADDX1_RVT      saed32rvt_c      
S2_14_4                   FADDX1_RVT      saed32rvt_c      
S2_14_5                   FADDX1_RVT      saed32rvt_c      
S2_14_6                   FADDX1_RVT      saed32rvt_c      
S3_14_7                   FADDX1_RVT      saed32rvt_c      
S1_13_0                   FADDX1_RVT      saed32rvt_c      
S2_13_1                   FADDX1_RVT      saed32rvt_c      
S2_13_2                   FADDX1_RVT      saed32rvt_c      
S2_13_3                   FADDX1_RVT      saed32rvt_c      
S2_13_4                   FADDX1_RVT      saed32rvt_c      
S2_13_5                   FADDX1_RVT      saed32rvt_c      
S2_13_6                   FADDX1_RVT      saed32rvt_c      
S3_13_7                   FADDX1_RVT      saed32rvt_c      
S1_12_0                   FADDX1_RVT      saed32rvt_c      
S2_12_1                   FADDX1_RVT      saed32rvt_c      
S2_12_2                   FADDX1_RVT      saed32rvt_c      
S2_12_3                   FADDX1_RVT      saed32rvt_c      
S2_12_4                   FADDX1_RVT      saed32rvt_c      
S2_12_5                   FADDX1_RVT      saed32rvt_c      
S2_12_6                   FADDX1_RVT      saed32rvt_c      
S3_12_7                   FADDX1_RVT      saed32rvt_c      
S1_11_0                   FADDX1_RVT      saed32rvt_c      
S2_11_1                   FADDX1_RVT      saed32rvt_c      
S2_11_2                   FADDX1_RVT      saed32rvt_c      
S2_11_3                   FADDX1_RVT      saed32rvt_c      
S2_11_4                   FADDX1_RVT      saed32rvt_c      
S2_11_5                   FADDX1_RVT      saed32rvt_c      
S2_11_6                   FADDX1_RVT      saed32rvt_c      
S3_11_7                   FADDX1_RVT      saed32rvt_c      
S1_10_0                   FADDX1_RVT      saed32rvt_c      
S2_10_1                   FADDX1_RVT      saed32rvt_c      
S2_10_2                   FADDX1_RVT      saed32rvt_c      
S2_10_3                   FADDX1_RVT      saed32rvt_c      
S2_10_4                   FADDX1_RVT      saed32rvt_c      
S2_10_5                   FADDX1_RVT      saed32rvt_c      
S2_10_6                   FADDX1_RVT      saed32rvt_c      
S3_10_7                   FADDX1_RVT      saed32rvt_c      
S1_9_0                    FADDX1_RVT      saed32rvt_c      
S2_9_1                    FADDX1_RVT      saed32rvt_c      
S2_9_2                    FADDX1_RVT      saed32rvt_c      
S2_9_3                    FADDX1_RVT      saed32rvt_c      
S2_9_4                    FADDX1_RVT      saed32rvt_c      
S2_9_5                    FADDX1_RVT      saed32rvt_c      
S2_9_6                    FADDX1_RVT      saed32rvt_c      
S3_9_7                    FADDX1_RVT      saed32rvt_c      
S1_8_0                    FADDX1_RVT      saed32rvt_c      
S2_8_1                    FADDX1_RVT      saed32rvt_c      
S2_8_2                    FADDX1_RVT      saed32rvt_c      
S2_8_3                    FADDX1_RVT      saed32rvt_c      
S2_8_4                    FADDX1_RVT      saed32rvt_c      
S2_8_5                    FADDX1_RVT      saed32rvt_c      
S2_8_6                    FADDX1_RVT      saed32rvt_c      
S3_8_7                    FADDX1_RVT      saed32rvt_c      
S1_7_0                    FADDX1_RVT      saed32rvt_c      
S2_7_1                    FADDX1_RVT      saed32rvt_c      
S2_7_2                    FADDX1_RVT      saed32rvt_c      
S2_7_3                    FADDX1_RVT      saed32rvt_c      
S2_7_4                    FADDX1_RVT      saed32rvt_c      
S2_7_5                    FADDX1_RVT      saed32rvt_c      
S2_7_6                    FADDX1_RVT      saed32rvt_c      
S3_7_7                    FADDX1_RVT      saed32rvt_c      
S1_6_0                    FADDX1_RVT      saed32rvt_c      
S2_6_1                    FADDX1_RVT      saed32rvt_c      
S2_6_2                    FADDX1_RVT      saed32rvt_c      
S2_6_3                    FADDX1_RVT      saed32rvt_c      
S2_6_4                    FADDX1_RVT      saed32rvt_c      
S2_6_5                    FADDX1_RVT      saed32rvt_c      
S2_6_6                    FADDX1_RVT      saed32rvt_c      
S3_6_7                    FADDX1_RVT      saed32rvt_c      
S1_5_0                    FADDX1_RVT      saed32rvt_c      
S2_5_1                    FADDX1_RVT      saed32rvt_c      
S2_5_2                    FADDX1_RVT      saed32rvt_c      
S2_5_3                    FADDX1_RVT      saed32rvt_c      
S2_5_4                    FADDX1_RVT      saed32rvt_c      
S2_5_5                    FADDX1_RVT      saed32rvt_c      
S2_5_6                    FADDX1_RVT      saed32rvt_c      
S3_5_7                    FADDX1_RVT      saed32rvt_c      
S1_4_0                    FADDX1_RVT      saed32rvt_c      
S2_4_1                    FADDX1_RVT      saed32rvt_c      
S2_4_2                    FADDX1_RVT      saed32rvt_c      
S2_4_3                    FADDX1_RVT      saed32rvt_c      
S2_4_4                    FADDX1_RVT      saed32rvt_c      
S2_4_5                    FADDX1_RVT      saed32rvt_c      
S2_4_6                    FADDX1_RVT      saed32rvt_c      
S3_4_7                    FADDX1_RVT      saed32rvt_c      
S1_3_0                    FADDX1_RVT      saed32rvt_c      
S2_3_1                    FADDX1_RVT      saed32rvt_c      
S2_3_2                    FADDX1_RVT      saed32rvt_c      
S2_3_3                    FADDX1_RVT      saed32rvt_c      
S2_3_4                    FADDX1_RVT      saed32rvt_c      
S2_3_5                    FADDX1_RVT      saed32rvt_c      
S2_3_6                    FADDX1_RVT      saed32rvt_c      
S3_3_7                    FADDX1_RVT      saed32rvt_c      
S1_2_0                    FADDX1_RVT      saed32rvt_c      
S2_2_1                    FADDX1_RVT      saed32rvt_c      
S2_2_2                    FADDX1_RVT      saed32rvt_c      
S2_2_3                    FADDX1_RVT      saed32rvt_c      
S2_2_4                    FADDX1_RVT      saed32rvt_c      
S2_2_5                    FADDX1_RVT      saed32rvt_c      
S2_2_6                    FADDX1_RVT      saed32rvt_c      
S3_2_7                    FADDX1_RVT      saed32rvt_c      
FS_1                      omsp_multiplier_DW01_add_1       h
U2                        INVX0_RVT       saed32rvt_c      
U3                        INVX0_RVT       saed32rvt_c      
U4                        INVX0_RVT       saed32rvt_c      
U5                        INVX0_RVT       saed32rvt_c      
U6                        INVX0_RVT       saed32rvt_c      
U7                        INVX0_RVT       saed32rvt_c      
U8                        INVX0_RVT       saed32rvt_c      
U9                        INVX0_RVT       saed32rvt_c      
U10                       XNOR2X1_RVT     saed32rvt_c      
U11                       NAND2X0_RVT     saed32rvt_c      
U12                       XNOR2X1_RVT     saed32rvt_c      
U13                       OA21X1_RVT      saed32rvt_c      
U14                       XNOR3X1_RVT     saed32rvt_c      
U15                       OA22X1_RVT      saed32rvt_c      
U16                       AND2X1_RVT      saed32rvt_c      
U17                       XNOR3X1_RVT     saed32rvt_c      
U18                       OA21X1_RVT      saed32rvt_c      
U19                       XOR2X1_RVT      saed32rvt_c      
U20                       OA21X1_RVT      saed32rvt_c      
U21                       NAND2X0_RVT     saed32rvt_c      
U22                       NAND2X0_RVT     saed32rvt_c      
U23                       OR2X1_RVT       saed32rvt_c      
U24                       XOR2X1_RVT      saed32rvt_c      
U25                       OA21X1_RVT      saed32rvt_c      
U26                       NAND2X0_RVT     saed32rvt_c      
U27                       NAND2X0_RVT     saed32rvt_c      
U28                       OR2X1_RVT       saed32rvt_c      
U29                       XOR2X1_RVT      saed32rvt_c      
U30                       OA21X1_RVT      saed32rvt_c      
U31                       NAND2X0_RVT     saed32rvt_c      
U32                       NAND2X0_RVT     saed32rvt_c      
U33                       OR2X1_RVT       saed32rvt_c      
U34                       XOR2X1_RVT      saed32rvt_c      
U35                       OA21X1_RVT      saed32rvt_c      
U36                       NAND2X0_RVT     saed32rvt_c      
U37                       NAND2X0_RVT     saed32rvt_c      
U38                       OR2X1_RVT       saed32rvt_c      
U39                       XOR2X1_RVT      saed32rvt_c      
U40                       NAND2X0_RVT     saed32rvt_c      
U41                       NAND2X0_RVT     saed32rvt_c      
U42                       OR2X1_RVT       saed32rvt_c      
U43                       NAND2X0_RVT     saed32rvt_c      
U44                       XOR2X1_RVT      saed32rvt_c      
U45                       AND3X1_RVT      saed32rvt_c      
U46                       XNOR2X1_RVT     saed32rvt_c      
U47                       NAND2X0_RVT     saed32rvt_c      
U48                       XOR2X1_RVT      saed32rvt_c      
U49                       AND3X1_RVT      saed32rvt_c      
U50                       XNOR2X1_RVT     saed32rvt_c      
U51                       NAND2X0_RVT     saed32rvt_c      
U52                       XOR2X1_RVT      saed32rvt_c      
U53                       AND3X1_RVT      saed32rvt_c      
U54                       NAND2X0_RVT     saed32rvt_c      
U2                        NOR2X1_RVT      saed32rvt_c      
U3                        NOR2X1_RVT      saed32rvt_c      
U4                        NOR2X1_RVT      saed32rvt_c      
U5                        NOR2X1_RVT      saed32rvt_c      
U6                        NOR2X1_RVT      saed32rvt_c      
U7                        NOR2X1_RVT      saed32rvt_c      
U8                        NOR2X1_RVT      saed32rvt_c      
U9                        NOR2X1_RVT      saed32rvt_c      
U10                       XOR2X1_RVT      saed32rvt_c      
U11                       XOR2X1_RVT      saed32rvt_c      
U12                       XOR2X1_RVT      saed32rvt_c      
U13                       XOR2X1_RVT      saed32rvt_c      
U14                       XOR2X1_RVT      saed32rvt_c      
U15                       XOR2X1_RVT      saed32rvt_c      
clockZBUF_inst_2199       NBUFFX2_RVT     saed32rvt_c      
U17                       XOR2X1_RVT      saed32rvt_c      
U18                       XOR2X1_RVT      saed32rvt_c      
U19                       XOR2X1_RVT      saed32rvt_c      
U20                       XOR2X1_RVT      saed32rvt_c      
clockZBUF_inst_2200       NBUFFX16_RVT    saed32rvt_c      
clockcopt_h_inst_3882     DELLN2X2_RVT    saed32rvt_c      
U23                       XOR2X1_RVT      saed32rvt_c      
U24                       XOR2X1_RVT      saed32rvt_c      
U25                       XOR2X1_RVT      saed32rvt_c      
U26                       XOR2X1_RVT      saed32rvt_c      
U27                       XOR2X1_RVT      saed32rvt_c      
U28                       XOR2X1_RVT      saed32rvt_c      
U29                       XOR2X1_RVT      saed32rvt_c      
U30                       AND2X1_RVT      saed32rvt_c      
U31                       AND2X1_RVT      saed32rvt_c      
U32                       AND2X1_RVT      saed32rvt_c      
U33                       AND2X1_RVT      saed32rvt_c      
U34                       AND2X1_RVT      saed32rvt_c      
U35                       AND2X1_RVT      saed32rvt_c      
U36                       AND2X1_RVT      saed32rvt_c      
U37                       AND2X1_RVT      saed32rvt_c      
clockZBUF_inst_2202       NBUFFX2_RVT     saed32rvt_c      
clockcopt_h_inst_3883     DELLN3X2_RVT    saed32rvt_c      
U40                       AND2X1_RVT      saed32rvt_c      
U41                       AND2X1_RVT      saed32rvt_c      
U42                       AND2X1_RVT      saed32rvt_c      
U43                       AND2X1_RVT      saed32rvt_c      
U44                       AND2X1_RVT      saed32rvt_c      
U45                       AND2X1_RVT      saed32rvt_c      
U46                       AND2X1_RVT      saed32rvt_c      
U47                       AND2X1_RVT      saed32rvt_c      
placeZBUF_inst_251        NBUFFX2_RVT     saed32rvt_c      
U49                       NOR2X0_RVT      saed32rvt_c      
U50                       AND2X1_RVT      saed32rvt_c      
U51                       AND2X1_RVT      saed32rvt_c      
U52                       AND2X1_RVT      saed32rvt_c      
U53                       AND2X1_RVT      saed32rvt_c      
U54                       AND2X1_RVT      saed32rvt_c      
U55                       AND2X1_RVT      saed32rvt_c      
U56                       AND2X1_RVT      saed32rvt_c      
U57                       AND2X1_RVT      saed32rvt_c      
U58                       NOR2X0_RVT      saed32rvt_c      
U59                       AND2X1_RVT      saed32rvt_c      
U60                       AND2X1_RVT      saed32rvt_c      
U61                       AND2X1_RVT      saed32rvt_c      
U62                       AND2X1_RVT      saed32rvt_c      
U63                       AND2X1_RVT      saed32rvt_c      
U64                       AND2X1_RVT      saed32rvt_c      
U65                       AND2X1_RVT      saed32rvt_c      
U66                       AND2X1_RVT      saed32rvt_c      
U67                       NOR2X0_RVT      saed32rvt_c      
U68                       AND2X1_RVT      saed32rvt_c      
U69                       AND2X1_RVT      saed32rvt_c      
U70                       AND2X1_RVT      saed32rvt_c      
U71                       AND2X1_RVT      saed32rvt_c      
U72                       AND2X1_RVT      saed32rvt_c      
U73                       AND2X1_RVT      saed32rvt_c      
U74                       AND2X1_RVT      saed32rvt_c      
U75                       AND2X1_RVT      saed32rvt_c      
U76                       NOR2X0_RVT      saed32rvt_c      
U77                       AND2X1_RVT      saed32rvt_c      
U78                       AND2X1_RVT      saed32rvt_c      
U79                       AND2X1_RVT      saed32rvt_c      
U80                       AND2X1_RVT      saed32rvt_c      
U81                       AND2X1_RVT      saed32rvt_c      
U82                       AND2X1_RVT      saed32rvt_c      
U83                       AND2X1_RVT      saed32rvt_c      
U84                       AND2X1_RVT      saed32rvt_c      
U85                       NOR2X0_RVT      saed32rvt_c      
U86                       AND2X1_RVT      saed32rvt_c      
U87                       AND2X1_RVT      saed32rvt_c      
U88                       AND2X1_RVT      saed32rvt_c      
U89                       AND2X1_RVT      saed32rvt_c      
U90                       AND2X1_RVT      saed32rvt_c      
U91                       AND2X1_RVT      saed32rvt_c      
U92                       AND2X1_RVT      saed32rvt_c      
U93                       AND2X1_RVT      saed32rvt_c      
U94                       NOR2X0_RVT      saed32rvt_c      
U95                       AND2X1_RVT      saed32rvt_c      
U96                       AND2X1_RVT      saed32rvt_c      
U97                       AND2X1_RVT      saed32rvt_c      
U98                       AND2X1_RVT      saed32rvt_c      
U99                       AND2X1_RVT      saed32rvt_c      
U100                      AND2X1_RVT      saed32rvt_c      
U101                      AND2X1_RVT      saed32rvt_c      
U102                      AND2X1_RVT      saed32rvt_c      
U103                      NOR2X0_RVT      saed32rvt_c      
U104                      AND2X1_RVT      saed32rvt_c      
U105                      AND2X1_RVT      saed32rvt_c      
U106                      AND2X1_RVT      saed32rvt_c      
U107                      AND2X1_RVT      saed32rvt_c      
U108                      AND2X1_RVT      saed32rvt_c      
U109                      AND2X1_RVT      saed32rvt_c      
U110                      AND2X1_RVT      saed32rvt_c      
U111                      AND2X1_RVT      saed32rvt_c      
U112                      NOR2X0_RVT      saed32rvt_c      
U113                      AND2X1_RVT      saed32rvt_c      
U114                      AND2X1_RVT      saed32rvt_c      
U115                      AND2X1_RVT      saed32rvt_c      
U116                      AND2X1_RVT      saed32rvt_c      
U117                      AND2X1_RVT      saed32rvt_c      
U118                      AND2X1_RVT      saed32rvt_c      
U119                      AND2X1_RVT      saed32rvt_c      
U120                      AND2X1_RVT      saed32rvt_c      
U121                      NOR2X0_RVT      saed32rvt_c      
U122                      AND2X1_RVT      saed32rvt_c      
U123                      AND2X1_RVT      saed32rvt_c      
U124                      AND2X1_RVT      saed32rvt_c      
U125                      AND2X1_RVT      saed32rvt_c      
U126                      AND2X1_RVT      saed32rvt_c      
U127                      AND2X1_RVT      saed32rvt_c      
U128                      AND2X1_RVT      saed32rvt_c      
U129                      AND2X1_RVT      saed32rvt_c      
placeZBUF_inst_252        NBUFFX4_RVT     saed32rvt_c      
U131                      NOR2X0_RVT      saed32rvt_c      
U132                      AND2X1_RVT      saed32rvt_c      
U133                      AND2X1_RVT      saed32rvt_c      
U134                      AND2X1_RVT      saed32rvt_c      
U135                      AND2X1_RVT      saed32rvt_c      
U136                      AND2X1_RVT      saed32rvt_c      
U137                      AND2X1_RVT      saed32rvt_c      
U138                      AND2X1_RVT      saed32rvt_c      
U139                      AND2X1_RVT      saed32rvt_c      
U140                      NOR2X0_RVT      saed32rvt_c      
U141                      AND2X1_RVT      saed32rvt_c      
U142                      AND2X1_RVT      saed32rvt_c      
U143                      AND2X1_RVT      saed32rvt_c      
U144                      AND2X1_RVT      saed32rvt_c      
U145                      AND2X1_RVT      saed32rvt_c      
U146                      AND2X1_RVT      saed32rvt_c      
U147                      AND2X1_RVT      saed32rvt_c      
U148                      AND2X1_RVT      saed32rvt_c      
U149                      NOR2X0_RVT      saed32rvt_c      
U150                      AND2X1_RVT      saed32rvt_c      
U151                      AND2X1_RVT      saed32rvt_c      
U152                      AND2X1_RVT      saed32rvt_c      
U153                      AND2X1_RVT      saed32rvt_c      
U154                      AND2X1_RVT      saed32rvt_c      
U155                      AND2X1_RVT      saed32rvt_c      
U156                      AND2X1_RVT      saed32rvt_c      
U157                      AND2X1_RVT      saed32rvt_c      
U158                      NOR2X0_RVT      saed32rvt_c      
U159                      AND2X1_RVT      saed32rvt_c      
U160                      AND2X1_RVT      saed32rvt_c      
U161                      AND2X1_RVT      saed32rvt_c      
U162                      AND2X1_RVT      saed32rvt_c      
U163                      AND2X1_RVT      saed32rvt_c      
U164                      AND2X1_RVT      saed32rvt_c      
U165                      AND2X1_RVT      saed32rvt_c      
U166                      AND2X1_RVT      saed32rvt_c      
U167                      NOR2X0_RVT      saed32rvt_c      
U168                      AND2X1_RVT      saed32rvt_c      
U169                      AND2X1_RVT      saed32rvt_c      
U170                      AND2X1_RVT      saed32rvt_c      
U171                      AND2X1_RVT      saed32rvt_c      
U172                      AND2X1_RVT      saed32rvt_c      
U173                      AND2X1_RVT      saed32rvt_c      
U174                      AND2X1_RVT      saed32rvt_c      
U175                      AND2X1_RVT      saed32rvt_c      
U176                      NOR2X0_RVT      saed32rvt_c      
U177                      AND2X1_RVT      saed32rvt_c      
U178                      AND2X1_RVT      saed32rvt_c      
U179                      AND2X1_RVT      saed32rvt_c      
U180                      AND2X1_RVT      saed32rvt_c      
U181                      AND2X1_RVT      saed32rvt_c      
U182                      AND2X1_RVT      saed32rvt_c      
U183                      AND2X1_RVT      saed32rvt_c      
U184                      AND2X1_RVT      saed32rvt_c      
U185                      NOR2X0_RVT      saed32rvt_c      
U186                      AND2X1_RVT      saed32rvt_c      
U187                      AND2X1_RVT      saed32rvt_c      
U188                      AND2X1_RVT      saed32rvt_c      
U189                      AND2X1_RVT      saed32rvt_c      
U190                      AND2X1_RVT      saed32rvt_c      
U191                      AND2X1_RVT      saed32rvt_c      
U192                      AND2X1_RVT      saed32rvt_c      
U193                      AND2X1_RVT      saed32rvt_c      
op2_reg[5]                DFFARX1_RVT     saed32rvt_c      n, S
op2_reg[2]                DFFARX1_RVT     saed32rvt_c      n, S
op1_reg[5]                DFFARX1_RVT     saed32rvt_c      n, S
op1_reg[2]                DFFARX1_RVT     saed32rvt_c      n, S
op2_reg[7]                DFFARX1_RVT     saed32rvt_c      n, S
op2_reg[6]                DFFARX1_RVT     saed32rvt_c      n, S
op1_reg[7]                DFFARX1_RVT     saed32rvt_c      n, S
op1_reg[6]                DFFARX1_RVT     saed32rvt_c      n, S
op2_reg[3]                DFFARX1_RVT     saed32rvt_c      n, S
op1_reg[3]                DFFARX1_RVT     saed32rvt_c      n, S
op2_reg[1]                DFFARX1_RVT     saed32rvt_c      n, S
op1_reg[1]                DFFARX1_RVT     saed32rvt_c      n, S
op2_reg[4]                DFFARX1_RVT     saed32rvt_c      n, S
op1_reg[4]                DFFARX1_RVT     saed32rvt_c      n, S
op2_reg[0]                DFFARX1_RVT     saed32rvt_c      n, S
op1_reg[0]                DFFARX1_RVT     saed32rvt_c      n, S
op2_reg[9]                DFFARX1_RVT     saed32rvt_c      n, S
op1_reg[9]                DFFARX1_RVT     saed32rvt_c      n, S
op2_reg[15]               DFFARX1_RVT     saed32rvt_c      n, S
op2_reg[8]                DFFARX1_RVT     saed32rvt_c      n, S
op1_reg[15]               DFFARX1_RVT     saed32rvt_c      n, S
op1_reg[8]                DFFARX1_RVT     saed32rvt_c      n, S
op2_reg[14]               DFFARX1_RVT     saed32rvt_c      n, S
op1_reg[14]               DFFARX1_RVT     saed32rvt_c      n, S
op2_reg[11]               DFFARX1_RVT     saed32rvt_c      n, S
op1_reg[11]               DFFARX1_RVT     saed32rvt_c      n, S
op2_reg[12]               DFFARX1_RVT     saed32rvt_c      n, S
op1_reg[12]               DFFARX1_RVT     saed32rvt_c      n, S
op2_reg[13]               DFFARX1_RVT     saed32rvt_c      n, S
op1_reg[13]               DFFARX1_RVT     saed32rvt_c      n, S
op2_reg[10]               DFFARX1_RVT     saed32rvt_c      n, S
op1_reg[10]               DFFARX1_RVT     saed32rvt_c      n, S
acc_sel_reg               DFFARX1_RVT     saed32rvt_c      n, S
reslo_reg[15]             DFFARX1_RVT     saed32rvt_c      n, S
reslo_reg[14]             DFFARX1_RVT     saed32rvt_c      n, S
reslo_reg[13]             DFFARX1_RVT     saed32rvt_c      n, S
reslo_reg[12]             DFFARX1_RVT     saed32rvt_c      n, S
reslo_reg[11]             DFFARX1_RVT     saed32rvt_c      n, S
reslo_reg[10]             DFFARX1_RVT     saed32rvt_c      n, S
reslo_reg[9]              DFFARX1_RVT     saed32rvt_c      n, S
U3                        AO22X2_RVT      saed32rvt_c      
U5                        AO22X1_RVT      saed32rvt_c      
U6                        AO22X1_RVT      saed32rvt_c      
U7                        AO22X1_RVT      saed32rvt_c      
U8                        AO22X2_RVT      saed32rvt_c      
U9                        AO22X2_RVT      saed32rvt_c      
U11                       AO22X2_RVT      saed32rvt_c      
U12                       AO22X2_RVT      saed32rvt_c      
placeZBUF_inst_253        NBUFFX8_RVT     saed32rvt_c      
placeZBUF_inst_254        NBUFFX4_RVT     saed32rvt_c      
placeZBUF_inst_255        NBUFFX4_RVT     saed32rvt_c      
clockcopt_h_inst_3884     DELLN3X2_RVT    saed32rvt_c      
placeZBUF_inst_257        NBUFFX2_RVT     saed32rvt_c      
clockZBUF_inst_2205       NBUFFX2_RVT     saed32rvt_c      
clockcopt_h_inst_3885     DELLN3X2_RVT    saed32rvt_c      
clockZBUF_inst_2207       NBUFFX2_RVT     saed32rvt_c      
U127                      AND3X4_RVT      saed32rvt_c      
U128                      AND2X4_RVT      saed32rvt_c      
clockcopt_h_inst_3886     DELLN3X2_RVT    saed32rvt_c      
U130                      AND2X4_RVT      saed32rvt_c      
U131                      AND2X4_RVT      saed32rvt_c      
U132                      AND2X4_RVT      saed32rvt_c      
U133                      AND2X2_RVT      saed32rvt_c      
U134                      NAND2X0_RVT     saed32rvt_c      
clockcopt_h_inst_3887     DELLN2X2_RVT    saed32rvt_c      
clockZBUF_inst_2210       NBUFFX2_RVT     saed32rvt_c      
placeZBUF_inst_263        NBUFFX2_RVT     saed32rvt_c      
clockZBUF_inst_2211       NBUFFX2_RVT     saed32rvt_c      
U203                      NBUFFX2_RVT     saed32rvt_c      
U204                      AND2X4_RVT      saed32rvt_c      
U205                      AND2X4_RVT      saed32rvt_c      
U206                      INVX16_RVT      saed32rvt_c      
U207                      INVX0_RVT       saed32rvt_c      
U208                      INVX0_RVT       saed32rvt_c      
placeZBUF_inst_265        NBUFFX2_RVT     saed32rvt_c      
clockZBUF_inst_2212       NBUFFX2_RVT     saed32rvt_c      
placeZBUF_inst_267        NBUFFX4_RVT     saed32rvt_c      
U212                      INVX16_RVT      saed32rvt_c      
dbg_0                     omsp_dbg                         h
dbg_mem_rd_dly_reg        DFFARX1_RVT     saed32rvt_c      n, S
mem_burst_reg             DFFARX1_RVT     saed32rvt_c      n, S
mem_state_reg[1]          DFFARX1_RVT     saed32rvt_c      n, S
mem_ctl_reg[1]            DFFARX1_RVT     saed32rvt_c      n, S
mem_ctl_reg[3]            DFFARX1_RVT     saed32rvt_c      n, S
mem_ctl_reg[2]            DFFARX1_RVT     saed32rvt_c      n, S
inc_step_reg[1]           DFFARX1_RVT     saed32rvt_c      n, S
cpu_ctl_reg[5]            DFFASX1_RVT     saed32rvt_c      n, S
cpu_ctl_reg[4]            DFFASX1_RVT     saed32rvt_c      n, S
cpu_stat_reg[3]           DFFARX1_RVT     saed32rvt_c      n, S
cpu_stat_reg[2]           DFFARX1_RVT     saed32rvt_c      n, S
mem_state_reg[0]          DFFARX1_RVT     saed32rvt_c      n, S
halt_flag_reg             DFFARX1_RVT     saed32rvt_c      n, S
U5                        NOR4X0_RVT      saed32rvt_c      
U12                       NOR4X1_RVT      saed32rvt_c      
U13                       NOR4X1_RVT      saed32rvt_c      
U36                       OA221X1_RVT     saed32rvt_c      
U37                       NAND2X0_RVT     saed32rvt_c      
U38                       AO221X1_RVT     saed32rvt_c      
U39                       AO22X1_RVT      saed32rvt_c      
U40                       AO221X1_RVT     saed32rvt_c      
U41                       AO22X1_RVT      saed32rvt_c      
U42                       AO221X1_RVT     saed32rvt_c      
U43                       AO22X1_RVT      saed32rvt_c      
U44                       AO221X1_RVT     saed32rvt_c      
U45                       AO22X1_RVT      saed32rvt_c      
U46                       AO221X1_RVT     saed32rvt_c      
U47                       AO22X1_RVT      saed32rvt_c      
U48                       AO221X1_RVT     saed32rvt_c      
U49                       AO22X1_RVT      saed32rvt_c      
U50                       AO221X1_RVT     saed32rvt_c      
U51                       AO22X1_RVT      saed32rvt_c      
U52                       AO221X1_RVT     saed32rvt_c      
U53                       AO22X1_RVT      saed32rvt_c      
U54                       AND2X2_RVT      saed32rvt_c      
U55                       AO221X1_RVT     saed32rvt_c      
U56                       AO222X1_RVT     saed32rvt_c      
U57                       AO221X1_RVT     saed32rvt_c      
U58                       AO222X1_RVT     saed32rvt_c      
U59                       AO221X1_RVT     saed32rvt_c      
U60                       AO222X1_RVT     saed32rvt_c      
U61                       AO221X1_RVT     saed32rvt_c      
U62                       AO222X1_RVT     saed32rvt_c      
U63                       AO221X1_RVT     saed32rvt_c      
U64                       AO222X1_RVT     saed32rvt_c      
U65                       AO221X1_RVT     saed32rvt_c      
U66                       AO222X1_RVT     saed32rvt_c      
U67                       AO221X1_RVT     saed32rvt_c      
U68                       AO222X1_RVT     saed32rvt_c      
U69                       AO21X1_RVT      saed32rvt_c      
U70                       AO22X1_RVT      saed32rvt_c      
U71                       AO22X1_RVT      saed32rvt_c      
U72                       AO22X1_RVT      saed32rvt_c      
U73                       AO22X1_RVT      saed32rvt_c      
U74                       AO22X1_RVT      saed32rvt_c      
U75                       AO22X1_RVT      saed32rvt_c      
U76                       AO22X1_RVT      saed32rvt_c      
U77                       AO221X1_RVT     saed32rvt_c      
U78                       AO222X1_RVT     saed32rvt_c      
U79                       AND2X2_RVT      saed32rvt_c      
U80                       AND2X2_RVT      saed32rvt_c      
U82                       NAND3X0_RVT     saed32rvt_c      
U83                       OR2X1_RVT       saed32rvt_c      
U84                       NAND2X0_RVT     saed32rvt_c      
U85                       AND2X1_RVT      saed32rvt_c      
U86                       OA21X1_RVT      saed32rvt_c      
U87                       NOR2X0_RVT      saed32rvt_c      
U88                       AND2X1_RVT      saed32rvt_c      
U89                       NAND3X0_RVT     saed32rvt_c      
U90                       AND3X2_RVT      saed32rvt_c      
U92                       NAND3X0_RVT     saed32rvt_c      
U93                       NAND2X0_RVT     saed32rvt_c      
U94                       AND3X2_RVT      saed32rvt_c      
U95                       NAND3X0_RVT     saed32rvt_c      
U96                       NAND3X0_RVT     saed32rvt_c      
U97                       AND2X2_RVT      saed32rvt_c      
U98                       AND2X4_RVT      saed32rvt_c      
U99                       AO22X1_RVT      saed32rvt_c      
U100                      AO22X1_RVT      saed32rvt_c      
U101                      AND2X1_RVT      saed32rvt_c      
U102                      AND2X1_RVT      saed32rvt_c      
U103                      AND2X1_RVT      saed32rvt_c      
U104                      AND2X1_RVT      saed32rvt_c      
U105                      AND2X1_RVT      saed32rvt_c      
U106                      AND2X1_RVT      saed32rvt_c      
U107                      AND2X1_RVT      saed32rvt_c      
U108                      AO22X1_RVT      saed32rvt_c      
U109                      AO22X1_RVT      saed32rvt_c      
U110                      AO22X1_RVT      saed32rvt_c      
U111                      AO22X1_RVT      saed32rvt_c      
U112                      AO22X1_RVT      saed32rvt_c      
U113                      AO22X1_RVT      saed32rvt_c      
U114                      NAND2X0_RVT     saed32rvt_c      
U115                      AND2X1_RVT      saed32rvt_c      
U117                      OR2X1_RVT       saed32rvt_c      
U118                      AND2X1_RVT      saed32rvt_c      
U119                      NAND4X0_RVT     saed32rvt_c      
U120                      NAND3X0_RVT     saed32rvt_c      
U121                      AND2X2_RVT      saed32rvt_c      
U122                      AO22X1_RVT      saed32rvt_c      
U123                      NAND3X0_RVT     saed32rvt_c      
U124                      OR2X1_RVT       saed32rvt_c      
U125                      AO21X1_RVT      saed32rvt_c      
U126                      AND2X1_RVT      saed32rvt_c      
U127                      NAND3X0_RVT     saed32rvt_c      
U128                      NAND3X0_RVT     saed32rvt_c      
U129                      OA21X2_RVT      saed32rvt_c      
U130                      OR2X1_RVT       saed32rvt_c      
U131                      AO222X1_RVT     saed32rvt_c      
U132                      AO222X1_RVT     saed32rvt_c      
U133                      OR2X1_RVT       saed32rvt_c      
U134                      AO222X1_RVT     saed32rvt_c      
U135                      AO222X1_RVT     saed32rvt_c      
U136                      OR2X1_RVT       saed32rvt_c      
U137                      AO222X1_RVT     saed32rvt_c      
U138                      AO222X1_RVT     saed32rvt_c      
U139                      OR3X1_RVT       saed32rvt_c      
U140                      AO222X1_RVT     saed32rvt_c      
U141                      AO22X1_RVT      saed32rvt_c      
clockZBUF_inst_2213       NBUFFX2_RVT     saed32rvt_c      
U143                      OR3X1_RVT       saed32rvt_c      
U144                      AO222X1_RVT     saed32rvt_c      
U145                      AO22X1_RVT      saed32rvt_c      
clockcopt_h_inst_3888     DELLN2X2_RVT    saed32rvt_c      
U147                      OR3X1_RVT       saed32rvt_c      
U148                      AO222X1_RVT     saed32rvt_c      
U149                      AO22X1_RVT      saed32rvt_c      
U150                      AO22X1_RVT      saed32rvt_c      
U151                      OR3X1_RVT       saed32rvt_c      
U152                      AO221X1_RVT     saed32rvt_c      
U153                      AO22X1_RVT      saed32rvt_c      
U154                      AO22X1_RVT      saed32rvt_c      
U155                      AO222X1_RVT     saed32rvt_c      
U156                      OR3X1_RVT       saed32rvt_c      
U157                      AO221X1_RVT     saed32rvt_c      
U158                      AO22X1_RVT      saed32rvt_c      
U159                      AO22X1_RVT      saed32rvt_c      
U160                      AO22X1_RVT      saed32rvt_c      
U161                      OR3X1_RVT       saed32rvt_c      
U162                      AO222X1_RVT     saed32rvt_c      
U163                      AO22X1_RVT      saed32rvt_c      
U164                      AO22X1_RVT      saed32rvt_c      
U165                      OR2X1_RVT       saed32rvt_c      
U166                      AO222X1_RVT     saed32rvt_c      
U167                      AO222X1_RVT     saed32rvt_c      
U168                      OR2X1_RVT       saed32rvt_c      
U169                      AO222X1_RVT     saed32rvt_c      
U170                      AO222X1_RVT     saed32rvt_c      
U171                      OR2X1_RVT       saed32rvt_c      
U172                      AO222X1_RVT     saed32rvt_c      
U173                      AO222X1_RVT     saed32rvt_c      
U174                      OR2X1_RVT       saed32rvt_c      
U175                      AO222X1_RVT     saed32rvt_c      
U176                      AO222X1_RVT     saed32rvt_c      
U177                      OR2X1_RVT       saed32rvt_c      
U178                      AO222X1_RVT     saed32rvt_c      
U179                      AO222X1_RVT     saed32rvt_c      
U180                      OR2X1_RVT       saed32rvt_c      
U181                      AO222X1_RVT     saed32rvt_c      
U182                      AO222X1_RVT     saed32rvt_c      
U183                      OR3X1_RVT       saed32rvt_c      
U184                      AO222X1_RVT     saed32rvt_c      
U186                      NOR2X0_RVT      saed32rvt_c      
U188                      AO22X1_RVT      saed32rvt_c      
U189                      AO22X1_RVT      saed32rvt_c      
U192                      NAND2X0_RVT     saed32rvt_c      
U193                      OR2X1_RVT       saed32rvt_c      
U194                      AND3X1_RVT      saed32rvt_c      
U195                      NAND2X0_RVT     saed32rvt_c      
U196                      AND3X1_RVT      saed32rvt_c      
U197                      AO22X1_RVT      saed32rvt_c      
U198                      NAND2X0_RVT     saed32rvt_c      
U199                      NAND3X0_RVT     saed32rvt_c      
U200                      NAND2X0_RVT     saed32rvt_c      
U201                      NAND2X1_RVT     saed32rvt_c      
U202                      AND2X1_RVT      saed32rvt_c      
U203                      AO22X1_RVT      saed32rvt_c      
U204                      AO22X1_RVT      saed32rvt_c      
U205                      AO22X1_RVT      saed32rvt_c      
U206                      AO22X1_RVT      saed32rvt_c      
U207                      AO22X1_RVT      saed32rvt_c      
U208                      AO22X1_RVT      saed32rvt_c      
U209                      AO22X1_RVT      saed32rvt_c      
U210                      AO22X1_RVT      saed32rvt_c      
U211                      AO22X2_RVT      saed32rvt_c      
U212                      AO22X1_RVT      saed32rvt_c      
U213                      AO22X1_RVT      saed32rvt_c      
U214                      AO22X1_RVT      saed32rvt_c      
U215                      AO22X1_RVT      saed32rvt_c      
U216                      AO22X1_RVT      saed32rvt_c      
U217                      AO22X1_RVT      saed32rvt_c      
U218                      AO22X1_RVT      saed32rvt_c      
U221                      AO22X1_RVT      saed32rvt_c      
U222                      AO22X1_RVT      saed32rvt_c      
U223                      AO22X1_RVT      saed32rvt_c      
U224                      AO22X1_RVT      saed32rvt_c      
U225                      AO22X1_RVT      saed32rvt_c      
U226                      AO22X1_RVT      saed32rvt_c      
U227                      AO22X1_RVT      saed32rvt_c      
U228                      AO22X1_RVT      saed32rvt_c      
U229                      AO22X1_RVT      saed32rvt_c      
U230                      AO22X1_RVT      saed32rvt_c      
U231                      AO22X1_RVT      saed32rvt_c      
U232                      AO22X1_RVT      saed32rvt_c      
U233                      AO22X1_RVT      saed32rvt_c      
U234                      AO22X1_RVT      saed32rvt_c      
U235                      AO22X1_RVT      saed32rvt_c      
U236                      AO22X1_RVT      saed32rvt_c      
U239                      AND2X1_RVT      saed32rvt_c      
U240                      NAND2X0_RVT     saed32rvt_c      
U241                      AND2X1_RVT      saed32rvt_c      
U242                      AND2X1_RVT      saed32rvt_c      
U243                      AND2X1_RVT      saed32rvt_c      
U244                      NAND2X0_RVT     saed32rvt_c      
U245                      AO21X1_RVT      saed32rvt_c      
U246                      NAND4X0_RVT     saed32rvt_c      
U247                      OR2X1_RVT       saed32rvt_c      
U248                      AND4X1_RVT      saed32rvt_c      
U249                      AND2X1_RVT      saed32rvt_c      
U250                      AND4X1_RVT      saed32rvt_c      
U251                      NAND2X0_RVT     saed32rvt_c      
U252                      AO21X1_RVT      saed32rvt_c      
U253                      AND2X1_RVT      saed32rvt_c      
U254                      AND3X1_RVT      saed32rvt_c      
U255                      NAND2X0_RVT     saed32rvt_c      
U256                      OR2X1_RVT       saed32rvt_c      
U257                      AND2X1_RVT      saed32rvt_c      
U258                      OR2X1_RVT       saed32rvt_c      
U259                      AND3X1_RVT      saed32rvt_c      
U260                      NAND2X0_RVT     saed32rvt_c      
U261                      NAND2X0_RVT     saed32rvt_c      
U262                      NAND2X0_RVT     saed32rvt_c      
dbg_uart_0                omsp_dbg_uart                    h
rxd_buf_reg[0]            DFFASX1_RVT     saed32rvt_c      n, S
rxd_buf_reg[1]            DFFASX1_RVT     saed32rvt_c      n, S
rxd_maj_reg               DFFASX1_RVT     saed32rvt_c      n, S
uart_state_reg[0]         DFFARX1_RVT     saed32rvt_c      n, S
uart_state_reg[2]         DFFARX1_RVT     saed32rvt_c      n, S
sync_cnt_reg[18]          DFFASX1_RVT     saed32rvt_c      n, S
sync_cnt_reg[3]           DFFASX1_RVT     saed32rvt_c      n, S
sync_cnt_reg[4]           DFFASX1_RVT     saed32rvt_c      n, S
sync_cnt_reg[5]           DFFASX1_RVT     saed32rvt_c      n, S
sync_cnt_reg[6]           DFFASX1_RVT     saed32rvt_c      n, S
sync_cnt_reg[7]           DFFASX1_RVT     saed32rvt_c      n, S
sync_cnt_reg[8]           DFFASX1_RVT     saed32rvt_c      n, S
sync_cnt_reg[9]           DFFASX1_RVT     saed32rvt_c      n, S
sync_cnt_reg[10]          DFFASX1_RVT     saed32rvt_c      n, S
sync_cnt_reg[11]          DFFASX1_RVT     saed32rvt_c      n, S
sync_cnt_reg[12]          DFFASX1_RVT     saed32rvt_c      n, S
sync_cnt_reg[13]          DFFASX1_RVT     saed32rvt_c      n, S
sync_cnt_reg[14]          DFFASX1_RVT     saed32rvt_c      n, S
sync_cnt_reg[15]          DFFASX1_RVT     saed32rvt_c      n, S
sync_cnt_reg[16]          DFFASX1_RVT     saed32rvt_c      n, S
sync_cnt_reg[17]          DFFASX1_RVT     saed32rvt_c      n, S
xfer_bit_reg[0]           DFFARX1_RVT     saed32rvt_c      n, S
uart_state_reg[1]         DFFARX1_RVT     saed32rvt_c      n, S
xfer_bit_reg[1]           DFFARX1_RVT     saed32rvt_c      n, S
xfer_bit_reg[2]           DFFARX1_RVT     saed32rvt_c      n, S
xfer_bit_reg[3]           DFFARX1_RVT     saed32rvt_c      n, S
dbg_uart_txd_reg          DFFASX1_RVT     saed32rvt_c      n, S
U5                        NOR4X1_RVT      saed32rvt_c      
U7                        NOR4X1_RVT      saed32rvt_c      
U8                        NOR4X1_RVT      saed32rvt_c      
U9                        NOR4X1_RVT      saed32rvt_c      
U33                       AO22X1_RVT      saed32rvt_c      
U34                       AO22X1_RVT      saed32rvt_c      
U35                       AO22X1_RVT      saed32rvt_c      
U36                       AO22X1_RVT      saed32rvt_c      
U37                       AO22X1_RVT      saed32rvt_c      
U38                       AO22X1_RVT      saed32rvt_c      
U39                       AO22X1_RVT      saed32rvt_c      
U40                       AO22X1_RVT      saed32rvt_c      
U41                       NAND2X0_RVT     saed32rvt_c      
U42                       AO22X1_RVT      saed32rvt_c      
U43                       AO22X1_RVT      saed32rvt_c      
U44                       AO22X1_RVT      saed32rvt_c      
U45                       AND2X1_RVT      saed32rvt_c      
U46                       AO221X1_RVT     saed32rvt_c      
U47                       AO22X1_RVT      saed32rvt_c      
U48                       AO22X1_RVT      saed32rvt_c      
U49                       AO22X1_RVT      saed32rvt_c      
U50                       AO22X1_RVT      saed32rvt_c      
U51                       AO22X1_RVT      saed32rvt_c      
U52                       AO22X1_RVT      saed32rvt_c      
U53                       AO22X1_RVT      saed32rvt_c      
U54                       AO22X1_RVT      saed32rvt_c      
U55                       AO22X1_RVT      saed32rvt_c      
U56                       AO22X1_RVT      saed32rvt_c      
U57                       AO22X1_RVT      saed32rvt_c      
U58                       AO22X1_RVT      saed32rvt_c      
U59                       AO22X1_RVT      saed32rvt_c      
U60                       AO22X1_RVT      saed32rvt_c      
U61                       AO22X1_RVT      saed32rvt_c      
U62                       AO22X1_RVT      saed32rvt_c      
U63                       AND2X1_RVT      saed32rvt_c      
U64                       AO22X1_RVT      saed32rvt_c      
U65                       AO22X1_RVT      saed32rvt_c      
U67                       AO22X1_RVT      saed32rvt_c      
U68                       NAND2X0_RVT     saed32rvt_c      
U69                       AO221X1_RVT     saed32rvt_c      
U70                       AND3X1_RVT      saed32rvt_c      
U71                       AO22X1_RVT      saed32rvt_c      
U72                       AO221X1_RVT     saed32rvt_c      
U73                       AO21X1_RVT      saed32rvt_c      
U74                       OR3X1_RVT       saed32rvt_c      
U75                       AO22X1_RVT      saed32rvt_c      
U76                       AO21X1_RVT      saed32rvt_c      
U77                       AND4X1_RVT      saed32rvt_c      
U78                       AND2X1_RVT      saed32rvt_c      
U79                       AO21X1_RVT      saed32rvt_c      
U80                       AO21X1_RVT      saed32rvt_c      
U81                       AO21X1_RVT      saed32rvt_c      
U82                       AND3X1_RVT      saed32rvt_c      
U83                       NAND3X0_RVT     saed32rvt_c      
U84                       NAND2X0_RVT     saed32rvt_c      
U85                       NAND3X0_RVT     saed32rvt_c      
U86                       AO222X1_RVT     saed32rvt_c      
U87                       AO222X1_RVT     saed32rvt_c      
U88                       AO222X1_RVT     saed32rvt_c      
U89                       AO222X1_RVT     saed32rvt_c      
U90                       AO222X1_RVT     saed32rvt_c      
U91                       AO222X1_RVT     saed32rvt_c      
U92                       AO222X1_RVT     saed32rvt_c      
U93                       AO221X1_RVT     saed32rvt_c      
U94                       AO22X1_RVT      saed32rvt_c      
U95                       AO222X1_RVT     saed32rvt_c      
U96                       AO222X1_RVT     saed32rvt_c      
U97                       AO222X1_RVT     saed32rvt_c      
U98                       AO222X1_RVT     saed32rvt_c      
U99                       AO222X1_RVT     saed32rvt_c      
U100                      AO222X1_RVT     saed32rvt_c      
U101                      AO222X1_RVT     saed32rvt_c      
U102                      AO222X1_RVT     saed32rvt_c      
U103                      AO22X1_RVT      saed32rvt_c      
U104                      AO222X1_RVT     saed32rvt_c      
U105                      AO222X1_RVT     saed32rvt_c      
U106                      AO222X2_RVT     saed32rvt_c      
U107                      AO222X1_RVT     saed32rvt_c      
U108                      AO222X1_RVT     saed32rvt_c      
U109                      AO222X1_RVT     saed32rvt_c      
U110                      AO222X1_RVT     saed32rvt_c      
U111                      AO222X1_RVT     saed32rvt_c      
U112                      AO222X1_RVT     saed32rvt_c      
U113                      AO222X2_RVT     saed32rvt_c      
U114                      AO222X1_RVT     saed32rvt_c      
U115                      AO222X2_RVT     saed32rvt_c      
U116                      AO222X1_RVT     saed32rvt_c      
U117                      AO222X2_RVT     saed32rvt_c      
U118                      AO222X1_RVT     saed32rvt_c      
U121                      NAND2X0_RVT     saed32rvt_c      
U122                      AND2X1_RVT      saed32rvt_c      
U123                      NAND3X0_RVT     saed32rvt_c      
U125                      NOR2X0_RVT      saed32rvt_c      
U126                      AO221X1_RVT     saed32rvt_c      
U127                      AND3X1_RVT      saed32rvt_c      
U128                      AO21X1_RVT      saed32rvt_c      
U129                      NAND3X0_RVT     saed32rvt_c      
U130                      OR2X1_RVT       saed32rvt_c      
U131                      NAND3X0_RVT     saed32rvt_c      
U132                      NAND2X0_RVT     saed32rvt_c      
U133                      AND2X1_RVT      saed32rvt_c      
U134                      AO22X1_RVT      saed32rvt_c      
U135                      OR2X1_RVT       saed32rvt_c      
U136                      AO221X1_RVT     saed32rvt_c      
U137                      AO222X1_RVT     saed32rvt_c      
U139                      NAND2X0_RVT     saed32rvt_c      
U140                      OR2X1_RVT       saed32rvt_c      
U141                      AND4X1_RVT      saed32rvt_c      
U142                      NAND4X0_RVT     saed32rvt_c      
U143                      AND3X2_RVT      saed32rvt_c      
U144                      AO21X1_RVT      saed32rvt_c      
U145                      AND4X1_RVT      saed32rvt_c      
U146                      AND2X1_RVT      saed32rvt_c      
U148                      AND2X1_RVT      saed32rvt_c      
U149                      NAND2X0_RVT     saed32rvt_c      
U150                      NAND4X0_RVT     saed32rvt_c      
U151                      AO21X1_RVT      saed32rvt_c      
U152                      AND2X1_RVT      saed32rvt_c      
U153                      AND2X1_RVT      saed32rvt_c      
U154                      AND2X1_RVT      saed32rvt_c      
U155                      AO22X1_RVT      saed32rvt_c      
U156                      AO22X2_RVT      saed32rvt_c      
U157                      AO22X2_RVT      saed32rvt_c      
U158                      AO22X2_RVT      saed32rvt_c      
U159                      AO22X2_RVT      saed32rvt_c      
U160                      AO22X2_RVT      saed32rvt_c      
U161                      AO22X2_RVT      saed32rvt_c      
U162                      AND2X1_RVT      saed32rvt_c      
U163                      AND2X1_RVT      saed32rvt_c      
U164                      AND2X1_RVT      saed32rvt_c      
U165                      AND2X1_RVT      saed32rvt_c      
U166                      AND2X1_RVT      saed32rvt_c      
U167                      AND2X1_RVT      saed32rvt_c      
U168                      AO22X2_RVT      saed32rvt_c      
U169                      AO22X1_RVT      saed32rvt_c      
sync_cell_uart_rxd        omsp_sync_cell_1                 h
data_sync_reg[0]          DFFARX1_RVT     saed32rvt_c      n, S
data_sync_reg[1]          DFFARX1_RVT     saed32rvt_c      n, S
clockcopt_h_inst_3889     DELLN2X2_RVT    saed32rvt_c      
add_215_S2                omsp_dbg_uart_DW01_inc_0         h
U1_1_17                   HADDX1_RVT      saed32rvt_c      
U1_1_16                   HADDX1_RVT      saed32rvt_c      
U1_1_15                   HADDX1_RVT      saed32rvt_c      
U1_1_14                   HADDX1_RVT      saed32rvt_c      
U1_1_13                   HADDX1_RVT      saed32rvt_c      
U1_1_12                   HADDX1_RVT      saed32rvt_c      
U1_1_11                   HADDX1_RVT      saed32rvt_c      
U1_1_10                   HADDX2_RVT      saed32rvt_c      
U1_1_9                    HADDX1_RVT      saed32rvt_c      
U1_1_8                    HADDX1_RVT      saed32rvt_c      
U1_1_7                    HADDX1_RVT      saed32rvt_c      
U1_1_6                    HADDX1_RVT      saed32rvt_c      
U1_1_5                    HADDX1_RVT      saed32rvt_c      
U1_1_4                    HADDX1_RVT      saed32rvt_c      
U1_1_3                    HADDX1_RVT      saed32rvt_c      
U1_1_2                    HADDX1_RVT      saed32rvt_c      
U1_1_1                    HADDX1_RVT      saed32rvt_c      
U1                        INVX0_RVT       saed32rvt_c      
U2                        XOR2X1_RVT      saed32rvt_c      
sync_cnt_reg[2]           DFFARX1_RVT     saed32rvt_c      n, S
sync_cnt_reg[1]           DFFARX1_RVT     saed32rvt_c      n, S
sync_cnt_reg[0]           DFFARX1_RVT     saed32rvt_c      n, S
sync_busy_reg             DFFARX1_RVT     saed32rvt_c      n, S
xfer_buf_reg[0]           DFFARX1_RVT     saed32rvt_c      n, S
xfer_buf_reg[10]          DFFARX1_RVT     saed32rvt_c      n, S
xfer_buf_reg[3]           DFFARX1_RVT     saed32rvt_c      n, S
xfer_buf_reg[19]          DFFARX1_RVT     saed32rvt_c      n, S
xfer_buf_reg[9]           DFFARX1_RVT     saed32rvt_c      n, S
xfer_buf_reg[17]          DFFARX1_RVT     saed32rvt_c      n, S
xfer_buf_reg[16]          DFFARX1_RVT     saed32rvt_c      n, S
xfer_buf_reg[14]          DFFARX1_RVT     saed32rvt_c      n, S
xfer_buf_reg[13]          DFFARX1_RVT     saed32rvt_c      n, S
xfer_buf_reg[11]          DFFARX1_RVT     saed32rvt_c      n, S
xfer_buf_reg[18]          DFFARX1_RVT     saed32rvt_c      n, S
xfer_buf_reg[8]           DFFARX1_RVT     saed32rvt_c      n, S
xfer_buf_reg[12]          DFFARX1_RVT     saed32rvt_c      n, S
xfer_buf_reg[7]           DFFARX1_RVT     saed32rvt_c      n, S
xfer_buf_reg[6]           DFFARX1_RVT     saed32rvt_c      n, S
xfer_buf_reg[5]           DFFARX1_RVT     saed32rvt_c      n, S
xfer_buf_reg[1]           DFFARX1_RVT     saed32rvt_c      n, S
xfer_buf_reg[4]           DFFARX1_RVT     saed32rvt_c      n, S
xfer_buf_reg[2]           DFFARX1_RVT     saed32rvt_c      n, S
xfer_buf_reg[15]          DFFARX1_RVT     saed32rvt_c      n, S
dbg_bw_reg                DFFARX1_RVT     saed32rvt_c      n, S
dbg_addr_reg[5]           DFFARX1_RVT     saed32rvt_c      n, S
dbg_addr_reg[4]           DFFARX1_RVT     saed32rvt_c      n, S
dbg_addr_reg[3]           DFFARX1_RVT     saed32rvt_c      n, S
dbg_addr_reg[2]           DFFARX1_RVT     saed32rvt_c      n, S
dbg_addr_reg[1]           DFFARX1_RVT     saed32rvt_c      n, S
dbg_addr_reg[0]           DFFARX1_RVT     saed32rvt_c      n, S
xfer_cnt_reg[9]           DFFARX1_RVT     saed32rvt_c      n, S
xfer_cnt_reg[8]           DFFARX1_RVT     saed32rvt_c      n, S
xfer_cnt_reg[7]           DFFARX1_RVT     saed32rvt_c      n, S
xfer_cnt_reg[6]           DFFARX1_RVT     saed32rvt_c      n, S
xfer_cnt_reg[5]           DFFARX1_RVT     saed32rvt_c      n, S
xfer_cnt_reg[4]           DFFARX1_RVT     saed32rvt_c      n, S
xfer_cnt_reg[3]           DFFARX1_RVT     saed32rvt_c      n, S
xfer_cnt_reg[2]           DFFARX1_RVT     saed32rvt_c      n, S
xfer_cnt_reg[1]           DFFARX1_RVT     saed32rvt_c      n, S
xfer_cnt_reg[0]           DFFARX1_RVT     saed32rvt_c      n, S
xfer_cnt_reg[10]          DFFARX1_RVT     saed32rvt_c      n, S
xfer_cnt_reg[11]          DFFARX1_RVT     saed32rvt_c      n, S
xfer_cnt_reg[12]          DFFARX1_RVT     saed32rvt_c      n, S
xfer_cnt_reg[13]          DFFARX1_RVT     saed32rvt_c      n, S
xfer_cnt_reg[15]          DFFARX1_RVT     saed32rvt_c      n, S
xfer_cnt_reg[14]          DFFARX1_RVT     saed32rvt_c      n, S
clockZBUF_inst_2216       NBUFFX2_RVT     saed32rvt_c      
U4                        AND2X4_RVT      saed32rvt_c      
clockcopt_h_inst_3890     DELLN2X2_RVT    saed32rvt_c      
placeZBUF_inst_273        NBUFFX4_RVT     saed32rvt_c      
placeZBUF_inst_274        NBUFFX2_RVT     saed32rvt_c      
clockcopt_h_inst_3891     DELLN3X2_RVT    saed32rvt_c      
clockZBUF_inst_2219       NBUFFX2_RVT     saed32rvt_c      
placeZBUF_inst_277        NBUFFX2_RVT     saed32rvt_c      
placeZBUF_inst_278        NBUFFX2_RVT     saed32rvt_c      
U16                       AND3X4_RVT      saed32rvt_c      
U17                       OA21X1_RVT      saed32rvt_c      
U18                       AND2X4_RVT      saed32rvt_c      
clockcopt_h_inst_3892     DELLN3X2_RVT    saed32rvt_c      
U20                       NAND2X2_RVT     saed32rvt_c      
U21                       XOR2X1_RVT      saed32rvt_c      
U22                       OAI21X1_RVT     saed32rvt_c      
U23                       OAI21X1_RVT     saed32rvt_c      
placeZBUF_inst_280        NBUFFX4_RVT     saed32rvt_c      
U25                       OR2X1_RVT       saed32rvt_c      
U26                       XNOR2X1_RVT     saed32rvt_c      
U27                       OR2X1_RVT       saed32rvt_c      
U28                       XNOR2X1_RVT     saed32rvt_c      
U29                       OR2X1_RVT       saed32rvt_c      
U30                       XNOR2X1_RVT     saed32rvt_c      
U31                       OR2X1_RVT       saed32rvt_c      
U32                       XNOR2X1_RVT     saed32rvt_c      
U66                       OR2X1_RVT       saed32rvt_c      
U119                      XNOR2X1_RVT     saed32rvt_c      
U120                      OR2X1_RVT       saed32rvt_c      
U124                      XNOR2X1_RVT     saed32rvt_c      
U138                      OR2X1_RVT       saed32rvt_c      
U147                      XNOR2X1_RVT     saed32rvt_c      
U170                      OR2X1_RVT       saed32rvt_c      
U171                      XNOR2X1_RVT     saed32rvt_c      
U172                      OR2X1_RVT       saed32rvt_c      
U173                      XNOR2X1_RVT     saed32rvt_c      
U174                      OR2X1_RVT       saed32rvt_c      
U175                      XNOR2X1_RVT     saed32rvt_c      
U176                      OR2X1_RVT       saed32rvt_c      
U177                      XNOR2X2_RVT     saed32rvt_c      
U178                      OR2X1_RVT       saed32rvt_c      
U179                      XNOR2X1_RVT     saed32rvt_c      
U180                      OR2X1_RVT       saed32rvt_c      
U181                      XNOR2X1_RVT     saed32rvt_c      
U182                      OR2X1_RVT       saed32rvt_c      
U183                      XNOR2X1_RVT     saed32rvt_c      
U184                      OR2X1_RVT       saed32rvt_c      
U185                      XNOR2X1_RVT     saed32rvt_c      
clockZBUF_inst_2221       NBUFFX2_RVT     saed32rvt_c      
U187                      INVX0_RVT       saed32rvt_c      
U188                      INVX0_RVT       saed32rvt_c      
U189                      INVX0_RVT       saed32rvt_c      
U190                      IBUFFX32_RVT    saed32rvt_c      
U191                      INVX0_RVT       saed32rvt_c      
U192                      INVX0_RVT       saed32rvt_c      
clockZBUF_inst_2222       NBUFFX8_RVT     saed32rvt_c      
U194                      INVX0_RVT       saed32rvt_c      
U195                      INVX0_RVT       saed32rvt_c      
U196                      INVX0_RVT       saed32rvt_c      
U197                      INVX0_RVT       saed32rvt_c      
U198                      INVX0_RVT       saed32rvt_c      
placeZBUF_inst_283        NBUFFX4_RVT     saed32rvt_c      
U200                      INVX0_RVT       saed32rvt_c      
U201                      INVX0_RVT       saed32rvt_c      
clockcopt_h_inst_3893     DELLN3X2_RVT    saed32rvt_c      
U203                      INVX0_RVT       saed32rvt_c      
add_449/U1_1              FADDX1_RVT      saed32rvt_c      
add_449/U1_2              FADDX1_RVT      saed32rvt_c      
add_449/U1_3              FADDX1_RVT      saed32rvt_c      
add_449/U1_4              FADDX1_RVT      saed32rvt_c      
add_449/U1_5              FADDX1_RVT      saed32rvt_c      
add_449/U1_6              FADDX1_RVT      saed32rvt_c      
add_449/U1_7              FADDX1_RVT      saed32rvt_c      
add_449/U1_8              FADDX1_RVT      saed32rvt_c      
add_449/U1_9              FADDX1_RVT      saed32rvt_c      
add_449/U1_10             FADDX1_RVT      saed32rvt_c      
add_449/U1_11             FADDX1_RVT      saed32rvt_c      
add_449/U1_12             FADDX1_RVT      saed32rvt_c      
add_449/U1_13             FADDX1_RVT      saed32rvt_c      
add_449/U1_14             FADDX1_RVT      saed32rvt_c      
add_449/U1_15             FADDX1_RVT      saed32rvt_c      
add_436/U1_1              FADDX1_RVT      saed32rvt_c      
mem_start_reg             DFFARX1_RVT     saed32rvt_c      n, S
inc_step_reg[0]           DFFARX1_RVT     saed32rvt_c      n, S
cpu_ctl_reg[6]            DFFARX1_RVT     saed32rvt_c      n, S
cpu_ctl_reg[3]            DFFARX1_RVT     saed32rvt_c      n, S
mem_cnt_reg[0]            DFFARX1_RVT     saed32rvt_c      n, S
mem_addr_reg[0]           DFFARX1_RVT     saed32rvt_c      n, S
mem_cnt_reg[1]            DFFARX1_RVT     saed32rvt_c      n, S
mem_addr_reg[1]           DFFARX1_RVT     saed32rvt_c      n, S
mem_cnt_reg[2]            DFFARX1_RVT     saed32rvt_c      n, S
mem_startb_reg            DFFARX1_RVT     saed32rvt_c      n, S
mem_addr_reg[2]           DFFARX1_RVT     saed32rvt_c      n, S
mem_data_reg[15]          DFFARX1_RVT     saed32rvt_c      n, S
mem_data_reg[14]          DFFARX1_RVT     saed32rvt_c      n, S
mem_data_reg[13]          DFFARX1_RVT     saed32rvt_c      n, S
mem_data_reg[12]          DFFARX1_RVT     saed32rvt_c      n, S
mem_data_reg[11]          DFFARX1_RVT     saed32rvt_c      n, S
mem_data_reg[10]          DFFARX1_RVT     saed32rvt_c      n, S
mem_data_reg[9]           DFFARX1_RVT     saed32rvt_c      n, S
mem_data_reg[8]           DFFARX1_RVT     saed32rvt_c      n, S
mem_cnt_reg[3]            DFFARX1_RVT     saed32rvt_c      n, S
mem_data_reg[7]           DFFARX1_RVT     saed32rvt_c      n, S
mem_data_reg[6]           DFFARX1_RVT     saed32rvt_c      n, S
mem_data_reg[5]           DFFARX1_RVT     saed32rvt_c      n, S
mem_data_reg[4]           DFFARX1_RVT     saed32rvt_c      n, S
mem_data_reg[3]           DFFARX1_RVT     saed32rvt_c      n, S
mem_data_reg[2]           DFFARX1_RVT     saed32rvt_c      n, S
mem_data_reg[1]           DFFARX1_RVT     saed32rvt_c      n, S
mem_data_reg[0]           DFFARX1_RVT     saed32rvt_c      n, S
mem_addr_reg[3]           DFFARX1_RVT     saed32rvt_c      n, S
mem_addr_reg[4]           DFFARX1_RVT     saed32rvt_c      n, S
mem_cnt_reg[4]            DFFARX1_RVT     saed32rvt_c      n, S
mem_addr_reg[5]           DFFARX1_RVT     saed32rvt_c      n, S
mem_cnt_reg[5]            DFFARX1_RVT     saed32rvt_c      n, S
mem_addr_reg[6]           DFFARX1_RVT     saed32rvt_c      n, S
mem_addr_reg[7]           DFFARX1_RVT     saed32rvt_c      n, S
mem_cnt_reg[6]            DFFARX1_RVT     saed32rvt_c      n, S
mem_addr_reg[8]           DFFARX1_RVT     saed32rvt_c      n, S
mem_cnt_reg[7]            DFFARX1_RVT     saed32rvt_c      n, S
mem_addr_reg[9]           DFFARX1_RVT     saed32rvt_c      n, S
mem_addr_reg[10]          DFFARX1_RVT     saed32rvt_c      n, S
mem_cnt_reg[8]            DFFARX1_RVT     saed32rvt_c      n, S
mem_addr_reg[11]          DFFARX1_RVT     saed32rvt_c      n, S
mem_cnt_reg[9]            DFFARX1_RVT     saed32rvt_c      n, S
mem_addr_reg[12]          DFFARX1_RVT     saed32rvt_c      n, S
mem_addr_reg[13]          DFFARX1_RVT     saed32rvt_c      n, S
mem_cnt_reg[10]           DFFARX1_RVT     saed32rvt_c      n, S
mem_addr_reg[14]          DFFARX1_RVT     saed32rvt_c      n, S
mem_addr_reg[15]          DFFARX1_RVT     saed32rvt_c      n, S
mem_cnt_reg[11]           DFFARX1_RVT     saed32rvt_c      n, S
mem_cnt_reg[12]           DFFARX1_RVT     saed32rvt_c      n, S
mem_cnt_reg[13]           DFFARX1_RVT     saed32rvt_c      n, S
mem_cnt_reg[14]           DFFARX1_RVT     saed32rvt_c      n, S
mem_cnt_reg[15]           DFFARX1_RVT     saed32rvt_c      n, S
dbg_rd_rdy_reg            DFFARX1_RVT     saed32rvt_c      n, S
U3                        AND4X4_RVT      saed32rvt_c      
U4                        OR3X2_RVT       saed32rvt_c      
U6                        AND3X2_RVT      saed32rvt_c      
U7                        INVX0_RVT       saed32rvt_c      
placeZBUF_inst_285        NBUFFX2_RVT     saed32rvt_c      
clockZBUF_inst_2224       NBUFFX2_RVT     saed32rvt_c      
placeZBUF_inst_287        NBUFFX4_RVT     saed32rvt_c      
clockZBUF_inst_2225       NBUFFX2_RVT     saed32rvt_c      
placeZBUF_inst_289        NBUFFX2_RVT     saed32rvt_c      
placeZBUF_inst_290        NBUFFX4_RVT     saed32rvt_c      
cto_buf_drc_3483          NBUFFX16_RVT    saed32rvt_c      
clockZBUF_inst_3775       NBUFFX2_RVT     saed32rvt_c      
clockcopt_h_inst_3894     DELLN3X2_RVT    saed32rvt_c      
U19                       NAND2X4_RVT     saed32rvt_c      
U20                       NAND2X4_RVT     saed32rvt_c      
U21                       OR4X1_RVT       saed32rvt_c      
U22                       OR4X1_RVT       saed32rvt_c      
U23                       OR4X1_RVT       saed32rvt_c      
U24                       NAND2X2_RVT     saed32rvt_c      
U25                       OR4X1_RVT       saed32rvt_c      
clockZBUF_inst_3777       DELLN3X2_RVT    saed32rvt_c      
placeZBUF_inst_295        NBUFFX4_RVT     saed32rvt_c      
U28                       OAI21X1_RVT     saed32rvt_c      
clockcopt_h_inst_3895     DELLN3X2_RVT    saed32rvt_c      
U30                       AND3X4_RVT      saed32rvt_c      
U31                       AND3X4_RVT      saed32rvt_c      
U32                       AND2X2_RVT      saed32rvt_c      
U33                       AND3X4_RVT      saed32rvt_c      
U34                       AND3X1_RVT      saed32rvt_c      
U35                       XOR2X1_RVT      saed32rvt_c      
U81                       AND2X1_RVT      saed32rvt_c      
U91                       XOR2X1_RVT      saed32rvt_c      
U116                      AND2X1_RVT      saed32rvt_c      
U185                      XOR2X1_RVT      saed32rvt_c      
U187                      AND2X1_RVT      saed32rvt_c      
U190                      XOR2X1_RVT      saed32rvt_c      
U191                      AND2X1_RVT      saed32rvt_c      
U219                      XOR2X2_RVT      saed32rvt_c      
U220                      AND2X1_RVT      saed32rvt_c      
U237                      XOR2X2_RVT      saed32rvt_c      
U238                      AND2X1_RVT      saed32rvt_c      
U263                      XOR2X1_RVT      saed32rvt_c      
U264                      AND2X1_RVT      saed32rvt_c      
U265                      XOR2X1_RVT      saed32rvt_c      
U266                      AND2X1_RVT      saed32rvt_c      
U267                      XOR2X1_RVT      saed32rvt_c      
U268                      AND2X1_RVT      saed32rvt_c      
U269                      XOR2X1_RVT      saed32rvt_c      
U270                      AND2X1_RVT      saed32rvt_c      
U271                      XOR2X1_RVT      saed32rvt_c      
U272                      AND2X1_RVT      saed32rvt_c      
U273                      XOR2X1_RVT      saed32rvt_c      
U274                      AND2X1_RVT      saed32rvt_c      
U275                      XOR2X1_RVT      saed32rvt_c      
U276                      AND2X1_RVT      saed32rvt_c      
U277                      XOR2X1_RVT      saed32rvt_c      
U278                      AND2X1_RVT      saed32rvt_c      
U279                      XOR2X1_RVT      saed32rvt_c      
U280                      AND2X1_RVT      saed32rvt_c      
U281                      XOR2X1_RVT      saed32rvt_c      
U282                      IBUFFX2_RVT     saed32rvt_c      
U283                      INVX0_RVT       saed32rvt_c      
U284                      INVX0_RVT       saed32rvt_c      
U285                      INVX0_RVT       saed32rvt_c      
U286                      INVX0_RVT       saed32rvt_c      
U287                      INVX0_RVT       saed32rvt_c      
U288                      INVX0_RVT       saed32rvt_c      
U289                      INVX0_RVT       saed32rvt_c      
U290                      INVX0_RVT       saed32rvt_c      
U291                      INVX16_RVT      saed32rvt_c      
U292                      INVX0_RVT       saed32rvt_c      
U293                      INVX0_RVT       saed32rvt_c      
U294                      INVX0_RVT       saed32rvt_c      
clockZBUF_inst_3779       NBUFFX2_RVT     saed32rvt_c      
placeZBUF_inst_298        NBUFFX2_RVT     saed32rvt_c      
placeZBUF_inst_299        NBUFFX2_RVT     saed32rvt_c      
placeZBUF_inst_300        NBUFFX2_RVT     saed32rvt_c      
U34                       AND2X1_RVT      saed32rvt_c      
U35                       AND2X2_RVT      saed32rvt_c      
U36                       NOR3X0_RVT      saed32rvt_c      
U37                       NOR3X0_RVT      saed32rvt_c      
U38                       NOR3X0_RVT      saed32rvt_c      
U39                       NOR3X2_RVT      saed32rvt_c      
U40                       NAND2X0_RVT     saed32rvt_c      
U41                       IBUFFX32_RVT    saed32rvt_c      
U42                       NAND2X0_RVT     saed32rvt_c      
U43                       IBUFFX32_RVT    saed32rvt_c      
U44                       NAND2X0_RVT     saed32rvt_c      
U45                       IBUFFX32_RVT    saed32rvt_c      
U46                       NAND2X0_RVT     saed32rvt_c      
U47                       IBUFFX32_RVT    saed32rvt_c      
U48                       NAND2X0_RVT     saed32rvt_c      
U49                       IBUFFX32_RVT    saed32rvt_c      
U50                       NAND2X0_RVT     saed32rvt_c      
U51                       IBUFFX32_RVT    saed32rvt_c      
placeZBUF_inst_301        NBUFFX4_RVT     saed32rvt_c      
U53                       INVX16_RVT      saed32rvt_c      
U54                       NAND2X2_RVT     saed32rvt_c      
U55                       INVX0_RVT       saed32rvt_c      
U56                       INVX0_RVT       saed32rvt_c      
U57                       NAND2X2_RVT     saed32rvt_c      
placeZBUF_inst_302        NBUFFX4_RVT     saed32rvt_c      
U59                       INVX0_RVT       saed32rvt_c      
U60                       NAND2X2_RVT     saed32rvt_c      
U61                       INVX0_RVT       saed32rvt_c      
U62                       INVX0_RVT       saed32rvt_c      
U63                       INVX0_RVT       saed32rvt_c      
U64                       INVX16_RVT      saed32rvt_c      
U65                       NAND2X2_RVT     saed32rvt_c      
placeZBUF_inst_303        NBUFFX2_RVT     saed32rvt_c      
U67                       INVX0_RVT       saed32rvt_c      
clockcopt_h_inst_3896     DELLN3X2_RVT    saed32rvt_c      
placeZBUF_inst_305        NBUFFX4_RVT     saed32rvt_c      
placeZBUF_inst_306        NBUFFX2_RVT     saed32rvt_c      
clockcopt_h_inst_3897     DELLN1X2_RVT    saed32rvt_c      
placeZBUF_inst_308        NBUFFX2_RVT     saed32rvt_c      
clockcopt_h_inst_3898     DELLN3X2_RVT    saed32rvt_c      
placeZBUF_inst_310        NBUFFX2_RVT     saed32rvt_c      
clockZBUF_inst_3780       NBUFFX2_RVT     saed32rvt_c      
clockZBUF_inst_3781       NBUFFX2_RVT     saed32rvt_c      
placeZBUF_inst_313        NBUFFX4_RVT     saed32rvt_c      
clockZBUF_inst_3782       NBUFFX2_RVT     saed32rvt_c      
clockZBUF_inst_3783       NBUFFX2_RVT     saed32rvt_c      
clockZBUF_inst_3784       NBUFFX2_RVT     saed32rvt_c      
clockZBUF_inst_3785       DELLN2X2_RVT    saed32rvt_c      
clockcopt_h_inst_3899     NBUFFX2_RVT     saed32rvt_c      
placeZBUF_inst_319        NBUFFX4_RVT     saed32rvt_c      
clockZBUF_inst_3787       NBUFFX2_RVT     saed32rvt_c      
placeZBUF_inst_321        NBUFFX2_RVT     saed32rvt_c      
clockcopt_h_inst_3900     DELLN3X2_RVT    saed32rvt_c      
clockZBUF_inst_3789       DELLN3X2_RVT    saed32rvt_c      
clockZBUF_inst_3790       NBUFFX4_RVT     saed32rvt_c      
placeZBUF_inst_325        NBUFFX2_RVT     saed32rvt_c      
placeZBUF_inst_326        NBUFFX2_RVT     saed32rvt_c      
clockZBUF_inst_3791       DELLN3X2_RVT    saed32rvt_c      
clockZBUF_inst_3792       DELLN3X2_RVT    saed32rvt_c      
placeZBUF_inst_329        NBUFFX2_RVT     saed32rvt_c      
clockZBUF_inst_3793       NBUFFX4_RVT     saed32rvt_c      
clockZBUF_inst_3794       DELLN3X2_RVT    saed32rvt_c      
placeZBUF_inst_332        NBUFFX4_RVT     saed32rvt_c      
placeZBUF_inst_333        NBUFFX2_RVT     saed32rvt_c      
clockZBUF_inst_3795       NBUFFX4_RVT     saed32rvt_c      
placeZBUF_inst_335        NBUFFX2_RVT     saed32rvt_c      
placeZBUF_inst_336        NBUFFX2_RVT     saed32rvt_c      
clockZBUF_inst_3796       NBUFFX4_RVT     saed32rvt_c      
clockZBUF_inst_3797       NBUFFX4_RVT     saed32rvt_c      
placeZBUF_inst_339        NBUFFX4_RVT     saed32rvt_c      
placeZBUF_inst_340        NBUFFX4_RVT     saed32rvt_c      
clockZBUF_inst_3798       NBUFFX4_RVT     saed32rvt_c      
placeZBUF_inst_342        NBUFFX2_RVT     saed32rvt_c      
clockcopt_h_inst_3901     DELLN1X2_RVT    saed32rvt_c      
placeZBUF_inst_344        NBUFFX2_RVT     saed32rvt_c      
clockZBUF_inst_3799       DELLN3X2_RVT    saed32rvt_c      
clockcopt_h_inst_6009     NBUFFX2_RVT     saed32rvt_c      
placeZBUF_inst_347        NBUFFX4_RVT     saed32rvt_c      
clockZBUF_inst_3801       DELLN2X2_RVT    saed32rvt_c      
placeZBUF_inst_349        NBUFFX2_RVT     saed32rvt_c      
clockcopt_h_inst_3902     DELLN3X2_RVT    saed32rvt_c      
placeZBUF_inst_351        NBUFFX4_RVT     saed32rvt_c      
clockZBUF_inst_3803       NBUFFX4_RVT     saed32rvt_c      
placeZBUF_inst_353        NBUFFX2_RVT     saed32rvt_c      
placeZBUF_inst_354        NBUFFX2_RVT     saed32rvt_c      
clockZBUF_inst_3804       DELLN3X2_RVT    saed32rvt_c      
placeZBUF_inst_356        NBUFFX2_RVT     saed32rvt_c      
clockZBUF_inst_3805       DELLN3X2_RVT    saed32rvt_c      
placeZBUF_inst_358        NBUFFX2_RVT     saed32rvt_c      
placeZBUF_inst_359        NBUFFX4_RVT     saed32rvt_c      
clockZBUF_inst_3806       DELLN3X2_RVT    saed32rvt_c      
clockZBUF_inst_3807       DELLN2X2_RVT    saed32rvt_c      
placeZBUF_inst_362        NBUFFX4_RVT     saed32rvt_c      
placeZBUF_inst_363        NBUFFX2_RVT     saed32rvt_c      
clockZBUF_inst_3808       DELLN3X2_RVT    saed32rvt_c      
placeZBUF_inst_365        NBUFFX4_RVT     saed32rvt_c      
placeZBUF_inst_366        NBUFFX2_RVT     saed32rvt_c      
clockZBUF_inst_3809       DELLN2X2_RVT    saed32rvt_c      
placeZBUF_inst_368        NBUFFX2_RVT     saed32rvt_c      
clockcopt_h_inst_6010     NBUFFX2_RVT     saed32rvt_c      
placeZBUF_inst_370        NBUFFX2_RVT     saed32rvt_c      
clockcopt_h_inst_3903     DELLN3X2_RVT    saed32rvt_c      
clockcopt_h_inst_3904     DELLN3X2_RVT    saed32rvt_c      
placeZBUF_inst_373        NBUFFX2_RVT     saed32rvt_c      
placeZBUF_inst_374        NBUFFX2_RVT     saed32rvt_c      
clockcopt_h_inst_3905     DELLN3X2_RVT    saed32rvt_c      
placeZBUF_inst_376        NBUFFX2_RVT     saed32rvt_c      
clockcopt_h_inst_3906     DELLN3X2_RVT    saed32rvt_c      
placeZBUF_inst_378        NBUFFX4_RVT     saed32rvt_c      
placeZBUF_inst_379        NBUFFX2_RVT     saed32rvt_c      
placeZBUF_inst_380        NBUFFX2_RVT     saed32rvt_c      
placeZBUF_inst_381        NBUFFX2_RVT     saed32rvt_c      
clockcopt_h_inst_3907     DELLN2X2_RVT    saed32rvt_c      
placeZBUF_inst_383        NBUFFX4_RVT     saed32rvt_c      
placeZBUF_inst_384        NBUFFX2_RVT     saed32rvt_c      
clockcopt_h_inst_3908     DELLN3X2_RVT    saed32rvt_c      
clockcopt_h_inst_3909     DELLN3X2_RVT    saed32rvt_c      
placeZBUF_inst_387        NBUFFX2_RVT     saed32rvt_c      
clockcopt_h_inst_3910     DELLN3X2_RVT    saed32rvt_c      
placeZBUF_inst_389        NBUFFX2_RVT     saed32rvt_c      
clockcopt_h_inst_3911     DELLN3X2_RVT    saed32rvt_c      
placeZBUF_inst_391        NBUFFX2_RVT     saed32rvt_c      
placeZBUF_inst_392        NBUFFX2_RVT     saed32rvt_c      
clockcopt_h_inst_3912     DELLN3X2_RVT    saed32rvt_c      
clockcopt_h_inst_3913     DELLN3X2_RVT    saed32rvt_c      
placeZBUF_inst_395        NBUFFX2_RVT     saed32rvt_c      
placeZBUF_inst_396        NBUFFX2_RVT     saed32rvt_c      
placeZBUF_inst_397        NBUFFX4_RVT     saed32rvt_c      
clockcopt_h_inst_3914     DELLN3X2_RVT    saed32rvt_c      
placeZBUF_inst_399        NBUFFX2_RVT     saed32rvt_c      
placeZBUF_inst_400        NBUFFX2_RVT     saed32rvt_c      
placeZBUF_inst_401        NBUFFX4_RVT     saed32rvt_c      
placeZBUF_inst_402        NBUFFX2_RVT     saed32rvt_c      
placeZBUF_inst_403        NBUFFX2_RVT     saed32rvt_c      
clockcopt_h_inst_3915     DELLN3X2_RVT    saed32rvt_c      
placeZBUF_inst_405        NBUFFX2_RVT     saed32rvt_c      
clockcopt_h_inst_6011     DELLN3X2_RVT    saed32rvt_c      
clockcopt_h_inst_3917     DELLN3X2_RVT    saed32rvt_c      
placeZBUF_inst_408        NBUFFX2_RVT     saed32rvt_c      
clockcopt_h_inst_3918     DELLN3X2_RVT    saed32rvt_c      
placeZBUF_inst_410        NBUFFX2_RVT     saed32rvt_c      
placeZBUF_inst_411        NBUFFX4_RVT     saed32rvt_c      
placeZBUF_inst_412        NBUFFX2_RVT     saed32rvt_c      
placeZBUF_inst_413        NBUFFX4_RVT     saed32rvt_c      
placeZBUF_inst_414        NBUFFX2_RVT     saed32rvt_c      
clockcopt_h_inst_3919     DELLN3X2_RVT    saed32rvt_c      
placeZBUF_inst_416        NBUFFX2_RVT     saed32rvt_c      
placeZBUF_inst_417        NBUFFX2_RVT     saed32rvt_c      
clockcopt_h_inst_3920     DELLN3X2_RVT    saed32rvt_c      
placeZBUF_inst_419        NBUFFX2_RVT     saed32rvt_c      
placeZBUF_inst_420        NBUFFX2_RVT     saed32rvt_c      
placeZBUF_inst_421        NBUFFX4_RVT     saed32rvt_c      
clockcopt_h_inst_3921     DELLN3X2_RVT    saed32rvt_c      
placeZBUF_inst_423        NBUFFX4_RVT     saed32rvt_c      
placeZBUF_inst_424        NBUFFX2_RVT     saed32rvt_c      
placeZBUF_inst_425        NBUFFX4_RVT     saed32rvt_c      
clockcopt_h_inst_3922     DELLN3X2_RVT    saed32rvt_c      
placeZBUF_inst_427        NBUFFX2_RVT     saed32rvt_c      
placeZBUF_inst_428        NBUFFX2_RVT     saed32rvt_c      
placeZBUF_inst_429        NBUFFX2_RVT     saed32rvt_c      
placeZBUF_inst_430        NBUFFX2_RVT     saed32rvt_c      
placeZBUF_inst_431        NBUFFX2_RVT     saed32rvt_c      
clockcopt_h_inst_3923     DELLN3X2_RVT    saed32rvt_c      
placeZBUF_inst_433        NBUFFX4_RVT     saed32rvt_c      
clockcopt_h_inst_3924     DELLN3X2_RVT    saed32rvt_c      
placeZBUF_inst_435        NBUFFX2_RVT     saed32rvt_c      
placeZBUF_inst_436        NBUFFX4_RVT     saed32rvt_c      
placeZBUF_inst_437        NBUFFX4_RVT     saed32rvt_c      
clockcopt_h_inst_3927     DELLN3X2_RVT    saed32rvt_c      
clockcopt_h_inst_3928     DELLN3X2_RVT    saed32rvt_c      
placeZBUF_inst_440        NBUFFX2_RVT     saed32rvt_c      
clockcopt_h_inst_3929     DELLN3X2_RVT    saed32rvt_c      
clockcopt_h_inst_3930     DELLN3X2_RVT    saed32rvt_c      
placeZBUF_inst_443        NBUFFX4_RVT     saed32rvt_c      
placeZBUF_inst_444        NBUFFX2_RVT     saed32rvt_c      
placeZBUF_inst_445        NBUFFX4_RVT     saed32rvt_c      
placeZBUF_inst_446        NBUFFX4_RVT     saed32rvt_c      
clockcopt_h_inst_3931     DELLN3X2_RVT    saed32rvt_c      
clockcopt_h_inst_3934     DELLN3X2_RVT    saed32rvt_c      
clockcopt_h_inst_3935     DELLN2X2_RVT    saed32rvt_c      
placeZBUF_inst_450        NBUFFX2_RVT     saed32rvt_c      
clockcopt_h_inst_3936     DELLN3X2_RVT    saed32rvt_c      
clockcopt_h_inst_3937     DELLN2X2_RVT    saed32rvt_c      
placeZBUF_inst_453        NBUFFX4_RVT     saed32rvt_c      
placeZBUF_inst_454        NBUFFX2_RVT     saed32rvt_c      
placeZBUF_inst_455        NBUFFX2_RVT     saed32rvt_c      
placeZBUF_inst_456        NBUFFX4_RVT     saed32rvt_c      
clockcopt_h_inst_3938     DELLN2X2_RVT    saed32rvt_c      
clockcopt_h_inst_3939     DELLN2X2_RVT    saed32rvt_c      
clockcopt_h_inst_3940     DELLN3X2_RVT    saed32rvt_c      
clockcopt_h_inst_3941     DELLN3X2_RVT    saed32rvt_c      
placeZBUF_inst_461        NBUFFX4_RVT     saed32rvt_c      
placeZBUF_inst_462        NBUFFX4_RVT     saed32rvt_c      
placeZBUF_inst_463        NBUFFX2_RVT     saed32rvt_c      
clockcopt_h_inst_3942     DELLN2X2_RVT    saed32rvt_c      
clockcopt_h_inst_3943     DELLN2X2_RVT    saed32rvt_c      
clockcopt_h_inst_3944     DELLN3X2_RVT    saed32rvt_c      
placeZBUF_inst_467        NBUFFX4_RVT     saed32rvt_c      
placeZBUF_inst_468        NBUFFX2_RVT     saed32rvt_c      
clockcopt_h_inst_3945     DELLN3X2_RVT    saed32rvt_c      
placeZBUF_inst_470        NBUFFX2_RVT     saed32rvt_c      
placeZBUF_inst_471        NBUFFX2_RVT     saed32rvt_c      
clockcopt_h_inst_3946     DELLN3X2_RVT    saed32rvt_c      
clockcopt_h_inst_3947     DELLN3X2_RVT    saed32rvt_c      
placeZBUF_inst_474        NBUFFX2_RVT     saed32rvt_c      
placeZBUF_inst_475        NBUFFX2_RVT     saed32rvt_c      
placeZBUF_inst_476        NBUFFX2_RVT     saed32rvt_c      
placeZBUF_inst_477        NBUFFX2_RVT     saed32rvt_c      
placeZBUF_inst_478        NBUFFX2_RVT     saed32rvt_c      
placeZBUF_inst_479        NBUFFX2_RVT     saed32rvt_c      
placeZBUF_inst_480        NBUFFX4_RVT     saed32rvt_c      
placeZBUF_inst_481        NBUFFX2_RVT     saed32rvt_c      
placeZBUF_inst_482        NBUFFX4_RVT     saed32rvt_c      
placeZBUF_inst_483        NBUFFX2_RVT     saed32rvt_c      
placeZBUF_inst_484        NBUFFX2_RVT     saed32rvt_c      
placeZBUF_inst_485        NBUFFX4_RVT     saed32rvt_c      
placeZBUF_inst_486        NBUFFX4_RVT     saed32rvt_c      
placeZBUF_inst_487        NBUFFX4_RVT     saed32rvt_c      
placeZBUF_inst_488        NBUFFX2_RVT     saed32rvt_c      
clockcopt_h_inst_3948     DELLN2X2_RVT    saed32rvt_c      
placeZBUF_inst_490        NBUFFX4_RVT     saed32rvt_c      
placeZBUF_inst_491        NBUFFX4_RVT     saed32rvt_c      
placeZBUF_inst_492        NBUFFX2_RVT     saed32rvt_c      
placeZBUF_inst_493        NBUFFX4_RVT     saed32rvt_c      
placeZBUF_inst_494        NBUFFX4_RVT     saed32rvt_c      
placeZBUF_inst_495        NBUFFX4_RVT     saed32rvt_c      
placeZBUF_inst_496        NBUFFX4_RVT     saed32rvt_c      
placeZBUF_inst_497        NBUFFX2_RVT     saed32rvt_c      
placeZBUF_inst_498        NBUFFX2_RVT     saed32rvt_c      
placeZBUF_inst_499        NBUFFX4_RVT     saed32rvt_c      
placeZBUF_inst_500        NBUFFX2_RVT     saed32rvt_c      
placeZBUF_inst_501        NBUFFX2_RVT     saed32rvt_c      
placeZBUF_inst_502        NBUFFX2_RVT     saed32rvt_c      
clockcopt_h_inst_6012     DELLN1X2_RVT    saed32rvt_c      
placeZBUF_inst_504        NBUFFX2_RVT     saed32rvt_c      
placeZBUF_inst_505        NBUFFX2_RVT     saed32rvt_c      
placeZBUF_inst_506        NBUFFX2_RVT     saed32rvt_c      
placeZBUF_inst_507        NBUFFX2_RVT     saed32rvt_c      
placeZBUF_inst_508        NBUFFX2_RVT     saed32rvt_c      
placeZBUF_inst_509        NBUFFX2_RVT     saed32rvt_c      
placeZBUF_inst_510        NBUFFX2_RVT     saed32rvt_c      
placeZBUF_inst_511        NBUFFX2_RVT     saed32rvt_c      
placeZBUF_inst_512        NBUFFX2_RVT     saed32rvt_c      
placeZBUF_inst_513        NBUFFX2_RVT     saed32rvt_c      
placeZBUF_inst_514        NBUFFX2_RVT     saed32rvt_c      
placeZBUF_inst_515        NBUFFX2_RVT     saed32rvt_c      
placeZBUF_inst_516        NBUFFX4_RVT     saed32rvt_c      
clockcopt_h_inst_3949     DELLN1X2_RVT    saed32rvt_c      
clockcopt_h_inst_3950     DELLN3X2_RVT    saed32rvt_c      
placeZBUF_inst_519        NBUFFX2_RVT     saed32rvt_c      
placeZBUF_inst_520        NBUFFX2_RVT     saed32rvt_c      
placeZBUF_inst_521        NBUFFX2_RVT     saed32rvt_c      
placeZBUF_inst_522        NBUFFX4_RVT     saed32rvt_c      
placeZBUF_inst_523        NBUFFX2_RVT     saed32rvt_c      
placeZBUF_inst_524        NBUFFX2_RVT     saed32rvt_c      
placeZBUF_inst_525        NBUFFX4_RVT     saed32rvt_c      
placeZBUF_inst_526        NBUFFX2_RVT     saed32rvt_c      
placeZBUF_inst_527        NBUFFX2_RVT     saed32rvt_c      
placeZBUF_inst_528        NBUFFX2_RVT     saed32rvt_c      
placeZBUF_inst_529        NBUFFX2_RVT     saed32rvt_c      
placeZBUF_inst_530        NBUFFX2_RVT     saed32rvt_c      
placeZBUF_inst_531        NBUFFX2_RVT     saed32rvt_c      
placeZBUF_inst_532        NBUFFX2_RVT     saed32rvt_c      
placeZBUF_inst_533        NBUFFX2_RVT     saed32rvt_c      
placeZBUF_inst_534        NBUFFX2_RVT     saed32rvt_c      
placeZBUF_inst_535        NBUFFX2_RVT     saed32rvt_c      
clockcopt_h_inst_3951     DELLN3X2_RVT    saed32rvt_c      
clockcopt_h_inst_3952     DELLN1X2_RVT    saed32rvt_c      
clockcopt_h_inst_3953     DELLN3X2_RVT    saed32rvt_c      
clockcopt_h_inst_3954     DELLN2X2_RVT    saed32rvt_c      
clockcopt_h_inst_3955     DELLN3X2_RVT    saed32rvt_c      
clockcopt_h_inst_3956     DELLN1X2_RVT    saed32rvt_c      
clockcopt_h_inst_3957     DELLN3X2_RVT    saed32rvt_c      
clockcopt_h_inst_3958     DELLN3X2_RVT    saed32rvt_c      
clockcopt_h_inst_3959     NBUFFX2_RVT     saed32rvt_c      
clockcopt_h_inst_3960     DELLN3X2_RVT    saed32rvt_c      
clockcopt_h_inst_3961     DELLN3X2_RVT    saed32rvt_c      
clockcopt_h_inst_3962     NBUFFX2_RVT     saed32rvt_c      
clockcopt_h_inst_3963     DELLN3X2_RVT    saed32rvt_c      
clockcopt_h_inst_3964     DELLN1X2_RVT    saed32rvt_c      
clockcopt_h_inst_6013     DELLN3X2_RVT    saed32rvt_c      
clockcopt_h_inst_3966     DELLN1X2_RVT    saed32rvt_c      
clockcopt_h_inst_3967     DELLN3X2_RVT    saed32rvt_c      
clockcopt_h_inst_3968     DELLN3X2_RVT    saed32rvt_c      
clockcopt_h_inst_6014     NBUFFX2_RVT     saed32rvt_c      
clockcopt_h_inst_3970     DELLN3X2_RVT    saed32rvt_c      
clockcopt_h_inst_3971     DELLN3X2_RVT    saed32rvt_c      
clockcopt_h_inst_3972     DELLN3X2_RVT    saed32rvt_c      
clockcopt_h_inst_3973     DELLN3X2_RVT    saed32rvt_c      
eco_cell                  NBUFFX2_RVT     saed32rvt_c      
clockcopt_h_inst_3975     DELLN3X2_RVT    saed32rvt_c      
eco_cell_0                NBUFFX2_RVT     saed32rvt_c      
clockcopt_h_inst_3977     DELLN2X2_RVT    saed32rvt_c      
clockcopt_h_inst_3978     DELLN2X2_RVT    saed32rvt_c      
clockcopt_h_inst_3979     DELLN3X2_RVT    saed32rvt_c      
clockcopt_h_inst_3980     DELLN3X2_RVT    saed32rvt_c      
clockcopt_h_inst_3981     NBUFFX2_RVT     saed32rvt_c      
clockcopt_h_inst_3982     DELLN3X2_RVT    saed32rvt_c      
clockcopt_h_inst_3983     DELLN3X2_RVT    saed32rvt_c      
clockcopt_h_inst_3984     DELLN3X2_RVT    saed32rvt_c      
clockcopt_h_inst_3985     DELLN3X2_RVT    saed32rvt_c      
clockcopt_h_inst_3986     DELLN3X2_RVT    saed32rvt_c      
clockcopt_h_inst_3987     DELLN3X2_RVT    saed32rvt_c      
clockcopt_h_inst_3988     DELLN3X2_RVT    saed32rvt_c      
clockcopt_h_inst_3989     DELLN3X2_RVT    saed32rvt_c      
clockcopt_h_inst_3990     DELLN3X2_RVT    saed32rvt_c      
clockcopt_h_inst_3991     DELLN3X2_RVT    saed32rvt_c      
clockcopt_h_inst_3992     DELLN3X2_RVT    saed32rvt_c      
clockcopt_h_inst_3993     DELLN3X2_RVT    saed32rvt_c      
clockcopt_h_inst_3994     DELLN3X2_RVT    saed32rvt_c      
clockcopt_h_inst_3995     DELLN3X2_RVT    saed32rvt_c      
clockcopt_h_inst_3996     DELLN3X2_RVT    saed32rvt_c      
clockcopt_h_inst_3997     DELLN3X2_RVT    saed32rvt_c      
clockcopt_h_inst_3998     DELLN3X2_RVT    saed32rvt_c      
clockcopt_h_inst_3999     DELLN3X2_RVT    saed32rvt_c      
clockcopt_h_inst_4000     DELLN3X2_RVT    saed32rvt_c      
clockcopt_h_inst_4001     DELLN3X2_RVT    saed32rvt_c      
clockcopt_h_inst_4002     DELLN3X2_RVT    saed32rvt_c      
clockcopt_h_inst_4003     DELLN3X2_RVT    saed32rvt_c      
clockcopt_h_inst_4004     DELLN3X2_RVT    saed32rvt_c      
clockcopt_h_inst_4005     DELLN3X2_RVT    saed32rvt_c      
eco_cell_1_0              NBUFFX2_RVT     saed32rvt_c      
clockcopt_h_inst_4007     DELLN3X2_RVT    saed32rvt_c      
clockcopt_h_inst_4008     DELLN3X2_RVT    saed32rvt_c      
clockcopt_h_inst_4009     DELLN1X2_RVT    saed32rvt_c      
clockcopt_h_inst_4010     NBUFFX2_RVT     saed32rvt_c      
clockcopt_h_inst_4011     DELLN1X2_RVT    saed32rvt_c      
clockcopt_h_inst_4012     DELLN3X2_RVT    saed32rvt_c      
clockcopt_h_inst_4013     DELLN3X2_RVT    saed32rvt_c      
clockcopt_h_inst_4014     DELLN3X2_RVT    saed32rvt_c      
clockcopt_h_inst_4015     DELLN3X2_RVT    saed32rvt_c      
clockcopt_h_inst_4016     DELLN3X2_RVT    saed32rvt_c      
clockcopt_h_inst_4017     DELLN3X2_RVT    saed32rvt_c      
clockcopt_h_inst_4018     DELLN3X2_RVT    saed32rvt_c      
clockcopt_h_inst_4019     DELLN3X2_RVT    saed32rvt_c      
clockcopt_h_inst_4020     DELLN3X2_RVT    saed32rvt_c      
clockcopt_h_inst_4021     DELLN3X2_RVT    saed32rvt_c      
clockcopt_h_inst_4022     DELLN3X2_RVT    saed32rvt_c      
clockcopt_h_inst_4023     DELLN3X2_RVT    saed32rvt_c      
clockcopt_h_inst_4024     DELLN3X2_RVT    saed32rvt_c      
clockcopt_h_inst_4025     DELLN3X2_RVT    saed32rvt_c      
clockcopt_h_inst_4026     DELLN3X2_RVT    saed32rvt_c      
clockcopt_h_inst_4027     DELLN3X2_RVT    saed32rvt_c      
clockcopt_h_inst_4028     DELLN3X2_RVT    saed32rvt_c      
clockcopt_h_inst_4029     DELLN3X2_RVT    saed32rvt_c      
clockcopt_h_inst_4030     DELLN3X2_RVT    saed32rvt_c      
clockcopt_h_inst_4031     DELLN3X2_RVT    saed32rvt_c      
clockcopt_h_inst_4032     DELLN3X2_RVT    saed32rvt_c      
clockcopt_h_inst_4033     DELLN3X2_RVT    saed32rvt_c      
clockcopt_h_inst_4034     DELLN3X2_RVT    saed32rvt_c      
clockcopt_h_inst_4035     DELLN3X2_RVT    saed32rvt_c      
clockcopt_h_inst_4036     DELLN3X2_RVT    saed32rvt_c      
clockcopt_h_inst_4037     DELLN3X2_RVT    saed32rvt_c      
clockcopt_h_inst_4038     DELLN3X2_RVT    saed32rvt_c      
eco_cell                  NBUFFX2_RVT     saed32rvt_c      
eco_cell_2_0              NBUFFX2_RVT     saed32rvt_c      
eco_cell                  NBUFFX2_RVT     saed32rvt_c      
clockcopt_h_inst_4042     NBUFFX2_RVT     saed32rvt_c      
clockcopt_h_inst_4043     NBUFFX2_RVT     saed32rvt_c      
clockcopt_h_inst_4044     NBUFFX2_RVT     saed32rvt_c      
clockcopt_h_inst_4045     DELLN3X2_RVT    saed32rvt_c      
clockcopt_h_inst_4046     DELLN3X2_RVT    saed32rvt_c      
clockcopt_h_inst_4047     DELLN3X2_RVT    saed32rvt_c      
clockcopt_h_inst_4048     DELLN3X2_RVT    saed32rvt_c      
clockcopt_h_inst_4049     DELLN3X2_RVT    saed32rvt_c      
clockcopt_h_inst_4050     DELLN3X2_RVT    saed32rvt_c      
clockcopt_h_inst_4051     DELLN3X2_RVT    saed32rvt_c      
clockcopt_h_inst_4052     DELLN3X2_RVT    saed32rvt_c      
clockcopt_h_inst_4053     DELLN2X2_RVT    saed32rvt_c      
clockcopt_h_inst_4054     DELLN3X2_RVT    saed32rvt_c      
clockcopt_h_inst_4055     DELLN2X2_RVT    saed32rvt_c      
clockcopt_h_inst_4056     DELLN3X2_RVT    saed32rvt_c      
clockcopt_h_inst_4057     DELLN2X2_RVT    saed32rvt_c      
clockcopt_h_inst_4058     DELLN3X2_RVT    saed32rvt_c      
clockcopt_h_inst_4059     DELLN2X2_RVT    saed32rvt_c      
clockcopt_h_inst_4060     DELLN3X2_RVT    saed32rvt_c      
clockcopt_h_inst_4061     DELLN3X2_RVT    saed32rvt_c      
clockcopt_h_inst_4062     DELLN1X2_RVT    saed32rvt_c      
eco_cell                  NBUFFX2_RVT     saed32rvt_c      
clockcopt_h_inst_4064     NBUFFX2_RVT     saed32rvt_c      
clockcopt_h_inst_4065     NBUFFX2_RVT     saed32rvt_c      
clockcopt_h_inst_4066     DELLN3X2_RVT    saed32rvt_c      
clockcopt_h_inst_4067     DELLN2X2_RVT    saed32rvt_c      
clockcopt_h_inst_4068     DELLN3X2_RVT    saed32rvt_c      
clockcopt_h_inst_4069     DELLN1X2_RVT    saed32rvt_c      
clockcopt_h_inst_4070     DELLN3X2_RVT    saed32rvt_c      
clockcopt_h_inst_4071     DELLN1X2_RVT    saed32rvt_c      
clockcopt_h_inst_4072     DELLN3X2_RVT    saed32rvt_c      
clockcopt_h_inst_4073     DELLN1X2_RVT    saed32rvt_c      
clockcopt_h_inst_4074     DELLN3X2_RVT    saed32rvt_c      
clockcopt_h_inst_4075     DELLN2X2_RVT    saed32rvt_c      
clockcopt_h_inst_4076     DELLN3X2_RVT    saed32rvt_c      
clockcopt_h_inst_4077     DELLN2X2_RVT    saed32rvt_c      
clockcopt_h_inst_4078     DELLN3X2_RVT    saed32rvt_c      
clockcopt_h_inst_4079     DELLN1X2_RVT    saed32rvt_c      
clockcopt_h_inst_4080     DELLN3X2_RVT    saed32rvt_c      
clockcopt_h_inst_4081     DELLN1X2_RVT    saed32rvt_c      
clockcopt_h_inst_4082     DELLN2X2_RVT    saed32rvt_c      
clockcopt_h_inst_4083     DELLN2X2_RVT    saed32rvt_c      
clockcopt_h_inst_4084     DELLN2X2_RVT    saed32rvt_c      
clockcopt_h_inst_4085     DELLN2X2_RVT    saed32rvt_c      
clockcopt_h_inst_4086     DELLN3X2_RVT    saed32rvt_c      
clockcopt_h_inst_4087     DELLN1X2_RVT    saed32rvt_c      
clockcopt_h_inst_4088     DELLN3X2_RVT    saed32rvt_c      
clockcopt_h_inst_4089     DELLN1X2_RVT    saed32rvt_c      
clockcopt_h_inst_4090     DELLN2X2_RVT    saed32rvt_c      
clockcopt_h_inst_4091     DELLN2X2_RVT    saed32rvt_c      
clockcopt_h_inst_4092     DELLN3X2_RVT    saed32rvt_c      
clockcopt_h_inst_4093     DELLN1X2_RVT    saed32rvt_c      
clockcopt_h_inst_4094     DELLN3X2_RVT    saed32rvt_c      
clockcopt_h_inst_4095     DELLN1X2_RVT    saed32rvt_c      
clockcopt_h_inst_4096     DELLN3X2_RVT    saed32rvt_c      
clockcopt_h_inst_4097     DELLN1X2_RVT    saed32rvt_c      
clockcopt_h_inst_4098     DELLN3X2_RVT    saed32rvt_c      
clockcopt_h_inst_4099     DELLN1X2_RVT    saed32rvt_c      
clockcopt_h_inst_4100     DELLN3X2_RVT    saed32rvt_c      
clockcopt_h_inst_4101     DELLN1X2_RVT    saed32rvt_c      
clockcopt_h_inst_4102     DELLN3X2_RVT    saed32rvt_c      
clockcopt_h_inst_4103     DELLN1X2_RVT    saed32rvt_c      
clockcopt_h_inst_4104     DELLN3X2_RVT    saed32rvt_c      
clockcopt_h_inst_4105     DELLN1X2_RVT    saed32rvt_c      
clockcopt_h_inst_4106     DELLN3X2_RVT    saed32rvt_c      
clockcopt_h_inst_4107     DELLN1X2_RVT    saed32rvt_c      
clockcopt_h_inst_4108     DELLN3X2_RVT    saed32rvt_c      
clockcopt_h_inst_4109     DELLN1X2_RVT    saed32rvt_c      
clockcopt_h_inst_4110     DELLN3X2_RVT    saed32rvt_c      
clockcopt_h_inst_4111     DELLN1X2_RVT    saed32rvt_c      
clockcopt_h_inst_4112     DELLN3X2_RVT    saed32rvt_c      
clockcopt_h_inst_4113     DELLN1X2_RVT    saed32rvt_c      
clockcopt_h_inst_4114     DELLN3X2_RVT    saed32rvt_c      
clockcopt_h_inst_4115     DELLN1X2_RVT    saed32rvt_c      
clockcopt_h_inst_4116     DELLN3X2_RVT    saed32rvt_c      
clockcopt_h_inst_4117     DELLN1X2_RVT    saed32rvt_c      
clockcopt_h_inst_4118     DELLN3X2_RVT    saed32rvt_c      
clockcopt_h_inst_4119     DELLN1X2_RVT    saed32rvt_c      
clockcopt_h_inst_4120     DELLN3X2_RVT    saed32rvt_c      
clockcopt_h_inst_4121     DELLN1X2_RVT    saed32rvt_c      
clockcopt_h_inst_4122     DELLN3X2_RVT    saed32rvt_c      
clockcopt_h_inst_4123     DELLN1X2_RVT    saed32rvt_c      
clockcopt_h_inst_4124     DELLN3X2_RVT    saed32rvt_c      
clockcopt_h_inst_4125     DELLN1X2_RVT    saed32rvt_c      
clockcopt_h_inst_4126     DELLN3X2_RVT    saed32rvt_c      
clockcopt_h_inst_4127     DELLN1X2_RVT    saed32rvt_c      
clockcopt_h_inst_4128     DELLN3X2_RVT    saed32rvt_c      
clockcopt_h_inst_4129     DELLN1X2_RVT    saed32rvt_c      
clockcopt_h_inst_4130     DELLN3X2_RVT    saed32rvt_c      
clockcopt_h_inst_4131     DELLN1X2_RVT    saed32rvt_c      
clockcopt_h_inst_4132     DELLN2X2_RVT    saed32rvt_c      
clockcopt_h_inst_4133     DELLN3X2_RVT    saed32rvt_c      
clockcopt_h_inst_4134     DELLN1X2_RVT    saed32rvt_c      
clockcopt_h_inst_4135     DELLN3X2_RVT    saed32rvt_c      
clockcopt_h_inst_4136     DELLN2X2_RVT    saed32rvt_c      
eco_cell_3_0              NBUFFX2_RVT     saed32rvt_c      
clockcopt_h_inst_4138     DELLN1X2_RVT    saed32rvt_c      
clockcopt_h_inst_4139     DELLN3X2_RVT    saed32rvt_c      
clockcopt_h_inst_4140     DELLN1X2_RVT    saed32rvt_c      
clockcopt_h_inst_4141     DELLN3X2_RVT    saed32rvt_c      
clockcopt_h_inst_4142     DELLN1X2_RVT    saed32rvt_c      
clockcopt_h_inst_4143     DELLN2X2_RVT    saed32rvt_c      
clockcopt_h_inst_4144     DELLN2X2_RVT    saed32rvt_c      
eco_cell_4_0              IBUFFX2_RVT     saed32rvt_c      
clockcopt_h_inst_4146     DELLN1X2_RVT    saed32rvt_c      
clockcopt_h_inst_4147     DELLN3X2_RVT    saed32rvt_c      
clockcopt_h_inst_4148     DELLN1X2_RVT    saed32rvt_c      
clockcopt_h_inst_4149     DELLN3X2_RVT    saed32rvt_c      
clockcopt_h_inst_4150     DELLN1X2_RVT    saed32rvt_c      
clockcopt_h_inst_4151     DELLN2X2_RVT    saed32rvt_c      
clockcopt_h_inst_4152     DELLN2X2_RVT    saed32rvt_c      
clockcopt_h_inst_4153     DELLN3X2_RVT    saed32rvt_c      
clockcopt_h_inst_4154     DELLN1X2_RVT    saed32rvt_c      
clockcopt_h_inst_4155     DELLN3X2_RVT    saed32rvt_c      
clockcopt_h_inst_4156     DELLN1X2_RVT    saed32rvt_c      
clockcopt_h_inst_4157     DELLN2X2_RVT    saed32rvt_c      
clockcopt_h_inst_4158     DELLN3X2_RVT    saed32rvt_c      
clockcopt_h_inst_4159     DELLN1X2_RVT    saed32rvt_c      
clockcopt_h_inst_4160     DELLN3X2_RVT    saed32rvt_c      
clockcopt_h_inst_4161     NBUFFX2_RVT     saed32rvt_c      
clockcopt_h_inst_4162     DELLN3X2_RVT    saed32rvt_c      
eco_cell_1                IBUFFX2_RVT     saed32rvt_c      
clockcopt_h_inst_4164     DELLN2X2_RVT    saed32rvt_c      
clockcopt_h_inst_4165     DELLN3X2_RVT    saed32rvt_c      
clockcopt_h_inst_4166     NBUFFX2_RVT     saed32rvt_c      
clockcopt_h_inst_4167     DELLN3X2_RVT    saed32rvt_c      
clockcopt_h_inst_4168     NBUFFX2_RVT     saed32rvt_c      
clockcopt_h_inst_4169     DELLN3X2_RVT    saed32rvt_c      
clockcopt_h_inst_4170     NBUFFX2_RVT     saed32rvt_c      
clockcopt_h_inst_4171     DELLN3X2_RVT    saed32rvt_c      
clockcopt_h_inst_4172     NBUFFX2_RVT     saed32rvt_c      
clockcopt_h_inst_4173     DELLN3X2_RVT    saed32rvt_c      
clockcopt_h_inst_4174     NBUFFX2_RVT     saed32rvt_c      
eco_cell_5_0              IBUFFX2_RVT     saed32rvt_c      
clockcopt_h_inst_4176     DELLN3X2_RVT    saed32rvt_c      
clockcopt_h_inst_4177     NBUFFX2_RVT     saed32rvt_c      
clockcopt_h_inst_4178     DELLN3X2_RVT    saed32rvt_c      
clockcopt_h_inst_4179     NBUFFX2_RVT     saed32rvt_c      
clockcopt_h_inst_4180     DELLN3X2_RVT    saed32rvt_c      
clockcopt_h_inst_4181     NBUFFX2_RVT     saed32rvt_c      
clockcopt_h_inst_4182     DELLN3X2_RVT    saed32rvt_c      
eco_cell_6_1              IBUFFX2_RVT     saed32rvt_c      
clockcopt_h_inst_4184     DELLN3X2_RVT    saed32rvt_c      
clockcopt_h_inst_4185     DELLN3X2_RVT    saed32rvt_c      
clockcopt_h_inst_4186     DELLN2X2_RVT    saed32rvt_c      
clockcopt_h_inst_4187     DELLN3X2_RVT    saed32rvt_c      
clockcopt_h_inst_4188     DELLN3X2_RVT    saed32rvt_c      
clockcopt_h_inst_4189     DELLN3X2_RVT    saed32rvt_c      
clockcopt_h_inst_4190     DELLN2X2_RVT    saed32rvt_c      
clockcopt_h_inst_4191     DELLN2X2_RVT    saed32rvt_c      
clockcopt_h_inst_4192     DELLN3X2_RVT    saed32rvt_c      
clockcopt_h_inst_4193     DELLN3X2_RVT    saed32rvt_c      
clockcopt_h_inst_4194     DELLN3X2_RVT    saed32rvt_c      
clockcopt_h_inst_4195     DELLN3X2_RVT    saed32rvt_c      
clockcopt_h_inst_4196     DELLN3X2_RVT    saed32rvt_c      
clockcopt_h_inst_4197     DELLN3X2_RVT    saed32rvt_c      
clockcopt_h_inst_4201     DELLN2X2_RVT    saed32rvt_c      
clockcopt_h_inst_4202     DELLN2X2_RVT    saed32rvt_c      
clockcopt_h_inst_4203     DELLN2X2_RVT    saed32rvt_c      
clockcopt_h_inst_4204     DELLN3X2_RVT    saed32rvt_c      
clockcopt_h_inst_4205     DELLN2X2_RVT    saed32rvt_c      
clockcopt_h_inst_4206     DELLN2X2_RVT    saed32rvt_c      
clockcopt_h_inst_4207     DELLN2X2_RVT    saed32rvt_c      
clockcopt_h_inst_4208     DELLN2X2_RVT    saed32rvt_c      
clockcopt_h_inst_4209     DELLN2X2_RVT    saed32rvt_c      
clockcopt_h_inst_4210     DELLN2X2_RVT    saed32rvt_c      
clockcopt_h_inst_4211     DELLN2X2_RVT    saed32rvt_c      
clockcopt_h_inst_4212     DELLN2X2_RVT    saed32rvt_c      
clockcopt_h_inst_4213     DELLN2X2_RVT    saed32rvt_c      
clockcopt_h_inst_4214     DELLN2X2_RVT    saed32rvt_c      
clockcopt_h_inst_4215     DELLN2X2_RVT    saed32rvt_c      
clockcopt_h_inst_4216     DELLN2X2_RVT    saed32rvt_c      
clockcopt_h_inst_4217     DELLN2X2_RVT    saed32rvt_c      
clockcopt_h_inst_4218     DELLN2X2_RVT    saed32rvt_c      
clockcopt_h_inst_4219     DELLN2X2_RVT    saed32rvt_c      
clockcopt_h_inst_4220     DELLN2X2_RVT    saed32rvt_c      
clockcopt_h_inst_4221     DELLN2X2_RVT    saed32rvt_c      
clockcopt_h_inst_4222     DELLN2X2_RVT    saed32rvt_c      
clockcopt_h_inst_4223     DELLN2X2_RVT    saed32rvt_c      
clockcopt_h_inst_4224     DELLN2X2_RVT    saed32rvt_c      
clockcopt_h_inst_4225     DELLN2X2_RVT    saed32rvt_c      
clockcopt_h_inst_4226     DELLN3X2_RVT    saed32rvt_c      
clockcopt_h_inst_4227     DELLN3X2_RVT    saed32rvt_c      
clockcopt_h_inst_4230     DELLN2X2_RVT    saed32rvt_c      
clockcopt_h_inst_4231     DELLN3X2_RVT    saed32rvt_c      
clockcopt_h_inst_4232     DELLN2X2_RVT    saed32rvt_c      
clockcopt_h_inst_4233     DELLN2X2_RVT    saed32rvt_c      
clockcopt_h_inst_4238     DELLN2X2_RVT    saed32rvt_c      
clockcopt_h_inst_4239     DELLN2X2_RVT    saed32rvt_c      
clockcopt_h_inst_4240     DELLN2X2_RVT    saed32rvt_c      
clockcopt_h_inst_4241     DELLN2X2_RVT    saed32rvt_c      
clockcopt_h_inst_4242     DELLN3X2_RVT    saed32rvt_c      
clockcopt_h_inst_4243     DELLN2X2_RVT    saed32rvt_c      
clockcopt_h_inst_4244     DELLN2X2_RVT    saed32rvt_c      
clockcopt_h_inst_4245     DELLN2X2_RVT    saed32rvt_c      
clockcopt_h_inst_4246     DELLN2X2_RVT    saed32rvt_c      
clockcopt_h_inst_4247     DELLN2X2_RVT    saed32rvt_c      
clockcopt_h_inst_4248     DELLN2X2_RVT    saed32rvt_c      
clockcopt_h_inst_4249     DELLN2X2_RVT    saed32rvt_c      
clockcopt_h_inst_4250     DELLN2X2_RVT    saed32rvt_c      
clockcopt_h_inst_4251     DELLN2X2_RVT    saed32rvt_c      
clockcopt_h_inst_4252     DELLN3X2_RVT    saed32rvt_c      
clockcopt_h_inst_4253     DELLN2X2_RVT    saed32rvt_c      
clockcopt_h_inst_4254     NBUFFX2_RVT     saed32rvt_c      
clockcopt_h_inst_4255     DELLN2X2_RVT    saed32rvt_c      
clockcopt_h_inst_4256     DELLN2X2_RVT    saed32rvt_c      
clockcopt_h_inst_4257     DELLN2X2_RVT    saed32rvt_c      
clockcopt_h_inst_4258     DELLN2X2_RVT    saed32rvt_c      
clockcopt_h_inst_4259     DELLN2X2_RVT    saed32rvt_c      
clockcopt_h_inst_4260     DELLN2X2_RVT    saed32rvt_c      
clockcopt_h_inst_4261     DELLN2X2_RVT    saed32rvt_c      
clockcopt_h_inst_4262     DELLN2X2_RVT    saed32rvt_c      
clockcopt_h_inst_4263     DELLN2X2_RVT    saed32rvt_c      
eco_cell_2                IBUFFX2_RVT     saed32rvt_c      
clockcopt_h_inst_4265     DELLN2X2_RVT    saed32rvt_c      
eco_cell_3                IBUFFX2_RVT     saed32rvt_c      
clockcopt_h_inst_4267     DELLN2X2_RVT    saed32rvt_c      
clockcopt_h_inst_4268     DELLN2X2_RVT    saed32rvt_c      
eco_cell_6_0              IBUFFX2_RVT     saed32rvt_c      
clockcopt_h_inst_4270     DELLN2X2_RVT    saed32rvt_c      
clockcopt_h_inst_4271     DELLN2X2_RVT    saed32rvt_c      
clockcopt_h_inst_4272     DELLN2X2_RVT    saed32rvt_c      
clockcopt_h_inst_4273     DELLN2X2_RVT    saed32rvt_c      
clockcopt_h_inst_4274     DELLN2X2_RVT    saed32rvt_c      
clockcopt_h_inst_4275     DELLN3X2_RVT    saed32rvt_c      
clockcopt_h_inst_4276     DELLN2X2_RVT    saed32rvt_c      
clockcopt_h_inst_4277     DELLN2X2_RVT    saed32rvt_c      
clockcopt_h_inst_4278     DELLN2X2_RVT    saed32rvt_c      
eco_cell_7_1              IBUFFX2_RVT     saed32rvt_c      
clockcopt_h_inst_4280     NBUFFX2_RVT     saed32rvt_c      
clockcopt_h_inst_4281     DELLN2X2_RVT    saed32rvt_c      
clockcopt_h_inst_4282     DELLN2X2_RVT    saed32rvt_c      
eco_cell_8_2              IBUFFX2_RVT     saed32rvt_c      
clockcopt_h_inst_4284     DELLN2X2_RVT    saed32rvt_c      
clockcopt_h_inst_4285     DELLN2X2_RVT    saed32rvt_c      
clockcopt_h_inst_4286     DELLN2X2_RVT    saed32rvt_c      
clockcopt_h_inst_4287     DELLN3X2_RVT    saed32rvt_c      
eco_cell_9_3              IBUFFX2_RVT     saed32rvt_c      
clockcopt_h_inst_4289     DELLN2X2_RVT    saed32rvt_c      
clockcopt_h_inst_4290     DELLN2X2_RVT    saed32rvt_c      
clockcopt_h_inst_4291     DELLN2X2_RVT    saed32rvt_c      
clockcopt_h_inst_4292     DELLN2X2_RVT    saed32rvt_c      
clockcopt_h_inst_4293     DELLN2X2_RVT    saed32rvt_c      
eco_cell_4                IBUFFX2_RVT     saed32rvt_c      
clockcopt_h_inst_4295     DELLN2X2_RVT    saed32rvt_c      
clockcopt_h_inst_4296     DELLN2X2_RVT    saed32rvt_c      
clockcopt_h_inst_4297     DELLN2X2_RVT    saed32rvt_c      
clockcopt_h_inst_4298     DELLN2X2_RVT    saed32rvt_c      
clockcopt_h_inst_4299     DELLN1X2_RVT    saed32rvt_c      
clockcopt_h_inst_4300     DELLN2X2_RVT    saed32rvt_c      
clockcopt_h_inst_4301     DELLN2X2_RVT    saed32rvt_c      
clockcopt_h_inst_4302     DELLN2X2_RVT    saed32rvt_c      
clockcopt_h_inst_4303     DELLN2X2_RVT    saed32rvt_c      
clockcopt_h_inst_4304     DELLN2X2_RVT    saed32rvt_c      
clockcopt_h_inst_4305     DELLN2X2_RVT    saed32rvt_c      
clockcopt_h_inst_4306     DELLN2X2_RVT    saed32rvt_c      
clockcopt_h_inst_4307     DELLN2X2_RVT    saed32rvt_c      
clockcopt_h_inst_4308     DELLN2X2_RVT    saed32rvt_c      
clockcopt_h_inst_4309     DELLN2X2_RVT    saed32rvt_c      
clockcopt_h_inst_4310     DELLN2X2_RVT    saed32rvt_c      
eco_cell_5                IBUFFX2_RVT     saed32rvt_c      
eco_cell_7_0              IBUFFX2_RVT     saed32rvt_c      
clockcopt_h_inst_4313     NBUFFX2_RVT     saed32rvt_c      
clockcopt_h_inst_4314     DELLN2X2_RVT    saed32rvt_c      
clockcopt_h_inst_4315     DELLN2X2_RVT    saed32rvt_c      
clockcopt_h_inst_4316     DELLN2X2_RVT    saed32rvt_c      
clockcopt_h_inst_4317     DELLN2X2_RVT    saed32rvt_c      
clockcopt_h_inst_4318     DELLN2X2_RVT    saed32rvt_c      
clockcopt_h_inst_4319     DELLN1X2_RVT    saed32rvt_c      
clockcopt_h_inst_4320     DELLN1X2_RVT    saed32rvt_c      
clockcopt_h_inst_4321     NBUFFX2_RVT     saed32rvt_c      
clockcopt_h_inst_4322     NBUFFX2_RVT     saed32rvt_c      
clockcopt_h_inst_4323     DELLN2X2_RVT    saed32rvt_c      
clockcopt_h_inst_4324     DELLN2X2_RVT    saed32rvt_c      
clockcopt_h_inst_4325     DELLN1X2_RVT    saed32rvt_c      
clockcopt_h_inst_4326     DELLN2X2_RVT    saed32rvt_c      
clockcopt_h_inst_4327     DELLN2X2_RVT    saed32rvt_c      
clockcopt_h_inst_4328     DELLN2X2_RVT    saed32rvt_c      
eco_cell_8_1              IBUFFX2_RVT     saed32rvt_c      
clockcopt_h_inst_4330     NBUFFX2_RVT     saed32rvt_c      
clockcopt_h_inst_4331     DELLN2X2_RVT    saed32rvt_c      
clockcopt_h_inst_4332     DELLN2X2_RVT    saed32rvt_c      
clockcopt_h_inst_4333     DELLN2X2_RVT    saed32rvt_c      
clockcopt_h_inst_4334     DELLN2X2_RVT    saed32rvt_c      
clockcopt_h_inst_4335     DELLN2X2_RVT    saed32rvt_c      
clockcopt_h_inst_4336     DELLN2X2_RVT    saed32rvt_c      
clockcopt_h_inst_4337     DELLN2X2_RVT    saed32rvt_c      
clockcopt_h_inst_4338     DELLN2X2_RVT    saed32rvt_c      
clockcopt_h_inst_4339     DELLN2X2_RVT    saed32rvt_c      
clockcopt_h_inst_4340     DELLN2X2_RVT    saed32rvt_c      
clockcopt_h_inst_4341     DELLN2X2_RVT    saed32rvt_c      
clockcopt_h_inst_4342     DELLN2X2_RVT    saed32rvt_c      
clockcopt_h_inst_4343     DELLN2X2_RVT    saed32rvt_c      
eco_cell_9_2              IBUFFX2_RVT     saed32rvt_c      
clockcopt_h_inst_4345     DELLN3X2_RVT    saed32rvt_c      
clockcopt_h_inst_4346     DELLN2X2_RVT    saed32rvt_c      
clockcopt_h_inst_4347     DELLN2X2_RVT    saed32rvt_c      
clockcopt_h_inst_4348     DELLN2X2_RVT    saed32rvt_c      
eco_cell_10_3             IBUFFX2_RVT     saed32rvt_c      
clockcopt_h_inst_4350     DELLN2X2_RVT    saed32rvt_c      
clockcopt_h_inst_4351     DELLN2X2_RVT    saed32rvt_c      
clockcopt_h_inst_4352     DELLN2X2_RVT    saed32rvt_c      
clockcopt_h_inst_4353     DELLN2X2_RVT    saed32rvt_c      
clockcopt_h_inst_4354     DELLN2X2_RVT    saed32rvt_c      
clockcopt_h_inst_4355     DELLN2X2_RVT    saed32rvt_c      
clockcopt_h_inst_4356     DELLN2X2_RVT    saed32rvt_c      
clockcopt_h_inst_4357     DELLN1X2_RVT    saed32rvt_c      
clockcopt_h_inst_4358     DELLN1X2_RVT    saed32rvt_c      
eco_cell_11_4             IBUFFX2_RVT     saed32rvt_c      
clockcopt_h_inst_4360     DELLN2X2_RVT    saed32rvt_c      
clockcopt_h_inst_4361     DELLN2X2_RVT    saed32rvt_c      
clockcopt_h_inst_4362     DELLN2X2_RVT    saed32rvt_c      
eco_cell_12_5             IBUFFX2_RVT     saed32rvt_c      
clockcopt_h_inst_4364     DELLN2X2_RVT    saed32rvt_c      
clockcopt_h_inst_4365     DELLN2X2_RVT    saed32rvt_c      
clockcopt_h_inst_4366     DELLN2X2_RVT    saed32rvt_c      
clockcopt_h_inst_4367     DELLN2X2_RVT    saed32rvt_c      
clockcopt_h_inst_4368     DELLN2X2_RVT    saed32rvt_c      
clockcopt_h_inst_4369     NBUFFX2_RVT     saed32rvt_c      
eco_cell_8_0              IBUFFX2_RVT     saed32rvt_c      
clockcopt_h_inst_4373     DELLN2X2_RVT    saed32rvt_c      
clockcopt_h_inst_4374     NBUFFX2_RVT     saed32rvt_c      
clockcopt_h_inst_4375     NBUFFX2_RVT     saed32rvt_c      
clockcopt_h_inst_4376     DELLN2X2_RVT    saed32rvt_c      
clockcopt_h_inst_4377     DELLN1X2_RVT    saed32rvt_c      
clockcopt_h_inst_4378     DELLN2X2_RVT    saed32rvt_c      
clockcopt_h_inst_4379     DELLN2X2_RVT    saed32rvt_c      
clockcopt_h_inst_4380     DELLN2X2_RVT    saed32rvt_c      
clockcopt_h_inst_4381     DELLN2X2_RVT    saed32rvt_c      
clockcopt_h_inst_4382     DELLN2X2_RVT    saed32rvt_c      
eco_cell_9_1              IBUFFX2_RVT     saed32rvt_c      
eco_cell_10_2             IBUFFX2_RVT     saed32rvt_c      
clockcopt_h_inst_4386     DELLN1X2_RVT    saed32rvt_c      
eco_cell_11_3             IBUFFX2_RVT     saed32rvt_c      
clockcopt_h_inst_4388     DELLN2X2_RVT    saed32rvt_c      
clockcopt_h_inst_4389     DELLN3X2_RVT    saed32rvt_c      
clockcopt_h_inst_4390     DELLN2X2_RVT    saed32rvt_c      
eco_cell_12_4             IBUFFX2_RVT     saed32rvt_c      
clockcopt_h_inst_4392     DELLN3X2_RVT    saed32rvt_c      
clockcopt_h_inst_4393     DELLN2X2_RVT    saed32rvt_c      
eco_cell_13_5             IBUFFX2_RVT     saed32rvt_c      
clockcopt_h_inst_4395     DELLN2X2_RVT    saed32rvt_c      
clockcopt_h_inst_4396     DELLN3X2_RVT    saed32rvt_c      
clockcopt_h_inst_4397     DELLN3X2_RVT    saed32rvt_c      
clockcopt_h_inst_4398     DELLN3X2_RVT    saed32rvt_c      
clockcopt_h_inst_4399     DELLN3X2_RVT    saed32rvt_c      
clockcopt_h_inst_4400     DELLN2X2_RVT    saed32rvt_c      
clockcopt_h_inst_4401     DELLN3X2_RVT    saed32rvt_c      
clockcopt_h_inst_4402     DELLN1X2_RVT    saed32rvt_c      
clockcopt_h_inst_4403     DELLN2X2_RVT    saed32rvt_c      
clockcopt_h_inst_4404     DELLN2X2_RVT    saed32rvt_c      
clockcopt_h_inst_4405     DELLN1X2_RVT    saed32rvt_c      
clockcopt_h_inst_4406     DELLN3X2_RVT    saed32rvt_c      
clockcopt_h_inst_4407     DELLN3X2_RVT    saed32rvt_c      
eco_cell_6                IBUFFX2_RVT     saed32rvt_c      
eco_cell_7                IBUFFX2_RVT     saed32rvt_c      
clockcopt_h_inst_4410     NBUFFX2_RVT     saed32rvt_c      
clockcopt_h_inst_4411     NBUFFX4_RVT     saed32rvt_c      
clockcopt_h_inst_4414     NBUFFX2_RVT     saed32rvt_c      
clockcopt_h_inst_4415     NBUFFX2_RVT     saed32rvt_c      
clockcopt_h_inst_4416     DELLN3X2_RVT    saed32rvt_c      
clockcopt_h_inst_4417     DELLN3X2_RVT    saed32rvt_c      
clockcopt_h_inst_4418     DELLN3X2_RVT    saed32rvt_c      
clockcopt_h_inst_4419     DELLN3X2_RVT    saed32rvt_c      
clockcopt_h_inst_4420     DELLN3X2_RVT    saed32rvt_c      
clockcopt_h_inst_4421     DELLN1X2_RVT    saed32rvt_c      
clockcopt_h_inst_4422     DELLN3X2_RVT    saed32rvt_c      
clockcopt_h_inst_4423     DELLN3X2_RVT    saed32rvt_c      
clockcopt_h_inst_4425     DELLN3X2_RVT    saed32rvt_c      
clockcopt_h_inst_4427     DELLN3X2_RVT    saed32rvt_c      
clockcopt_h_inst_4428     DELLN3X2_RVT    saed32rvt_c      
clockcopt_h_inst_4429     DELLN1X2_RVT    saed32rvt_c      
clockcopt_h_inst_4431     DELLN3X2_RVT    saed32rvt_c      
clockcopt_h_inst_4432     NBUFFX2_RVT     saed32rvt_c      
clockcopt_h_inst_4433     DELLN2X2_RVT    saed32rvt_c      
clockcopt_h_inst_4434     DELLN1X2_RVT    saed32rvt_c      
clockcopt_h_inst_4436     DELLN3X2_RVT    saed32rvt_c      
clockcopt_h_inst_4437     DELLN3X2_RVT    saed32rvt_c      
clockcopt_h_inst_4438     DELLN1X2_RVT    saed32rvt_c      
clockcopt_h_inst_4440     DELLN2X2_RVT    saed32rvt_c      
clockcopt_h_inst_4441     DELLN3X2_RVT    saed32rvt_c      
clockcopt_h_inst_4442     DELLN1X2_RVT    saed32rvt_c      
clockcopt_h_inst_4445     DELLN2X2_RVT    saed32rvt_c      
clockcopt_h_inst_4446     DELLN3X2_RVT    saed32rvt_c      
clockcopt_h_inst_4449     DELLN3X2_RVT    saed32rvt_c      
clockcopt_h_inst_4450     DELLN3X2_RVT    saed32rvt_c      
clockcopt_h_inst_4451     DELLN3X2_RVT    saed32rvt_c      
clockcopt_h_inst_4452     NBUFFX2_RVT     saed32rvt_c      
clockcopt_h_inst_4453     DELLN3X2_RVT    saed32rvt_c      
clockcopt_h_inst_4454     DELLN2X2_RVT    saed32rvt_c      
clockcopt_h_inst_4455     DELLN3X2_RVT    saed32rvt_c      
clockcopt_h_inst_4456     DELLN3X2_RVT    saed32rvt_c      
clockcopt_h_inst_4457     DELLN3X2_RVT    saed32rvt_c      
clockcopt_h_inst_4458     DELLN3X2_RVT    saed32rvt_c      
clockcopt_h_inst_4459     DELLN3X2_RVT    saed32rvt_c      
clockcopt_h_inst_4460     DELLN3X2_RVT    saed32rvt_c      
clockcopt_h_inst_4461     NBUFFX2_RVT     saed32rvt_c      
clockcopt_h_inst_4462     DELLN3X2_RVT    saed32rvt_c      
clockcopt_h_inst_4463     DELLN3X2_RVT    saed32rvt_c      
clockcopt_h_inst_4464     DELLN3X2_RVT    saed32rvt_c      
clockcopt_h_inst_4465     DELLN3X2_RVT    saed32rvt_c      
clockcopt_h_inst_4466     DELLN3X2_RVT    saed32rvt_c      
clockcopt_h_inst_4467     DELLN3X2_RVT    saed32rvt_c      
clockcopt_h_inst_4468     DELLN3X2_RVT    saed32rvt_c      
clockcopt_h_inst_4469     DELLN3X2_RVT    saed32rvt_c      
clockcopt_h_inst_4472     DELLN3X2_RVT    saed32rvt_c      
clockcopt_h_inst_4473     DELLN2X2_RVT    saed32rvt_c      
clockcopt_h_inst_4476     DELLN3X2_RVT    saed32rvt_c      
clockcopt_h_inst_4477     DELLN3X2_RVT    saed32rvt_c      
clockcopt_h_inst_4478     NBUFFX2_RVT     saed32rvt_c      
clockcopt_h_inst_4479     DELLN3X2_RVT    saed32rvt_c      
clockcopt_h_inst_4482     DELLN3X2_RVT    saed32rvt_c      
clockcopt_h_inst_4483     DELLN3X2_RVT    saed32rvt_c      
clockcopt_h_inst_4484     DELLN3X2_RVT    saed32rvt_c      
clockcopt_h_inst_4485     DELLN1X2_RVT    saed32rvt_c      
clockcopt_h_inst_4486     DELLN2X2_RVT    saed32rvt_c      
clockcopt_h_inst_4487     DELLN3X2_RVT    saed32rvt_c      
clockcopt_h_inst_4488     NBUFFX2_RVT     saed32rvt_c      
clockcopt_h_inst_4489     DELLN2X2_RVT    saed32rvt_c      
clockcopt_h_inst_4490     DELLN3X2_RVT    saed32rvt_c      
clockcopt_h_inst_4492     DELLN3X2_RVT    saed32rvt_c      
clockcopt_h_inst_4493     DELLN1X2_RVT    saed32rvt_c      
clockcopt_h_inst_4494     DELLN2X2_RVT    saed32rvt_c      
clockcopt_h_inst_4495     DELLN3X2_RVT    saed32rvt_c      
clockcopt_h_inst_4496     DELLN2X2_RVT    saed32rvt_c      
clockcopt_h_inst_4497     DELLN1X2_RVT    saed32rvt_c      
clockcopt_h_inst_4498     DELLN3X2_RVT    saed32rvt_c      
clockcopt_h_inst_4500     DELLN1X2_RVT    saed32rvt_c      
clockcopt_h_inst_4501     DELLN3X2_RVT    saed32rvt_c      
clockcopt_h_inst_4502     DELLN2X2_RVT    saed32rvt_c      
clockcopt_h_inst_4503     DELLN3X2_RVT    saed32rvt_c      
clockcopt_h_inst_4504     DELLN3X2_RVT    saed32rvt_c      
clockcopt_h_inst_4505     DELLN3X2_RVT    saed32rvt_c      
clockcopt_h_inst_4506     DELLN2X2_RVT    saed32rvt_c      
clockcopt_h_inst_4507     DELLN2X2_RVT    saed32rvt_c      
clockcopt_h_inst_4508     NBUFFX2_RVT     saed32rvt_c      
clockcopt_h_inst_4509     NBUFFX2_RVT     saed32rvt_c      
clockcopt_h_inst_4510     NBUFFX2_RVT     saed32rvt_c      
clockcopt_h_inst_4512     DELLN3X2_RVT    saed32rvt_c      
clockcopt_h_inst_4514     DELLN2X2_RVT    saed32rvt_c      
clockcopt_h_inst_4515     DELLN3X2_RVT    saed32rvt_c      
clockcopt_h_inst_4516     DELLN2X2_RVT    saed32rvt_c      
clockcopt_h_inst_4517     DELLN2X2_RVT    saed32rvt_c      
clockcopt_h_inst_4518     DELLN2X2_RVT    saed32rvt_c      
clockcopt_h_inst_4519     DELLN2X2_RVT    saed32rvt_c      
clockcopt_h_inst_4520     DELLN2X2_RVT    saed32rvt_c      
clockcopt_h_inst_4521     DELLN2X2_RVT    saed32rvt_c      
clockcopt_h_inst_4522     DELLN2X2_RVT    saed32rvt_c      
clockcopt_h_inst_4523     DELLN2X2_RVT    saed32rvt_c      
clockcopt_h_inst_4524     DELLN2X2_RVT    saed32rvt_c      
clockcopt_h_inst_4525     DELLN2X2_RVT    saed32rvt_c      
clockcopt_h_inst_4526     DELLN2X2_RVT    saed32rvt_c      
clockcopt_h_inst_4527     DELLN2X2_RVT    saed32rvt_c      
clockcopt_h_inst_4530     DELLN1X2_RVT    saed32rvt_c      
clockcopt_h_inst_4531     DELLN2X2_RVT    saed32rvt_c      
clockcopt_h_inst_4532     DELLN2X2_RVT    saed32rvt_c      
clockcopt_h_inst_4533     DELLN3X2_RVT    saed32rvt_c      
clockcopt_h_inst_4534     DELLN2X2_RVT    saed32rvt_c      
clockcopt_h_inst_4535     DELLN2X2_RVT    saed32rvt_c      
clockcopt_h_inst_4536     DELLN2X2_RVT    saed32rvt_c      
clockcopt_h_inst_4537     DELLN2X2_RVT    saed32rvt_c      
clockcopt_h_inst_4538     DELLN2X2_RVT    saed32rvt_c      
clockcopt_h_inst_4539     DELLN2X2_RVT    saed32rvt_c      
clockcopt_h_inst_4541     DELLN2X2_RVT    saed32rvt_c      
clockcopt_h_inst_4542     DELLN2X2_RVT    saed32rvt_c      
clockcopt_h_inst_4543     DELLN1X2_RVT    saed32rvt_c      
clockcopt_h_inst_4544     DELLN2X2_RVT    saed32rvt_c      
clockcopt_h_inst_4545     DELLN2X2_RVT    saed32rvt_c      
clockcopt_h_inst_4546     DELLN2X2_RVT    saed32rvt_c      
clockcopt_h_inst_4547     DELLN2X2_RVT    saed32rvt_c      
clockcopt_h_inst_4548     DELLN2X2_RVT    saed32rvt_c      
clockcopt_h_inst_4549     DELLN2X2_RVT    saed32rvt_c      
clockcopt_h_inst_4550     DELLN2X2_RVT    saed32rvt_c      
clockcopt_h_inst_4551     DELLN2X2_RVT    saed32rvt_c      
clockcopt_h_inst_4552     DELLN2X2_RVT    saed32rvt_c      
clockcopt_h_inst_4553     DELLN2X2_RVT    saed32rvt_c      
clockcopt_h_inst_4554     DELLN3X2_RVT    saed32rvt_c      
clockcopt_h_inst_4556     DELLN2X2_RVT    saed32rvt_c      
clockcopt_h_inst_4557     DELLN2X2_RVT    saed32rvt_c      
clockcopt_h_inst_4558     DELLN2X2_RVT    saed32rvt_c      
clockcopt_h_inst_4559     DELLN2X2_RVT    saed32rvt_c      
clockcopt_h_inst_4560     DELLN2X2_RVT    saed32rvt_c      
clockcopt_h_inst_4561     DELLN1X2_RVT    saed32rvt_c      
clockcopt_h_inst_4562     DELLN2X2_RVT    saed32rvt_c      
clockcopt_h_inst_4564     DELLN1X2_RVT    saed32rvt_c      
clockcopt_h_inst_4565     DELLN2X2_RVT    saed32rvt_c      
clockcopt_h_inst_4566     DELLN2X2_RVT    saed32rvt_c      
clockcopt_h_inst_4568     DELLN2X2_RVT    saed32rvt_c      
clockcopt_h_inst_4573     NBUFFX2_RVT     saed32rvt_c      
clockcopt_h_inst_4574     NBUFFX2_RVT     saed32rvt_c      
clockcopt_h_inst_4575     NBUFFX2_RVT     saed32rvt_c      
clockcopt_h_inst_4576     DELLN2X2_RVT    saed32rvt_c      
clockcopt_h_inst_4577     DELLN2X2_RVT    saed32rvt_c      
clockcopt_h_inst_4579     NBUFFX2_RVT     saed32rvt_c      
clockcopt_h_inst_4580     DELLN3X2_RVT    saed32rvt_c      
clockcopt_h_inst_4582     NBUFFX2_RVT     saed32rvt_c      
clockcopt_h_inst_4583     NBUFFX2_RVT     saed32rvt_c      
clockcopt_h_inst_4584     DELLN3X2_RVT    saed32rvt_c      
clockcopt_h_inst_4585     DELLN2X2_RVT    saed32rvt_c      
clockcopt_h_inst_4586     DELLN3X2_RVT    saed32rvt_c      
clockcopt_h_inst_4587     DELLN3X2_RVT    saed32rvt_c      
clockcopt_h_inst_4588     DELLN3X2_RVT    saed32rvt_c      
clockcopt_h_inst_4589     DELLN3X2_RVT    saed32rvt_c      
clockcopt_h_inst_4591     DELLN2X2_RVT    saed32rvt_c      
clockcopt_h_inst_4593     DELLN2X2_RVT    saed32rvt_c      
clockcopt_h_inst_4594     DELLN3X2_RVT    saed32rvt_c      
clockcopt_h_inst_4595     DELLN3X2_RVT    saed32rvt_c      
clockcopt_h_inst_4597     DELLN3X2_RVT    saed32rvt_c      
clockcopt_h_inst_4599     DELLN3X2_RVT    saed32rvt_c      
clockcopt_h_inst_4600     DELLN3X2_RVT    saed32rvt_c      
clockcopt_h_inst_4604     NBUFFX4_RVT     saed32rvt_c      
clockcopt_h_inst_4605     DELLN3X2_RVT    saed32rvt_c      
clockcopt_h_inst_4606     DELLN2X2_RVT    saed32rvt_c      
clockcopt_h_inst_4607     DELLN2X2_RVT    saed32rvt_c      
clockcopt_h_inst_4608     DELLN3X2_RVT    saed32rvt_c      
clockcopt_h_inst_4609     DELLN1X2_RVT    saed32rvt_c      
clockcopt_h_inst_4610     DELLN2X2_RVT    saed32rvt_c      
clockcopt_h_inst_4611     DELLN1X2_RVT    saed32rvt_c      
clockcopt_h_inst_4613     DELLN2X2_RVT    saed32rvt_c      
clockcopt_h_inst_4614     DELLN2X2_RVT    saed32rvt_c      
clockcopt_h_inst_4615     DELLN1X2_RVT    saed32rvt_c      
clockcopt_h_inst_4616     NBUFFX2_RVT     saed32rvt_c      
clockcopt_h_inst_4617     NBUFFX2_RVT     saed32rvt_c      
clockcopt_h_inst_4618     DELLN3X2_RVT    saed32rvt_c      
clockcopt_h_inst_4619     DELLN2X2_RVT    saed32rvt_c      
clockcopt_h_inst_4621     DELLN3X2_RVT    saed32rvt_c      
clockcopt_h_inst_4622     DELLN3X2_RVT    saed32rvt_c      
clockcopt_h_inst_4624     DELLN3X2_RVT    saed32rvt_c      
clockcopt_h_inst_4625     DELLN3X2_RVT    saed32rvt_c      
clockcopt_h_inst_4626     DELLN3X2_RVT    saed32rvt_c      
clockcopt_h_inst_4627     DELLN3X2_RVT    saed32rvt_c      
clockcopt_h_inst_4628     DELLN3X2_RVT    saed32rvt_c      
clockcopt_h_inst_4629     DELLN3X2_RVT    saed32rvt_c      
clockcopt_h_inst_4630     DELLN3X2_RVT    saed32rvt_c      
clockcopt_h_inst_4631     DELLN3X2_RVT    saed32rvt_c      
clockcopt_h_inst_4632     DELLN3X2_RVT    saed32rvt_c      
clockcopt_h_inst_4633     DELLN3X2_RVT    saed32rvt_c      
clockcopt_h_inst_4634     DELLN3X2_RVT    saed32rvt_c      
clockcopt_h_inst_4635     DELLN3X2_RVT    saed32rvt_c      
clockcopt_h_inst_4636     DELLN3X2_RVT    saed32rvt_c      
clockcopt_h_inst_4637     DELLN3X2_RVT    saed32rvt_c      
clockcopt_h_inst_4639     DELLN3X2_RVT    saed32rvt_c      
clockcopt_h_inst_4640     DELLN3X2_RVT    saed32rvt_c      
clockcopt_h_inst_4641     DELLN3X2_RVT    saed32rvt_c      
clockcopt_h_inst_4642     DELLN3X2_RVT    saed32rvt_c      
clockcopt_h_inst_4643     DELLN3X2_RVT    saed32rvt_c      
clockcopt_h_inst_4644     DELLN1X2_RVT    saed32rvt_c      
clockcopt_h_inst_4646     DELLN2X2_RVT    saed32rvt_c      
clockcopt_h_inst_4647     DELLN3X2_RVT    saed32rvt_c      
clockcopt_h_inst_4648     DELLN1X2_RVT    saed32rvt_c      
clockcopt_h_inst_4649     DELLN3X2_RVT    saed32rvt_c      
clockcopt_h_inst_4650     DELLN3X2_RVT    saed32rvt_c      
clockcopt_h_inst_4651     DELLN2X2_RVT    saed32rvt_c      
clockcopt_h_inst_4652     NBUFFX2_RVT     saed32rvt_c      
clockcopt_h_inst_4653     DELLN3X2_RVT    saed32rvt_c      
clockcopt_h_inst_4654     DELLN1X2_RVT    saed32rvt_c      
clockcopt_h_inst_4655     DELLN3X2_RVT    saed32rvt_c      
clockcopt_h_inst_4656     DELLN3X2_RVT    saed32rvt_c      
clockcopt_h_inst_4657     DELLN1X2_RVT    saed32rvt_c      
clockcopt_h_inst_4658     DELLN1X2_RVT    saed32rvt_c      
clockcopt_h_inst_4659     DELLN3X2_RVT    saed32rvt_c      
clockcopt_h_inst_4660     DELLN3X2_RVT    saed32rvt_c      
clockcopt_h_inst_4661     NBUFFX2_RVT     saed32rvt_c      
clockcopt_h_inst_4662     DELLN3X2_RVT    saed32rvt_c      
clockcopt_h_inst_4663     DELLN3X2_RVT    saed32rvt_c      
clockcopt_h_inst_4664     DELLN3X2_RVT    saed32rvt_c      
clockcopt_h_inst_4665     DELLN3X2_RVT    saed32rvt_c      
clockcopt_h_inst_4666     DELLN1X2_RVT    saed32rvt_c      
clockcopt_h_inst_4667     NBUFFX2_RVT     saed32rvt_c      
clockcopt_h_inst_4668     NBUFFX2_RVT     saed32rvt_c      
clockcopt_h_inst_4669     DELLN3X2_RVT    saed32rvt_c      
clockcopt_h_inst_4670     DELLN3X2_RVT    saed32rvt_c      
clockcopt_h_inst_4671     DELLN3X2_RVT    saed32rvt_c      
clockcopt_h_inst_4672     DELLN2X2_RVT    saed32rvt_c      
clockcopt_h_inst_4673     DELLN2X2_RVT    saed32rvt_c      
clockcopt_h_inst_4674     DELLN2X2_RVT    saed32rvt_c      
clockcopt_h_inst_4675     DELLN1X2_RVT    saed32rvt_c      
clockcopt_h_inst_4677     DELLN1X2_RVT    saed32rvt_c      
clockcopt_h_inst_4678     DELLN1X2_RVT    saed32rvt_c      
clockcopt_h_inst_4679     DELLN1X2_RVT    saed32rvt_c      
clockcopt_h_inst_4680     DELLN3X2_RVT    saed32rvt_c      
clockcopt_h_inst_4681     DELLN1X2_RVT    saed32rvt_c      
clockcopt_h_inst_4682     DELLN2X2_RVT    saed32rvt_c      
clockcopt_h_inst_4683     DELLN2X2_RVT    saed32rvt_c      
clockcopt_h_inst_4684     DELLN1X2_RVT    saed32rvt_c      
clockcopt_h_inst_4685     DELLN2X2_RVT    saed32rvt_c      
clockcopt_h_inst_4686     DELLN2X2_RVT    saed32rvt_c      
clockcopt_h_inst_4687     DELLN1X2_RVT    saed32rvt_c      
clockcopt_h_inst_4688     DELLN3X2_RVT    saed32rvt_c      
clockcopt_h_inst_4689     DELLN1X2_RVT    saed32rvt_c      
clockcopt_h_inst_4690     DELLN3X2_RVT    saed32rvt_c      
clockcopt_h_inst_4691     DELLN1X2_RVT    saed32rvt_c      
clockcopt_h_inst_4692     DELLN1X2_RVT    saed32rvt_c      
clockcopt_h_inst_4693     DELLN2X2_RVT    saed32rvt_c      
clockcopt_h_inst_4695     DELLN2X2_RVT    saed32rvt_c      
clockcopt_h_inst_4696     DELLN1X2_RVT    saed32rvt_c      
clockcopt_h_inst_4697     DELLN1X2_RVT    saed32rvt_c      
clockcopt_h_inst_4698     DELLN2X2_RVT    saed32rvt_c      
clockcopt_h_inst_4699     DELLN1X2_RVT    saed32rvt_c      
clockcopt_h_inst_4700     DELLN2X2_RVT    saed32rvt_c      
clockcopt_h_inst_4701     DELLN1X2_RVT    saed32rvt_c      
clockcopt_h_inst_4703     DELLN2X2_RVT    saed32rvt_c      
clockcopt_h_inst_4704     DELLN1X2_RVT    saed32rvt_c      
clockcopt_h_inst_4705     DELLN2X2_RVT    saed32rvt_c      
clockcopt_h_inst_4706     DELLN2X2_RVT    saed32rvt_c      
clockcopt_h_inst_4707     DELLN1X2_RVT    saed32rvt_c      
clockcopt_h_inst_4708     DELLN2X2_RVT    saed32rvt_c      
clockcopt_h_inst_4709     DELLN2X2_RVT    saed32rvt_c      
clockcopt_h_inst_4710     DELLN2X2_RVT    saed32rvt_c      
clockcopt_h_inst_4711     DELLN2X2_RVT    saed32rvt_c      
clockcopt_h_inst_4713     DELLN1X2_RVT    saed32rvt_c      
clockcopt_h_inst_4714     DELLN2X2_RVT    saed32rvt_c      
clockcopt_h_inst_4716     DELLN2X2_RVT    saed32rvt_c      
clockcopt_h_inst_4717     DELLN2X2_RVT    saed32rvt_c      
clockcopt_h_inst_4718     NBUFFX2_RVT     saed32rvt_c      
clockcopt_h_inst_4719     DELLN2X2_RVT    saed32rvt_c      
clockcopt_h_inst_4721     DELLN2X2_RVT    saed32rvt_c      
clockcopt_h_inst_4722     DELLN2X2_RVT    saed32rvt_c      
clockcopt_h_inst_4725     DELLN2X2_RVT    saed32rvt_c      
clockcopt_h_inst_4727     NBUFFX2_RVT     saed32rvt_c      
clockcopt_h_inst_4729     DELLN1X2_RVT    saed32rvt_c      
clockcopt_h_inst_4730     DELLN2X2_RVT    saed32rvt_c      
clockcopt_h_inst_4731     NBUFFX2_RVT     saed32rvt_c      
clockcopt_h_inst_4733     DELLN1X2_RVT    saed32rvt_c      
clockcopt_h_inst_4735     DELLN1X2_RVT    saed32rvt_c      
clockcopt_h_inst_4736     DELLN2X2_RVT    saed32rvt_c      
clockcopt_h_inst_4737     DELLN2X2_RVT    saed32rvt_c      
clockcopt_h_inst_4738     DELLN1X2_RVT    saed32rvt_c      
clockcopt_h_inst_4739     DELLN3X2_RVT    saed32rvt_c      
clockcopt_h_inst_4741     DELLN1X2_RVT    saed32rvt_c      
clockcopt_h_inst_4742     DELLN1X2_RVT    saed32rvt_c      
clockcopt_h_inst_4743     DELLN1X2_RVT    saed32rvt_c      
clockcopt_h_inst_4744     NBUFFX2_RVT     saed32rvt_c      
clockcopt_h_inst_4746     NBUFFX2_RVT     saed32rvt_c      
clockcopt_h_inst_4748     DELLN1X2_RVT    saed32rvt_c      
clockcopt_h_inst_4749     NBUFFX2_RVT     saed32rvt_c      
clockcopt_h_inst_4751     NBUFFX2_RVT     saed32rvt_c      
clockcopt_h_inst_4752     NBUFFX2_RVT     saed32rvt_c      
clockcopt_h_inst_4753     DELLN1X2_RVT    saed32rvt_c      
clockcopt_h_inst_4754     NBUFFX2_RVT     saed32rvt_c      
clockcopt_h_inst_4756     NBUFFX2_RVT     saed32rvt_c      
clockcopt_h_inst_4757     NBUFFX2_RVT     saed32rvt_c      
clockcopt_h_inst_4760     NBUFFX2_RVT     saed32rvt_c      
clockcopt_h_inst_4762     DELLN2X2_RVT    saed32rvt_c      
clockcopt_h_inst_4763     DELLN1X2_RVT    saed32rvt_c      
clockcopt_h_inst_4765     DELLN2X2_RVT    saed32rvt_c      
clockcopt_h_inst_4769     NBUFFX2_RVT     saed32rvt_c      
clockcopt_h_inst_4771     DELLN2X2_RVT    saed32rvt_c      
clockcopt_h_inst_4772     NBUFFX2_RVT     saed32rvt_c      
clockcopt_h_inst_4774     DELLN2X2_RVT    saed32rvt_c      
clockcopt_h_inst_4776     NBUFFX2_RVT     saed32rvt_c      
clockcopt_h_inst_4778     NBUFFX2_RVT     saed32rvt_c      
clockcopt_h_inst_4779     NBUFFX2_RVT     saed32rvt_c      
clockcopt_h_inst_4780     NBUFFX2_RVT     saed32rvt_c      
clockcopt_h_inst_4782     NBUFFX2_RVT     saed32rvt_c      
clockcopt_h_inst_4783     NBUFFX2_RVT     saed32rvt_c      
clockcopt_h_inst_4784     NBUFFX2_RVT     saed32rvt_c      
clockcopt_h_inst_4787     DELLN2X2_RVT    saed32rvt_c      
clockcopt_h_inst_4792     DELLN3X2_RVT    saed32rvt_c      
clockcopt_h_inst_4794     DELLN3X2_RVT    saed32rvt_c      
clockcopt_h_inst_4795     DELLN2X2_RVT    saed32rvt_c      
clockcopt_h_inst_4796     DELLN2X2_RVT    saed32rvt_c      
clockcopt_h_inst_4797     DELLN1X2_RVT    saed32rvt_c      
clockcopt_h_inst_4798     DELLN2X2_RVT    saed32rvt_c      
clockcopt_h_inst_4799     DELLN3X2_RVT    saed32rvt_c      
clockcopt_h_inst_4800     DELLN3X2_RVT    saed32rvt_c      
clockcopt_h_inst_4801     DELLN2X2_RVT    saed32rvt_c      
clockcopt_h_inst_4803     DELLN3X2_RVT    saed32rvt_c      
clockcopt_h_inst_4804     DELLN3X2_RVT    saed32rvt_c      
clockcopt_h_inst_4805     DELLN3X2_RVT    saed32rvt_c      
clockcopt_h_inst_4806     DELLN3X2_RVT    saed32rvt_c      
clockcopt_h_inst_4807     DELLN3X2_RVT    saed32rvt_c      
clockcopt_h_inst_4808     DELLN3X2_RVT    saed32rvt_c      
clockcopt_h_inst_4809     DELLN2X2_RVT    saed32rvt_c      
clockcopt_h_inst_4810     DELLN3X2_RVT    saed32rvt_c      
clockcopt_h_inst_4811     DELLN3X2_RVT    saed32rvt_c      
clockcopt_h_inst_4812     DELLN3X2_RVT    saed32rvt_c      
clockcopt_h_inst_4813     DELLN3X2_RVT    saed32rvt_c      
clockcopt_h_inst_4814     DELLN3X2_RVT    saed32rvt_c      
clockcopt_h_inst_4815     DELLN3X2_RVT    saed32rvt_c      
clockcopt_h_inst_4816     DELLN3X2_RVT    saed32rvt_c      
clockcopt_h_inst_4817     DELLN3X2_RVT    saed32rvt_c      
clockcopt_h_inst_4818     NBUFFX2_RVT     saed32rvt_c      
clockcopt_h_inst_4819     DELLN3X2_RVT    saed32rvt_c      
clockcopt_h_inst_4820     DELLN2X2_RVT    saed32rvt_c      
clockcopt_h_inst_4821     DELLN3X2_RVT    saed32rvt_c      
clockcopt_h_inst_4822     DELLN1X2_RVT    saed32rvt_c      
clockcopt_h_inst_4823     DELLN3X2_RVT    saed32rvt_c      
clockcopt_h_inst_4824     DELLN2X2_RVT    saed32rvt_c      
clockcopt_h_inst_4825     DELLN3X2_RVT    saed32rvt_c      
clockcopt_h_inst_4826     DELLN1X2_RVT    saed32rvt_c      
clockcopt_h_inst_4827     NBUFFX2_RVT     saed32rvt_c      
clockcopt_h_inst_4829     DELLN2X2_RVT    saed32rvt_c      
clockcopt_h_inst_4830     DELLN2X2_RVT    saed32rvt_c      
clockcopt_h_inst_4831     DELLN2X2_RVT    saed32rvt_c      
clockcopt_h_inst_4832     DELLN1X2_RVT    saed32rvt_c      
clockcopt_h_inst_4833     DELLN1X2_RVT    saed32rvt_c      
clockcopt_h_inst_4834     DELLN1X2_RVT    saed32rvt_c      
clockcopt_h_inst_4835     DELLN3X2_RVT    saed32rvt_c      
clockcopt_h_inst_4836     DELLN3X2_RVT    saed32rvt_c      
clockcopt_h_inst_4837     DELLN3X2_RVT    saed32rvt_c      
clockcopt_h_inst_4838     DELLN3X2_RVT    saed32rvt_c      
clockcopt_h_inst_4839     DELLN3X2_RVT    saed32rvt_c      
clockcopt_h_inst_4840     DELLN1X2_RVT    saed32rvt_c      
clockcopt_h_inst_4841     DELLN2X2_RVT    saed32rvt_c      
clockcopt_h_inst_4842     DELLN3X2_RVT    saed32rvt_c      
clockcopt_h_inst_4843     DELLN3X2_RVT    saed32rvt_c      
clockcopt_h_inst_4844     DELLN3X2_RVT    saed32rvt_c      
clockcopt_h_inst_4846     DELLN1X2_RVT    saed32rvt_c      
clockcopt_h_inst_4847     DELLN2X2_RVT    saed32rvt_c      
clockcopt_h_inst_4848     DELLN3X2_RVT    saed32rvt_c      
clockcopt_h_inst_4849     DELLN3X2_RVT    saed32rvt_c      
clockcopt_h_inst_4850     DELLN2X2_RVT    saed32rvt_c      
clockcopt_h_inst_4852     DELLN1X2_RVT    saed32rvt_c      
clockcopt_h_inst_4853     DELLN3X2_RVT    saed32rvt_c      
clockcopt_h_inst_4854     DELLN2X2_RVT    saed32rvt_c      
clockcopt_h_inst_4855     DELLN2X2_RVT    saed32rvt_c      
clockcopt_h_inst_4856     DELLN1X2_RVT    saed32rvt_c      
clockcopt_h_inst_4857     DELLN2X2_RVT    saed32rvt_c      
clockcopt_h_inst_4858     DELLN2X2_RVT    saed32rvt_c      
clockcopt_h_inst_4859     DELLN3X2_RVT    saed32rvt_c      
clockcopt_h_inst_4860     DELLN1X2_RVT    saed32rvt_c      
clockcopt_h_inst_4861     DELLN2X2_RVT    saed32rvt_c      
clockcopt_h_inst_4862     NBUFFX2_RVT     saed32rvt_c      
clockcopt_h_inst_4863     DELLN2X2_RVT    saed32rvt_c      
clockcopt_h_inst_4864     DELLN1X2_RVT    saed32rvt_c      
clockcopt_h_inst_4865     DELLN2X2_RVT    saed32rvt_c      
clockcopt_h_inst_4866     DELLN1X2_RVT    saed32rvt_c      
clockcopt_h_inst_4867     DELLN2X2_RVT    saed32rvt_c      
clockcopt_h_inst_4868     DELLN1X2_RVT    saed32rvt_c      
clockcopt_h_inst_4869     DELLN1X2_RVT    saed32rvt_c      
clockcopt_h_inst_4870     DELLN2X2_RVT    saed32rvt_c      
clockcopt_h_inst_4871     DELLN2X2_RVT    saed32rvt_c      
clockcopt_h_inst_4872     DELLN1X2_RVT    saed32rvt_c      
clockcopt_h_inst_4873     DELLN2X2_RVT    saed32rvt_c      
clockcopt_h_inst_4874     DELLN2X2_RVT    saed32rvt_c      
clockcopt_h_inst_4875     DELLN2X2_RVT    saed32rvt_c      
clockcopt_h_inst_4876     DELLN2X2_RVT    saed32rvt_c      
clockcopt_h_inst_4877     DELLN2X2_RVT    saed32rvt_c      
clockcopt_h_inst_4878     DELLN2X2_RVT    saed32rvt_c      
clockcopt_h_inst_4880     DELLN3X2_RVT    saed32rvt_c      
clockcopt_h_inst_4881     DELLN2X2_RVT    saed32rvt_c      
clockcopt_h_inst_4883     DELLN2X2_RVT    saed32rvt_c      
clockcopt_h_inst_4884     DELLN3X2_RVT    saed32rvt_c      
clockcopt_h_inst_4885     DELLN2X2_RVT    saed32rvt_c      
clockcopt_h_inst_4886     NBUFFX2_RVT     saed32rvt_c      
clockcopt_h_inst_4888     DELLN2X2_RVT    saed32rvt_c      
clockcopt_h_inst_4889     DELLN2X2_RVT    saed32rvt_c      
clockcopt_h_inst_4890     NBUFFX2_RVT     saed32rvt_c      
clockcopt_h_inst_4893     DELLN2X2_RVT    saed32rvt_c      
clockcopt_h_inst_4895     DELLN2X2_RVT    saed32rvt_c      
clockcopt_h_inst_4896     DELLN2X2_RVT    saed32rvt_c      
clockcopt_h_inst_4897     NBUFFX2_RVT     saed32rvt_c      
clockcopt_h_inst_4898     NBUFFX2_RVT     saed32rvt_c      
clockcopt_h_inst_4906     DELLN3X2_RVT    saed32rvt_c      
clockcopt_h_inst_4914     NBUFFX2_RVT     saed32rvt_c      
clockcopt_h_inst_4915     DELLN3X2_RVT    saed32rvt_c      
clockcopt_h_inst_4916     DELLN3X2_RVT    saed32rvt_c      
clockcopt_h_inst_4917     NBUFFX2_RVT     saed32rvt_c      
clockcopt_h_inst_4918     DELLN3X2_RVT    saed32rvt_c      
clockcopt_h_inst_4919     DELLN2X2_RVT    saed32rvt_c      
clockcopt_h_inst_4920     DELLN3X2_RVT    saed32rvt_c      
clockcopt_h_inst_4921     DELLN3X2_RVT    saed32rvt_c      
clockcopt_h_inst_4922     DELLN3X2_RVT    saed32rvt_c      
clockcopt_h_inst_4923     DELLN3X2_RVT    saed32rvt_c      
clockcopt_h_inst_4924     DELLN3X2_RVT    saed32rvt_c      
clockcopt_h_inst_4925     DELLN3X2_RVT    saed32rvt_c      
clockcopt_h_inst_4926     DELLN3X2_RVT    saed32rvt_c      
clockcopt_h_inst_4927     DELLN3X2_RVT    saed32rvt_c      
clockcopt_h_inst_4928     DELLN3X2_RVT    saed32rvt_c      
clockcopt_h_inst_4929     DELLN3X2_RVT    saed32rvt_c      
clockcopt_h_inst_4930     DELLN2X2_RVT    saed32rvt_c      
clockcopt_h_inst_4931     NBUFFX2_RVT     saed32rvt_c      
clockcopt_h_inst_4932     DELLN2X2_RVT    saed32rvt_c      
clockcopt_h_inst_4935     DELLN2X2_RVT    saed32rvt_c      
clockcopt_h_inst_4937     DELLN3X2_RVT    saed32rvt_c      
clockcopt_h_inst_4938     DELLN3X2_RVT    saed32rvt_c      
clockcopt_h_inst_4939     DELLN1X2_RVT    saed32rvt_c      
clockcopt_h_inst_4940     DELLN3X2_RVT    saed32rvt_c      
clockcopt_h_inst_4941     DELLN1X2_RVT    saed32rvt_c      
clockcopt_h_inst_4942     DELLN3X2_RVT    saed32rvt_c      
clockcopt_h_inst_4943     DELLN1X2_RVT    saed32rvt_c      
clockcopt_h_inst_4944     DELLN3X2_RVT    saed32rvt_c      
clockcopt_h_inst_4945     DELLN2X2_RVT    saed32rvt_c      
clockcopt_h_inst_4946     DELLN1X2_RVT    saed32rvt_c      
clockcopt_h_inst_4947     DELLN3X2_RVT    saed32rvt_c      
clockcopt_h_inst_4948     DELLN1X2_RVT    saed32rvt_c      
clockcopt_h_inst_4949     DELLN1X2_RVT    saed32rvt_c      
clockcopt_h_inst_4950     DELLN3X2_RVT    saed32rvt_c      
clockcopt_h_inst_4951     DELLN3X2_RVT    saed32rvt_c      
clockcopt_h_inst_4952     DELLN2X2_RVT    saed32rvt_c      
clockcopt_h_inst_4954     DELLN2X2_RVT    saed32rvt_c      
clockcopt_h_inst_4955     DELLN2X2_RVT    saed32rvt_c      
clockcopt_h_inst_4956     DELLN2X2_RVT    saed32rvt_c      
clockcopt_h_inst_4957     DELLN2X2_RVT    saed32rvt_c      
clockcopt_h_inst_4958     DELLN1X2_RVT    saed32rvt_c      
clockcopt_h_inst_4959     DELLN2X2_RVT    saed32rvt_c      
clockcopt_h_inst_4961     DELLN3X2_RVT    saed32rvt_c      
clockcopt_h_inst_4962     NBUFFX2_RVT     saed32rvt_c      
clockcopt_h_inst_4963     DELLN1X2_RVT    saed32rvt_c      
clockcopt_h_inst_4964     DELLN1X2_RVT    saed32rvt_c      
clockcopt_h_inst_4965     DELLN1X2_RVT    saed32rvt_c      
clockcopt_h_inst_4966     DELLN1X2_RVT    saed32rvt_c      
clockcopt_h_inst_4967     DELLN1X2_RVT    saed32rvt_c      
clockcopt_h_inst_4968     DELLN2X2_RVT    saed32rvt_c      
clockcopt_h_inst_4969     DELLN2X2_RVT    saed32rvt_c      
clockcopt_h_inst_4970     DELLN1X2_RVT    saed32rvt_c      
clockcopt_h_inst_4971     DELLN1X2_RVT    saed32rvt_c      
clockcopt_h_inst_4972     DELLN2X2_RVT    saed32rvt_c      
clockcopt_h_inst_4973     DELLN2X2_RVT    saed32rvt_c      
clockcopt_h_inst_4974     DELLN2X2_RVT    saed32rvt_c      
clockcopt_h_inst_4975     DELLN2X2_RVT    saed32rvt_c      
clockcopt_h_inst_4976     DELLN2X2_RVT    saed32rvt_c      
clockcopt_h_inst_4977     DELLN1X2_RVT    saed32rvt_c      
clockcopt_h_inst_4978     DELLN2X2_RVT    saed32rvt_c      
clockcopt_h_inst_4979     DELLN2X2_RVT    saed32rvt_c      
clockcopt_h_inst_4980     DELLN2X2_RVT    saed32rvt_c      
clockcopt_h_inst_4981     DELLN2X2_RVT    saed32rvt_c      
clockcopt_h_inst_4982     DELLN2X2_RVT    saed32rvt_c      
clockcopt_h_inst_4983     DELLN2X2_RVT    saed32rvt_c      
clockcopt_h_inst_4984     DELLN2X2_RVT    saed32rvt_c      
clockcopt_h_inst_4985     DELLN2X2_RVT    saed32rvt_c      
clockcopt_h_inst_4986     DELLN2X2_RVT    saed32rvt_c      
clockcopt_h_inst_4987     DELLN2X2_RVT    saed32rvt_c      
clockcopt_h_inst_4988     DELLN2X2_RVT    saed32rvt_c      
clockcopt_h_inst_4989     DELLN2X2_RVT    saed32rvt_c      
clockcopt_h_inst_4991     DELLN1X2_RVT    saed32rvt_c      
clockcopt_h_inst_4992     DELLN2X2_RVT    saed32rvt_c      
clockcopt_h_inst_4993     DELLN1X2_RVT    saed32rvt_c      
clockcopt_h_inst_4994     DELLN1X2_RVT    saed32rvt_c      
clockcopt_h_inst_4995     DELLN2X2_RVT    saed32rvt_c      
clockcopt_h_inst_4996     DELLN1X2_RVT    saed32rvt_c      
clockcopt_h_inst_4997     DELLN3X2_RVT    saed32rvt_c      
clockcopt_h_inst_4998     NBUFFX2_RVT     saed32rvt_c      
clockcopt_h_inst_4999     NBUFFX2_RVT     saed32rvt_c      
clockcopt_h_inst_5000     DELLN2X2_RVT    saed32rvt_c      
clockcopt_h_inst_5002     NBUFFX2_RVT     saed32rvt_c      
clockcopt_h_inst_5003     NBUFFX2_RVT     saed32rvt_c      
clockcopt_h_inst_5004     DELLN3X2_RVT    saed32rvt_c      
clockcopt_h_inst_5005     DELLN2X2_RVT    saed32rvt_c      
clockcopt_h_inst_5007     DELLN1X2_RVT    saed32rvt_c      
clockcopt_h_inst_5008     NBUFFX2_RVT     saed32rvt_c      
clockcopt_h_inst_5010     NBUFFX2_RVT     saed32rvt_c      
clockcopt_h_inst_5011     NBUFFX2_RVT     saed32rvt_c      
clockcopt_h_inst_5012     DELLN2X2_RVT    saed32rvt_c      
clockcopt_h_inst_5013     DELLN1X2_RVT    saed32rvt_c      
clockcopt_h_inst_5014     DELLN3X2_RVT    saed32rvt_c      
clockcopt_h_inst_5015     DELLN3X2_RVT    saed32rvt_c      
clockcopt_h_inst_5016     DELLN1X2_RVT    saed32rvt_c      
clockcopt_h_inst_5017     DELLN2X2_RVT    saed32rvt_c      
clockcopt_h_inst_5018     DELLN2X2_RVT    saed32rvt_c      
clockcopt_h_inst_5019     DELLN2X2_RVT    saed32rvt_c      
clockcopt_h_inst_5020     NBUFFX2_RVT     saed32rvt_c      
clockcopt_h_inst_5021     NBUFFX2_RVT     saed32rvt_c      
clockcopt_h_inst_5022     NBUFFX2_RVT     saed32rvt_c      
clockcopt_h_inst_5023     DELLN2X2_RVT    saed32rvt_c      
clockcopt_h_inst_5024     DELLN3X2_RVT    saed32rvt_c      
clockcopt_h_inst_5025     DELLN1X2_RVT    saed32rvt_c      
clockcopt_h_inst_5026     DELLN3X2_RVT    saed32rvt_c      
clockcopt_h_inst_5027     DELLN3X2_RVT    saed32rvt_c      
clockcopt_h_inst_5029     DELLN3X2_RVT    saed32rvt_c      
clockcopt_h_inst_5030     DELLN3X2_RVT    saed32rvt_c      
clockcopt_h_inst_5031     DELLN3X2_RVT    saed32rvt_c      
clockcopt_h_inst_5032     DELLN3X2_RVT    saed32rvt_c      
clockcopt_h_inst_5033     DELLN3X2_RVT    saed32rvt_c      
clockcopt_h_inst_5034     DELLN3X2_RVT    saed32rvt_c      
clockcopt_h_inst_5035     DELLN3X2_RVT    saed32rvt_c      
clockcopt_h_inst_5036     DELLN3X2_RVT    saed32rvt_c      
clockcopt_h_inst_5037     DELLN1X2_RVT    saed32rvt_c      
clockcopt_h_inst_5038     DELLN2X2_RVT    saed32rvt_c      
clockcopt_h_inst_5039     DELLN3X2_RVT    saed32rvt_c      
clockcopt_h_inst_5040     DELLN3X2_RVT    saed32rvt_c      
clockcopt_h_inst_5041     DELLN3X2_RVT    saed32rvt_c      
clockcopt_h_inst_5042     DELLN2X2_RVT    saed32rvt_c      
clockcopt_h_inst_5043     DELLN3X2_RVT    saed32rvt_c      
clockcopt_h_inst_5044     NBUFFX2_RVT     saed32rvt_c      
clockcopt_h_inst_5045     DELLN2X2_RVT    saed32rvt_c      
clockcopt_h_inst_5046     DELLN3X2_RVT    saed32rvt_c      
clockcopt_h_inst_5047     NBUFFX2_RVT     saed32rvt_c      
clockcopt_h_inst_5048     DELLN3X2_RVT    saed32rvt_c      
clockcopt_h_inst_5049     DELLN2X2_RVT    saed32rvt_c      
clockcopt_h_inst_5050     DELLN3X2_RVT    saed32rvt_c      
clockcopt_h_inst_5051     NBUFFX2_RVT     saed32rvt_c      
clockcopt_h_inst_5052     NBUFFX2_RVT     saed32rvt_c      
clockcopt_h_inst_5053     NBUFFX2_RVT     saed32rvt_c      
clockcopt_h_inst_5054     NBUFFX2_RVT     saed32rvt_c      
clockcopt_h_inst_5055     DELLN3X2_RVT    saed32rvt_c      
clockcopt_h_inst_5056     DELLN3X2_RVT    saed32rvt_c      
clockcopt_h_inst_5057     DELLN1X2_RVT    saed32rvt_c      
clockcopt_h_inst_5058     NBUFFX2_RVT     saed32rvt_c      
clockcopt_h_inst_5059     DELLN3X2_RVT    saed32rvt_c      
clockcopt_h_inst_5060     NBUFFX2_RVT     saed32rvt_c      
clockcopt_h_inst_5061     DELLN2X2_RVT    saed32rvt_c      
clockcopt_h_inst_5062     DELLN3X2_RVT    saed32rvt_c      
clockcopt_h_inst_5063     NBUFFX2_RVT     saed32rvt_c      
clockcopt_h_inst_5064     DELLN3X2_RVT    saed32rvt_c      
clockcopt_h_inst_5066     DELLN1X2_RVT    saed32rvt_c      
clockcopt_h_inst_5067     DELLN3X2_RVT    saed32rvt_c      
clockcopt_h_inst_5068     DELLN3X2_RVT    saed32rvt_c      
clockcopt_h_inst_5069     DELLN3X2_RVT    saed32rvt_c      
clockcopt_h_inst_5070     DELLN3X2_RVT    saed32rvt_c      
clockcopt_h_inst_5071     NBUFFX2_RVT     saed32rvt_c      
clockcopt_h_inst_5072     DELLN2X2_RVT    saed32rvt_c      
clockcopt_h_inst_5073     DELLN3X2_RVT    saed32rvt_c      
clockcopt_h_inst_5074     DELLN3X2_RVT    saed32rvt_c      
clockcopt_h_inst_5075     NBUFFX2_RVT     saed32rvt_c      
clockcopt_h_inst_5077     DELLN1X2_RVT    saed32rvt_c      
clockcopt_h_inst_5078     DELLN3X2_RVT    saed32rvt_c      
clockcopt_h_inst_5079     DELLN2X2_RVT    saed32rvt_c      
clockcopt_h_inst_5080     DELLN2X2_RVT    saed32rvt_c      
clockcopt_h_inst_5081     NBUFFX2_RVT     saed32rvt_c      
clockcopt_h_inst_5083     DELLN2X2_RVT    saed32rvt_c      
clockcopt_h_inst_5084     DELLN3X2_RVT    saed32rvt_c      
clockcopt_h_inst_5086     DELLN1X2_RVT    saed32rvt_c      
clockcopt_h_inst_5087     DELLN2X2_RVT    saed32rvt_c      
clockcopt_h_inst_5088     DELLN1X2_RVT    saed32rvt_c      
clockcopt_h_inst_5089     DELLN1X2_RVT    saed32rvt_c      
clockcopt_h_inst_5091     DELLN2X2_RVT    saed32rvt_c      
clockcopt_h_inst_5092     DELLN2X2_RVT    saed32rvt_c      
clockcopt_h_inst_5093     DELLN3X2_RVT    saed32rvt_c      
clockcopt_h_inst_5094     NBUFFX2_RVT     saed32rvt_c      
clockcopt_h_inst_5095     DELLN1X2_RVT    saed32rvt_c      
clockcopt_h_inst_5096     DELLN2X2_RVT    saed32rvt_c      
clockcopt_h_inst_5098     DELLN2X2_RVT    saed32rvt_c      
clockcopt_h_inst_5100     DELLN2X2_RVT    saed32rvt_c      
clockcopt_h_inst_5101     DELLN3X2_RVT    saed32rvt_c      
clockcopt_h_inst_5105     NBUFFX2_RVT     saed32rvt_c      
clockcopt_h_inst_5107     NBUFFX2_RVT     saed32rvt_c      
clockcopt_h_inst_5108     DELLN1X2_RVT    saed32rvt_c      
clockcopt_h_inst_5109     NBUFFX2_RVT     saed32rvt_c      
clockcopt_h_inst_5111     NBUFFX2_RVT     saed32rvt_c      
clockcopt_h_inst_5112     DELLN3X2_RVT    saed32rvt_c      
clockcopt_h_inst_5113     NBUFFX2_RVT     saed32rvt_c      
clockcopt_h_inst_5115     DELLN1X2_RVT    saed32rvt_c      
clockcopt_h_inst_5116     DELLN1X2_RVT    saed32rvt_c      
clockcopt_h_inst_5117     DELLN2X2_RVT    saed32rvt_c      
clockcopt_h_inst_5120     DELLN2X2_RVT    saed32rvt_c      
clockcopt_h_inst_5121     DELLN2X2_RVT    saed32rvt_c      
clockcopt_h_inst_5123     NBUFFX2_RVT     saed32rvt_c      
clockcopt_h_inst_5125     DELLN2X2_RVT    saed32rvt_c      
clockcopt_h_inst_5126     DELLN3X2_RVT    saed32rvt_c      
clockcopt_h_inst_5128     DELLN3X2_RVT    saed32rvt_c      
clockcopt_h_inst_5130     DELLN3X2_RVT    saed32rvt_c      
clockcopt_h_inst_5131     DELLN3X2_RVT    saed32rvt_c      
clockcopt_h_inst_5132     DELLN3X2_RVT    saed32rvt_c      
clockcopt_h_inst_5133     DELLN3X2_RVT    saed32rvt_c      
clockcopt_h_inst_5134     DELLN3X2_RVT    saed32rvt_c      
clockcopt_h_inst_5135     DELLN3X2_RVT    saed32rvt_c      
clockcopt_h_inst_5136     DELLN3X2_RVT    saed32rvt_c      
clockcopt_h_inst_5137     DELLN3X2_RVT    saed32rvt_c      
clockcopt_h_inst_5138     DELLN2X2_RVT    saed32rvt_c      
clockcopt_h_inst_5139     DELLN3X2_RVT    saed32rvt_c      
clockcopt_h_inst_5140     DELLN2X2_RVT    saed32rvt_c      
clockcopt_h_inst_5141     DELLN3X2_RVT    saed32rvt_c      
clockcopt_h_inst_5142     DELLN2X2_RVT    saed32rvt_c      
clockcopt_h_inst_5143     DELLN3X2_RVT    saed32rvt_c      
clockcopt_h_inst_5144     DELLN1X2_RVT    saed32rvt_c      
clockcopt_h_inst_5145     DELLN3X2_RVT    saed32rvt_c      
clockcopt_h_inst_5146     DELLN3X2_RVT    saed32rvt_c      
clockcopt_h_inst_5147     DELLN1X2_RVT    saed32rvt_c      
clockcopt_h_inst_5148     DELLN3X2_RVT    saed32rvt_c      
clockcopt_h_inst_5149     DELLN1X2_RVT    saed32rvt_c      
clockcopt_h_inst_5150     DELLN2X2_RVT    saed32rvt_c      
clockcopt_h_inst_5151     DELLN1X2_RVT    saed32rvt_c      
clockcopt_h_inst_5152     DELLN3X2_RVT    saed32rvt_c      
clockcopt_h_inst_5153     DELLN1X2_RVT    saed32rvt_c      
clockcopt_h_inst_5154     DELLN3X2_RVT    saed32rvt_c      
clockcopt_h_inst_5155     DELLN1X2_RVT    saed32rvt_c      
clockcopt_h_inst_5156     DELLN2X2_RVT    saed32rvt_c      
clockcopt_h_inst_5157     DELLN2X2_RVT    saed32rvt_c      
clockcopt_h_inst_5158     DELLN2X2_RVT    saed32rvt_c      
clockcopt_h_inst_5159     DELLN2X2_RVT    saed32rvt_c      
clockcopt_h_inst_5160     DELLN2X2_RVT    saed32rvt_c      
clockcopt_h_inst_5161     DELLN2X2_RVT    saed32rvt_c      
clockcopt_h_inst_5162     DELLN3X2_RVT    saed32rvt_c      
clockcopt_h_inst_5163     DELLN3X2_RVT    saed32rvt_c      
clockcopt_h_inst_5164     DELLN3X2_RVT    saed32rvt_c      
clockcopt_h_inst_5166     DELLN3X2_RVT    saed32rvt_c      
clockcopt_h_inst_5167     DELLN2X2_RVT    saed32rvt_c      
clockcopt_h_inst_5168     DELLN2X2_RVT    saed32rvt_c      
clockcopt_h_inst_5169     DELLN2X2_RVT    saed32rvt_c      
clockcopt_h_inst_5170     NBUFFX2_RVT     saed32rvt_c      
clockcopt_h_inst_5171     DELLN3X2_RVT    saed32rvt_c      
clockcopt_h_inst_5172     NBUFFX2_RVT     saed32rvt_c      
clockcopt_h_inst_5175     DELLN1X2_RVT    saed32rvt_c      
clockcopt_h_inst_5176     DELLN2X2_RVT    saed32rvt_c      
clockcopt_h_inst_5178     DELLN1X2_RVT    saed32rvt_c      
clockcopt_h_inst_5179     DELLN2X2_RVT    saed32rvt_c      
clockcopt_h_inst_5181     DELLN3X2_RVT    saed32rvt_c      
clockcopt_h_inst_5182     DELLN2X2_RVT    saed32rvt_c      
clockcopt_h_inst_5183     DELLN1X2_RVT    saed32rvt_c      
clockcopt_h_inst_5184     DELLN2X2_RVT    saed32rvt_c      
clockcopt_h_inst_5185     DELLN1X2_RVT    saed32rvt_c      
clockcopt_h_inst_5187     DELLN1X2_RVT    saed32rvt_c      
clockcopt_h_inst_5188     DELLN2X2_RVT    saed32rvt_c      
clockcopt_h_inst_5189     DELLN1X2_RVT    saed32rvt_c      
clockcopt_h_inst_5190     DELLN1X2_RVT    saed32rvt_c      
clockcopt_h_inst_5192     DELLN1X2_RVT    saed32rvt_c      
clockcopt_h_inst_5193     DELLN2X2_RVT    saed32rvt_c      
clockcopt_h_inst_5194     DELLN3X2_RVT    saed32rvt_c      
clockcopt_h_inst_5196     NBUFFX2_RVT     saed32rvt_c      
clockcopt_h_inst_5197     DELLN2X2_RVT    saed32rvt_c      
clockcopt_h_inst_5198     DELLN1X2_RVT    saed32rvt_c      
clockcopt_h_inst_5199     DELLN1X2_RVT    saed32rvt_c      
clockcopt_h_inst_5201     DELLN3X2_RVT    saed32rvt_c      
clockcopt_h_inst_5202     NBUFFX2_RVT     saed32rvt_c      
clockcopt_h_inst_5203     NBUFFX2_RVT     saed32rvt_c      
clockcopt_h_inst_5204     NBUFFX2_RVT     saed32rvt_c      
clockcopt_h_inst_5205     DELLN1X2_RVT    saed32rvt_c      
clockcopt_h_inst_5206     NBUFFX2_RVT     saed32rvt_c      
clockcopt_h_inst_5207     DELLN3X2_RVT    saed32rvt_c      
clockcopt_h_inst_5210     DELLN3X2_RVT    saed32rvt_c      
clockcopt_h_inst_5212     DELLN2X2_RVT    saed32rvt_c      
clockcopt_h_inst_5214     NBUFFX2_RVT     saed32rvt_c      
clockcopt_h_inst_5215     DELLN2X2_RVT    saed32rvt_c      
clockcopt_h_inst_5216     NBUFFX2_RVT     saed32rvt_c      
clockcopt_h_inst_5217     DELLN1X2_RVT    saed32rvt_c      
clockcopt_h_inst_5218     NBUFFX2_RVT     saed32rvt_c      
clockcopt_h_inst_5221     DELLN2X2_RVT    saed32rvt_c      
clockcopt_h_inst_5223     DELLN3X2_RVT    saed32rvt_c      
clockcopt_h_inst_5225     NBUFFX2_RVT     saed32rvt_c      
clockcopt_h_inst_5226     DELLN2X2_RVT    saed32rvt_c      
clockcopt_h_inst_5227     DELLN2X2_RVT    saed32rvt_c      
clockcopt_h_inst_5229     DELLN3X2_RVT    saed32rvt_c      
clockcopt_h_inst_5230     DELLN3X2_RVT    saed32rvt_c      
clockcopt_h_inst_5231     DELLN2X2_RVT    saed32rvt_c      
clockcopt_h_inst_5232     DELLN3X2_RVT    saed32rvt_c      
clockcopt_h_inst_5233     DELLN3X2_RVT    saed32rvt_c      
clockcopt_h_inst_5234     DELLN3X2_RVT    saed32rvt_c      
clockcopt_h_inst_5235     DELLN3X2_RVT    saed32rvt_c      
clockcopt_h_inst_5236     DELLN3X2_RVT    saed32rvt_c      
clockcopt_h_inst_5237     DELLN3X2_RVT    saed32rvt_c      
clockcopt_h_inst_5238     DELLN2X2_RVT    saed32rvt_c      
clockcopt_h_inst_5239     DELLN3X2_RVT    saed32rvt_c      
clockcopt_h_inst_5240     DELLN2X2_RVT    saed32rvt_c      
clockcopt_h_inst_5241     DELLN3X2_RVT    saed32rvt_c      
clockcopt_h_inst_5242     DELLN1X2_RVT    saed32rvt_c      
clockcopt_h_inst_5243     DELLN3X2_RVT    saed32rvt_c      
clockcopt_h_inst_5244     DELLN1X2_RVT    saed32rvt_c      
clockcopt_h_inst_5245     DELLN3X2_RVT    saed32rvt_c      
clockcopt_h_inst_5246     DELLN1X2_RVT    saed32rvt_c      
clockcopt_h_inst_5247     DELLN3X2_RVT    saed32rvt_c      
clockcopt_h_inst_5248     DELLN1X2_RVT    saed32rvt_c      
clockcopt_h_inst_5249     DELLN3X2_RVT    saed32rvt_c      
clockcopt_h_inst_5250     DELLN1X2_RVT    saed32rvt_c      
clockcopt_h_inst_5251     DELLN2X2_RVT    saed32rvt_c      
clockcopt_h_inst_5252     DELLN1X2_RVT    saed32rvt_c      
clockcopt_h_inst_5253     DELLN2X2_RVT    saed32rvt_c      
clockcopt_h_inst_5254     DELLN1X2_RVT    saed32rvt_c      
clockcopt_h_inst_5255     DELLN3X2_RVT    saed32rvt_c      
clockcopt_h_inst_5256     NBUFFX2_RVT     saed32rvt_c      
clockcopt_h_inst_5257     DELLN2X2_RVT    saed32rvt_c      
clockcopt_h_inst_5258     DELLN1X2_RVT    saed32rvt_c      
clockcopt_h_inst_5259     NBUFFX2_RVT     saed32rvt_c      
clockcopt_h_inst_5260     DELLN2X2_RVT    saed32rvt_c      
clockcopt_h_inst_5261     DELLN2X2_RVT    saed32rvt_c      
clockcopt_h_inst_5262     NBUFFX2_RVT     saed32rvt_c      
clockcopt_h_inst_5263     DELLN2X2_RVT    saed32rvt_c      
clockcopt_h_inst_5264     DELLN2X2_RVT    saed32rvt_c      
clockcopt_h_inst_5265     DELLN2X2_RVT    saed32rvt_c      
clockcopt_h_inst_5266     DELLN3X2_RVT    saed32rvt_c      
clockcopt_h_inst_5267     DELLN2X2_RVT    saed32rvt_c      
clockcopt_h_inst_5268     DELLN2X2_RVT    saed32rvt_c      
clockcopt_h_inst_5269     DELLN1X2_RVT    saed32rvt_c      
clockcopt_h_inst_5270     DELLN2X2_RVT    saed32rvt_c      
clockcopt_h_inst_5271     DELLN1X2_RVT    saed32rvt_c      
clockcopt_h_inst_5272     DELLN1X2_RVT    saed32rvt_c      
clockcopt_h_inst_5273     DELLN1X2_RVT    saed32rvt_c      
clockcopt_h_inst_5274     DELLN2X2_RVT    saed32rvt_c      
clockcopt_h_inst_5275     DELLN2X2_RVT    saed32rvt_c      
clockcopt_h_inst_5276     DELLN1X2_RVT    saed32rvt_c      
clockcopt_h_inst_5277     DELLN2X2_RVT    saed32rvt_c      
clockcopt_h_inst_5278     NBUFFX2_RVT     saed32rvt_c      
clockcopt_h_inst_5279     NBUFFX2_RVT     saed32rvt_c      
clockcopt_h_inst_5280     DELLN1X2_RVT    saed32rvt_c      
clockcopt_h_inst_5281     DELLN2X2_RVT    saed32rvt_c      
clockcopt_h_inst_5282     DELLN2X2_RVT    saed32rvt_c      
clockcopt_h_inst_5283     DELLN2X2_RVT    saed32rvt_c      
clockcopt_h_inst_5284     DELLN1X2_RVT    saed32rvt_c      
clockcopt_h_inst_5285     DELLN2X2_RVT    saed32rvt_c      
clockcopt_h_inst_5286     DELLN2X2_RVT    saed32rvt_c      
clockcopt_h_inst_5287     DELLN2X2_RVT    saed32rvt_c      
clockcopt_h_inst_5288     DELLN2X2_RVT    saed32rvt_c      
clockcopt_h_inst_5289     DELLN2X2_RVT    saed32rvt_c      
clockcopt_h_inst_5290     DELLN2X2_RVT    saed32rvt_c      
clockcopt_h_inst_5291     DELLN1X2_RVT    saed32rvt_c      
clockcopt_h_inst_5292     DELLN2X2_RVT    saed32rvt_c      
clockcopt_h_inst_5293     DELLN3X2_RVT    saed32rvt_c      
clockcopt_h_inst_5294     DELLN2X2_RVT    saed32rvt_c      
clockcopt_h_inst_5296     DELLN3X2_RVT    saed32rvt_c      
clockcopt_h_inst_5297     DELLN2X2_RVT    saed32rvt_c      
clockcopt_h_inst_5298     DELLN1X2_RVT    saed32rvt_c      
clockcopt_h_inst_5299     DELLN1X2_RVT    saed32rvt_c      
clockcopt_h_inst_5301     DELLN1X2_RVT    saed32rvt_c      
clockcopt_h_inst_5304     DELLN3X2_RVT    saed32rvt_c      
clockcopt_h_inst_5305     NBUFFX2_RVT     saed32rvt_c      
clockcopt_h_inst_5306     NBUFFX2_RVT     saed32rvt_c      
clockcopt_h_inst_5309     NBUFFX2_RVT     saed32rvt_c      
clockcopt_h_inst_5310     DELLN2X2_RVT    saed32rvt_c      
clockcopt_h_inst_5313     DELLN2X2_RVT    saed32rvt_c      
clockcopt_h_inst_5315     NBUFFX2_RVT     saed32rvt_c      
clockcopt_h_inst_5316     DELLN2X2_RVT    saed32rvt_c      
clockcopt_h_inst_5317     NBUFFX2_RVT     saed32rvt_c      
clockcopt_h_inst_5318     NBUFFX2_RVT     saed32rvt_c      
clockcopt_h_inst_5319     DELLN2X2_RVT    saed32rvt_c      
clockcopt_h_inst_5322     NBUFFX2_RVT     saed32rvt_c      
clockcopt_h_inst_5324     DELLN2X2_RVT    saed32rvt_c      
clockcopt_h_inst_5326     NBUFFX2_RVT     saed32rvt_c      
clockcopt_h_inst_5328     DELLN3X2_RVT    saed32rvt_c      
clockcopt_h_inst_5330     DELLN2X2_RVT    saed32rvt_c      
clockcopt_h_inst_5331     DELLN3X2_RVT    saed32rvt_c      
clockcopt_h_inst_5332     DELLN3X2_RVT    saed32rvt_c      
clockcopt_h_inst_5333     DELLN2X2_RVT    saed32rvt_c      
clockcopt_h_inst_5334     NBUFFX2_RVT     saed32rvt_c      
clockcopt_h_inst_5335     DELLN2X2_RVT    saed32rvt_c      
clockcopt_h_inst_5336     DELLN2X2_RVT    saed32rvt_c      
clockcopt_h_inst_5337     DELLN3X2_RVT    saed32rvt_c      
clockcopt_h_inst_5338     DELLN1X2_RVT    saed32rvt_c      
clockcopt_h_inst_5339     DELLN3X2_RVT    saed32rvt_c      
clockcopt_h_inst_5340     DELLN1X2_RVT    saed32rvt_c      
clockcopt_h_inst_5341     DELLN3X2_RVT    saed32rvt_c      
clockcopt_h_inst_5342     DELLN1X2_RVT    saed32rvt_c      
clockcopt_h_inst_5343     DELLN3X2_RVT    saed32rvt_c      
clockcopt_h_inst_5344     DELLN1X2_RVT    saed32rvt_c      
clockcopt_h_inst_5345     DELLN3X2_RVT    saed32rvt_c      
clockcopt_h_inst_5346     DELLN1X2_RVT    saed32rvt_c      
clockcopt_h_inst_5347     DELLN3X2_RVT    saed32rvt_c      
clockcopt_h_inst_5348     DELLN1X2_RVT    saed32rvt_c      
clockcopt_h_inst_5349     DELLN2X2_RVT    saed32rvt_c      
clockcopt_h_inst_5350     DELLN1X2_RVT    saed32rvt_c      
clockcopt_h_inst_5351     DELLN3X2_RVT    saed32rvt_c      
clockcopt_h_inst_5352     NBUFFX2_RVT     saed32rvt_c      
clockcopt_h_inst_5353     DELLN3X2_RVT    saed32rvt_c      
clockcopt_h_inst_5354     DELLN1X2_RVT    saed32rvt_c      
clockcopt_h_inst_5355     DELLN1X2_RVT    saed32rvt_c      
clockcopt_h_inst_5356     DELLN2X2_RVT    saed32rvt_c      
clockcopt_h_inst_5357     DELLN1X2_RVT    saed32rvt_c      
clockcopt_h_inst_5358     DELLN1X2_RVT    saed32rvt_c      
clockcopt_h_inst_5359     DELLN2X2_RVT    saed32rvt_c      
clockcopt_h_inst_5361     DELLN2X2_RVT    saed32rvt_c      
clockcopt_h_inst_5362     DELLN2X2_RVT    saed32rvt_c      
clockcopt_h_inst_5363     DELLN2X2_RVT    saed32rvt_c      
clockcopt_h_inst_5364     DELLN2X2_RVT    saed32rvt_c      
clockcopt_h_inst_5365     DELLN2X2_RVT    saed32rvt_c      
clockcopt_h_inst_5366     DELLN2X2_RVT    saed32rvt_c      
clockcopt_h_inst_5367     DELLN2X2_RVT    saed32rvt_c      
clockcopt_h_inst_5368     DELLN2X2_RVT    saed32rvt_c      
clockcopt_h_inst_5369     DELLN2X2_RVT    saed32rvt_c      
clockcopt_h_inst_5370     DELLN3X2_RVT    saed32rvt_c      
clockcopt_h_inst_5371     DELLN1X2_RVT    saed32rvt_c      
clockcopt_h_inst_5372     DELLN2X2_RVT    saed32rvt_c      
clockcopt_h_inst_5373     DELLN2X2_RVT    saed32rvt_c      
clockcopt_h_inst_5374     DELLN2X2_RVT    saed32rvt_c      
clockcopt_h_inst_5375     DELLN1X2_RVT    saed32rvt_c      
clockcopt_h_inst_5376     DELLN2X2_RVT    saed32rvt_c      
clockcopt_h_inst_5377     DELLN2X2_RVT    saed32rvt_c      
clockcopt_h_inst_5378     DELLN1X2_RVT    saed32rvt_c      
clockcopt_h_inst_5379     DELLN1X2_RVT    saed32rvt_c      
clockcopt_h_inst_5380     DELLN2X2_RVT    saed32rvt_c      
clockcopt_h_inst_5383     NBUFFX2_RVT     saed32rvt_c      
clockcopt_h_inst_5384     DELLN2X2_RVT    saed32rvt_c      
clockcopt_h_inst_5385     NBUFFX2_RVT     saed32rvt_c      
clockcopt_h_inst_5386     NBUFFX2_RVT     saed32rvt_c      
clockcopt_h_inst_5387     DELLN2X2_RVT    saed32rvt_c      
clockcopt_h_inst_5393     NBUFFX2_RVT     saed32rvt_c      
clockcopt_h_inst_5394     DELLN1X2_RVT    saed32rvt_c      
clockcopt_h_inst_5395     DELLN2X2_RVT    saed32rvt_c      
clockcopt_h_inst_5396     DELLN3X2_RVT    saed32rvt_c      
clockcopt_h_inst_5398     NBUFFX2_RVT     saed32rvt_c      
clockcopt_h_inst_5402     DELLN3X2_RVT    saed32rvt_c      
clockcopt_h_inst_5403     DELLN2X2_RVT    saed32rvt_c      
clockcopt_h_inst_5404     DELLN3X2_RVT    saed32rvt_c      
clockcopt_h_inst_5405     NBUFFX2_RVT     saed32rvt_c      
clockcopt_h_inst_5406     DELLN3X2_RVT    saed32rvt_c      
clockcopt_h_inst_5407     DELLN1X2_RVT    saed32rvt_c      
clockcopt_h_inst_5410     DELLN2X2_RVT    saed32rvt_c      
clockcopt_h_inst_5411     DELLN3X2_RVT    saed32rvt_c      
clockcopt_h_inst_5412     DELLN1X2_RVT    saed32rvt_c      
clockcopt_h_inst_5432     DELLN2X2_RVT    saed32rvt_c      
clockcopt_h_inst_5433     DELLN3X2_RVT    saed32rvt_c      
clockcopt_h_inst_5434     NBUFFX2_RVT     saed32rvt_c      
clockcopt_h_inst_5435     DELLN1X2_RVT    saed32rvt_c      
clockcopt_h_inst_5436     NBUFFX2_RVT     saed32rvt_c      
clockcopt_h_inst_5437     DELLN2X2_RVT    saed32rvt_c      
clockcopt_h_inst_5438     DELLN1X2_RVT    saed32rvt_c      
clockcopt_h_inst_5439     DELLN2X2_RVT    saed32rvt_c      
clockcopt_h_inst_5440     DELLN1X2_RVT    saed32rvt_c      
clockcopt_h_inst_5441     DELLN2X2_RVT    saed32rvt_c      
clockcopt_h_inst_5442     DELLN1X2_RVT    saed32rvt_c      
clockcopt_h_inst_5443     DELLN1X2_RVT    saed32rvt_c      
clockcopt_h_inst_5444     DELLN1X2_RVT    saed32rvt_c      
clockcopt_h_inst_5445     DELLN2X2_RVT    saed32rvt_c      
clockcopt_h_inst_5446     DELLN2X2_RVT    saed32rvt_c      
clockcopt_h_inst_5447     DELLN2X2_RVT    saed32rvt_c      
clockcopt_h_inst_5448     DELLN2X2_RVT    saed32rvt_c      
clockcopt_h_inst_5450     DELLN2X2_RVT    saed32rvt_c      
clockcopt_h_inst_5451     DELLN2X2_RVT    saed32rvt_c      
clockcopt_h_inst_5452     DELLN1X2_RVT    saed32rvt_c      
clockcopt_h_inst_5453     DELLN2X2_RVT    saed32rvt_c      
clockcopt_h_inst_5454     DELLN1X2_RVT    saed32rvt_c      
clockcopt_h_inst_5455     NBUFFX2_RVT     saed32rvt_c      
clockcopt_h_inst_5456     NBUFFX2_RVT     saed32rvt_c      
clockcopt_h_inst_5457     NBUFFX2_RVT     saed32rvt_c      
clockcopt_h_inst_5458     NBUFFX2_RVT     saed32rvt_c      
clockcopt_h_inst_5461     DELLN1X2_RVT    saed32rvt_c      
clockcopt_h_inst_5463     DELLN1X2_RVT    saed32rvt_c      
clockcopt_h_inst_5465     DELLN2X2_RVT    saed32rvt_c      
clockcopt_h_inst_5466     NBUFFX2_RVT     saed32rvt_c      
clockcopt_h_inst_5467     NBUFFX2_RVT     saed32rvt_c      
clockcopt_h_inst_5469     NBUFFX2_RVT     saed32rvt_c      
clockcopt_h_inst_5470     DELLN3X2_RVT    saed32rvt_c      
clockcopt_h_inst_5473     DELLN1X2_RVT    saed32rvt_c      
clockcopt_h_inst_5475     DELLN2X2_RVT    saed32rvt_c      
clockcopt_h_inst_5477     NBUFFX2_RVT     saed32rvt_c      
clockcopt_h_inst_5485     DELLN1X2_RVT    saed32rvt_c      
clockcopt_h_inst_5486     DELLN2X2_RVT    saed32rvt_c      
clockcopt_h_inst_5489     DELLN2X2_RVT    saed32rvt_c      
clockcopt_h_inst_5490     DELLN3X2_RVT    saed32rvt_c      
clockcopt_h_inst_5491     NBUFFX2_RVT     saed32rvt_c      
clockcopt_h_inst_5492     DELLN3X2_RVT    saed32rvt_c      
clockcopt_h_inst_5493     DELLN1X2_RVT    saed32rvt_c      
clockcopt_h_inst_5494     DELLN3X2_RVT    saed32rvt_c      
clockcopt_h_inst_5495     DELLN2X2_RVT    saed32rvt_c      
clockcopt_h_inst_5496     DELLN3X2_RVT    saed32rvt_c      
clockcopt_h_inst_5497     DELLN1X2_RVT    saed32rvt_c      
clockcopt_h_inst_5498     DELLN3X2_RVT    saed32rvt_c      
clockcopt_h_inst_5499     DELLN1X2_RVT    saed32rvt_c      
clockcopt_h_inst_5500     DELLN2X2_RVT    saed32rvt_c      
clockcopt_h_inst_5501     DELLN1X2_RVT    saed32rvt_c      
clockcopt_h_inst_5502     DELLN1X2_RVT    saed32rvt_c      
clockcopt_h_inst_5503     DELLN3X2_RVT    saed32rvt_c      
clockcopt_h_inst_5504     DELLN3X2_RVT    saed32rvt_c      
clockcopt_h_inst_5505     DELLN2X2_RVT    saed32rvt_c      
clockcopt_h_inst_5506     DELLN3X2_RVT    saed32rvt_c      
clockcopt_h_inst_5507     DELLN2X2_RVT    saed32rvt_c      
clockcopt_h_inst_5508     DELLN2X2_RVT    saed32rvt_c      
clockcopt_h_inst_5509     DELLN1X2_RVT    saed32rvt_c      
clockcopt_h_inst_5510     DELLN1X2_RVT    saed32rvt_c      
clockcopt_h_inst_5511     DELLN2X2_RVT    saed32rvt_c      
clockcopt_h_inst_5512     DELLN1X2_RVT    saed32rvt_c      
clockcopt_h_inst_5513     DELLN3X2_RVT    saed32rvt_c      
clockcopt_h_inst_5514     DELLN2X2_RVT    saed32rvt_c      
clockcopt_h_inst_5515     DELLN1X2_RVT    saed32rvt_c      
clockcopt_h_inst_5516     DELLN2X2_RVT    saed32rvt_c      
clockcopt_h_inst_5517     DELLN2X2_RVT    saed32rvt_c      
clockcopt_h_inst_5518     NBUFFX2_RVT     saed32rvt_c      
clockcopt_h_inst_5519     DELLN1X2_RVT    saed32rvt_c      
clockcopt_h_inst_5520     DELLN1X2_RVT    saed32rvt_c      
clockcopt_h_inst_5521     DELLN1X2_RVT    saed32rvt_c      
clockcopt_h_inst_5522     DELLN1X2_RVT    saed32rvt_c      
clockcopt_h_inst_5523     DELLN2X2_RVT    saed32rvt_c      
clockcopt_h_inst_5524     DELLN2X2_RVT    saed32rvt_c      
clockcopt_h_inst_5525     DELLN1X2_RVT    saed32rvt_c      
clockcopt_h_inst_5526     NBUFFX2_RVT     saed32rvt_c      
clockcopt_h_inst_5527     NBUFFX2_RVT     saed32rvt_c      
clockcopt_h_inst_5528     NBUFFX2_RVT     saed32rvt_c      
clockcopt_h_inst_5530     NBUFFX2_RVT     saed32rvt_c      
clockcopt_h_inst_5531     DELLN2X2_RVT    saed32rvt_c      
clockcopt_h_inst_5535     DELLN1X2_RVT    saed32rvt_c      
clockcopt_h_inst_5536     NBUFFX2_RVT     saed32rvt_c      
clockcopt_h_inst_5537     NBUFFX2_RVT     saed32rvt_c      
clockcopt_h_inst_5538     DELLN2X2_RVT    saed32rvt_c      
clockcopt_h_inst_5539     DELLN3X2_RVT    saed32rvt_c      
clockcopt_h_inst_5540     DELLN2X2_RVT    saed32rvt_c      
clockcopt_h_inst_5541     DELLN3X2_RVT    saed32rvt_c      
clockcopt_h_inst_5542     DELLN1X2_RVT    saed32rvt_c      
clockcopt_h_inst_5543     DELLN3X2_RVT    saed32rvt_c      
clockcopt_h_inst_5544     DELLN1X2_RVT    saed32rvt_c      
clockcopt_h_inst_5545     DELLN3X2_RVT    saed32rvt_c      
clockcopt_h_inst_5546     DELLN1X2_RVT    saed32rvt_c      
clockcopt_h_inst_5547     DELLN3X2_RVT    saed32rvt_c      
clockcopt_h_inst_5548     NBUFFX2_RVT     saed32rvt_c      
clockcopt_h_inst_5549     DELLN3X2_RVT    saed32rvt_c      
clockcopt_h_inst_5550     NBUFFX2_RVT     saed32rvt_c      
clockcopt_h_inst_5551     DELLN3X2_RVT    saed32rvt_c      
clockcopt_h_inst_5553     DELLN3X2_RVT    saed32rvt_c      
clockcopt_h_inst_5554     DELLN1X2_RVT    saed32rvt_c      
clockcopt_h_inst_5555     DELLN2X2_RVT    saed32rvt_c      
clockcopt_h_inst_5557     DELLN2X2_RVT    saed32rvt_c      
clockcopt_h_inst_5573     DELLN3X2_RVT    saed32rvt_c      
clockcopt_h_inst_5574     NBUFFX2_RVT     saed32rvt_c      
clockcopt_h_inst_5575     DELLN1X2_RVT    saed32rvt_c      
clockcopt_h_inst_5577     DELLN2X2_RVT    saed32rvt_c      
clockcopt_h_inst_5578     DELLN2X2_RVT    saed32rvt_c      
clockcopt_h_inst_5579     DELLN1X2_RVT    saed32rvt_c      
clockcopt_h_inst_5580     NBUFFX2_RVT     saed32rvt_c      
clockcopt_h_inst_5584     NBUFFX2_RVT     saed32rvt_c      
clockcopt_h_inst_5585     NBUFFX2_RVT     saed32rvt_c      
clockcopt_h_inst_5586     DELLN1X2_RVT    saed32rvt_c      
clockcopt_h_inst_5587     NBUFFX2_RVT     saed32rvt_c      
clockcopt_h_inst_5588     NBUFFX2_RVT     saed32rvt_c      
clockcopt_h_inst_5589     NBUFFX2_RVT     saed32rvt_c      
clockcopt_h_inst_5590     NBUFFX2_RVT     saed32rvt_c      
clockcopt_h_inst_5592     NBUFFX2_RVT     saed32rvt_c      
clockcopt_h_inst_5593     DELLN1X2_RVT    saed32rvt_c      
clockcopt_h_inst_5594     DELLN1X2_RVT    saed32rvt_c      
clockcopt_h_inst_5595     NBUFFX2_RVT     saed32rvt_c      
clockcopt_h_inst_5598     DELLN3X2_RVT    saed32rvt_c      
clockcopt_h_inst_5602     DELLN2X2_RVT    saed32rvt_c      
clockcopt_h_inst_5603     DELLN3X2_RVT    saed32rvt_c      
clockcopt_h_inst_5604     DELLN1X2_RVT    saed32rvt_c      
clockcopt_h_inst_5605     DELLN3X2_RVT    saed32rvt_c      
clockcopt_h_inst_5606     DELLN1X2_RVT    saed32rvt_c      
clockcopt_h_inst_5607     DELLN3X2_RVT    saed32rvt_c      
clockcopt_h_inst_5608     DELLN2X2_RVT    saed32rvt_c      
clockcopt_h_inst_5609     DELLN1X2_RVT    saed32rvt_c      
clockcopt_h_inst_5610     DELLN3X2_RVT    saed32rvt_c      
clockcopt_h_inst_5611     NBUFFX2_RVT     saed32rvt_c      
clockcopt_h_inst_5612     DELLN1X2_RVT    saed32rvt_c      
clockcopt_h_inst_5613     DELLN1X2_RVT    saed32rvt_c      
clockcopt_h_inst_5614     DELLN1X2_RVT    saed32rvt_c      
clockcopt_h_inst_5615     DELLN2X2_RVT    saed32rvt_c      
clockcopt_h_inst_5616     NBUFFX2_RVT     saed32rvt_c      
clockcopt_h_inst_5618     DELLN1X2_RVT    saed32rvt_c      
clockcopt_h_inst_5619     NBUFFX2_RVT     saed32rvt_c      
clockcopt_h_inst_5620     NBUFFX2_RVT     saed32rvt_c      
clockcopt_h_inst_5622     DELLN1X2_RVT    saed32rvt_c      
clockcopt_h_inst_5626     NBUFFX2_RVT     saed32rvt_c      
clockcopt_h_inst_5629     DELLN2X2_RVT    saed32rvt_c      
clockcopt_h_inst_5630     DELLN2X2_RVT    saed32rvt_c      
clockcopt_h_inst_5631     DELLN3X2_RVT    saed32rvt_c      
clockcopt_h_inst_5632     DELLN3X2_RVT    saed32rvt_c      
clockcopt_h_inst_5633     NBUFFX2_RVT     saed32rvt_c      
clockcopt_h_inst_5634     DELLN3X2_RVT    saed32rvt_c      
clockcopt_h_inst_5635     NBUFFX2_RVT     saed32rvt_c      
clockcopt_h_inst_5636     DELLN3X2_RVT    saed32rvt_c      
clockcopt_h_inst_5638     DELLN2X2_RVT    saed32rvt_c      
clockcopt_h_inst_5639     DELLN3X2_RVT    saed32rvt_c      
clockcopt_h_inst_5640     NBUFFX2_RVT     saed32rvt_c      
clockcopt_h_inst_5641     DELLN1X2_RVT    saed32rvt_c      
clockcopt_h_inst_5643     DELLN2X2_RVT    saed32rvt_c      
clockcopt_h_inst_5644     DELLN1X2_RVT    saed32rvt_c      
clockcopt_h_inst_5646     DELLN3X2_RVT    saed32rvt_c      
clockcopt_h_inst_5647     NBUFFX2_RVT     saed32rvt_c      
clockcopt_h_inst_5648     DELLN1X2_RVT    saed32rvt_c      
clockcopt_h_inst_5649     NBUFFX2_RVT     saed32rvt_c      
clockcopt_h_inst_5650     NBUFFX2_RVT     saed32rvt_c      
clockcopt_h_inst_5653     DELLN3X2_RVT    saed32rvt_c      
clockcopt_h_inst_5654     DELLN3X2_RVT    saed32rvt_c      
clockcopt_h_inst_5655     DELLN2X2_RVT    saed32rvt_c      
clockcopt_h_inst_5656     DELLN1X2_RVT    saed32rvt_c      
clockcopt_h_inst_5657     DELLN3X2_RVT    saed32rvt_c      
clockcopt_h_inst_5658     DELLN1X2_RVT    saed32rvt_c      
clockcopt_h_inst_5659     DELLN3X2_RVT    saed32rvt_c      
clockcopt_h_inst_5660     NBUFFX2_RVT     saed32rvt_c      
clockcopt_h_inst_5661     DELLN3X2_RVT    saed32rvt_c      
clockcopt_h_inst_5662     NBUFFX2_RVT     saed32rvt_c      
clockcopt_h_inst_5663     DELLN3X2_RVT    saed32rvt_c      
clockcopt_h_inst_5664     NBUFFX2_RVT     saed32rvt_c      
clockcopt_h_inst_5665     DELLN2X2_RVT    saed32rvt_c      
clockcopt_h_inst_5666     NBUFFX2_RVT     saed32rvt_c      
clockcopt_h_inst_5667     DELLN2X2_RVT    saed32rvt_c      
clockcopt_h_inst_5678     DELLN1X2_RVT    saed32rvt_c      
clockcopt_h_inst_5679     DELLN1X2_RVT    saed32rvt_c      
clockcopt_h_inst_5680     DELLN3X2_RVT    saed32rvt_c      
clockcopt_h_inst_5682     DELLN3X2_RVT    saed32rvt_c      
clockcopt_h_inst_5683     DELLN3X2_RVT    saed32rvt_c      
clockcopt_h_inst_5684     DELLN2X2_RVT    saed32rvt_c      
clockcopt_h_inst_5685     DELLN2X2_RVT    saed32rvt_c      
clockcopt_h_inst_5686     DELLN1X2_RVT    saed32rvt_c      
clockcopt_h_inst_5687     DELLN1X2_RVT    saed32rvt_c      
clockcopt_h_inst_5688     DELLN1X2_RVT    saed32rvt_c      
clockcopt_h_inst_5689     DELLN1X2_RVT    saed32rvt_c      
clockcopt_h_inst_5690     DELLN2X2_RVT    saed32rvt_c      
clockcopt_h_inst_5691     DELLN3X2_RVT    saed32rvt_c      
clockcopt_h_inst_5693     DELLN2X2_RVT    saed32rvt_c      
clockcopt_h_inst_5694     DELLN2X2_RVT    saed32rvt_c      
clockcopt_h_inst_5699     NBUFFX2_RVT     saed32rvt_c      
clockcopt_h_inst_5700     DELLN2X2_RVT    saed32rvt_c      
clockcopt_h_inst_5701     NBUFFX2_RVT     saed32rvt_c      
clockcopt_h_inst_5703     DELLN2X2_RVT    saed32rvt_c      
clockcopt_h_inst_5704     DELLN1X2_RVT    saed32rvt_c      
clockcopt_h_inst_5705     DELLN3X2_RVT    saed32rvt_c      
clockcopt_h_inst_5706     DELLN1X2_RVT    saed32rvt_c      
clockcopt_h_inst_5707     DELLN3X2_RVT    saed32rvt_c      
clockcopt_h_inst_5708     NBUFFX2_RVT     saed32rvt_c      
clockcopt_h_inst_5709     DELLN3X2_RVT    saed32rvt_c      
clockcopt_h_inst_5710     NBUFFX2_RVT     saed32rvt_c      
clockcopt_h_inst_5711     DELLN3X2_RVT    saed32rvt_c      
clockcopt_h_inst_5712     NBUFFX2_RVT     saed32rvt_c      
clockcopt_h_inst_5713     DELLN3X2_RVT    saed32rvt_c      
clockcopt_h_inst_5714     DELLN2X2_RVT    saed32rvt_c      
clockcopt_h_inst_5715     DELLN2X2_RVT    saed32rvt_c      
clockcopt_h_inst_5716     NBUFFX2_RVT     saed32rvt_c      
clockcopt_h_inst_5717     DELLN1X2_RVT    saed32rvt_c      
clockcopt_h_inst_5718     NBUFFX2_RVT     saed32rvt_c      
clockcopt_h_inst_5719     NBUFFX2_RVT     saed32rvt_c      
clockcopt_h_inst_5720     NBUFFX2_RVT     saed32rvt_c      
clockcopt_h_inst_5721     DELLN1X2_RVT    saed32rvt_c      
clockcopt_h_inst_5722     NBUFFX2_RVT     saed32rvt_c      
clockcopt_h_inst_5723     NBUFFX2_RVT     saed32rvt_c      
clockcopt_h_inst_5725     DELLN3X2_RVT    saed32rvt_c      
clockcopt_h_inst_5727     DELLN3X2_RVT    saed32rvt_c      
clockcopt_h_inst_5728     DELLN1X2_RVT    saed32rvt_c      
clockcopt_h_inst_5729     DELLN3X2_RVT    saed32rvt_c      
clockcopt_h_inst_5730     DELLN1X2_RVT    saed32rvt_c      
clockcopt_h_inst_5731     DELLN3X2_RVT    saed32rvt_c      
clockcopt_h_inst_5732     NBUFFX2_RVT     saed32rvt_c      
clockcopt_h_inst_5733     DELLN2X2_RVT    saed32rvt_c      
clockcopt_h_inst_5734     DELLN3X2_RVT    saed32rvt_c      
clockcopt_h_inst_5735     DELLN1X2_RVT    saed32rvt_c      
clockcopt_h_inst_5736     DELLN2X2_RVT    saed32rvt_c      
clockcopt_h_inst_5737     DELLN1X2_RVT    saed32rvt_c      
clockcopt_h_inst_5738     DELLN1X2_RVT    saed32rvt_c      
clockcopt_h_inst_5739     DELLN1X2_RVT    saed32rvt_c      
clockcopt_h_inst_5740     DELLN1X2_RVT    saed32rvt_c      
clockcopt_h_inst_5741     DELLN1X2_RVT    saed32rvt_c      
clockcopt_h_inst_5742     DELLN1X2_RVT    saed32rvt_c      
clockcopt_h_inst_5743     NBUFFX2_RVT     saed32rvt_c      
clockcopt_h_inst_5744     DELLN1X2_RVT    saed32rvt_c      
clockcopt_h_inst_5745     NBUFFX2_RVT     saed32rvt_c      
clockcopt_h_inst_5746     NBUFFX2_RVT     saed32rvt_c      
clockcopt_h_inst_5747     NBUFFX2_RVT     saed32rvt_c      
clockcopt_h_inst_5748     NBUFFX2_RVT     saed32rvt_c      
clockcopt_h_inst_5749     DELLN2X2_RVT    saed32rvt_c      
clockcopt_h_inst_5750     NBUFFX2_RVT     saed32rvt_c      
clockcopt_h_inst_5751     DELLN1X2_RVT    saed32rvt_c      
clockcopt_h_inst_5753     NBUFFX2_RVT     saed32rvt_c      
clockcopt_h_inst_5754     NBUFFX2_RVT     saed32rvt_c      
clockcopt_h_inst_5755     NBUFFX2_RVT     saed32rvt_c      
clockcopt_h_inst_5756     NBUFFX2_RVT     saed32rvt_c      
clockcopt_h_inst_5759     NBUFFX2_RVT     saed32rvt_c      
clockcopt_h_inst_5761     DELLN1X2_RVT    saed32rvt_c      
clockcopt_h_inst_5763     NBUFFX2_RVT     saed32rvt_c      
clockcopt_h_inst_5764     NBUFFX2_RVT     saed32rvt_c      
clockcopt_h_inst_5768     DELLN3X2_RVT    saed32rvt_c      
clockcopt_h_inst_5769     DELLN1X2_RVT    saed32rvt_c      
clockcopt_h_inst_5770     DELLN3X2_RVT    saed32rvt_c      
clockcopt_h_inst_5771     DELLN1X2_RVT    saed32rvt_c      
clockcopt_h_inst_5772     DELLN3X2_RVT    saed32rvt_c      
clockcopt_h_inst_5773     DELLN1X2_RVT    saed32rvt_c      
clockcopt_h_inst_5774     DELLN3X2_RVT    saed32rvt_c      
clockcopt_h_inst_5775     DELLN3X2_RVT    saed32rvt_c      
clockcopt_h_inst_5778     DELLN1X2_RVT    saed32rvt_c      
clockcopt_h_inst_5779     DELLN1X2_RVT    saed32rvt_c      
clockcopt_h_inst_5780     DELLN1X2_RVT    saed32rvt_c      
clockcopt_h_inst_5781     DELLN1X2_RVT    saed32rvt_c      
clockcopt_h_inst_5783     DELLN1X2_RVT    saed32rvt_c      
clockcopt_h_inst_5784     NBUFFX2_RVT     saed32rvt_c      
clockcopt_h_inst_5785     DELLN1X2_RVT    saed32rvt_c      
clockcopt_h_inst_5786     NBUFFX2_RVT     saed32rvt_c      
clockcopt_h_inst_5787     NBUFFX2_RVT     saed32rvt_c      
clockcopt_h_inst_5788     DELLN2X2_RVT    saed32rvt_c      
clockcopt_h_inst_5789     NBUFFX2_RVT     saed32rvt_c      
clockcopt_h_inst_5790     DELLN1X2_RVT    saed32rvt_c      
clockcopt_h_inst_5791     DELLN2X2_RVT    saed32rvt_c      
clockcopt_h_inst_5792     NBUFFX2_RVT     saed32rvt_c      
clockcopt_h_inst_5795     NBUFFX2_RVT     saed32rvt_c      
clockcopt_h_inst_5796     DELLN1X2_RVT    saed32rvt_c      
clockcopt_h_inst_5798     DELLN3X2_RVT    saed32rvt_c      
clockcopt_h_inst_5799     NBUFFX2_RVT     saed32rvt_c      
clockcopt_h_inst_5800     NBUFFX2_RVT     saed32rvt_c      
clockcopt_h_inst_5801     DELLN1X2_RVT    saed32rvt_c      
clockcopt_h_inst_5803     DELLN3X2_RVT    saed32rvt_c      
clockcopt_h_inst_5804     DELLN1X2_RVT    saed32rvt_c      
clockcopt_h_inst_5805     DELLN3X2_RVT    saed32rvt_c      
clockcopt_h_inst_5806     NBUFFX2_RVT     saed32rvt_c      
clockcopt_h_inst_5807     DELLN3X2_RVT    saed32rvt_c      
clockcopt_h_inst_5808     DELLN2X2_RVT    saed32rvt_c      
clockcopt_h_inst_5809     DELLN1X2_RVT    saed32rvt_c      
clockcopt_h_inst_5812     DELLN1X2_RVT    saed32rvt_c      
clockcopt_h_inst_5813     NBUFFX2_RVT     saed32rvt_c      
clockcopt_h_inst_5814     DELLN1X2_RVT    saed32rvt_c      
clockcopt_h_inst_5815     NBUFFX2_RVT     saed32rvt_c      
clockcopt_h_inst_5817     DELLN1X2_RVT    saed32rvt_c      
clockcopt_h_inst_5818     NBUFFX2_RVT     saed32rvt_c      
clockcopt_h_inst_5819     NBUFFX4_RVT     saed32rvt_c      
clockcopt_h_inst_5820     DELLN1X2_RVT    saed32rvt_c      
clockcopt_h_inst_5821     NBUFFX2_RVT     saed32rvt_c      
clockcopt_h_inst_5822     NBUFFX2_RVT     saed32rvt_c      
clockcopt_h_inst_5825     DELLN3X2_RVT    saed32rvt_c      
clockcopt_h_inst_5826     NBUFFX2_RVT     saed32rvt_c      
clockcopt_h_inst_5827     DELLN1X2_RVT    saed32rvt_c      
clockcopt_h_inst_5828     DELLN3X2_RVT    saed32rvt_c      
clockcopt_h_inst_5829     DELLN1X2_RVT    saed32rvt_c      
clockcopt_h_inst_5830     DELLN1X2_RVT    saed32rvt_c      
clockcopt_h_inst_5831     DELLN1X2_RVT    saed32rvt_c      
clockcopt_h_inst_5832     DELLN1X2_RVT    saed32rvt_c      
clockcopt_h_inst_5833     NBUFFX2_RVT     saed32rvt_c      
clockcopt_h_inst_5834     DELLN2X2_RVT    saed32rvt_c      
clockcopt_h_inst_5835     NBUFFX2_RVT     saed32rvt_c      
clockcopt_h_inst_5836     NBUFFX2_RVT     saed32rvt_c      
clockcopt_h_inst_5838     NBUFFX2_RVT     saed32rvt_c      
clockcopt_h_inst_5839     DELLN3X2_RVT    saed32rvt_c      
clockcopt_h_inst_5841     DELLN3X2_RVT    saed32rvt_c      
clockcopt_h_inst_5842     DELLN3X2_RVT    saed32rvt_c      
clockcopt_h_inst_5843     DELLN2X2_RVT    saed32rvt_c      
clockcopt_h_inst_5844     DELLN1X2_RVT    saed32rvt_c      
clockcopt_h_inst_5845     DELLN1X2_RVT    saed32rvt_c      
clockcopt_h_inst_5846     NBUFFX2_RVT     saed32rvt_c      
clockcopt_h_inst_5847     NBUFFX2_RVT     saed32rvt_c      
clockcopt_h_inst_5848     NBUFFX2_RVT     saed32rvt_c      
clockcopt_h_inst_5849     NBUFFX2_RVT     saed32rvt_c      
clockcopt_h_inst_5850     DELLN2X2_RVT    saed32rvt_c      
clockcopt_h_inst_5851     NBUFFX2_RVT     saed32rvt_c      
clockcopt_h_inst_5852     NBUFFX2_RVT     saed32rvt_c      
clockcopt_h_inst_5853     DELLN2X2_RVT    saed32rvt_c      
clockcopt_h_inst_5855     NBUFFX2_RVT     saed32rvt_c      
clockcopt_h_inst_5856     NBUFFX2_RVT     saed32rvt_c      
clockcopt_h_inst_5857     NBUFFX2_RVT     saed32rvt_c      
clockcopt_h_inst_5858     NBUFFX2_RVT     saed32rvt_c      
clockcopt_h_inst_5859     NBUFFX2_RVT     saed32rvt_c      
clockcopt_h_inst_5860     DELLN3X2_RVT    saed32rvt_c      
clockcopt_h_inst_5861     DELLN3X2_RVT    saed32rvt_c      
clockcopt_h_inst_5862     NBUFFX2_RVT     saed32rvt_c      
clockcopt_h_inst_5863     DELLN1X2_RVT    saed32rvt_c      
clockcopt_h_inst_5864     DELLN2X2_RVT    saed32rvt_c      
clockcopt_h_inst_5865     DELLN3X2_RVT    saed32rvt_c      
clockcopt_h_inst_5866     NBUFFX2_RVT     saed32rvt_c      
clockcopt_h_inst_5867     DELLN3X2_RVT    saed32rvt_c      
clockcopt_h_inst_5868     NBUFFX2_RVT     saed32rvt_c      
clockcopt_h_inst_5869     NBUFFX2_RVT     saed32rvt_c      
clockcopt_h_inst_5870     DELLN2X2_RVT    saed32rvt_c      
clockcopt_h_inst_5871     DELLN1X2_RVT    saed32rvt_c      
clockcopt_h_inst_5872     DELLN2X2_RVT    saed32rvt_c      
clockcopt_h_inst_5873     DELLN2X2_RVT    saed32rvt_c      
clockcopt_h_inst_5874     NBUFFX2_RVT     saed32rvt_c      
clockcopt_h_inst_5875     DELLN2X2_RVT    saed32rvt_c      
clockcopt_h_inst_5876     NBUFFX2_RVT     saed32rvt_c      
clockcopt_h_inst_5878     DELLN3X2_RVT    saed32rvt_c      
clockcopt_h_inst_5879     DELLN2X2_RVT    saed32rvt_c      
clockcopt_h_inst_5880     NBUFFX2_RVT     saed32rvt_c      
clockcopt_h_inst_5881     DELLN2X2_RVT    saed32rvt_c      
clockcopt_h_inst_5882     NBUFFX2_RVT     saed32rvt_c      
clockcopt_h_inst_5884     DELLN1X2_RVT    saed32rvt_c      
clockcopt_h_inst_5885     NBUFFX2_RVT     saed32rvt_c      
clockZBUF_inst_5942       NBUFFX2_RVT     saed32rvt_c      
clockZBUF_inst_5943       NBUFFX2_RVT     saed32rvt_c      
clockZBUF_inst_5944       NBUFFX2_RVT     saed32rvt_c      
clockZBUF_inst_5945       NBUFFX2_RVT     saed32rvt_c      
clockZBUF_inst_5946       NBUFFX2_RVT     saed32rvt_c      
clockZBUF_inst_5947       NBUFFX2_RVT     saed32rvt_c      
clockZBUF_inst_5948       NBUFFX2_RVT     saed32rvt_c      
clockZBUF_inst_5949       NBUFFX2_RVT     saed32rvt_c      
clockZBUF_inst_5950       NBUFFX2_RVT     saed32rvt_c      
clockZBUF_inst_5951       NBUFFX2_RVT     saed32rvt_c      
clockZBUF_inst_5952       NBUFFX2_RVT     saed32rvt_c      
clockZBUF_inst_5953       NBUFFX2_RVT     saed32rvt_c      
clockZBUF_inst_5954       NBUFFX2_RVT     saed32rvt_c      
clockZBUF_inst_5955       NBUFFX2_RVT     saed32rvt_c      
clockZBUF_inst_5956       NBUFFX2_RVT     saed32rvt_c      
clockZBUF_inst_5957       NBUFFX2_RVT     saed32rvt_c      
clockZBUF_inst_5958       NBUFFX2_RVT     saed32rvt_c      
clockZBUF_inst_5959       NBUFFX2_RVT     saed32rvt_c      
clockZBUF_inst_5960       NBUFFX2_RVT     saed32rvt_c      
clockZBUF_inst_5961       NBUFFX2_RVT     saed32rvt_c      
clockZBUF_inst_5962       NBUFFX2_RVT     saed32rvt_c      
clockZBUF_inst_5963       NBUFFX2_RVT     saed32rvt_c      
clockZBUF_inst_5964       NBUFFX2_RVT     saed32rvt_c      
clockZBUF_inst_5965       NBUFFX2_RVT     saed32rvt_c      
clockZBUF_inst_5966       NBUFFX2_RVT     saed32rvt_c      
clockZBUF_inst_5967       NBUFFX2_RVT     saed32rvt_c      
clockZBUF_inst_5968       NBUFFX2_RVT     saed32rvt_c      
clockZBUF_inst_5969       NBUFFX2_RVT     saed32rvt_c      
clockZBUF_inst_5970       NBUFFX2_RVT     saed32rvt_c      
clockZBUF_inst_5971       NBUFFX2_RVT     saed32rvt_c      
clockZBUF_inst_5972       NBUFFX2_RVT     saed32rvt_c      
clockZBUF_inst_5973       NBUFFX2_RVT     saed32rvt_c      
clockZBUF_inst_5974       NBUFFX2_RVT     saed32rvt_c      
clockZBUF_inst_5975       NBUFFX2_RVT     saed32rvt_c      
clockZBUF_inst_5976       NBUFFX2_RVT     saed32rvt_c      
clockZBUF_inst_5977       NBUFFX2_RVT     saed32rvt_c      
clockZBUF_inst_5978       NBUFFX2_RVT     saed32rvt_c      
clockZBUF_inst_5979       NBUFFX4_RVT     saed32rvt_c      
clockZBUF_inst_5980       NBUFFX2_RVT     saed32rvt_c      
clockZBUF_inst_5981       NBUFFX2_RVT     saed32rvt_c      
clockZBUF_inst_5982       NBUFFX2_RVT     saed32rvt_c      
clockZBUF_inst_5983       NBUFFX2_RVT     saed32rvt_c      
clockZBUF_inst_5984       NBUFFX2_RVT     saed32rvt_c      
clockZBUF_inst_5985       NBUFFX2_RVT     saed32rvt_c      
clockZBUF_inst_5986       NBUFFX2_RVT     saed32rvt_c      
clockZBUF_inst_5987       NBUFFX2_RVT     saed32rvt_c      
clockZBUF_inst_5988       NBUFFX2_RVT     saed32rvt_c      
clockZBUF_inst_5989       NBUFFX2_RVT     saed32rvt_c      
clockZBUF_inst_5990       NBUFFX2_RVT     saed32rvt_c      
clockZINV_inst_5991       INVX0_RVT       saed32rvt_c      
clockZINV_inst_5992       INVX0_RVT       saed32rvt_c      
clockZINV_inst_5993       INVX0_RVT       saed32rvt_c      
clockZBUF_inst_5994       NBUFFX2_RVT     saed32rvt_c      
clockZBUF_inst_5995       NBUFFX2_RVT     saed32rvt_c      
clockZBUF_inst_5996       NBUFFX2_RVT     saed32rvt_c      
clockZBUF_inst_5997       NBUFFX2_RVT     saed32rvt_c      
clockZBUF_inst_5998       NBUFFX2_RVT     saed32rvt_c      
clockZBUF_inst_5999       NBUFFX2_RVT     saed32rvt_c      
clockZBUF_inst_6000       NBUFFX2_RVT     saed32rvt_c      
clockZBUF_inst_6001       NBUFFX4_RVT     saed32rvt_c      
clockZBUF_inst_6002       NBUFFX2_RVT     saed32rvt_c      
--------------------------------------------------------------------------------
Total 6387 cells

1
