SI analysis is not enabled, so delta delays are unavailable.
****************************************
Report : timing
        -path_type full_clock_expanded
        -delay_type max
        -nworst 1
        -max_paths 1
        -report_by group
        -input_pins
        -nets
        -include_hierarchical_pins
        -transition_time
        -capacitance
        -crosstalk_delta
        -derate
        -attributes
        -physical
Design : openMSP430
Version: O-2018.06-SP1
Date   : Sat Sep 26 03:03:15 2026
****************************************

  Startpoint: frontend_0/inst_so_reg[5] (rising edge-triggered flip-flop clocked by dco_clk)
  Endpoint: clock_module_0/sync_cell_dco_wkup/data_sync_reg[1] (recovery check against rising-edge clock clocked by dco_clk')
  Mode: func
  Corner: fast
  Scenario: func_fast
  Path Group: dco_clk
  Path Type: max


Attributes
    b - black-box (unknown)
    s - size_only
    d - dont_touch
    u - dont_use
    g - generic
    h - hierarchical
    i - ideal
    n - noncombinational
    E - extracted timing model
    Q - Quick timing model


  Point                                          Fanout     Cap        Trans      Derate    Delta       Incr        Path           Location       Attributes
  ----------------------------------------------------------------------------------------------------------------------------------------------------------------
  clock dco_clk (rise edge)                                                                            0.0000      0.0000
  source latency                                                                                       0.0000      0.0000
  dco_clk (in)                                                         0.0000      1.0000              0.0000      0.0000 r    (157.77,211.12)
  dco_clk (net)                                     4     23.7045                                                                                d
  clock_module_0/p_abuf15 (omsp_clock_module)                          0.0000      1.0000              0.0000      0.0000 r    (hierarchical)    h
  clock_module_0/p_abuf15 (net)                     4     23.7045                                                                                d
  clock_module_0/clock_gate_mclk/clk (omsp_clock_gate_0)               0.0000      1.0000              0.0000      0.0000 r    (hierarchical)    h
  clock_module_0/clock_gate_mclk/clk (net)          4     23.7045                                                                                d
  clock_module_0/clock_gate_mclk/U3/A2 (AND2X4_RVT)                    0.0057      1.0000              0.0039      0.0039 r    (71.46,64.59)     s
  clock_module_0/clock_gate_mclk/U3/Y (AND2X4_RVT)                     0.0556      1.0000              0.0896      0.0934 r    (72.28,64.67)     s
  clock_module_0/clock_gate_mclk/gclk (net)         1     10.9742                                                                                d
  clock_module_0/clock_gate_mclk/cts_inv_8313204/A (INVX16_RVT)        0.0556      1.0000              0.0001      0.0936 r    (73.83,69.78)
  clock_module_0/clock_gate_mclk/cts_inv_8313204/Y (INVX16_RVT)        0.0285      1.0000              0.0191      0.1126 f    (73.96,69.68)
  clock_module_0/clock_gate_mclk/ctsbuf_net_1335 (net)
                                                    1     11.0951                                                                                d
  clock_module_0/clock_gate_mclk/cts_inv_8263199/A (INVX16_RVT)        0.0285      1.0000              0.0002      0.1128 f    (73.83,67.91)
  clock_module_0/clock_gate_mclk/cts_inv_8263199/Y (INVX16_RVT)        0.0251      1.0000              0.0246      0.1374 r    (73.96,68.02)
  clock_module_0/clock_gate_mclk/p_abuf5 (net)      3     25.4046                                                                                d
  clock_module_0/clock_gate_mclk/p_abuf5 (omsp_clock_gate_0)           0.0251      1.0000              0.0000      0.1374 r    (hierarchical)    h
  clock_module_0/p_abuf12 (net)                     3     25.4046                                                                                d
  clock_module_0/p_abuf12 (omsp_clock_module)                          0.0251      1.0000              0.0000      0.1374 r    (hierarchical)    h
  p_abuf9 (net)                                     3     25.4046                                                                                d
  frontend_0/p_abuf5 (omsp_frontend)                                   0.0251      1.0000              0.0000      0.1374 r    (hierarchical)    h
  frontend_0/p_abuf5 (net)                          3     25.4046                                                                                d
  frontend_0/clock_gate_decode/clk (omsp_clock_gate_25)                0.0251      1.0000              0.0000      0.1374 r    (hierarchical)    h
  frontend_0/clock_gate_decode/clk (net)            3     25.4046                                                                                d
  frontend_0/clock_gate_decode/U3/A2 (AND2X1_RVT)                      0.0252      1.0000              0.0006      0.1379 r    (64.47,37.84)     s
  frontend_0/clock_gate_decode/U3/Y (AND2X1_RVT)                       0.0422      1.0000              0.0673      0.2052 r    (65.14,37.92)     s
  frontend_0/clock_gate_decode/ctsbuf_net_426 (net)
                                                    1      3.1818                                                                                d
  frontend_0/clock_gate_decode/cts_inv_7443117/A (INVX4_RVT)           0.0422      1.0000              0.0000      0.2053 r    (65.92,43.03)
  frontend_0/clock_gate_decode/cts_inv_7443117/Y (INVX4_RVT)           0.0391      1.0000              0.0354      0.2407 f    (66.05,42.93)
  frontend_0/clock_gate_decode/ctsbuf_net_527 (net)
                                                    1     10.9381                                                                                d
  frontend_0/clock_gate_decode/cts_inv_7393112/A (INVX16_RVT)          0.0391      1.0000              0.0001      0.2408 f    (63.79,41.16)
  frontend_0/clock_gate_decode/cts_inv_7393112/Y (INVX16_RVT)          0.0418      1.0000              0.0385      0.2793 r    (63.92,41.26)
  frontend_0/clock_gate_decode/gclk (net)          49     54.3929                                                                                d
  frontend_0/clock_gate_decode/gclk (omsp_clock_gate_25)               0.0418      1.0000              0.0000      0.2793 r    (hierarchical)    h
  frontend_0/mclk_decode (net)                     49     54.3929                                                                                d
  frontend_0/inst_so_reg[5]/CLK (DFFARX1_RVT)                          0.0422      1.0000              0.0047      0.2840 r    (42.89,25.55)     s, n

  frontend_0/inst_so_reg[5]/CLK (DFFARX1_RVT)                          0.0422      1.0000              0.0000      0.2840 r    (42.89,25.55)     s, n
  frontend_0/inst_so_reg[5]/QN (DFFARX1_RVT)                           0.0658      1.0000              0.1579      0.4419 r    (46.28,26.20)     s, n
  frontend_0/n381 (net)                             2      3.7974
  frontend_0/U203/A3 (NAND3X0_RVT)                                     0.0658      1.0000              0.0001      0.4420 r    (67.66,24.62)
  frontend_0/U203/Y (NAND3X0_RVT)                                      0.1439      1.0000              0.1217      0.5637 f    (68.03,24.53)
  frontend_0/n142 (net)                             2      3.7879
  frontend_0/U200/A1 (NOR3X0_RVT)                                      0.1439      1.0000              0.0001      0.5639 f    (94.11,24.43)
  frontend_0/U200/Y (NOR3X0_RVT)                                       0.0426      1.0000              0.1584      0.7223 r    (95.24,24.54)
  frontend_0/n138 (net)                             4      3.3624
  frontend_0/U199/A3 (AND3X1_RVT)                                      0.0426      1.0000              0.0000      0.7223 r    (97.30,22.94)
  frontend_0/U199/Y (AND3X1_RVT)                                       0.0557      1.0000              0.0948      0.8171 r    (98.12,22.87)
  frontend_0/n139 (net)                             4      3.9702
  frontend_0/U191/A1 (AO222X1_RVT)                                     0.0557      1.0000              0.0000      0.8172 r    (98.46,27.96)
  frontend_0/U191/Y (AO222X1_RVT)                                      0.0859      1.0000              0.1760      0.9932 r    (97.11,27.89)
  frontend_0/inst_dest[0] (net)                     2      5.4852
  frontend_0/inst_dest[0] (omsp_frontend)                              0.0859      1.0000              0.0000      0.9932 r    (hierarchical)    h
  inst_dest[0] (net)                                       5.4852
  execution_unit_0/inst_dest[0] (omsp_execution_unit)                  0.0859      1.0000              0.0000      0.9932 r    (hierarchical)    h
  execution_unit_0/inst_dest[0] (net)                      5.4852
  execution_unit_0/register_file_0/inst_dest[0] (omsp_register_file)   0.0859      1.0000              0.0000      0.9932 r    (hierarchical)    h
  execution_unit_0/register_file_0/inst_dest[0] (net)      5.4852
  execution_unit_0/register_file_0/placeHFSINV_797_165/A (INVX4_RVT)   0.0859      1.0000              0.0001      0.9933 r    (103.16,33.00)
  execution_unit_0/register_file_0/placeHFSINV_797_165/Y (INVX4_RVT)   0.0775      1.0000              0.0650      1.0582 f    (103.29,32.90)
  execution_unit_0/register_file_0/placeHFSNET_129 (net)
                                                   16     22.2886
  execution_unit_0/register_file_0/U363/A2 (OA22X1_RVT)                0.0773      1.0000              0.0007      1.0590 f    (139.26,31.91)
  execution_unit_0/register_file_0/U363/Y (OA22X1_RVT)                 0.0371      1.0000              0.0947      1.1536 f    (140.09,31.20)
  execution_unit_0/register_file_0/n578 (net)       1      1.1938
  execution_unit_0/register_file_0/U362/A5 (OA221X1_RVT)               0.0371      1.0000              0.0000      1.1537 f    (144.82,29.72)
  execution_unit_0/register_file_0/U362/Y (OA221X1_RVT)                0.0416      1.0000              0.0727      1.2263 f    (144.29,29.58)
  execution_unit_0/register_file_0/n577 (net)       1      0.9840
  execution_unit_0/register_file_0/U361/A4 (NAND4X0_RVT)               0.0416      1.0000              0.0000      1.2263 f    (140.56,29.63)
  execution_unit_0/register_file_0/U361/Y (NAND4X0_RVT)                0.0539      1.0000              0.0559      1.2823 r    (140.27,29.56)
  execution_unit_0/register_file_0/reg_dest[0] (net)
                                                    1      1.0025
  execution_unit_0/register_file_0/reg_dest[0] (omsp_register_file)    0.0539      1.0000              0.0000      1.2823 r    (hierarchical)    h
  execution_unit_0/dbg_reg_din[0] (net)                    1.0025
  execution_unit_0/dbg_reg_din[0] (omsp_execution_unit)                0.0539      1.0000              0.0000      1.2823 r    (hierarchical)    h
  dbg_reg_din[0] (net)                                     1.0025
  placeZBUF_inst_490/A (NBUFFX4_RVT)                                   0.0539      1.0000              0.0000      1.2823 r    (138.50,29.66)
  placeZBUF_inst_490/Y (NBUFFX4_RVT)                                   0.0572      1.0000              0.0808      1.3631 r    (139.16,29.55)
  placeZBUF_97 (net)                                3     18.1289
  execution_unit_0/placeZBUF_48 (omsp_execution_unit)                  0.0572      1.0000              0.0000      1.3631 r    (hierarchical)    h
  execution_unit_0/placeZBUF_48 (net)                     18.1289
  execution_unit_0/U87/A1 (AO222X1_RVT)                                0.0574      1.0000              0.0028      1.3659 r    (52.01,52.89)
  execution_unit_0/U87/Y (AO222X1_RVT)                                 0.0554      1.0000              0.1453      1.5112 r    (53.35,52.95)
  execution_unit_0/n79 (net)                        1      1.6819
  execution_unit_0/U86/A2 (OR2X1_RVT)                                  0.0554      1.0000              0.0000      1.5112 r    (55.14,61.22)
  execution_unit_0/U86/Y (OR2X1_RVT)                                   0.0750      1.0000              0.0969      1.6082 r    (55.56,61.36)
  execution_unit_0/op_src[0] (net)                  3      6.9755
  execution_unit_0/alu_0/op_src[0] (omsp_alu)                          0.0750      1.0000              0.0000      1.6082 r    (hierarchical)    h
  execution_unit_0/alu_0/op_src[0] (net)                   6.9755
  execution_unit_0/alu_0/U26/A1 (XOR2X2_RVT)                           0.0750      1.0000              0.0000      1.6082 r    (58.40,61.12)
  execution_unit_0/alu_0/U26/Y (XOR2X2_RVT)                            0.0618      1.0000              0.1364      1.7446 f    (59.67,61.33)
  execution_unit_0/alu_0/op_src_inv[0] (net)        6      8.2578
  execution_unit_0/alu_0/add_1_root_add_100_2_C185/U1_0/A (FADDX1_RVT)
                                                                       0.0618      1.0000              0.0002      1.7448 f    (74.48,64.88)
  execution_unit_0/alu_0/add_1_root_add_100_2_C185/U1_0/CO (FADDX1_RVT)
                                                                       0.0455      1.0000              0.1108      1.8556 f    (73.01,64.56)
  execution_unit_0/alu_0/add_1_root_add_100_2_C185/carry[1] (net)
                                                    1      2.3090
  execution_unit_0/alu_0/add_1_root_add_100_2_C185/U1_1/CI (FADDX1_RVT)
                                                                       0.0455      1.0000              0.0000      1.8556 f    (67.49,67.78)
  execution_unit_0/alu_0/add_1_root_add_100_2_C185/U1_1/CO (FADDX1_RVT)
                                                                       0.0448      1.0000              0.0898      1.9454 f    (68.94,67.90)
  execution_unit_0/alu_0/add_1_root_add_100_2_C185/carry[2] (net)
                                                    1      1.9029
  execution_unit_0/alu_0/add_1_root_add_100_2_C185/U1_2/CI (FADDX1_RVT)
                                                                       0.0448      1.0000              0.0000      1.9454 f    (68.40,71.13)
  execution_unit_0/alu_0/add_1_root_add_100_2_C185/U1_2/CO (FADDX1_RVT)
                                                                       0.0470      1.0000              0.0918      2.0372 f    (69.85,71.24)
  execution_unit_0/alu_0/add_1_root_add_100_2_C185/carry[3] (net)
                                                    1      2.1658
  execution_unit_0/alu_0/add_1_root_add_100_2_C185/U1_3/CI (FADDX1_RVT)
                                                                       0.0470      1.0000              0.0000      2.0372 f    (70.99,76.60)
  execution_unit_0/alu_0/add_1_root_add_100_2_C185/U1_3/S (FADDX1_RVT)
                                                                       0.0573      1.0000              0.1660      2.2032 r    (72.12,76.41)
  execution_unit_0/alu_0/N13 (net)                  3      3.3233
  execution_unit_0/alu_0/U143/A3 (OA21X1_RVT)                          0.0573      1.0000              0.0000      2.2033 r    (74.80,72.97)
  execution_unit_0/alu_0/U143/Y (OA21X1_RVT)                           0.0319      1.0000              0.0716      2.2749 r    (75.33,73.06)
  execution_unit_0/alu_0/n9 (net)                   1      0.9726
  execution_unit_0/alu_0/U7/A2 (OR2X1_RVT)                             0.0319      1.0000              0.0000      2.2749 r    (75.51,74.59)
  execution_unit_0/alu_0/U7/Y (OR2X1_RVT)                              0.0586      1.0000              0.0778      2.3527 r    (75.93,74.74)
  execution_unit_0/alu_0/n4 (net)                   3      4.9554
  execution_unit_0/alu_0/U106/A1 (AND2X1_RVT)                          0.0586      1.0000              0.0000      2.3527 r    (75.87,69.61)
  execution_unit_0/alu_0/U106/Y (AND2X1_RVT)                           0.0339      1.0000              0.0638      2.4165 r    (76.39,69.68)
  execution_unit_0/alu_0/add_102_C185_aco/carry[2] (net)
                                                    1      1.7927
  execution_unit_0/alu_0/add_102_C185_aco/U1_2/CI (FADDX1_RVT)         0.0339      1.0000              0.0000      2.4166 r    (77.52,71.13)
  execution_unit_0/alu_0/add_102_C185_aco/U1_2/CO (FADDX1_RVT)         0.0562      1.0000              0.1028      2.5194 r    (78.97,71.24)
  execution_unit_0/alu_0/add_102_C185_aco/carry[3] (net)
                                                    2      2.6104
  execution_unit_0/alu_0/U104/A1 (AND2X1_RVT)                          0.0562      1.0000              0.0000      2.5194 r    (77.33,76.30)
  execution_unit_0/alu_0/U104/Y (AND2X1_RVT)                           0.0304      1.0000              0.0600      2.5794 r    (76.81,76.37)
  execution_unit_0/alu_0/add_102_C185_aco/carry[4] (net)
                                                    1      1.3375
  execution_unit_0/alu_0/U103/A2 (XOR2X1_RVT)                          0.0304      1.0000              0.0000      2.5794 r    (76.41,77.98)
  execution_unit_0/alu_0/U103/Y (XOR2X1_RVT)                           0.0492      1.0000              0.1309      2.7103 f    (75.14,78.06)
  execution_unit_0/alu_0/alu_dadd0[4]1 (net)        1      2.0471
  execution_unit_0/alu_0/add_1_root_add_100_2_C186/U1_0/CI (FADDX1_RVT)
                                                                       0.0492      1.0000              0.0000      2.7104 f    (71.29,79.94)
  execution_unit_0/alu_0/add_1_root_add_100_2_C186/U1_0/S (FADDX1_RVT)
                                                                       0.0434      1.0000              0.1530      2.8633 r    (72.42,79.75)
  execution_unit_0/alu_0/alu_dadd1[0] (net)         1      1.5080
  execution_unit_0/alu_0/U17/A1 (AO222X2_RVT)                          0.0434      1.0000              0.0000      2.8633 r    (80.27,81.39)
  execution_unit_0/alu_0/U17/Y (AO222X2_RVT)                           0.0861      1.0000              0.1745      3.0379 r    (81.62,81.38)
  execution_unit_0/alu_0/alu_out[4] (net)           5      9.1601
  execution_unit_0/alu_0/alu_out[4] (omsp_alu)                         0.0861      1.0000              0.0000      3.0379 r    (hierarchical)    h
  execution_unit_0/placeHFSNET_68 (net)                    9.1601
  execution_unit_0/register_file_0/placeHFSNET_68 (omsp_register_file)
                                                                       0.0861      1.0000              0.0000      3.0379 r    (hierarchical)    h
  execution_unit_0/register_file_0/placeHFSNET_68 (net)    9.1601
  execution_unit_0/register_file_0/U399/A1 (AO21X2_RVT)                0.0861      1.0000              0.0004      3.0383 r    (99.58,49.54)
  execution_unit_0/register_file_0/U399/Y (AO21X2_RVT)                 0.0778      1.0000              0.1418      3.1801 r    (98.94,49.60)
  execution_unit_0/register_file_0/cpuoff (net)     5      9.6837
  execution_unit_0/register_file_0/cpuoff (omsp_register_file)         0.0778      1.0000              0.0000      3.1801 r    (hierarchical)    h
  execution_unit_0/cpuoff (net)                            9.6837
  execution_unit_0/cpuoff (omsp_execution_unit)                        0.0778      1.0000              0.0000      3.1801 r    (hierarchical)    h
  cpuoff (net)                                             9.6837
  frontend_0/cpuoff (omsp_frontend)                                    0.0778      1.0000              0.0000      3.1801 r    (hierarchical)    h
  frontend_0/cpuoff (net)                                  9.6837
  frontend_0/U69/A2 (NAND2X0_RVT)                                      0.0778      1.0000              0.0006      3.1807 r    (66.45,26.29)
  frontend_0/U69/Y (NAND2X0_RVT)                                       0.0623      1.0000              0.0550      3.2357 f    (66.59,26.22)
  frontend_0/n74 (net)                              1      1.1006
  frontend_0/U68/A4 (AO22X2_RVT)                                       0.0623      1.0000              0.0000      3.2357 f    (66.59,31.00)
  frontend_0/U68/Y (AO22X2_RVT)                                        0.0477      1.0000              0.0939      3.3296 f    (67.18,31.21)
  frontend_0/mclk_enable (net)                      2      5.3705
  frontend_0/mclk_enable (omsp_frontend)                               0.0477      1.0000              0.0000      3.3296 f    (hierarchical)    h
  placeHFSNET_62 (net)                                     5.3705
  clock_module_0/placeHFSNET_62 (omsp_clock_module)                    0.0477      1.0000              0.0000      3.3296 f    (hierarchical)    h
  clock_module_0/placeHFSNET_62 (net)                      5.3705
  clock_module_0/and_cpuoff_mclk_en/b (omsp_and_gate_0)                0.0477      1.0000              0.0000      3.3296 f    (hierarchical)    h
  clock_module_0/and_cpuoff_mclk_en/b (net)                5.3705
  clock_module_0/and_cpuoff_mclk_en/U1/A1 (AND2X1_RVT)                 0.0477      1.0000              0.0003      3.3299 f    (85.75,58.06)
  clock_module_0/and_cpuoff_mclk_en/U1/Y (AND2X1_RVT)                  0.0758      1.0000              0.0989      3.4288 f    (86.27,57.98)
  clock_module_0/and_cpuoff_mclk_en/y (net)         1      7.0931
  clock_module_0/and_cpuoff_mclk_en/y (omsp_and_gate_0)                0.0758      1.0000              0.0000      3.4288 f    (hierarchical)    h
  clock_module_0/cpuoff_and_mclk_enable (net)              7.0931
  clock_module_0/and_dco_dis1/b (omsp_and_gate_21)                     0.0758      1.0000              0.0000      3.4288 f    (hierarchical)    h
  clock_module_0/and_dco_dis1/b (net)                      7.0931
  clock_module_0/and_dco_dis1/U1/A1 (AND2X1_RVT)                       0.0758      1.0000              0.0005      3.4293 f    (85.75,123.11)
  clock_module_0/and_dco_dis1/U1/Y (AND2X1_RVT)                        0.0283      1.0000              0.0718      3.5011 f    (86.27,123.19)
  clock_module_0/and_dco_dis1/y (net)               1      0.8825
  clock_module_0/and_dco_dis1/y (omsp_and_gate_21)                     0.0283      1.0000              0.0000      3.5011 f    (hierarchical)    h
  clock_module_0/cpu_enabled_with_dco (net)                0.8825
  clock_module_0/U55/A2 (NOR2X0_RVT)                                   0.0283      1.0000              0.0000      3.5011 f    (87.06,123.38)
  clock_module_0/U55/Y (NOR2X0_RVT)                                    0.0219      1.0000              0.0710      3.5722 r    (87.79,123.18)
  clock_module_0/n117 (net)                         1      0.8866
  clock_module_0/and_dco_dis2/b (omsp_and_gate_20)                     0.0219      1.0000              0.0000      3.5722 r    (hierarchical)    h
  clock_module_0/and_dco_dis2/b (net)                      0.8866
  clock_module_0/and_dco_dis2/U1/A1 (AND2X1_RVT)                       0.0219      1.0000              0.0000      3.5722 r    (88.18,121.59)
  clock_module_0/and_dco_dis2/U1/Y (AND2X1_RVT)                        0.0264      1.0000              0.0494      3.6216 r    (88.70,121.52)
  clock_module_0/and_dco_dis2/y (net)               1      0.9935
  clock_module_0/and_dco_dis2/y (omsp_and_gate_20)                     0.0264      1.0000              0.0000      3.6216 r    (hierarchical)    h
  clock_module_0/dco_not_enabled_by_dbg (net)              0.9935
  clock_module_0/and_dco_dis3/b (omsp_and_gate_19)                     0.0264      1.0000              0.0000      3.6216 r    (hierarchical)    h
  clock_module_0/and_dco_dis3/b (net)                      0.9935
  clock_module_0/and_dco_dis3/U1/A1 (AND2X1_RVT)                       0.0264      1.0000              0.0000      3.6216 r    (90.25,119.77)
  clock_module_0/and_dco_dis3/U1/Y (AND2X1_RVT)                        0.0283      1.0000              0.0524      3.6740 r    (89.73,119.84)
  clock_module_0/and_dco_dis3/y (net)               1      1.2397
  clock_module_0/and_dco_dis3/y (omsp_and_gate_19)                     0.0283      1.0000              0.0000      3.6740 r    (hierarchical)    h
  clock_module_0/dco_disable_by_scg0 (net)                 1.2397
  clock_module_0/U45/A (INVX1_RVT)                                     0.0283      1.0000              0.0000      3.6740 r    (89.18,123.29)
  clock_module_0/U45/Y (INVX1_RVT)                                     0.0219      1.0000              0.0208      3.6948 f    (89.05,123.18)
  clock_module_0/n23 (net)                          1      0.8680
  clock_module_0/and_dco_dis5/a (omsp_and_gate_17)                     0.0219      1.0000              0.0000      3.6948 f    (hierarchical)    h
  clock_module_0/and_dco_dis5/a (net)                      0.8680
  clock_module_0/and_dco_dis5/U1/A2 (AND2X1_RVT)                       0.0219      1.0000              0.0000      3.6948 f    (88.03,124.78)
  clock_module_0/and_dco_dis5/U1/Y (AND2X1_RVT)                        0.0294      1.0000              0.0572      3.7520 f    (88.70,124.86)
  clock_module_0/and_dco_dis5/y (net)               2      1.6452
  clock_module_0/and_dco_dis5/y (omsp_and_gate_17)                     0.0294      1.0000              0.0000      3.7520 f    (hierarchical)    h
  clock_module_0/dco_enable_nxt (net)                      1.6452
  clock_module_0/and_dco_en_wkup/b (omsp_and_gate_15)                  0.0294      1.0000              0.0000      3.7520 f    (hierarchical)    h
  clock_module_0/and_dco_en_wkup/b (net)                   1.6452
  clock_module_0/and_dco_en_wkup/U1/A1 (AND2X1_RVT)                    0.0294      1.0000              0.0000      3.7520 f    (90.40,126.46)
  clock_module_0/and_dco_en_wkup/U1/Y (AND2X1_RVT)                     0.0260      1.0000              0.0533      3.8053 f    (89.89,126.53)
  clock_module_0/and_dco_en_wkup/y (net)            1      1.0376
  clock_module_0/and_dco_en_wkup/y (omsp_and_gate_15)                  0.0260      1.0000              0.0000      3.8053 f    (hierarchical)    h
  clock_module_0/dco_en_wkup (net)                         1.0376
  clock_module_0/U120/A3 (OR3X1_RVT)                                   0.0260      1.0000              0.0000      3.8053 f    (88.17,128.01)
  clock_module_0/U120/Y (OR3X1_RVT)                                    0.0389      1.0000              0.0698      3.8751 f    (87.76,128.20)
  clock_module_0/N169 (net)                         2      2.2438
  clock_module_0/U112/A1 (OR2X1_RVT)                                   0.0389      1.0000              0.0000      3.8751 f    (80.07,128.17)
  clock_module_0/U112/Y (OR2X1_RVT)                                    0.0286      1.0000              0.0621      3.9373 f    (79.40,128.24)
  clock_module_0/_9_net_ (net)                      1      0.7998
  clock_module_0/scan_mux_dco_wkup/data_in_func (omsp_scan_mux_1)      0.0286      1.0000              0.0000      3.9373 f    (hierarchical)    h
  clock_module_0/scan_mux_dco_wkup/data_in_func (net)      0.7998
  clock_module_0/scan_mux_dco_wkup/U2/A3 (AO22X1_RVT)                  0.0286      1.0000              0.0000      3.9373 f    (78.75,127.22)
  clock_module_0/scan_mux_dco_wkup/U2/Y (AO22X1_RVT)                   0.0317      1.0000              0.0572      3.9944 f    (79.19,126.51)
  clock_module_0/scan_mux_dco_wkup/data_out (net)
                                                    1      1.4699
  clock_module_0/scan_mux_dco_wkup/data_out (omsp_scan_mux_1)          0.0317      1.0000              0.0000      3.9944 f    (hierarchical)    h
  clock_module_0/dco_wkup_set_scan (net)                   1.4699
  clock_module_0/sync_cell_dco_wkup/rst (omsp_sync_cell_0)             0.0317      1.0000              0.0000      3.9944 f    (hierarchical)    h
  clock_module_0/sync_cell_dco_wkup/rst (net)              1.4699
  clock_module_0/sync_cell_dco_wkup/U3/A (INVX1_RVT)                   0.0317      1.0000              0.0000      3.9945 f    (84.54,124.76)
  clock_module_0/sync_cell_dco_wkup/U3/Y (INVX1_RVT)                   0.0382      1.0000              0.0388      4.0332 r    (84.67,124.86)
  clock_module_0/sync_cell_dco_wkup/n1 (net)        2      3.1255
  clock_module_0/sync_cell_dco_wkup/data_sync_reg[1]/RSTB (DFFARX1_RVT)
                                                                       0.0382      1.0000              0.0001      4.0333 r    (96.98,123.87)    s, n
  data arrival time                                                                                                4.0333

  clock dco_clk' (rise edge)                                                                          20.0000     20.0000
  source latency                                                                                       0.0000     20.0000
  dco_clk (in)                                                         0.0000      1.0000              0.0000     20.0000 f    (157.77,211.12)
  dco_clk (net)                                     4     23.1147                                                                                d
  cts_inv_8993272/A (IBUFFX2_RVT)                                      0.0003      1.0000              0.0001     20.0001 f    (155.37,196.85)
  cts_inv_8993272/Y (IBUFFX2_RVT)                                      0.0079      1.0000              0.0186     20.0187 r    (156.19,196.75)
  ctsbuf_net_1941 (net)                             1      0.7451                                                                                d
  cts_inv_8943267/A (IBUFFX4_RVT)                                      0.0079      1.0000              0.0000     20.0187 r    (155.07,198.33)
  cts_inv_8943267/Y (IBUFFX4_RVT)                                      0.0332      1.0000              0.0356     20.0542 f    (156.04,198.43)
  ctsbuf_net_1840 (net)                            17     27.2711                                                                                d
  clock_module_0/dco_clk (omsp_clock_module)                           0.0332      1.0000              0.0000     20.0542 f    (hierarchical)    h
  clock_module_0/dco_clk (net)                     17     27.2711                                                                                d
  clock_module_0/clock_gate_smclk/p_abuf1 (omsp_clock_gate_31)         0.0332      1.0000              0.0000     20.0542 f    (hierarchical)    h
  clock_module_0/clock_gate_smclk/p_abuf1 (net)    17     27.2711                                                                                d
  clock_module_0/clock_gate_smclk/U2/A (INVX2_RVT)                     0.0340      1.0000              0.0034     20.0576 f    (115.47,134.79)
  clock_module_0/clock_gate_smclk/U2/Y (INVX2_RVT)                     0.0276      1.0000              0.0209     20.0785 r    (115.60,134.90)
  clock_module_0/clock_gate_smclk/n2 (net)          6      9.7102                                                                                d
  clock_module_0/clock_gate_smclk/n2 (omsp_clock_gate_31)              0.0276      1.0000              0.0000     20.0785 r    (hierarchical)    h
  clock_module_0/cts0 (net)                         6      9.7102                                                                                d
  clock_module_0/sync_cell_dco_wkup/clk (omsp_sync_cell_0)             0.0276      1.0000              0.0000     20.0785 r    (hierarchical)    h
  clock_module_0/sync_cell_dco_wkup/clk (net)       6      9.7102                                                                                d
  clock_module_0/sync_cell_dco_wkup/data_sync_reg[1]/CLK (DFFARX1_RVT)
                                                                       0.0276      1.0000              0.0003     20.0788 r    (95.33,122.52)    s, n

  library setup time                                                               1.0000              0.0415     20.1203
  data required time                                                                                              20.1203
  ----------------------------------------------------------------------------------------------------------------------------------------------------------------
  data required time                                                                                              20.1203
  data arrival time                                                                                               -4.0333
  ----------------------------------------------------------------------------------------------------------------------------------------------------------------
  slack (MET)                                                                                                     16.0870



  Startpoint: frontend_0/inst_so_reg[5] (rising edge-triggered flip-flop clocked by dco_clk)
  Endpoint: clock_module_0/sync_cell_lfxt_wkup/data_sync_reg[0] (recovery check against rising-edge clock clocked by lfxt_clk')
  Mode: func
  Corner: fast
  Scenario: func_fast
  Path Group: lfxt_clk
  Path Type: max


Attributes
    b - black-box (unknown)
    s - size_only
    d - dont_touch
    u - dont_use
    g - generic
    h - hierarchical
    i - ideal
    n - noncombinational
    E - extracted timing model
    Q - Quick timing model


  Point                                          Fanout     Cap        Trans      Derate    Delta       Incr        Path           Location       Attributes
  ----------------------------------------------------------------------------------------------------------------------------------------------------------------
  clock dco_clk (rise edge)                                                                            0.0000      0.0000
  source latency                                                                                       0.0000      0.0000
  dco_clk (in)                                                         0.0000      1.0000              0.0000      0.0000 r    (157.77,211.12)
  dco_clk (net)                                     4     23.7045                                                                                d
  clock_module_0/p_abuf15 (omsp_clock_module)                          0.0000      1.0000              0.0000      0.0000 r    (hierarchical)    h
  clock_module_0/p_abuf15 (net)                     4     23.7045                                                                                d
  clock_module_0/clock_gate_mclk/clk (omsp_clock_gate_0)               0.0000      1.0000              0.0000      0.0000 r    (hierarchical)    h
  clock_module_0/clock_gate_mclk/clk (net)          4     23.7045                                                                                d
  clock_module_0/clock_gate_mclk/U3/A2 (AND2X4_RVT)                    0.0057      1.0000              0.0039      0.0039 r    (71.46,64.59)     s
  clock_module_0/clock_gate_mclk/U3/Y (AND2X4_RVT)                     0.0556      1.0000              0.0896      0.0934 r    (72.28,64.67)     s
  clock_module_0/clock_gate_mclk/gclk (net)         1     10.9742                                                                                d
  clock_module_0/clock_gate_mclk/cts_inv_8313204/A (INVX16_RVT)        0.0556      1.0000              0.0001      0.0936 r    (73.83,69.78)
  clock_module_0/clock_gate_mclk/cts_inv_8313204/Y (INVX16_RVT)        0.0285      1.0000              0.0191      0.1126 f    (73.96,69.68)
  clock_module_0/clock_gate_mclk/ctsbuf_net_1335 (net)
                                                    1     11.0951                                                                                d
  clock_module_0/clock_gate_mclk/cts_inv_8263199/A (INVX16_RVT)        0.0285      1.0000              0.0002      0.1128 f    (73.83,67.91)
  clock_module_0/clock_gate_mclk/cts_inv_8263199/Y (INVX16_RVT)        0.0251      1.0000              0.0246      0.1374 r    (73.96,68.02)
  clock_module_0/clock_gate_mclk/p_abuf5 (net)      3     25.4046                                                                                d
  clock_module_0/clock_gate_mclk/p_abuf5 (omsp_clock_gate_0)           0.0251      1.0000              0.0000      0.1374 r    (hierarchical)    h
  clock_module_0/p_abuf12 (net)                     3     25.4046                                                                                d
  clock_module_0/p_abuf12 (omsp_clock_module)                          0.0251      1.0000              0.0000      0.1374 r    (hierarchical)    h
  p_abuf9 (net)                                     3     25.4046                                                                                d
  frontend_0/p_abuf5 (omsp_frontend)                                   0.0251      1.0000              0.0000      0.1374 r    (hierarchical)    h
  frontend_0/p_abuf5 (net)                          3     25.4046                                                                                d
  frontend_0/clock_gate_decode/clk (omsp_clock_gate_25)                0.0251      1.0000              0.0000      0.1374 r    (hierarchical)    h
  frontend_0/clock_gate_decode/clk (net)            3     25.4046                                                                                d
  frontend_0/clock_gate_decode/U3/A2 (AND2X1_RVT)                      0.0252      1.0000              0.0006      0.1379 r    (64.47,37.84)     s
  frontend_0/clock_gate_decode/U3/Y (AND2X1_RVT)                       0.0422      1.0000              0.0673      0.2052 r    (65.14,37.92)     s
  frontend_0/clock_gate_decode/ctsbuf_net_426 (net)
                                                    1      3.1818                                                                                d
  frontend_0/clock_gate_decode/cts_inv_7443117/A (INVX4_RVT)           0.0422      1.0000              0.0000      0.2053 r    (65.92,43.03)
  frontend_0/clock_gate_decode/cts_inv_7443117/Y (INVX4_RVT)           0.0391      1.0000              0.0354      0.2407 f    (66.05,42.93)
  frontend_0/clock_gate_decode/ctsbuf_net_527 (net)
                                                    1     10.9381                                                                                d
  frontend_0/clock_gate_decode/cts_inv_7393112/A (INVX16_RVT)          0.0391      1.0000              0.0001      0.2408 f    (63.79,41.16)
  frontend_0/clock_gate_decode/cts_inv_7393112/Y (INVX16_RVT)          0.0418      1.0000              0.0385      0.2793 r    (63.92,41.26)
  frontend_0/clock_gate_decode/gclk (net)          49     54.3929                                                                                d
  frontend_0/clock_gate_decode/gclk (omsp_clock_gate_25)               0.0418      1.0000              0.0000      0.2793 r    (hierarchical)    h
  frontend_0/mclk_decode (net)                     49     54.3929                                                                                d
  frontend_0/inst_so_reg[5]/CLK (DFFARX1_RVT)                          0.0422      1.0000              0.0047      0.2840 r    (42.89,25.55)     s, n

  frontend_0/inst_so_reg[5]/CLK (DFFARX1_RVT)                          0.0422      1.0000              0.0000      0.2840 r    (42.89,25.55)     s, n
  frontend_0/inst_so_reg[5]/QN (DFFARX1_RVT)                           0.0658      1.0000              0.1579      0.4419 r    (46.28,26.20)     s, n
  frontend_0/n381 (net)                             2      3.7974
  frontend_0/U203/A3 (NAND3X0_RVT)                                     0.0658      1.0000              0.0001      0.4420 r    (67.66,24.62)
  frontend_0/U203/Y (NAND3X0_RVT)                                      0.1439      1.0000              0.1217      0.5637 f    (68.03,24.53)
  frontend_0/n142 (net)                             2      3.7879
  frontend_0/U200/A1 (NOR3X0_RVT)                                      0.1439      1.0000              0.0001      0.5639 f    (94.11,24.43)
  frontend_0/U200/Y (NOR3X0_RVT)                                       0.0426      1.0000              0.1584      0.7223 r    (95.24,24.54)
  frontend_0/n138 (net)                             4      3.3624
  frontend_0/U199/A3 (AND3X1_RVT)                                      0.0426      1.0000              0.0000      0.7223 r    (97.30,22.94)
  frontend_0/U199/Y (AND3X1_RVT)                                       0.0557      1.0000              0.0948      0.8171 r    (98.12,22.87)
  frontend_0/n139 (net)                             4      3.9702
  frontend_0/U191/A1 (AO222X1_RVT)                                     0.0557      1.0000              0.0000      0.8172 r    (98.46,27.96)
  frontend_0/U191/Y (AO222X1_RVT)                                      0.0859      1.0000              0.1760      0.9932 r    (97.11,27.89)
  frontend_0/inst_dest[0] (net)                     2      5.4852
  frontend_0/inst_dest[0] (omsp_frontend)                              0.0859      1.0000              0.0000      0.9932 r    (hierarchical)    h
  inst_dest[0] (net)                                       5.4852
  execution_unit_0/inst_dest[0] (omsp_execution_unit)                  0.0859      1.0000              0.0000      0.9932 r    (hierarchical)    h
  execution_unit_0/inst_dest[0] (net)                      5.4852
  execution_unit_0/register_file_0/inst_dest[0] (omsp_register_file)   0.0859      1.0000              0.0000      0.9932 r    (hierarchical)    h
  execution_unit_0/register_file_0/inst_dest[0] (net)      5.4852
  execution_unit_0/register_file_0/placeHFSINV_797_165/A (INVX4_RVT)   0.0859      1.0000              0.0001      0.9933 r    (103.16,33.00)
  execution_unit_0/register_file_0/placeHFSINV_797_165/Y (INVX4_RVT)   0.0775      1.0000              0.0650      1.0582 f    (103.29,32.90)
  execution_unit_0/register_file_0/placeHFSNET_129 (net)
                                                   16     22.2886
  execution_unit_0/register_file_0/U363/A2 (OA22X1_RVT)                0.0773      1.0000              0.0007      1.0590 f    (139.26,31.91)
  execution_unit_0/register_file_0/U363/Y (OA22X1_RVT)                 0.0371      1.0000              0.0947      1.1536 f    (140.09,31.20)
  execution_unit_0/register_file_0/n578 (net)       1      1.1938
  execution_unit_0/register_file_0/U362/A5 (OA221X1_RVT)               0.0371      1.0000              0.0000      1.1537 f    (144.82,29.72)
  execution_unit_0/register_file_0/U362/Y (OA221X1_RVT)                0.0416      1.0000              0.0727      1.2263 f    (144.29,29.58)
  execution_unit_0/register_file_0/n577 (net)       1      0.9840
  execution_unit_0/register_file_0/U361/A4 (NAND4X0_RVT)               0.0416      1.0000              0.0000      1.2263 f    (140.56,29.63)
  execution_unit_0/register_file_0/U361/Y (NAND4X0_RVT)                0.0539      1.0000              0.0559      1.2823 r    (140.27,29.56)
  execution_unit_0/register_file_0/reg_dest[0] (net)
                                                    1      1.0025
  execution_unit_0/register_file_0/reg_dest[0] (omsp_register_file)    0.0539      1.0000              0.0000      1.2823 r    (hierarchical)    h
  execution_unit_0/dbg_reg_din[0] (net)                    1.0025
  execution_unit_0/dbg_reg_din[0] (omsp_execution_unit)                0.0539      1.0000              0.0000      1.2823 r    (hierarchical)    h
  dbg_reg_din[0] (net)                                     1.0025
  placeZBUF_inst_490/A (NBUFFX4_RVT)                                   0.0539      1.0000              0.0000      1.2823 r    (138.50,29.66)
  placeZBUF_inst_490/Y (NBUFFX4_RVT)                                   0.0572      1.0000              0.0808      1.3631 r    (139.16,29.55)
  placeZBUF_97 (net)                                3     18.1289
  execution_unit_0/placeZBUF_48 (omsp_execution_unit)                  0.0572      1.0000              0.0000      1.3631 r    (hierarchical)    h
  execution_unit_0/placeZBUF_48 (net)                     18.1289
  execution_unit_0/U87/A1 (AO222X1_RVT)                                0.0574      1.0000              0.0028      1.3659 r    (52.01,52.89)
  execution_unit_0/U87/Y (AO222X1_RVT)                                 0.0554      1.0000              0.1453      1.5112 r    (53.35,52.95)
  execution_unit_0/n79 (net)                        1      1.6819
  execution_unit_0/U86/A2 (OR2X1_RVT)                                  0.0554      1.0000              0.0000      1.5112 r    (55.14,61.22)
  execution_unit_0/U86/Y (OR2X1_RVT)                                   0.0750      1.0000              0.0969      1.6082 r    (55.56,61.36)
  execution_unit_0/op_src[0] (net)                  3      6.9755
  execution_unit_0/alu_0/op_src[0] (omsp_alu)                          0.0750      1.0000              0.0000      1.6082 r    (hierarchical)    h
  execution_unit_0/alu_0/op_src[0] (net)                   6.9755
  execution_unit_0/alu_0/U26/A1 (XOR2X2_RVT)                           0.0750      1.0000              0.0000      1.6082 r    (58.40,61.12)
  execution_unit_0/alu_0/U26/Y (XOR2X2_RVT)                            0.0618      1.0000              0.1364      1.7446 f    (59.67,61.33)
  execution_unit_0/alu_0/op_src_inv[0] (net)        6      8.2578
  execution_unit_0/alu_0/add_1_root_add_100_2_C185/U1_0/A (FADDX1_RVT)
                                                                       0.0618      1.0000              0.0002      1.7448 f    (74.48,64.88)
  execution_unit_0/alu_0/add_1_root_add_100_2_C185/U1_0/CO (FADDX1_RVT)
                                                                       0.0455      1.0000              0.1108      1.8556 f    (73.01,64.56)
  execution_unit_0/alu_0/add_1_root_add_100_2_C185/carry[1] (net)
                                                    1      2.3090
  execution_unit_0/alu_0/add_1_root_add_100_2_C185/U1_1/CI (FADDX1_RVT)
                                                                       0.0455      1.0000              0.0000      1.8556 f    (67.49,67.78)
  execution_unit_0/alu_0/add_1_root_add_100_2_C185/U1_1/CO (FADDX1_RVT)
                                                                       0.0448      1.0000              0.0898      1.9454 f    (68.94,67.90)
  execution_unit_0/alu_0/add_1_root_add_100_2_C185/carry[2] (net)
                                                    1      1.9029
  execution_unit_0/alu_0/add_1_root_add_100_2_C185/U1_2/CI (FADDX1_RVT)
                                                                       0.0448      1.0000              0.0000      1.9454 f    (68.40,71.13)
  execution_unit_0/alu_0/add_1_root_add_100_2_C185/U1_2/CO (FADDX1_RVT)
                                                                       0.0470      1.0000              0.0918      2.0372 f    (69.85,71.24)
  execution_unit_0/alu_0/add_1_root_add_100_2_C185/carry[3] (net)
                                                    1      2.1658
  execution_unit_0/alu_0/add_1_root_add_100_2_C185/U1_3/CI (FADDX1_RVT)
                                                                       0.0470      1.0000              0.0000      2.0372 f    (70.99,76.60)
  execution_unit_0/alu_0/add_1_root_add_100_2_C185/U1_3/S (FADDX1_RVT)
                                                                       0.0573      1.0000              0.1660      2.2032 r    (72.12,76.41)
  execution_unit_0/alu_0/N13 (net)                  3      3.3233
  execution_unit_0/alu_0/U143/A3 (OA21X1_RVT)                          0.0573      1.0000              0.0000      2.2033 r    (74.80,72.97)
  execution_unit_0/alu_0/U143/Y (OA21X1_RVT)                           0.0319      1.0000              0.0716      2.2749 r    (75.33,73.06)
  execution_unit_0/alu_0/n9 (net)                   1      0.9726
  execution_unit_0/alu_0/U7/A2 (OR2X1_RVT)                             0.0319      1.0000              0.0000      2.2749 r    (75.51,74.59)
  execution_unit_0/alu_0/U7/Y (OR2X1_RVT)                              0.0586      1.0000              0.0778      2.3527 r    (75.93,74.74)
  execution_unit_0/alu_0/n4 (net)                   3      4.9554
  execution_unit_0/alu_0/U106/A1 (AND2X1_RVT)                          0.0586      1.0000              0.0000      2.3527 r    (75.87,69.61)
  execution_unit_0/alu_0/U106/Y (AND2X1_RVT)                           0.0339      1.0000              0.0638      2.4165 r    (76.39,69.68)
  execution_unit_0/alu_0/add_102_C185_aco/carry[2] (net)
                                                    1      1.7927
  execution_unit_0/alu_0/add_102_C185_aco/U1_2/CI (FADDX1_RVT)         0.0339      1.0000              0.0000      2.4166 r    (77.52,71.13)
  execution_unit_0/alu_0/add_102_C185_aco/U1_2/CO (FADDX1_RVT)         0.0562      1.0000              0.1028      2.5194 r    (78.97,71.24)
  execution_unit_0/alu_0/add_102_C185_aco/carry[3] (net)
                                                    2      2.6104
  execution_unit_0/alu_0/U104/A1 (AND2X1_RVT)                          0.0562      1.0000              0.0000      2.5194 r    (77.33,76.30)
  execution_unit_0/alu_0/U104/Y (AND2X1_RVT)                           0.0304      1.0000              0.0600      2.5794 r    (76.81,76.37)
  execution_unit_0/alu_0/add_102_C185_aco/carry[4] (net)
                                                    1      1.3375
  execution_unit_0/alu_0/U103/A2 (XOR2X1_RVT)                          0.0304      1.0000              0.0000      2.5794 r    (76.41,77.98)
  execution_unit_0/alu_0/U103/Y (XOR2X1_RVT)                           0.0492      1.0000              0.1309      2.7103 f    (75.14,78.06)
  execution_unit_0/alu_0/alu_dadd0[4]1 (net)        1      2.0471
  execution_unit_0/alu_0/add_1_root_add_100_2_C186/U1_0/CI (FADDX1_RVT)
                                                                       0.0492      1.0000              0.0000      2.7104 f    (71.29,79.94)
  execution_unit_0/alu_0/add_1_root_add_100_2_C186/U1_0/S (FADDX1_RVT)
                                                                       0.0434      1.0000              0.1530      2.8633 r    (72.42,79.75)
  execution_unit_0/alu_0/alu_dadd1[0] (net)         1      1.5080
  execution_unit_0/alu_0/U17/A1 (AO222X2_RVT)                          0.0434      1.0000              0.0000      2.8633 r    (80.27,81.39)
  execution_unit_0/alu_0/U17/Y (AO222X2_RVT)                           0.0861      1.0000              0.1745      3.0379 r    (81.62,81.38)
  execution_unit_0/alu_0/alu_out[4] (net)           5      9.1601
  execution_unit_0/alu_0/alu_out[4] (omsp_alu)                         0.0861      1.0000              0.0000      3.0379 r    (hierarchical)    h
  execution_unit_0/placeHFSNET_68 (net)                    9.1601
  execution_unit_0/register_file_0/placeHFSNET_68 (omsp_register_file)
                                                                       0.0861      1.0000              0.0000      3.0379 r    (hierarchical)    h
  execution_unit_0/register_file_0/placeHFSNET_68 (net)    9.1601
  execution_unit_0/register_file_0/U399/A1 (AO21X2_RVT)                0.0861      1.0000              0.0004      3.0383 r    (99.58,49.54)
  execution_unit_0/register_file_0/U399/Y (AO21X2_RVT)                 0.0778      1.0000              0.1418      3.1801 r    (98.94,49.60)
  execution_unit_0/register_file_0/cpuoff (net)     5      9.6837
  execution_unit_0/register_file_0/cpuoff (omsp_register_file)         0.0778      1.0000              0.0000      3.1801 r    (hierarchical)    h
  execution_unit_0/cpuoff (net)                            9.6837
  execution_unit_0/cpuoff (omsp_execution_unit)                        0.0778      1.0000              0.0000      3.1801 r    (hierarchical)    h
  cpuoff (net)                                             9.6837
  frontend_0/cpuoff (omsp_frontend)                                    0.0778      1.0000              0.0000      3.1801 r    (hierarchical)    h
  frontend_0/cpuoff (net)                                  9.6837
  frontend_0/U69/A2 (NAND2X0_RVT)                                      0.0778      1.0000              0.0006      3.1807 r    (66.45,26.29)
  frontend_0/U69/Y (NAND2X0_RVT)                                       0.0623      1.0000              0.0550      3.2357 f    (66.59,26.22)
  frontend_0/n74 (net)                              1      1.1006
  frontend_0/U68/A4 (AO22X2_RVT)                                       0.0623      1.0000              0.0000      3.2357 f    (66.59,31.00)
  frontend_0/U68/Y (AO22X2_RVT)                                        0.0477      1.0000              0.0939      3.3296 f    (67.18,31.21)
  frontend_0/mclk_enable (net)                      2      5.3705
  frontend_0/mclk_enable (omsp_frontend)                               0.0477      1.0000              0.0000      3.3296 f    (hierarchical)    h
  placeHFSNET_62 (net)                                     5.3705
  clock_module_0/placeHFSNET_62 (omsp_clock_module)                    0.0477      1.0000              0.0000      3.3296 f    (hierarchical)    h
  clock_module_0/placeHFSNET_62 (net)                      5.3705
  clock_module_0/clockZBUF_inst_2188/A (NBUFFX2_RVT)                   0.0477      1.0000              0.0003      3.3299 f    (84.38,57.89)
  clock_module_0/clockZBUF_inst_2188/Y (NBUFFX2_RVT)                   0.0576      1.0000              0.0817      3.4116 f    (84.90,57.98)
  clock_module_0/clockZBUF_0 (net)                  3     10.0334
  clock_module_0/and_lfxt_dis4/placeHFSNET_62 (omsp_and_gate_10)       0.0576      1.0000              0.0000      3.4116 f    (hierarchical)    h
  clock_module_0/and_lfxt_dis4/placeHFSNET_62 (net)       10.0334
  clock_module_0/and_lfxt_dis4/placeHFSINV_8_76/A (INVX1_RVT)          0.0576      1.0000              0.0009      3.4124 f    (87.36,131.45)
  clock_module_0/and_lfxt_dis4/placeHFSINV_8_76/Y (INVX1_RVT)          0.0347      1.0000              0.0343      3.4467 r    (87.22,131.55)
  clock_module_0/and_lfxt_dis4/placeHFSNET_61 (net)
                                                    1      1.0711
  clock_module_0/and_lfxt_dis4/U1/A1 (AND2X1_RVT)                      0.0347      1.0000              0.0000      3.4467 r    (86.60,134.97)
  clock_module_0/and_lfxt_dis4/U1/Y (AND2X1_RVT)                       0.0264      1.0000              0.0527      3.4995 r    (86.08,134.89)
  clock_module_0/and_lfxt_dis4/y (net)              1      0.9720
  clock_module_0/and_lfxt_dis4/y (omsp_and_gate_10)                    0.0264      1.0000              0.0000      3.4995 r    (hierarchical)    h
  clock_module_0/lfxt_disable_by_cpu_en (net)              0.9720
  clock_module_0/U48/A (INVX1_RVT)                                     0.0264      1.0000              0.0000      3.4995 r    (85.08,134.79)
  clock_module_0/U48/Y (INVX1_RVT)                                     0.0210      1.0000              0.0202      3.5196 f    (84.94,134.90)
  clock_module_0/n29 (net)                          1      0.8517
  clock_module_0/and_lfxt_dis5/b (omsp_and_gate_9)                     0.0210      1.0000              0.0000      3.5196 f    (hierarchical)    h
  clock_module_0/and_lfxt_dis5/b (net)                     0.8517
  clock_module_0/and_lfxt_dis5/U1/A1 (AND2X1_RVT)                      0.0210      1.0000              0.0000      3.5196 f    (83.26,134.97)
  clock_module_0/and_lfxt_dis5/U1/Y (AND2X1_RVT)                       0.0345      1.0000              0.0577      3.5773 f    (82.74,134.89)
  clock_module_0/and_lfxt_dis5/y (net)              2      2.2965
  clock_module_0/and_lfxt_dis5/y (omsp_and_gate_9)                     0.0345      1.0000              0.0000      3.5773 f    (hierarchical)    h
  clock_module_0/lfxt_enable_nxt (net)                     2.2965
  clock_module_0/and_lfxt_en_wkup/b (omsp_and_gate_7)                  0.0345      1.0000              0.0000      3.5773 f    (hierarchical)    h
  clock_module_0/and_lfxt_en_wkup/b (net)                  2.2965
  clock_module_0/and_lfxt_en_wkup/U1/A1 (AND2X1_RVT)                   0.0345      1.0000              0.0000      3.5773 f    (72.83,134.97)
  clock_module_0/and_lfxt_en_wkup/U1/Y (AND2X1_RVT)                    0.0261      1.0000              0.0568      3.6341 f    (73.35,134.89)
  clock_module_0/and_lfxt_en_wkup/y (net)           1      1.1888
  clock_module_0/and_lfxt_en_wkup/y (omsp_and_gate_7)                  0.0261      1.0000              0.0000      3.6341 f    (hierarchical)    h
  clock_module_0/lfxt_en_wkup (net)                        1.1888
  clock_module_0/U119/A3 (OR3X1_RVT)                                   0.0261      1.0000              0.0000      3.6341 f    (76.47,136.76)
  clock_module_0/U119/Y (OR3X1_RVT)                                    0.0386      1.0000              0.0695      3.7037 f    (76.05,136.57)
  clock_module_0/N173 (net)                         2      2.2048
  clock_module_0/U114/A1 (OR2X1_RVT)                                   0.0386      1.0000              0.0000      3.7037 f    (78.10,136.60)
  clock_module_0/U114/Y (OR2X1_RVT)                                    0.0295      1.0000              0.0630      3.7667 f    (77.42,136.53)
  clock_module_0/_21_net_ (net)                     1      0.9256
  clock_module_0/scan_mux_lfxt_wkup/data_in_func (omsp_scan_mux_11)    0.0295      1.0000              0.0000      3.7667 f    (hierarchical)    h
  clock_module_0/scan_mux_lfxt_wkup/data_in_func (net)     0.9256
  clock_module_0/scan_mux_lfxt_wkup/U2/A3 (AO22X1_RVT)                 0.0295      1.0000              0.0000      3.7667 f    (74.90,137.25)
  clock_module_0/scan_mux_lfxt_wkup/U2/Y (AO22X1_RVT)                  0.0301      1.0000              0.0558      3.8225 f    (74.47,136.54)
  clock_module_0/scan_mux_lfxt_wkup/data_out (net)
                                                    1      1.2344
  clock_module_0/scan_mux_lfxt_wkup/data_out (omsp_scan_mux_11)        0.0301      1.0000              0.0000      3.8225 f    (hierarchical)    h
  clock_module_0/lfxt_wkup_set_scan (net)                  1.2344
  clock_module_0/sync_cell_lfxt_wkup/rst (omsp_sync_cell_14)           0.0301      1.0000              0.0000      3.8225 f    (hierarchical)    h
  clock_module_0/sync_cell_lfxt_wkup/rst (net)             1.2344
  clock_module_0/sync_cell_lfxt_wkup/U3/A (INVX1_RVT)                  0.0301      1.0000              0.0000      3.8225 f    (72.01,134.79)
  clock_module_0/sync_cell_lfxt_wkup/U3/Y (INVX1_RVT)                  0.0344      1.0000              0.0356      3.8581 r    (71.87,134.90)
  clock_module_0/sync_cell_lfxt_wkup/n1 (net)       2      2.6786
  clock_module_0/sync_cell_lfxt_wkup/data_sync_reg[0]/RSTB (DFFARX1_RVT)
                                                                       0.0344      1.0000              0.0000      3.8581 r    (70.83,137.24)    s, n
  data arrival time                                                                                                3.8581

  clock lfxt_clk' (rise edge)                                                                         20.0000     20.0000
  source latency                                                                                       0.0000     20.0000
  lfxt_clk (in)                                                        0.0096      1.0000              0.0033     20.0033 f    (57.60,211.12)
  lfxt_clk (net)                                    1      2.2760                                                                                d
  cto_buf_drc_3447/A (NBUFFX8_RVT)                                     0.0096      1.0000              0.0001     20.0034 f    (59.23,198.33)
  cto_buf_drc_3447/Y (NBUFFX8_RVT)                                     0.0130      1.0000              0.0187     20.0221 f    (60.28,198.43)
  cts4 (net)                                        2     17.5673                                                                                d
  cts_inv_9453318/A (INVX32_RVT)                                       0.0130      1.0000              0.0004     20.0225 f    (57.11,194.99)
  cts_inv_9453318/Y (INVX32_RVT)                                       0.0081      1.0000              0.0051     20.0276 r    (57.24,195.09)
  ctsbuf_net_2143 (net)                             1     16.6180                                                                                d
  cts_inv_9403313/A (INVX32_RVT)                                       0.0081      1.0000              0.0002     20.0278 r    (57.11,196.85)
  cts_inv_9403313/Y (INVX32_RVT)                                       0.0101      1.0000              0.0055     20.0333 f    (57.24,196.75)
  ctsbuf_net_2042 (net)                            16     36.2489                                                                                d
  clock_module_0/lfxt_clk (omsp_clock_module)                          0.0101      1.0000              0.0000     20.0333 f    (hierarchical)    h
  clock_module_0/lfxt_clk (net)                    16     36.2489                                                                                d
  clock_module_0/clock_gate_aclk/p_abuf0 (omsp_clock_gate_32)          0.0101      1.0000              0.0000     20.0333 f    (hierarchical)    h
  clock_module_0/clock_gate_aclk/p_abuf0 (net)     16     36.2489                                                                                d
  clock_module_0/clock_gate_aclk/U2/A (INVX32_RVT)                     0.0125      1.0000              0.0039     20.0373 f    (85.38,144.83)
  clock_module_0/clock_gate_aclk/U2/Y (INVX32_RVT)                     0.0072      1.0000              0.0041     20.0414 r    (85.51,144.93)
  clock_module_0/clock_gate_aclk/n2 (net)           5      6.9666                                                                                d
  clock_module_0/clock_gate_aclk/n2 (omsp_clock_gate_32)               0.0072      1.0000              0.0000     20.0414 r    (hierarchical)    h
  clock_module_0/cts2 (net)                         5      6.9666                                                                                d
  clock_module_0/sync_cell_lfxt_wkup/clk (omsp_sync_cell_14)           0.0072      1.0000              0.0000     20.0414 r    (hierarchical)    h
  clock_module_0/sync_cell_lfxt_wkup/clk (net)      5      6.9666                                                                                d
  clock_module_0/sync_cell_lfxt_wkup/data_sync_reg[0]/CLK (DFFARX1_RVT)
                                                                       0.0072      1.0000              0.0002     20.0415 r    (69.18,135.90)    s, n

  library setup time                                                               1.0000              0.0370     20.0786
  data required time                                                                                              20.0786
  ----------------------------------------------------------------------------------------------------------------------------------------------------------------
  data required time                                                                                              20.0786
  data arrival time                                                                                               -3.8581
  ----------------------------------------------------------------------------------------------------------------------------------------------------------------
  slack (MET)                                                                                                     16.2205



  Startpoint: dmem_dout[8] (input port clocked by dco_clk)
  Endpoint: pmem_addr[3] (output port clocked by dco_clk)
  Mode: func
  Corner: fast
  Scenario: func_fast
  Path Group: FEEDTHROUGH
  Path Type: max


Attributes
    b - black-box (unknown)
    s - size_only
    d - dont_touch
    u - dont_use
    g - generic
    h - hierarchical
    i - ideal
    n - noncombinational
    E - extracted timing model
    Q - Quick timing model


  Point                                          Fanout     Cap        Trans      Derate    Delta       Incr        Path           Location       Attributes
  ----------------------------------------------------------------------------------------------------------------------------------------------------------------
  clock dco_clk (rise edge)                                                                            0.0000      0.0000
  clock network delay (ideal)                                                                          0.3065      0.3065
  input external delay                                                                                 2.2500      2.5565

  dmem_dout[8] (in)                                                    0.0247      1.0000              0.0073      2.5637 r    (131.93,211.12)
  dmem_dout[8] (net)                                1      1.8077
  mem_backbone_0/dmem_dout[8] (omsp_mem_backbone)                      0.0247      1.0000              0.0073      2.5637 r    (hierarchical)    h
  mem_backbone_0/dmem_dout[8] (net)                        1.8077
  mem_backbone_0/placeZBUF_inst_193/A (NBUFFX4_RVT)                    0.0247      1.0000              0.0000      2.5638 r    (131.66,198.33)
  mem_backbone_0/placeZBUF_inst_193/Y (NBUFFX4_RVT)                    0.0530      1.0000              0.0691      2.6329 r    (132.32,198.43)
  mem_backbone_0/placeZBUF_1 (net)                  2     16.7366
  mem_backbone_0/U101/A3 (AO222X1_RVT)                                 0.0533      1.0000              0.0034      2.6362 r    (28.29,110.80)
  mem_backbone_0/U101/Y (AO222X1_RVT)                                  0.0926      1.0000              0.1585      2.7947 r    (29.18,111.49)
  mem_backbone_0/eu_mdb_in[8] (net)                 4      6.3307
  mem_backbone_0/eu_mdb_in[8] (omsp_mem_backbone)                      0.0926      1.0000              0.0000      2.7947 r    (hierarchical)    h
  eu_mdb_in[8] (net)                                       6.3307
  execution_unit_0/mdb_in[8] (omsp_execution_unit)                     0.0926      1.0000              0.0000      2.7947 r    (hierarchical)    h
  execution_unit_0/mdb_in[8] (net)                         6.3307
  execution_unit_0/U177/A2 (AO22X1_RVT)                                0.0926      1.0000              0.0002      2.7949 r    (39.53,96.24)
  execution_unit_0/U177/Y (AO22X1_RVT)                                 0.0776      1.0000              0.1401      2.9351 r    (40.28,96.42)
  execution_unit_0/mdb_in_bw[0] (net)               3      6.2882
  execution_unit_0/U90/A4 (AO222X1_RVT)                                0.0776      1.0000              0.0003      2.9354 r    (47.45,62.85)
  execution_unit_0/U90/Y (AO222X1_RVT)                                 0.0526      1.0000              0.1327      3.0681 r    (48.49,62.99)
  execution_unit_0/n78 (net)                        1      1.3625
  execution_unit_0/U86/A1 (OR2X1_RVT)                                  0.0526      1.0000              0.0000      3.0681 r    (54.89,61.29)
  execution_unit_0/U86/Y (OR2X1_RVT)                                   0.0750      1.0000              0.1034      3.1715 r    (55.56,61.36)
  execution_unit_0/op_src[0] (net)                  3      6.9755
  execution_unit_0/alu_0/op_src[0] (omsp_alu)                          0.0750      1.0000              0.0000      3.1715 r    (hierarchical)    h
  execution_unit_0/alu_0/op_src[0] (net)                   6.9755
  execution_unit_0/alu_0/U26/A1 (XOR2X2_RVT)                           0.0750      1.0000              0.0000      3.1716 r    (58.40,61.12)
  execution_unit_0/alu_0/U26/Y (XOR2X2_RVT)                            0.0640      1.0000              0.1039      3.2755 r    (59.67,61.33)
  execution_unit_0/alu_0/op_src_inv[0] (net)        6      8.2848
  execution_unit_0/alu_0/add_1_root_add_100_2_C185/U1_0/A (FADDX1_RVT)
                                                                       0.0640      1.0000              0.0002      3.2757 r    (74.48,64.88)
  execution_unit_0/alu_0/add_1_root_add_100_2_C185/U1_0/CO (FADDX1_RVT)
                                                                       0.0540      1.0000              0.1212      3.3969 r    (73.01,64.56)
  execution_unit_0/alu_0/add_1_root_add_100_2_C185/carry[1] (net)
                                                    1      2.3135
  execution_unit_0/alu_0/add_1_root_add_100_2_C185/U1_1/CI (FADDX1_RVT)
                                                                       0.0540      1.0000              0.0000      3.3970 r    (67.49,67.78)
  execution_unit_0/alu_0/add_1_root_add_100_2_C185/U1_1/CO (FADDX1_RVT)
                                                                       0.0514      1.0000              0.1031      3.5000 r    (68.94,67.90)
  execution_unit_0/alu_0/add_1_root_add_100_2_C185/carry[2] (net)
                                                    1      1.9075
  execution_unit_0/alu_0/add_1_root_add_100_2_C185/U1_2/CI (FADDX1_RVT)
                                                                       0.0514      1.0000              0.0000      3.5000 r    (68.40,71.13)
  execution_unit_0/alu_0/add_1_root_add_100_2_C185/U1_2/CO (FADDX1_RVT)
                                                                       0.0538      1.0000              0.1046      3.6047 r    (69.85,71.24)
  execution_unit_0/alu_0/add_1_root_add_100_2_C185/carry[3] (net)
                                                    1      2.1704
  execution_unit_0/alu_0/add_1_root_add_100_2_C185/U1_3/CI (FADDX1_RVT)
                                                                       0.0538      1.0000              0.0000      3.6047 r    (70.99,76.60)
  execution_unit_0/alu_0/add_1_root_add_100_2_C185/U1_3/S (FADDX1_RVT)
                                                                       0.0579      1.0000              0.1647      3.7694 f    (72.12,76.41)
  execution_unit_0/alu_0/N13 (net)                  3      3.3124
  execution_unit_0/alu_0/U143/A3 (OA21X1_RVT)                          0.0579      1.0000              0.0000      3.7694 f    (74.80,72.97)
  execution_unit_0/alu_0/U143/Y (OA21X1_RVT)                           0.0302      1.0000              0.0754      3.8448 f    (75.33,73.06)
  execution_unit_0/alu_0/n9 (net)                   1      0.9657
  execution_unit_0/alu_0/U7/A2 (OR2X1_RVT)                             0.0302      1.0000              0.0000      3.8448 f    (75.51,74.59)
  execution_unit_0/alu_0/U7/Y (OR2X1_RVT)                              0.0561      1.0000              0.0764      3.9213 f    (75.93,74.74)
  execution_unit_0/alu_0/n4 (net)                   3      4.9427
  execution_unit_0/alu_0/U106/A1 (AND2X1_RVT)                          0.0561      1.0000              0.0000      3.9213 f    (75.87,69.61)
  execution_unit_0/alu_0/U106/Y (AND2X1_RVT)                           0.0325      1.0000              0.0710      3.9923 f    (76.39,69.68)
  execution_unit_0/alu_0/add_102_C185_aco/carry[2] (net)
                                                    1      1.7882
  execution_unit_0/alu_0/add_102_C185_aco/U1_2/CI (FADDX1_RVT)         0.0325      1.0000              0.0000      3.9924 f    (77.52,71.13)
  execution_unit_0/alu_0/add_102_C185_aco/U1_2/CO (FADDX1_RVT)         0.0474      1.0000              0.0908      4.0831 f    (78.97,71.24)
  execution_unit_0/alu_0/add_102_C185_aco/carry[3] (net)
                                                    2      2.6087
  execution_unit_0/alu_0/U104/A1 (AND2X1_RVT)                          0.0474      1.0000              0.0000      4.0831 f    (77.33,76.30)
  execution_unit_0/alu_0/U104/Y (AND2X1_RVT)                           0.0292      1.0000              0.0638      4.1470 f    (76.81,76.37)
  execution_unit_0/alu_0/add_102_C185_aco/carry[4] (net)
                                                    1      1.3369
  execution_unit_0/alu_0/U103/A2 (XOR2X1_RVT)                          0.0292      1.0000              0.0000      4.1470 f    (76.41,77.98)
  execution_unit_0/alu_0/U103/Y (XOR2X1_RVT)                           0.0505      1.0000              0.1302      4.2772 r    (75.14,78.06)
  execution_unit_0/alu_0/alu_dadd0[4]1 (net)        1      2.0516
  execution_unit_0/alu_0/add_1_root_add_100_2_C186/U1_0/CI (FADDX1_RVT)
                                                                       0.0505      1.0000              0.0000      4.2772 r    (71.29,79.94)
  execution_unit_0/alu_0/add_1_root_add_100_2_C186/U1_0/CO (FADDX1_RVT)
                                                                       0.0527      1.0000              0.1032      4.3804 r    (72.74,79.83)
  execution_unit_0/alu_0/add_1_root_add_100_2_C186/carry[1] (net)
                                                    1      2.0363
  execution_unit_0/alu_0/add_1_root_add_100_2_C186/U1_1/CI (FADDX1_RVT)
                                                                       0.0527      1.0000              0.0000      4.3804 r    (72.35,84.50)
  execution_unit_0/alu_0/add_1_root_add_100_2_C186/U1_1/CO (FADDX1_RVT)
                                                                       0.0538      1.0000              0.1054      4.4859 r    (73.80,84.62)
  execution_unit_0/alu_0/add_1_root_add_100_2_C186/carry[2] (net)
                                                    1      2.2200
  execution_unit_0/alu_0/add_1_root_add_100_2_C186/U1_2/CI (FADDX1_RVT)
                                                                       0.0538      1.0000              0.0000      4.4859 r    (72.05,89.98)
  execution_unit_0/alu_0/add_1_root_add_100_2_C186/U1_2/CO (FADDX1_RVT)
                                                                       0.0513      1.0000              0.1030      4.5889 r    (73.50,89.86)
  execution_unit_0/alu_0/add_1_root_add_100_2_C186/carry[3] (net)
                                                    1      1.9085
  execution_unit_0/alu_0/add_1_root_add_100_2_C186/U1_3/CI (FADDX1_RVT)
                                                                       0.0513      1.0000              0.0000      4.5889 r    (76.15,91.19)
  execution_unit_0/alu_0/add_1_root_add_100_2_C186/U1_3/S (FADDX1_RVT)
                                                                       0.0609      1.0000              0.1667      4.7557 f    (77.29,91.38)
  execution_unit_0/alu_0/N26 (net)                  3      3.6928
  execution_unit_0/alu_0/U162/A3 (OA21X1_RVT)                          0.0609      1.0000              0.0000      4.7557 f    (77.08,86.34)
  execution_unit_0/alu_0/U162/Y (OA21X1_RVT)                           0.0294      1.0000              0.0761      4.8318 f    (77.61,86.43)
  execution_unit_0/alu_0/n10 (net)                  1      0.8742
  execution_unit_0/alu_0/U6/A2 (OR2X1_RVT)                             0.0294      1.0000              0.0000      4.8318 f    (78.40,86.51)
  execution_unit_0/alu_0/U6/Y (OR2X1_RVT)                              0.0537      1.0000              0.0745      4.9063 f    (78.82,86.37)
  execution_unit_0/alu_0/n3 (net)                   3      4.6621
  execution_unit_0/alu_0/U91/A1 (AND2X1_RVT)                           0.0537      1.0000              0.0000      4.9063 f    (78.30,82.98)
  execution_unit_0/alu_0/U91/Y (AND2X1_RVT)                            0.0339      1.0000              0.0715      4.9778 f    (78.82,83.06)
  execution_unit_0/alu_0/add_102_C186_aco/carry[2] (net)
                                                    1      2.0160
  execution_unit_0/alu_0/add_102_C186_aco/U1_2/CI (FADDX1_RVT)         0.0339      1.0000              0.0000      4.9779 f    (80.26,86.63)
  execution_unit_0/alu_0/add_102_C186_aco/U1_2/CO (FADDX1_RVT)         0.0467      1.0000              0.0906      5.0685 f    (81.71,86.52)
  execution_unit_0/alu_0/add_102_C186_aco/carry[3] (net)
                                                    2      2.5232
  execution_unit_0/alu_0/U89/A1 (AND2X1_RVT)                           0.0467      1.0000              0.0000      5.0685 f    (80.67,88.15)
  execution_unit_0/alu_0/U89/Y (AND2X1_RVT)                            0.0308      1.0000              0.0649      5.1334 f    (80.16,88.08)
  execution_unit_0/alu_0/add_102_C186_aco/carry[4] (net)
                                                    1      1.5386
  execution_unit_0/alu_0/U88/A2 (XOR2X1_RVT)                           0.0308      1.0000              0.0000      5.1334 f    (79.30,91.35)
  execution_unit_0/alu_0/U88/Y (XOR2X1_RVT)                            0.0600      1.0000              0.1401      5.2735 r    (78.03,91.43)
  execution_unit_0/alu_0/alu_dadd1[4]1 (net)        1      3.1843
  execution_unit_0/alu_0/add_1_root_add_100_2_C187/U1_0/CI (FADDX1_RVT)
                                                                       0.0600      1.0000              0.0001      5.2735 r    (72.49,103.35)
  execution_unit_0/alu_0/add_1_root_add_100_2_C187/U1_0/CO (FADDX1_RVT)
                                                                       0.0520      1.0000              0.1065      5.3801 r    (71.04,103.24)
  execution_unit_0/alu_0/add_1_root_add_100_2_C187/carry[1] (net)
                                                    1      2.0704
  execution_unit_0/alu_0/add_1_root_add_100_2_C187/U1_1/CI (FADDX1_RVT)
                                                                       0.0520      1.0000              0.0000      5.3801 r    (70.36,107.91)
  execution_unit_0/alu_0/add_1_root_add_100_2_C187/U1_1/CO (FADDX1_RVT)
                                                                       0.0588      1.0000              0.1109      5.4910 r    (68.91,108.03)
  execution_unit_0/alu_0/add_1_root_add_100_2_C187/carry[2] (net)
                                                    1      2.8936
  execution_unit_0/alu_0/add_1_root_add_100_2_C187/U1_2/CI (FADDX1_RVT)
                                                                       0.0588      1.0000              0.0001      5.4910 r    (66.58,120.07)
  execution_unit_0/alu_0/add_1_root_add_100_2_C187/U1_2/CO (FADDX1_RVT)
                                                                       0.0507      1.0000              0.1044      5.5954 r    (68.03,119.96)
  execution_unit_0/alu_0/add_1_root_add_100_2_C187/carry[3] (net)
                                                    1      1.8891
  execution_unit_0/alu_0/add_1_root_add_100_2_C187/U1_3/CI (FADDX1_RVT)
                                                                       0.0507      1.0000              0.0000      5.5954 r    (68.25,123.42)
  execution_unit_0/alu_0/add_1_root_add_100_2_C187/U1_3/S (FADDX1_RVT)
                                                                       0.0589      1.0000              0.1645      5.7599 f    (69.38,123.22)
  execution_unit_0/alu_0/N39 (net)                  3      3.4000
  execution_unit_0/alu_0/U168/A3 (OA21X1_RVT)                          0.0589      1.0000              0.0000      5.7599 f    (70.39,121.58)
  execution_unit_0/alu_0/U168/Y (OA21X1_RVT)                           0.0302      1.0000              0.0751      5.8350 f    (70.92,121.49)
  execution_unit_0/alu_0/n11 (net)                  1      0.8815
  execution_unit_0/alu_0/U5/A2 (OR2X1_RVT)                             0.0302      1.0000              0.0000      5.8350 f    (71.86,121.41)
  execution_unit_0/alu_0/U5/Y (OR2X1_RVT)                              0.0534      1.0000              0.0745      5.9096 f    (72.28,121.55)
  execution_unit_0/alu_0/n2 (net)                   3      4.6211
  execution_unit_0/alu_0/U86/A1 (AND2X1_RVT)                           0.0534      1.0000              0.0000      5.9096 f    (72.38,119.77)
  execution_unit_0/alu_0/U86/Y (AND2X1_RVT)                            0.0330      1.0000              0.0696      5.9791 f    (72.89,119.84)
  execution_unit_0/alu_0/add_102_C187_aco/carry[2] (net)
                                                    1      1.7652
  execution_unit_0/alu_0/add_102_C187_aco/U1_2/CI (FADDX1_RVT)         0.0330      1.0000              0.0000      5.9791 f    (73.87,121.29)
  execution_unit_0/alu_0/add_102_C187_aco/U1_2/CO (FADDX1_RVT)         0.0463      1.0000              0.0899      6.0690 f    (75.32,121.40)
  execution_unit_0/alu_0/add_102_C187_aco/carry[3] (net)
                                                    2      2.4744
  execution_unit_0/alu_0/U84/A1 (AND2X1_RVT)                           0.0463      1.0000              0.0000      6.0690 f    (74.59,124.94)
  execution_unit_0/alu_0/U84/Y (AND2X1_RVT)                            0.0298      1.0000              0.0638      6.1329 f    (74.08,124.86)
  execution_unit_0/alu_0/add_102_C187_aco/carry[4] (net)
                                                    1      1.4129
  execution_unit_0/alu_0/U83/A2 (XOR2X1_RVT)                           0.0298      1.0000              0.0000      6.1329 f    (72.76,126.60)
  execution_unit_0/alu_0/U83/Y (XOR2X1_RVT)                            0.0540      1.0000              0.1338      6.2667 r    (71.49,126.52)
  execution_unit_0/alu_0/alu_dadd2[4]1 (net)        1      2.4656
  execution_unit_0/alu_0/add_1_root_add_100_2_C188/U1_0/CI (FADDX1_RVT)
                                                                       0.0540      1.0000              0.0000      6.2668 r    (71.44,116.73)
  execution_unit_0/alu_0/add_1_root_add_100_2_C188/U1_0/CO (FADDX1_RVT)
                                                                       0.0487      1.0000              0.1008      6.3675 r    (72.89,116.61)
  execution_unit_0/alu_0/add_1_root_add_100_2_C188/carry[1] (net)
                                                    1      1.6869
  execution_unit_0/alu_0/add_1_root_add_100_2_C188/U1_1/CI (FADDX1_RVT)
                                                                       0.0487      1.0000              0.0000      6.3675 r    (74.33,116.73)
  execution_unit_0/alu_0/add_1_root_add_100_2_C188/U1_1/CO (FADDX1_RVT)
                                                                       0.0488      1.0000              0.0991      6.4666 r    (75.78,116.61)
  execution_unit_0/alu_0/add_1_root_add_100_2_C188/carry[2] (net)
                                                    1      1.6858
  execution_unit_0/alu_0/add_1_root_add_100_2_C188/U1_2/CI (FADDX1_RVT)
                                                                       0.0488      1.0000              0.0000      6.4666 r    (77.22,116.73)
  execution_unit_0/alu_0/add_1_root_add_100_2_C188/U1_2/CO (FADDX1_RVT)
                                                                       0.0514      1.0000              0.1027      6.5693 r    (78.67,116.61)
  execution_unit_0/alu_0/add_1_root_add_100_2_C188/carry[3] (net)
                                                    1      2.0390
  execution_unit_0/alu_0/add_1_root_add_100_2_C188/U1_3/CI (FADDX1_RVT)
                                                                       0.0514      1.0000              0.0000      6.5693 r    (82.23,114.60)
  execution_unit_0/alu_0/add_1_root_add_100_2_C188/U1_3/S (FADDX1_RVT)
                                                                       0.0587      1.0000              0.1642      6.7335 f    (83.37,114.79)
  execution_unit_0/alu_0/N52 (net)                  3      3.3313
  execution_unit_0/alu_0/U173/A3 (OA21X1_RVT)                          0.0587      1.0000              0.0000      6.7335 f    (81.03,118.23)
  execution_unit_0/alu_0/U173/Y (OA21X1_RVT)                           0.0301      1.0000              0.0758      6.8093 f    (81.56,118.14)
  execution_unit_0/alu_0/n12 (net)                  1      0.9617
  execution_unit_0/alu_0/U4/A2 (OR2X1_RVT)                             0.0301      1.0000              0.0000      6.8093 f    (81.79,116.61)
  execution_unit_0/alu_0/U4/Y (OR2X1_RVT)                              0.0554      1.0000              0.0758      6.8851 f    (81.37,116.46)
  execution_unit_0/alu_0/n1 (net)                   3      4.8517
  execution_unit_0/alu_0/U81/A1 (AND2X1_RVT)                           0.0554      1.0000              0.0000      6.8852 f    (80.89,119.77)
  execution_unit_0/alu_0/U81/Y (AND2X1_RVT)                            0.0325      1.0000              0.0708      6.9560 f    (81.40,119.84)
  execution_unit_0/alu_0/add_102_C188_aco/carry[2] (net)
                                                    1      1.8039
  execution_unit_0/alu_0/add_102_C188_aco/U1_2/CI (FADDX1_RVT)         0.0325      1.0000              0.0000      6.9560 f    (84.21,120.07)
  execution_unit_0/alu_0/add_102_C188_aco/U1_2/CO (FADDX1_RVT)         0.0457      1.0000              0.0890      7.0450 f    (85.66,119.96)
  execution_unit_0/alu_0/add_102_C188_aco/carry[3] (net)
                                                    2      2.3869
  execution_unit_0/alu_0/U62/A2 (XOR2X1_RVT)                           0.0457      1.0000              0.0000      7.0450 f    (86.14,116.57)
  execution_unit_0/alu_0/U62/Y (XOR2X1_RVT)                            0.0503      1.0000              0.1213      7.1664 f    (84.87,116.49)
  execution_unit_0/alu_0/alu_dadd3[3] (net)         1      2.1819
  execution_unit_0/alu_0/U198/A1 (AO222X1_RVT)                         0.0503      1.0000              0.0000      7.1664 f    (83.87,101.53)
  execution_unit_0/alu_0/U198/Y (AO222X1_RVT)                          0.0811      1.0000              0.1502      7.3166 f    (82.52,101.46)
  execution_unit_0/alu_0/alu_out[15] (net)          6      7.0457
  execution_unit_0/alu_0/alu_out[15] (omsp_alu)                        0.0811      1.0000              0.0000      7.3166 f    (hierarchical)    h
  execution_unit_0/alu_out[15] (net)                       7.0457
  execution_unit_0/register_file_0/reg_dest_val[15] (omsp_register_file)
                                                                       0.0811      1.0000              0.0000      7.3166 f    (hierarchical)    h
  execution_unit_0/register_file_0/reg_dest_val[15] (net)
                                                           7.0457
  execution_unit_0/register_file_0/U56/A1 (AND2X4_RVT)                 0.0811      1.0000              0.0002      7.3167 f    (90.31,89.82)
  execution_unit_0/register_file_0/U56/Y (AND2X4_RVT)                  0.0835      1.0000              0.1418      7.4585 f    (89.73,89.75)
  execution_unit_0/register_file_0/pc_sw[15] (net)
                                                   15     24.3049
  execution_unit_0/register_file_0/pc_sw[15] (omsp_register_file)      0.0835      1.0000              0.0000      7.4585 f    (hierarchical)    h
  execution_unit_0/pc_sw[15] (net)                        24.3049
  execution_unit_0/pc_sw[15] (omsp_execution_unit)                     0.0835      1.0000              0.0000      7.4585 f    (hierarchical)    h
  pc_sw[15] (net)                                         24.3049
  frontend_0/pc_sw[15] (omsp_frontend)                                 0.0835      1.0000              0.0000      7.4585 f    (hierarchical)    h
  frontend_0/pc_sw[15] (net)                              24.3049
  frontend_0/U23/A3 (AO221X1_RVT)                                      0.0837      1.0000              0.0000      7.4585 f    (86.81,80.40)
  frontend_0/U23/Y (AO221X1_RVT)                                       0.0544      1.0000              0.1287      7.5872 f    (87.55,79.70)
  frontend_0/mab[15] (net)                          3      3.5749
  frontend_0/mab[15] (omsp_frontend)                                   0.0544      1.0000              0.0000      7.5872 f    (hierarchical)    h
  fe_mab[15] (net)                                         3.5749
  mem_backbone_0/fe_mab[14] (omsp_mem_backbone)                        0.0544      1.0000              0.0000      7.5872 f    (hierarchical)    h
  mem_backbone_0/fe_mab[14] (net)                          3.5749
  mem_backbone_0/U24/A3 (AND4X1_RVT)                                   0.0544      1.0000              0.0000      7.5873 f    (88.27,82.83)
  mem_backbone_0/U24/Y (AND4X1_RVT)                                    0.0472      1.0000              0.1121      7.6993 f    (87.45,83.06)
  mem_backbone_0/fe_pmem_sel (net)                  1      1.6471
  mem_backbone_0/U179/A1 (NAND2X2_RVT)                                 0.0472      1.0000              0.0000      7.6993 f    (86.28,74.78)
  mem_backbone_0/U179/Y (NAND2X2_RVT)                                  0.0550      1.0000              0.1089      7.8082 r    (87.10,74.70)
  mem_backbone_0/n11 (net)                          3      9.0342
  mem_backbone_0/U174/A2 (NAND4X0_RVT)                                 0.0550      1.0000              0.0003      7.8085 r    (94.57,113.23)
  mem_backbone_0/U174/Y (NAND4X0_RVT)                                  0.2045      1.0000              0.1558      7.9643 f    (94.56,113.16)
  mem_backbone_0/n14 (net)                          3      4.9953
  mem_backbone_0/U39/A1 (AND2X2_RVT)                                   0.2045      1.0000              0.0000      7.9643 f    (96.24,113.08)
  mem_backbone_0/U39/Y (AND2X2_RVT)                                    0.0955      1.0000              0.1761      8.1404 f    (96.75,113.15)
  mem_backbone_0/n10 (net)                         12     14.5522
  mem_backbone_0/U34/A4 (AO222X2_RVT)                                  0.0955      1.0000              0.0010      8.1414 f    (112.50,82.97)
  mem_backbone_0/U34/Y (AO222X2_RVT)                                   0.0640      1.0000              0.1475      8.2889 f    (113.54,83.07)
  mem_backbone_0/pmem_addr[3] (net)                 1      8.7668
  mem_backbone_0/pmem_addr[3] (omsp_mem_backbone)                      0.0640      1.0000              0.0000      8.2889 f    (hierarchical)    h
  pmem_addr[3] (net)                                       8.7668
  pmem_addr[3] (out)                                                   0.0640      1.0000              0.0009      8.2897 f    (211.88,88.00)
  data arrival time                                                                                                8.2897

  clock dco_clk (rise edge)                                                                           40.0000     40.0000
  clock network delay (ideal)                                                                          0.3065     40.3065
  output external delay                                                                               -0.6400     39.6665
  data required time                                                                                              39.6665
  ----------------------------------------------------------------------------------------------------------------------------------------------------------------
  data required time                                                                                              39.6665
  data arrival time                                                                                               -8.2897
  ----------------------------------------------------------------------------------------------------------------------------------------------------------------
  slack (MET)                                                                                                     31.3767



  Startpoint: dmem_dout[8] (input port clocked by dco_clk)
  Endpoint: clock_module_0/sync_cell_dco_wkup/data_sync_reg[1] (recovery check against rising-edge clock clocked by dco_clk')
  Mode: func
  Corner: fast
  Scenario: func_fast
  Path Group: REGIN
  Path Type: max


Attributes
    b - black-box (unknown)
    s - size_only
    d - dont_touch
    u - dont_use
    g - generic
    h - hierarchical
    i - ideal
    n - noncombinational
    E - extracted timing model
    Q - Quick timing model


  Point                                          Fanout     Cap        Trans      Derate    Delta       Incr        Path           Location       Attributes
  ----------------------------------------------------------------------------------------------------------------------------------------------------------------
  clock dco_clk (rise edge)                                                                            0.0000      0.0000
  clock network delay (ideal)                                                                          0.3065      0.3065
  input external delay                                                                                 2.2500      2.5565

  dmem_dout[8] (in)                                                    0.0247      1.0000              0.0073      2.5637 r    (131.93,211.12)
  dmem_dout[8] (net)                                1      1.8077
  mem_backbone_0/dmem_dout[8] (omsp_mem_backbone)                      0.0247      1.0000              0.0073      2.5637 r    (hierarchical)    h
  mem_backbone_0/dmem_dout[8] (net)                        1.8077
  mem_backbone_0/placeZBUF_inst_193/A (NBUFFX4_RVT)                    0.0247      1.0000              0.0000      2.5638 r    (131.66,198.33)
  mem_backbone_0/placeZBUF_inst_193/Y (NBUFFX4_RVT)                    0.0530      1.0000              0.0691      2.6329 r    (132.32,198.43)
  mem_backbone_0/placeZBUF_1 (net)                  2     16.7366
  mem_backbone_0/U101/A3 (AO222X1_RVT)                                 0.0533      1.0000              0.0034      2.6362 r    (28.29,110.80)
  mem_backbone_0/U101/Y (AO222X1_RVT)                                  0.0926      1.0000              0.1585      2.7947 r    (29.18,111.49)
  mem_backbone_0/eu_mdb_in[8] (net)                 4      6.3307
  mem_backbone_0/eu_mdb_in[8] (omsp_mem_backbone)                      0.0926      1.0000              0.0000      2.7947 r    (hierarchical)    h
  eu_mdb_in[8] (net)                                       6.3307
  execution_unit_0/mdb_in[8] (omsp_execution_unit)                     0.0926      1.0000              0.0000      2.7947 r    (hierarchical)    h
  execution_unit_0/mdb_in[8] (net)                         6.3307
  execution_unit_0/U177/A2 (AO22X1_RVT)                                0.0926      1.0000              0.0002      2.7949 r    (39.53,96.24)
  execution_unit_0/U177/Y (AO22X1_RVT)                                 0.0776      1.0000              0.1401      2.9351 r    (40.28,96.42)
  execution_unit_0/mdb_in_bw[0] (net)               3      6.2882
  execution_unit_0/U90/A4 (AO222X1_RVT)                                0.0776      1.0000              0.0003      2.9354 r    (47.45,62.85)
  execution_unit_0/U90/Y (AO222X1_RVT)                                 0.0526      1.0000              0.1327      3.0681 r    (48.49,62.99)
  execution_unit_0/n78 (net)                        1      1.3625
  execution_unit_0/U86/A1 (OR2X1_RVT)                                  0.0526      1.0000              0.0000      3.0681 r    (54.89,61.29)
  execution_unit_0/U86/Y (OR2X1_RVT)                                   0.0750      1.0000              0.1034      3.1715 r    (55.56,61.36)
  execution_unit_0/op_src[0] (net)                  3      6.9755
  execution_unit_0/alu_0/op_src[0] (omsp_alu)                          0.0750      1.0000              0.0000      3.1715 r    (hierarchical)    h
  execution_unit_0/alu_0/op_src[0] (net)                   6.9755
  execution_unit_0/alu_0/U26/A1 (XOR2X2_RVT)                           0.0750      1.0000              0.0000      3.1716 r    (58.40,61.12)
  execution_unit_0/alu_0/U26/Y (XOR2X2_RVT)                            0.0618      1.0000              0.1364      3.3079 f    (59.67,61.33)
  execution_unit_0/alu_0/op_src_inv[0] (net)        6      8.2578
  execution_unit_0/alu_0/add_1_root_add_100_2_C185/U1_0/A (FADDX1_RVT)
                                                                       0.0618      1.0000              0.0002      3.3081 f    (74.48,64.88)
  execution_unit_0/alu_0/add_1_root_add_100_2_C185/U1_0/CO (FADDX1_RVT)
                                                                       0.0455      1.0000              0.1108      3.4189 f    (73.01,64.56)
  execution_unit_0/alu_0/add_1_root_add_100_2_C185/carry[1] (net)
                                                    1      2.3090
  execution_unit_0/alu_0/add_1_root_add_100_2_C185/U1_1/CI (FADDX1_RVT)
                                                                       0.0455      1.0000              0.0000      3.4189 f    (67.49,67.78)
  execution_unit_0/alu_0/add_1_root_add_100_2_C185/U1_1/CO (FADDX1_RVT)
                                                                       0.0448      1.0000              0.0898      3.5087 f    (68.94,67.90)
  execution_unit_0/alu_0/add_1_root_add_100_2_C185/carry[2] (net)
                                                    1      1.9029
  execution_unit_0/alu_0/add_1_root_add_100_2_C185/U1_2/CI (FADDX1_RVT)
                                                                       0.0448      1.0000              0.0000      3.5088 f    (68.40,71.13)
  execution_unit_0/alu_0/add_1_root_add_100_2_C185/U1_2/CO (FADDX1_RVT)
                                                                       0.0470      1.0000              0.0918      3.6005 f    (69.85,71.24)
  execution_unit_0/alu_0/add_1_root_add_100_2_C185/carry[3] (net)
                                                    1      2.1658
  execution_unit_0/alu_0/add_1_root_add_100_2_C185/U1_3/CI (FADDX1_RVT)
                                                                       0.0470      1.0000              0.0000      3.6005 f    (70.99,76.60)
  execution_unit_0/alu_0/add_1_root_add_100_2_C185/U1_3/S (FADDX1_RVT)
                                                                       0.0573      1.0000              0.1660      3.7666 r    (72.12,76.41)
  execution_unit_0/alu_0/N13 (net)                  3      3.3233
  execution_unit_0/alu_0/U143/A3 (OA21X1_RVT)                          0.0573      1.0000              0.0000      3.7666 r    (74.80,72.97)
  execution_unit_0/alu_0/U143/Y (OA21X1_RVT)                           0.0319      1.0000              0.0716      3.8382 r    (75.33,73.06)
  execution_unit_0/alu_0/n9 (net)                   1      0.9726
  execution_unit_0/alu_0/U7/A2 (OR2X1_RVT)                             0.0319      1.0000              0.0000      3.8382 r    (75.51,74.59)
  execution_unit_0/alu_0/U7/Y (OR2X1_RVT)                              0.0586      1.0000              0.0778      3.9160 r    (75.93,74.74)
  execution_unit_0/alu_0/n4 (net)                   3      4.9554
  execution_unit_0/alu_0/U106/A1 (AND2X1_RVT)                          0.0586      1.0000              0.0000      3.9160 r    (75.87,69.61)
  execution_unit_0/alu_0/U106/Y (AND2X1_RVT)                           0.0339      1.0000              0.0638      3.9799 r    (76.39,69.68)
  execution_unit_0/alu_0/add_102_C185_aco/carry[2] (net)
                                                    1      1.7927
  execution_unit_0/alu_0/add_102_C185_aco/U1_2/CI (FADDX1_RVT)         0.0339      1.0000              0.0000      3.9799 r    (77.52,71.13)
  execution_unit_0/alu_0/add_102_C185_aco/U1_2/CO (FADDX1_RVT)         0.0562      1.0000              0.1028      4.0827 r    (78.97,71.24)
  execution_unit_0/alu_0/add_102_C185_aco/carry[3] (net)
                                                    2      2.6104
  execution_unit_0/alu_0/U104/A1 (AND2X1_RVT)                          0.0562      1.0000              0.0000      4.0827 r    (77.33,76.30)
  execution_unit_0/alu_0/U104/Y (AND2X1_RVT)                           0.0304      1.0000              0.0600      4.1428 r    (76.81,76.37)
  execution_unit_0/alu_0/add_102_C185_aco/carry[4] (net)
                                                    1      1.3375
  execution_unit_0/alu_0/U103/A2 (XOR2X1_RVT)                          0.0304      1.0000              0.0000      4.1428 r    (76.41,77.98)
  execution_unit_0/alu_0/U103/Y (XOR2X1_RVT)                           0.0492      1.0000              0.1309      4.2737 f    (75.14,78.06)
  execution_unit_0/alu_0/alu_dadd0[4]1 (net)        1      2.0471
  execution_unit_0/alu_0/add_1_root_add_100_2_C186/U1_0/CI (FADDX1_RVT)
                                                                       0.0492      1.0000              0.0000      4.2737 f    (71.29,79.94)
  execution_unit_0/alu_0/add_1_root_add_100_2_C186/U1_0/S (FADDX1_RVT)
                                                                       0.0434      1.0000              0.1530      4.4266 r    (72.42,79.75)
  execution_unit_0/alu_0/alu_dadd1[0] (net)         1      1.5080
  execution_unit_0/alu_0/U17/A1 (AO222X2_RVT)                          0.0434      1.0000              0.0000      4.4267 r    (80.27,81.39)
  execution_unit_0/alu_0/U17/Y (AO222X2_RVT)                           0.0861      1.0000              0.1745      4.6012 r    (81.62,81.38)
  execution_unit_0/alu_0/alu_out[4] (net)           5      9.1601
  execution_unit_0/alu_0/alu_out[4] (omsp_alu)                         0.0861      1.0000              0.0000      4.6012 r    (hierarchical)    h
  execution_unit_0/placeHFSNET_68 (net)                    9.1601
  execution_unit_0/register_file_0/placeHFSNET_68 (omsp_register_file)
                                                                       0.0861      1.0000              0.0000      4.6012 r    (hierarchical)    h
  execution_unit_0/register_file_0/placeHFSNET_68 (net)    9.1601
  execution_unit_0/register_file_0/U399/A1 (AO21X2_RVT)                0.0861      1.0000              0.0004      4.6016 r    (99.58,49.54)
  execution_unit_0/register_file_0/U399/Y (AO21X2_RVT)                 0.0778      1.0000              0.1418      4.7434 r    (98.94,49.60)
  execution_unit_0/register_file_0/cpuoff (net)     5      9.6837
  execution_unit_0/register_file_0/cpuoff (omsp_register_file)         0.0778      1.0000              0.0000      4.7434 r    (hierarchical)    h
  execution_unit_0/cpuoff (net)                            9.6837
  execution_unit_0/cpuoff (omsp_execution_unit)                        0.0778      1.0000              0.0000      4.7434 r    (hierarchical)    h
  cpuoff (net)                                             9.6837
  frontend_0/cpuoff (omsp_frontend)                                    0.0778      1.0000              0.0000      4.7434 r    (hierarchical)    h
  frontend_0/cpuoff (net)                                  9.6837
  frontend_0/U69/A2 (NAND2X0_RVT)                                      0.0778      1.0000              0.0006      4.7440 r    (66.45,26.29)
  frontend_0/U69/Y (NAND2X0_RVT)                                       0.0623      1.0000              0.0550      4.7991 f    (66.59,26.22)
  frontend_0/n74 (net)                              1      1.1006
  frontend_0/U68/A4 (AO22X2_RVT)                                       0.0623      1.0000              0.0000      4.7991 f    (66.59,31.00)
  frontend_0/U68/Y (AO22X2_RVT)                                        0.0477      1.0000              0.0939      4.8930 f    (67.18,31.21)
  frontend_0/mclk_enable (net)                      2      5.3705
  frontend_0/mclk_enable (omsp_frontend)                               0.0477      1.0000              0.0000      4.8930 f    (hierarchical)    h
  placeHFSNET_62 (net)                                     5.3705
  clock_module_0/placeHFSNET_62 (omsp_clock_module)                    0.0477      1.0000              0.0000      4.8930 f    (hierarchical)    h
  clock_module_0/placeHFSNET_62 (net)                      5.3705
  clock_module_0/and_cpuoff_mclk_en/b (omsp_and_gate_0)                0.0477      1.0000              0.0000      4.8930 f    (hierarchical)    h
  clock_module_0/and_cpuoff_mclk_en/b (net)                5.3705
  clock_module_0/and_cpuoff_mclk_en/U1/A1 (AND2X1_RVT)                 0.0477      1.0000              0.0003      4.8932 f    (85.75,58.06)
  clock_module_0/and_cpuoff_mclk_en/U1/Y (AND2X1_RVT)                  0.0758      1.0000              0.0989      4.9921 f    (86.27,57.98)
  clock_module_0/and_cpuoff_mclk_en/y (net)         1      7.0931
  clock_module_0/and_cpuoff_mclk_en/y (omsp_and_gate_0)                0.0758      1.0000              0.0000      4.9921 f    (hierarchical)    h
  clock_module_0/cpuoff_and_mclk_enable (net)              7.0931
  clock_module_0/and_dco_dis1/b (omsp_and_gate_21)                     0.0758      1.0000              0.0000      4.9921 f    (hierarchical)    h
  clock_module_0/and_dco_dis1/b (net)                      7.0931
  clock_module_0/and_dco_dis1/U1/A1 (AND2X1_RVT)                       0.0758      1.0000              0.0005      4.9926 f    (85.75,123.11)
  clock_module_0/and_dco_dis1/U1/Y (AND2X1_RVT)                        0.0283      1.0000              0.0718      5.0644 f    (86.27,123.19)
  clock_module_0/and_dco_dis1/y (net)               1      0.8825
  clock_module_0/and_dco_dis1/y (omsp_and_gate_21)                     0.0283      1.0000              0.0000      5.0644 f    (hierarchical)    h
  clock_module_0/cpu_enabled_with_dco (net)                0.8825
  clock_module_0/U55/A2 (NOR2X0_RVT)                                   0.0283      1.0000              0.0000      5.0644 f    (87.06,123.38)
  clock_module_0/U55/Y (NOR2X0_RVT)                                    0.0219      1.0000              0.0710      5.1355 r    (87.79,123.18)
  clock_module_0/n117 (net)                         1      0.8866
  clock_module_0/and_dco_dis2/b (omsp_and_gate_20)                     0.0219      1.0000              0.0000      5.1355 r    (hierarchical)    h
  clock_module_0/and_dco_dis2/b (net)                      0.8866
  clock_module_0/and_dco_dis2/U1/A1 (AND2X1_RVT)                       0.0219      1.0000              0.0000      5.1355 r    (88.18,121.59)
  clock_module_0/and_dco_dis2/U1/Y (AND2X1_RVT)                        0.0264      1.0000              0.0494      5.1849 r    (88.70,121.52)
  clock_module_0/and_dco_dis2/y (net)               1      0.9935
  clock_module_0/and_dco_dis2/y (omsp_and_gate_20)                     0.0264      1.0000              0.0000      5.1849 r    (hierarchical)    h
  clock_module_0/dco_not_enabled_by_dbg (net)              0.9935
  clock_module_0/and_dco_dis3/b (omsp_and_gate_19)                     0.0264      1.0000              0.0000      5.1849 r    (hierarchical)    h
  clock_module_0/and_dco_dis3/b (net)                      0.9935
  clock_module_0/and_dco_dis3/U1/A1 (AND2X1_RVT)                       0.0264      1.0000              0.0000      5.1849 r    (90.25,119.77)
  clock_module_0/and_dco_dis3/U1/Y (AND2X1_RVT)                        0.0283      1.0000              0.0524      5.2373 r    (89.73,119.84)
  clock_module_0/and_dco_dis3/y (net)               1      1.2397
  clock_module_0/and_dco_dis3/y (omsp_and_gate_19)                     0.0283      1.0000              0.0000      5.2373 r    (hierarchical)    h
  clock_module_0/dco_disable_by_scg0 (net)                 1.2397
  clock_module_0/U45/A (INVX1_RVT)                                     0.0283      1.0000              0.0000      5.2373 r    (89.18,123.29)
  clock_module_0/U45/Y (INVX1_RVT)                                     0.0219      1.0000              0.0208      5.2581 f    (89.05,123.18)
  clock_module_0/n23 (net)                          1      0.8680
  clock_module_0/and_dco_dis5/a (omsp_and_gate_17)                     0.0219      1.0000              0.0000      5.2581 f    (hierarchical)    h
  clock_module_0/and_dco_dis5/a (net)                      0.8680
  clock_module_0/and_dco_dis5/U1/A2 (AND2X1_RVT)                       0.0219      1.0000              0.0000      5.2581 f    (88.03,124.78)
  clock_module_0/and_dco_dis5/U1/Y (AND2X1_RVT)                        0.0294      1.0000              0.0572      5.3153 f    (88.70,124.86)
  clock_module_0/and_dco_dis5/y (net)               2      1.6452
  clock_module_0/and_dco_dis5/y (omsp_and_gate_17)                     0.0294      1.0000              0.0000      5.3153 f    (hierarchical)    h
  clock_module_0/dco_enable_nxt (net)                      1.6452
  clock_module_0/and_dco_en_wkup/b (omsp_and_gate_15)                  0.0294      1.0000              0.0000      5.3153 f    (hierarchical)    h
  clock_module_0/and_dco_en_wkup/b (net)                   1.6452
  clock_module_0/and_dco_en_wkup/U1/A1 (AND2X1_RVT)                    0.0294      1.0000              0.0000      5.3153 f    (90.40,126.46)
  clock_module_0/and_dco_en_wkup/U1/Y (AND2X1_RVT)                     0.0260      1.0000              0.0533      5.3686 f    (89.89,126.53)
  clock_module_0/and_dco_en_wkup/y (net)            1      1.0376
  clock_module_0/and_dco_en_wkup/y (omsp_and_gate_15)                  0.0260      1.0000              0.0000      5.3686 f    (hierarchical)    h
  clock_module_0/dco_en_wkup (net)                         1.0376
  clock_module_0/U120/A3 (OR3X1_RVT)                                   0.0260      1.0000              0.0000      5.3686 f    (88.17,128.01)
  clock_module_0/U120/Y (OR3X1_RVT)                                    0.0389      1.0000              0.0698      5.4385 f    (87.76,128.20)
  clock_module_0/N169 (net)                         2      2.2438
  clock_module_0/U112/A1 (OR2X1_RVT)                                   0.0389      1.0000              0.0000      5.4385 f    (80.07,128.17)
  clock_module_0/U112/Y (OR2X1_RVT)                                    0.0286      1.0000              0.0621      5.5006 f    (79.40,128.24)
  clock_module_0/_9_net_ (net)                      1      0.7998
  clock_module_0/scan_mux_dco_wkup/data_in_func (omsp_scan_mux_1)      0.0286      1.0000              0.0000      5.5006 f    (hierarchical)    h
  clock_module_0/scan_mux_dco_wkup/data_in_func (net)      0.7998
  clock_module_0/scan_mux_dco_wkup/U2/A3 (AO22X1_RVT)                  0.0286      1.0000              0.0000      5.5006 f    (78.75,127.22)
  clock_module_0/scan_mux_dco_wkup/U2/Y (AO22X1_RVT)                   0.0317      1.0000              0.0572      5.5578 f    (79.19,126.51)
  clock_module_0/scan_mux_dco_wkup/data_out (net)
                                                    1      1.4699
  clock_module_0/scan_mux_dco_wkup/data_out (omsp_scan_mux_1)          0.0317      1.0000              0.0000      5.5578 f    (hierarchical)    h
  clock_module_0/dco_wkup_set_scan (net)                   1.4699
  clock_module_0/sync_cell_dco_wkup/rst (omsp_sync_cell_0)             0.0317      1.0000              0.0000      5.5578 f    (hierarchical)    h
  clock_module_0/sync_cell_dco_wkup/rst (net)              1.4699
  clock_module_0/sync_cell_dco_wkup/U3/A (INVX1_RVT)                   0.0317      1.0000              0.0000      5.5578 f    (84.54,124.76)
  clock_module_0/sync_cell_dco_wkup/U3/Y (INVX1_RVT)                   0.0382      1.0000              0.0388      5.5966 r    (84.67,124.86)
  clock_module_0/sync_cell_dco_wkup/n1 (net)        2      3.1255
  clock_module_0/sync_cell_dco_wkup/data_sync_reg[1]/RSTB (DFFARX1_RVT)
                                                                       0.0382      1.0000              0.0001      5.5966 r    (96.98,123.87)    s, n
  data arrival time                                                                                                5.5966

  clock dco_clk' (rise edge)                                                                          20.0000     20.0000
  source latency                                                                                       0.0000     20.0000
  dco_clk (in)                                                         0.0000      1.0000              0.0000     20.0000 f    (157.77,211.12)
  dco_clk (net)                                     4     23.1147                                                                                d
  cts_inv_8993272/A (IBUFFX2_RVT)                                      0.0003      1.0000              0.0001     20.0001 f    (155.37,196.85)
  cts_inv_8993272/Y (IBUFFX2_RVT)                                      0.0079      1.0000              0.0186     20.0187 r    (156.19,196.75)
  ctsbuf_net_1941 (net)                             1      0.7451                                                                                d
  cts_inv_8943267/A (IBUFFX4_RVT)                                      0.0079      1.0000              0.0000     20.0187 r    (155.07,198.33)
  cts_inv_8943267/Y (IBUFFX4_RVT)                                      0.0332      1.0000              0.0356     20.0542 f    (156.04,198.43)
  ctsbuf_net_1840 (net)                            17     27.2711                                                                                d
  clock_module_0/dco_clk (omsp_clock_module)                           0.0332      1.0000              0.0000     20.0542 f    (hierarchical)    h
  clock_module_0/dco_clk (net)                     17     27.2711                                                                                d
  clock_module_0/clock_gate_smclk/p_abuf1 (omsp_clock_gate_31)         0.0332      1.0000              0.0000     20.0542 f    (hierarchical)    h
  clock_module_0/clock_gate_smclk/p_abuf1 (net)    17     27.2711                                                                                d
  clock_module_0/clock_gate_smclk/U2/A (INVX2_RVT)                     0.0340      1.0000              0.0034     20.0576 f    (115.47,134.79)
  clock_module_0/clock_gate_smclk/U2/Y (INVX2_RVT)                     0.0276      1.0000              0.0209     20.0785 r    (115.60,134.90)
  clock_module_0/clock_gate_smclk/n2 (net)          6      9.7102                                                                                d
  clock_module_0/clock_gate_smclk/n2 (omsp_clock_gate_31)              0.0276      1.0000              0.0000     20.0785 r    (hierarchical)    h
  clock_module_0/cts0 (net)                         6      9.7102                                                                                d
  clock_module_0/sync_cell_dco_wkup/clk (omsp_sync_cell_0)             0.0276      1.0000              0.0000     20.0785 r    (hierarchical)    h
  clock_module_0/sync_cell_dco_wkup/clk (net)       6      9.7102                                                                                d
  clock_module_0/sync_cell_dco_wkup/data_sync_reg[1]/CLK (DFFARX1_RVT)
                                                                       0.0276      1.0000              0.0003     20.0788 r    (95.33,122.52)    s, n

  library setup time                                                               1.0000              0.0415     20.1203
  data required time                                                                                              20.1203
  ----------------------------------------------------------------------------------------------------------------------------------------------------------------
  data required time                                                                                              20.1203
  data arrival time                                                                                               -5.5966
  ----------------------------------------------------------------------------------------------------------------------------------------------------------------
  slack (MET)                                                                                                     14.5237



  Startpoint: frontend_0/inst_so_reg[5] (rising edge-triggered flip-flop clocked by dco_clk)
  Endpoint: pmem_addr[3] (output port clocked by dco_clk)
  Mode: func
  Corner: fast
  Scenario: func_fast
  Path Group: REGOUT
  Path Type: max


Attributes
    b - black-box (unknown)
    s - size_only
    d - dont_touch
    u - dont_use
    g - generic
    h - hierarchical
    i - ideal
    n - noncombinational
    E - extracted timing model
    Q - Quick timing model


  Point                                          Fanout     Cap        Trans      Derate    Delta       Incr        Path           Location       Attributes
  ----------------------------------------------------------------------------------------------------------------------------------------------------------------
  clock dco_clk (rise edge)                                                                            0.0000      0.0000
  source latency                                                                                       0.0000      0.0000
  dco_clk (in)                                                         0.0000      1.0000              0.0000      0.0000 r    (157.77,211.12)
  dco_clk (net)                                     4     23.7045                                                                                d
  clock_module_0/p_abuf15 (omsp_clock_module)                          0.0000      1.0000              0.0000      0.0000 r    (hierarchical)    h
  clock_module_0/p_abuf15 (net)                     4     23.7045                                                                                d
  clock_module_0/clock_gate_mclk/clk (omsp_clock_gate_0)               0.0000      1.0000              0.0000      0.0000 r    (hierarchical)    h
  clock_module_0/clock_gate_mclk/clk (net)          4     23.7045                                                                                d
  clock_module_0/clock_gate_mclk/U3/A2 (AND2X4_RVT)                    0.0057      1.0000              0.0039      0.0039 r    (71.46,64.59)     s
  clock_module_0/clock_gate_mclk/U3/Y (AND2X4_RVT)                     0.0556      1.0000              0.0896      0.0934 r    (72.28,64.67)     s
  clock_module_0/clock_gate_mclk/gclk (net)         1     10.9742                                                                                d
  clock_module_0/clock_gate_mclk/cts_inv_8313204/A (INVX16_RVT)        0.0556      1.0000              0.0001      0.0936 r    (73.83,69.78)
  clock_module_0/clock_gate_mclk/cts_inv_8313204/Y (INVX16_RVT)        0.0285      1.0000              0.0191      0.1126 f    (73.96,69.68)
  clock_module_0/clock_gate_mclk/ctsbuf_net_1335 (net)
                                                    1     11.0951                                                                                d
  clock_module_0/clock_gate_mclk/cts_inv_8263199/A (INVX16_RVT)        0.0285      1.0000              0.0002      0.1128 f    (73.83,67.91)
  clock_module_0/clock_gate_mclk/cts_inv_8263199/Y (INVX16_RVT)        0.0251      1.0000              0.0246      0.1374 r    (73.96,68.02)
  clock_module_0/clock_gate_mclk/p_abuf5 (net)      3     25.4046                                                                                d
  clock_module_0/clock_gate_mclk/p_abuf5 (omsp_clock_gate_0)           0.0251      1.0000              0.0000      0.1374 r    (hierarchical)    h
  clock_module_0/p_abuf12 (net)                     3     25.4046                                                                                d
  clock_module_0/p_abuf12 (omsp_clock_module)                          0.0251      1.0000              0.0000      0.1374 r    (hierarchical)    h
  p_abuf9 (net)                                     3     25.4046                                                                                d
  frontend_0/p_abuf5 (omsp_frontend)                                   0.0251      1.0000              0.0000      0.1374 r    (hierarchical)    h
  frontend_0/p_abuf5 (net)                          3     25.4046                                                                                d
  frontend_0/clock_gate_decode/clk (omsp_clock_gate_25)                0.0251      1.0000              0.0000      0.1374 r    (hierarchical)    h
  frontend_0/clock_gate_decode/clk (net)            3     25.4046                                                                                d
  frontend_0/clock_gate_decode/U3/A2 (AND2X1_RVT)                      0.0252      1.0000              0.0006      0.1379 r    (64.47,37.84)     s
  frontend_0/clock_gate_decode/U3/Y (AND2X1_RVT)                       0.0422      1.0000              0.0673      0.2052 r    (65.14,37.92)     s
  frontend_0/clock_gate_decode/ctsbuf_net_426 (net)
                                                    1      3.1818                                                                                d
  frontend_0/clock_gate_decode/cts_inv_7443117/A (INVX4_RVT)           0.0422      1.0000              0.0000      0.2053 r    (65.92,43.03)
  frontend_0/clock_gate_decode/cts_inv_7443117/Y (INVX4_RVT)           0.0391      1.0000              0.0354      0.2407 f    (66.05,42.93)
  frontend_0/clock_gate_decode/ctsbuf_net_527 (net)
                                                    1     10.9381                                                                                d
  frontend_0/clock_gate_decode/cts_inv_7393112/A (INVX16_RVT)          0.0391      1.0000              0.0001      0.2408 f    (63.79,41.16)
  frontend_0/clock_gate_decode/cts_inv_7393112/Y (INVX16_RVT)          0.0418      1.0000              0.0385      0.2793 r    (63.92,41.26)
  frontend_0/clock_gate_decode/gclk (net)          49     54.3929                                                                                d
  frontend_0/clock_gate_decode/gclk (omsp_clock_gate_25)               0.0418      1.0000              0.0000      0.2793 r    (hierarchical)    h
  frontend_0/mclk_decode (net)                     49     54.3929                                                                                d
  frontend_0/inst_so_reg[5]/CLK (DFFARX1_RVT)                          0.0422      1.0000              0.0047      0.2840 r    (42.89,25.55)     s, n

  frontend_0/inst_so_reg[5]/CLK (DFFARX1_RVT)                          0.0422      1.0000              0.0000      0.2840 r    (42.89,25.55)     s, n
  frontend_0/inst_so_reg[5]/QN (DFFARX1_RVT)                           0.0658      1.0000              0.1579      0.4419 r    (46.28,26.20)     s, n
  frontend_0/n381 (net)                             2      3.7974
  frontend_0/U203/A3 (NAND3X0_RVT)                                     0.0658      1.0000              0.0001      0.4420 r    (67.66,24.62)
  frontend_0/U203/Y (NAND3X0_RVT)                                      0.1439      1.0000              0.1217      0.5637 f    (68.03,24.53)
  frontend_0/n142 (net)                             2      3.7879
  frontend_0/U200/A1 (NOR3X0_RVT)                                      0.1439      1.0000              0.0001      0.5639 f    (94.11,24.43)
  frontend_0/U200/Y (NOR3X0_RVT)                                       0.0426      1.0000              0.1584      0.7223 r    (95.24,24.54)
  frontend_0/n138 (net)                             4      3.3624
  frontend_0/U199/A3 (AND3X1_RVT)                                      0.0426      1.0000              0.0000      0.7223 r    (97.30,22.94)
  frontend_0/U199/Y (AND3X1_RVT)                                       0.0557      1.0000              0.0948      0.8171 r    (98.12,22.87)
  frontend_0/n139 (net)                             4      3.9702
  frontend_0/U191/A1 (AO222X1_RVT)                                     0.0557      1.0000              0.0000      0.8172 r    (98.46,27.96)
  frontend_0/U191/Y (AO222X1_RVT)                                      0.0859      1.0000              0.1760      0.9932 r    (97.11,27.89)
  frontend_0/inst_dest[0] (net)                     2      5.4852
  frontend_0/inst_dest[0] (omsp_frontend)                              0.0859      1.0000              0.0000      0.9932 r    (hierarchical)    h
  inst_dest[0] (net)                                       5.4852
  execution_unit_0/inst_dest[0] (omsp_execution_unit)                  0.0859      1.0000              0.0000      0.9932 r    (hierarchical)    h
  execution_unit_0/inst_dest[0] (net)                      5.4852
  execution_unit_0/register_file_0/inst_dest[0] (omsp_register_file)   0.0859      1.0000              0.0000      0.9932 r    (hierarchical)    h
  execution_unit_0/register_file_0/inst_dest[0] (net)      5.4852
  execution_unit_0/register_file_0/placeHFSINV_797_165/A (INVX4_RVT)   0.0859      1.0000              0.0001      0.9933 r    (103.16,33.00)
  execution_unit_0/register_file_0/placeHFSINV_797_165/Y (INVX4_RVT)   0.0775      1.0000              0.0650      1.0582 f    (103.29,32.90)
  execution_unit_0/register_file_0/placeHFSNET_129 (net)
                                                   16     22.2886
  execution_unit_0/register_file_0/U363/A2 (OA22X1_RVT)                0.0773      1.0000              0.0007      1.0590 f    (139.26,31.91)
  execution_unit_0/register_file_0/U363/Y (OA22X1_RVT)                 0.0371      1.0000              0.0947      1.1536 f    (140.09,31.20)
  execution_unit_0/register_file_0/n578 (net)       1      1.1938
  execution_unit_0/register_file_0/U362/A5 (OA221X1_RVT)               0.0371      1.0000              0.0000      1.1537 f    (144.82,29.72)
  execution_unit_0/register_file_0/U362/Y (OA221X1_RVT)                0.0416      1.0000              0.0727      1.2263 f    (144.29,29.58)
  execution_unit_0/register_file_0/n577 (net)       1      0.9840
  execution_unit_0/register_file_0/U361/A4 (NAND4X0_RVT)               0.0416      1.0000              0.0000      1.2263 f    (140.56,29.63)
  execution_unit_0/register_file_0/U361/Y (NAND4X0_RVT)                0.0539      1.0000              0.0559      1.2823 r    (140.27,29.56)
  execution_unit_0/register_file_0/reg_dest[0] (net)
                                                    1      1.0025
  execution_unit_0/register_file_0/reg_dest[0] (omsp_register_file)    0.0539      1.0000              0.0000      1.2823 r    (hierarchical)    h
  execution_unit_0/dbg_reg_din[0] (net)                    1.0025
  execution_unit_0/dbg_reg_din[0] (omsp_execution_unit)                0.0539      1.0000              0.0000      1.2823 r    (hierarchical)    h
  dbg_reg_din[0] (net)                                     1.0025
  placeZBUF_inst_490/A (NBUFFX4_RVT)                                   0.0539      1.0000              0.0000      1.2823 r    (138.50,29.66)
  placeZBUF_inst_490/Y (NBUFFX4_RVT)                                   0.0572      1.0000              0.0808      1.3631 r    (139.16,29.55)
  placeZBUF_97 (net)                                3     18.1289
  execution_unit_0/placeZBUF_48 (omsp_execution_unit)                  0.0572      1.0000              0.0000      1.3631 r    (hierarchical)    h
  execution_unit_0/placeZBUF_48 (net)                     18.1289
  execution_unit_0/U87/A1 (AO222X1_RVT)                                0.0574      1.0000              0.0028      1.3659 r    (52.01,52.89)
  execution_unit_0/U87/Y (AO222X1_RVT)                                 0.0554      1.0000              0.1453      1.5112 r    (53.35,52.95)
  execution_unit_0/n79 (net)                        1      1.6819
  execution_unit_0/U86/A2 (OR2X1_RVT)                                  0.0554      1.0000              0.0000      1.5112 r    (55.14,61.22)
  execution_unit_0/U86/Y (OR2X1_RVT)                                   0.0750      1.0000              0.0969      1.6082 r    (55.56,61.36)
  execution_unit_0/op_src[0] (net)                  3      6.9755
  execution_unit_0/alu_0/op_src[0] (omsp_alu)                          0.0750      1.0000              0.0000      1.6082 r    (hierarchical)    h
  execution_unit_0/alu_0/op_src[0] (net)                   6.9755
  execution_unit_0/alu_0/U26/A1 (XOR2X2_RVT)                           0.0750      1.0000              0.0000      1.6082 r    (58.40,61.12)
  execution_unit_0/alu_0/U26/Y (XOR2X2_RVT)                            0.0640      1.0000              0.1039      1.7122 r    (59.67,61.33)
  execution_unit_0/alu_0/op_src_inv[0] (net)        6      8.2848
  execution_unit_0/alu_0/add_1_root_add_100_2_C185/U1_0/A (FADDX1_RVT)
                                                                       0.0640      1.0000              0.0002      1.7124 r    (74.48,64.88)
  execution_unit_0/alu_0/add_1_root_add_100_2_C185/U1_0/CO (FADDX1_RVT)
                                                                       0.0540      1.0000              0.1212      1.8336 r    (73.01,64.56)
  execution_unit_0/alu_0/add_1_root_add_100_2_C185/carry[1] (net)
                                                    1      2.3135
  execution_unit_0/alu_0/add_1_root_add_100_2_C185/U1_1/CI (FADDX1_RVT)
                                                                       0.0540      1.0000              0.0000      1.8336 r    (67.49,67.78)
  execution_unit_0/alu_0/add_1_root_add_100_2_C185/U1_1/CO (FADDX1_RVT)
                                                                       0.0514      1.0000              0.1031      1.9367 r    (68.94,67.90)
  execution_unit_0/alu_0/add_1_root_add_100_2_C185/carry[2] (net)
                                                    1      1.9075
  execution_unit_0/alu_0/add_1_root_add_100_2_C185/U1_2/CI (FADDX1_RVT)
                                                                       0.0514      1.0000              0.0000      1.9367 r    (68.40,71.13)
  execution_unit_0/alu_0/add_1_root_add_100_2_C185/U1_2/CO (FADDX1_RVT)
                                                                       0.0538      1.0000              0.1046      2.0413 r    (69.85,71.24)
  execution_unit_0/alu_0/add_1_root_add_100_2_C185/carry[3] (net)
                                                    1      2.1704
  execution_unit_0/alu_0/add_1_root_add_100_2_C185/U1_3/CI (FADDX1_RVT)
                                                                       0.0538      1.0000              0.0000      2.0413 r    (70.99,76.60)
  execution_unit_0/alu_0/add_1_root_add_100_2_C185/U1_3/S (FADDX1_RVT)
                                                                       0.0579      1.0000              0.1647      2.2061 f    (72.12,76.41)
  execution_unit_0/alu_0/N13 (net)                  3      3.3124
  execution_unit_0/alu_0/U143/A3 (OA21X1_RVT)                          0.0579      1.0000              0.0000      2.2061 f    (74.80,72.97)
  execution_unit_0/alu_0/U143/Y (OA21X1_RVT)                           0.0302      1.0000              0.0754      2.2815 f    (75.33,73.06)
  execution_unit_0/alu_0/n9 (net)                   1      0.9657
  execution_unit_0/alu_0/U7/A2 (OR2X1_RVT)                             0.0302      1.0000              0.0000      2.2815 f    (75.51,74.59)
  execution_unit_0/alu_0/U7/Y (OR2X1_RVT)                              0.0561      1.0000              0.0764      2.3579 f    (75.93,74.74)
  execution_unit_0/alu_0/n4 (net)                   3      4.9427
  execution_unit_0/alu_0/U106/A1 (AND2X1_RVT)                          0.0561      1.0000              0.0000      2.3580 f    (75.87,69.61)
  execution_unit_0/alu_0/U106/Y (AND2X1_RVT)                           0.0325      1.0000              0.0710      2.4290 f    (76.39,69.68)
  execution_unit_0/alu_0/add_102_C185_aco/carry[2] (net)
                                                    1      1.7882
  execution_unit_0/alu_0/add_102_C185_aco/U1_2/CI (FADDX1_RVT)         0.0325      1.0000              0.0000      2.4290 f    (77.52,71.13)
  execution_unit_0/alu_0/add_102_C185_aco/U1_2/CO (FADDX1_RVT)         0.0474      1.0000              0.0908      2.5198 f    (78.97,71.24)
  execution_unit_0/alu_0/add_102_C185_aco/carry[3] (net)
                                                    2      2.6087
  execution_unit_0/alu_0/U104/A1 (AND2X1_RVT)                          0.0474      1.0000              0.0000      2.5198 f    (77.33,76.30)
  execution_unit_0/alu_0/U104/Y (AND2X1_RVT)                           0.0292      1.0000              0.0638      2.5836 f    (76.81,76.37)
  execution_unit_0/alu_0/add_102_C185_aco/carry[4] (net)
                                                    1      1.3369
  execution_unit_0/alu_0/U103/A2 (XOR2X1_RVT)                          0.0292      1.0000              0.0000      2.5836 f    (76.41,77.98)
  execution_unit_0/alu_0/U103/Y (XOR2X1_RVT)                           0.0505      1.0000              0.1302      2.7139 r    (75.14,78.06)
  execution_unit_0/alu_0/alu_dadd0[4]1 (net)        1      2.0516
  execution_unit_0/alu_0/add_1_root_add_100_2_C186/U1_0/CI (FADDX1_RVT)
                                                                       0.0505      1.0000              0.0000      2.7139 r    (71.29,79.94)
  execution_unit_0/alu_0/add_1_root_add_100_2_C186/U1_0/CO (FADDX1_RVT)
                                                                       0.0527      1.0000              0.1032      2.8171 r    (72.74,79.83)
  execution_unit_0/alu_0/add_1_root_add_100_2_C186/carry[1] (net)
                                                    1      2.0363
  execution_unit_0/alu_0/add_1_root_add_100_2_C186/U1_1/CI (FADDX1_RVT)
                                                                       0.0527      1.0000              0.0000      2.8171 r    (72.35,84.50)
  execution_unit_0/alu_0/add_1_root_add_100_2_C186/U1_1/CO (FADDX1_RVT)
                                                                       0.0538      1.0000              0.1054      2.9226 r    (73.80,84.62)
  execution_unit_0/alu_0/add_1_root_add_100_2_C186/carry[2] (net)
                                                    1      2.2200
  execution_unit_0/alu_0/add_1_root_add_100_2_C186/U1_2/CI (FADDX1_RVT)
                                                                       0.0538      1.0000              0.0000      2.9226 r    (72.05,89.98)
  execution_unit_0/alu_0/add_1_root_add_100_2_C186/U1_2/CO (FADDX1_RVT)
                                                                       0.0513      1.0000              0.1030      3.0256 r    (73.50,89.86)
  execution_unit_0/alu_0/add_1_root_add_100_2_C186/carry[3] (net)
                                                    1      1.9085
  execution_unit_0/alu_0/add_1_root_add_100_2_C186/U1_3/CI (FADDX1_RVT)
                                                                       0.0513      1.0000              0.0000      3.0256 r    (76.15,91.19)
  execution_unit_0/alu_0/add_1_root_add_100_2_C186/U1_3/S (FADDX1_RVT)
                                                                       0.0609      1.0000              0.1667      3.1923 f    (77.29,91.38)
  execution_unit_0/alu_0/N26 (net)                  3      3.6928
  execution_unit_0/alu_0/U162/A3 (OA21X1_RVT)                          0.0609      1.0000              0.0000      3.1924 f    (77.08,86.34)
  execution_unit_0/alu_0/U162/Y (OA21X1_RVT)                           0.0294      1.0000              0.0761      3.2685 f    (77.61,86.43)
  execution_unit_0/alu_0/n10 (net)                  1      0.8742
  execution_unit_0/alu_0/U6/A2 (OR2X1_RVT)                             0.0294      1.0000              0.0000      3.2685 f    (78.40,86.51)
  execution_unit_0/alu_0/U6/Y (OR2X1_RVT)                              0.0537      1.0000              0.0745      3.3430 f    (78.82,86.37)
  execution_unit_0/alu_0/n3 (net)                   3      4.6621
  execution_unit_0/alu_0/U91/A1 (AND2X1_RVT)                           0.0537      1.0000              0.0000      3.3430 f    (78.30,82.98)
  execution_unit_0/alu_0/U91/Y (AND2X1_RVT)                            0.0339      1.0000              0.0715      3.4145 f    (78.82,83.06)
  execution_unit_0/alu_0/add_102_C186_aco/carry[2] (net)
                                                    1      2.0160
  execution_unit_0/alu_0/add_102_C186_aco/U1_2/CI (FADDX1_RVT)         0.0339      1.0000              0.0000      3.4145 f    (80.26,86.63)
  execution_unit_0/alu_0/add_102_C186_aco/U1_2/CO (FADDX1_RVT)         0.0467      1.0000              0.0906      3.5051 f    (81.71,86.52)
  execution_unit_0/alu_0/add_102_C186_aco/carry[3] (net)
                                                    2      2.5232
  execution_unit_0/alu_0/U89/A1 (AND2X1_RVT)                           0.0467      1.0000              0.0000      3.5052 f    (80.67,88.15)
  execution_unit_0/alu_0/U89/Y (AND2X1_RVT)                            0.0308      1.0000              0.0649      3.5701 f    (80.16,88.08)
  execution_unit_0/alu_0/add_102_C186_aco/carry[4] (net)
                                                    1      1.5386
  execution_unit_0/alu_0/U88/A2 (XOR2X1_RVT)                           0.0308      1.0000              0.0000      3.5701 f    (79.30,91.35)
  execution_unit_0/alu_0/U88/Y (XOR2X1_RVT)                            0.0600      1.0000              0.1401      3.7101 r    (78.03,91.43)
  execution_unit_0/alu_0/alu_dadd1[4]1 (net)        1      3.1843
  execution_unit_0/alu_0/add_1_root_add_100_2_C187/U1_0/CI (FADDX1_RVT)
                                                                       0.0600      1.0000              0.0001      3.7102 r    (72.49,103.35)
  execution_unit_0/alu_0/add_1_root_add_100_2_C187/U1_0/CO (FADDX1_RVT)
                                                                       0.0520      1.0000              0.1065      3.8167 r    (71.04,103.24)
  execution_unit_0/alu_0/add_1_root_add_100_2_C187/carry[1] (net)
                                                    1      2.0704
  execution_unit_0/alu_0/add_1_root_add_100_2_C187/U1_1/CI (FADDX1_RVT)
                                                                       0.0520      1.0000              0.0000      3.8167 r    (70.36,107.91)
  execution_unit_0/alu_0/add_1_root_add_100_2_C187/U1_1/CO (FADDX1_RVT)
                                                                       0.0588      1.0000              0.1109      3.9277 r    (68.91,108.03)
  execution_unit_0/alu_0/add_1_root_add_100_2_C187/carry[2] (net)
                                                    1      2.8936
  execution_unit_0/alu_0/add_1_root_add_100_2_C187/U1_2/CI (FADDX1_RVT)
                                                                       0.0588      1.0000              0.0001      3.9277 r    (66.58,120.07)
  execution_unit_0/alu_0/add_1_root_add_100_2_C187/U1_2/CO (FADDX1_RVT)
                                                                       0.0507      1.0000              0.1044      4.0321 r    (68.03,119.96)
  execution_unit_0/alu_0/add_1_root_add_100_2_C187/carry[3] (net)
                                                    1      1.8891
  execution_unit_0/alu_0/add_1_root_add_100_2_C187/U1_3/CI (FADDX1_RVT)
                                                                       0.0507      1.0000              0.0000      4.0321 r    (68.25,123.42)
  execution_unit_0/alu_0/add_1_root_add_100_2_C187/U1_3/S (FADDX1_RVT)
                                                                       0.0589      1.0000              0.1645      4.1966 f    (69.38,123.22)
  execution_unit_0/alu_0/N39 (net)                  3      3.4000
  execution_unit_0/alu_0/U168/A3 (OA21X1_RVT)                          0.0589      1.0000              0.0000      4.1966 f    (70.39,121.58)
  execution_unit_0/alu_0/U168/Y (OA21X1_RVT)                           0.0302      1.0000              0.0751      4.2717 f    (70.92,121.49)
  execution_unit_0/alu_0/n11 (net)                  1      0.8815
  execution_unit_0/alu_0/U5/A2 (OR2X1_RVT)                             0.0302      1.0000              0.0000      4.2717 f    (71.86,121.41)
  execution_unit_0/alu_0/U5/Y (OR2X1_RVT)                              0.0534      1.0000              0.0745      4.3462 f    (72.28,121.55)
  execution_unit_0/alu_0/n2 (net)                   3      4.6211
  execution_unit_0/alu_0/U86/A1 (AND2X1_RVT)                           0.0534      1.0000              0.0000      4.3462 f    (72.38,119.77)
  execution_unit_0/alu_0/U86/Y (AND2X1_RVT)                            0.0330      1.0000              0.0696      4.4158 f    (72.89,119.84)
  execution_unit_0/alu_0/add_102_C187_aco/carry[2] (net)
                                                    1      1.7652
  execution_unit_0/alu_0/add_102_C187_aco/U1_2/CI (FADDX1_RVT)         0.0330      1.0000              0.0000      4.4158 f    (73.87,121.29)
  execution_unit_0/alu_0/add_102_C187_aco/U1_2/CO (FADDX1_RVT)         0.0463      1.0000              0.0899      4.5057 f    (75.32,121.40)
  execution_unit_0/alu_0/add_102_C187_aco/carry[3] (net)
                                                    2      2.4744
  execution_unit_0/alu_0/U84/A1 (AND2X1_RVT)                           0.0463      1.0000              0.0000      4.5057 f    (74.59,124.94)
  execution_unit_0/alu_0/U84/Y (AND2X1_RVT)                            0.0298      1.0000              0.0638      4.5695 f    (74.08,124.86)
  execution_unit_0/alu_0/add_102_C187_aco/carry[4] (net)
                                                    1      1.4129
  execution_unit_0/alu_0/U83/A2 (XOR2X1_RVT)                           0.0298      1.0000              0.0000      4.5695 f    (72.76,126.60)
  execution_unit_0/alu_0/U83/Y (XOR2X1_RVT)                            0.0540      1.0000              0.1338      4.7034 r    (71.49,126.52)
  execution_unit_0/alu_0/alu_dadd2[4]1 (net)        1      2.4656
  execution_unit_0/alu_0/add_1_root_add_100_2_C188/U1_0/CI (FADDX1_RVT)
                                                                       0.0540      1.0000              0.0000      4.7034 r    (71.44,116.73)
  execution_unit_0/alu_0/add_1_root_add_100_2_C188/U1_0/CO (FADDX1_RVT)
                                                                       0.0487      1.0000              0.1008      4.8042 r    (72.89,116.61)
  execution_unit_0/alu_0/add_1_root_add_100_2_C188/carry[1] (net)
                                                    1      1.6869
  execution_unit_0/alu_0/add_1_root_add_100_2_C188/U1_1/CI (FADDX1_RVT)
                                                                       0.0487      1.0000              0.0000      4.8042 r    (74.33,116.73)
  execution_unit_0/alu_0/add_1_root_add_100_2_C188/U1_1/CO (FADDX1_RVT)
                                                                       0.0488      1.0000              0.0991      4.9033 r    (75.78,116.61)
  execution_unit_0/alu_0/add_1_root_add_100_2_C188/carry[2] (net)
                                                    1      1.6858
  execution_unit_0/alu_0/add_1_root_add_100_2_C188/U1_2/CI (FADDX1_RVT)
                                                                       0.0488      1.0000              0.0000      4.9033 r    (77.22,116.73)
  execution_unit_0/alu_0/add_1_root_add_100_2_C188/U1_2/CO (FADDX1_RVT)
                                                                       0.0514      1.0000              0.1027      5.0060 r    (78.67,116.61)
  execution_unit_0/alu_0/add_1_root_add_100_2_C188/carry[3] (net)
                                                    1      2.0390
  execution_unit_0/alu_0/add_1_root_add_100_2_C188/U1_3/CI (FADDX1_RVT)
                                                                       0.0514      1.0000              0.0000      5.0060 r    (82.23,114.60)
  execution_unit_0/alu_0/add_1_root_add_100_2_C188/U1_3/S (FADDX1_RVT)
                                                                       0.0587      1.0000              0.1642      5.1702 f    (83.37,114.79)
  execution_unit_0/alu_0/N52 (net)                  3      3.3313
  execution_unit_0/alu_0/U173/A3 (OA21X1_RVT)                          0.0587      1.0000              0.0000      5.1702 f    (81.03,118.23)
  execution_unit_0/alu_0/U173/Y (OA21X1_RVT)                           0.0301      1.0000              0.0758      5.2460 f    (81.56,118.14)
  execution_unit_0/alu_0/n12 (net)                  1      0.9617
  execution_unit_0/alu_0/U4/A2 (OR2X1_RVT)                             0.0301      1.0000              0.0000      5.2460 f    (81.79,116.61)
  execution_unit_0/alu_0/U4/Y (OR2X1_RVT)                              0.0554      1.0000              0.0758      5.3218 f    (81.37,116.46)
  execution_unit_0/alu_0/n1 (net)                   3      4.8517
  execution_unit_0/alu_0/U81/A1 (AND2X1_RVT)                           0.0554      1.0000              0.0000      5.3218 f    (80.89,119.77)
  execution_unit_0/alu_0/U81/Y (AND2X1_RVT)                            0.0325      1.0000              0.0708      5.3926 f    (81.40,119.84)
  execution_unit_0/alu_0/add_102_C188_aco/carry[2] (net)
                                                    1      1.8039
  execution_unit_0/alu_0/add_102_C188_aco/U1_2/CI (FADDX1_RVT)         0.0325      1.0000              0.0000      5.3926 f    (84.21,120.07)
  execution_unit_0/alu_0/add_102_C188_aco/U1_2/CO (FADDX1_RVT)         0.0457      1.0000              0.0890      5.4817 f    (85.66,119.96)
  execution_unit_0/alu_0/add_102_C188_aco/carry[3] (net)
                                                    2      2.3869
  execution_unit_0/alu_0/U62/A2 (XOR2X1_RVT)                           0.0457      1.0000              0.0000      5.4817 f    (86.14,116.57)
  execution_unit_0/alu_0/U62/Y (XOR2X1_RVT)                            0.0503      1.0000              0.1213      5.6030 f    (84.87,116.49)
  execution_unit_0/alu_0/alu_dadd3[3] (net)         1      2.1819
  execution_unit_0/alu_0/U198/A1 (AO222X1_RVT)                         0.0503      1.0000              0.0000      5.6031 f    (83.87,101.53)
  execution_unit_0/alu_0/U198/Y (AO222X1_RVT)                          0.0811      1.0000              0.1502      5.7533 f    (82.52,101.46)
  execution_unit_0/alu_0/alu_out[15] (net)          6      7.0457
  execution_unit_0/alu_0/alu_out[15] (omsp_alu)                        0.0811      1.0000              0.0000      5.7533 f    (hierarchical)    h
  execution_unit_0/alu_out[15] (net)                       7.0457
  execution_unit_0/register_file_0/reg_dest_val[15] (omsp_register_file)
                                                                       0.0811      1.0000              0.0000      5.7533 f    (hierarchical)    h
  execution_unit_0/register_file_0/reg_dest_val[15] (net)
                                                           7.0457
  execution_unit_0/register_file_0/U56/A1 (AND2X4_RVT)                 0.0811      1.0000              0.0002      5.7534 f    (90.31,89.82)
  execution_unit_0/register_file_0/U56/Y (AND2X4_RVT)                  0.0835      1.0000              0.1418      5.8952 f    (89.73,89.75)
  execution_unit_0/register_file_0/pc_sw[15] (net)
                                                   15     24.3049
  execution_unit_0/register_file_0/pc_sw[15] (omsp_register_file)      0.0835      1.0000              0.0000      5.8952 f    (hierarchical)    h
  execution_unit_0/pc_sw[15] (net)                        24.3049
  execution_unit_0/pc_sw[15] (omsp_execution_unit)                     0.0835      1.0000              0.0000      5.8952 f    (hierarchical)    h
  pc_sw[15] (net)                                         24.3049
  frontend_0/pc_sw[15] (omsp_frontend)                                 0.0835      1.0000              0.0000      5.8952 f    (hierarchical)    h
  frontend_0/pc_sw[15] (net)                              24.3049
  frontend_0/U23/A3 (AO221X1_RVT)                                      0.0837      1.0000              0.0000      5.8952 f    (86.81,80.40)
  frontend_0/U23/Y (AO221X1_RVT)                                       0.0544      1.0000              0.1287      6.0239 f    (87.55,79.70)
  frontend_0/mab[15] (net)                          3      3.5749
  frontend_0/mab[15] (omsp_frontend)                                   0.0544      1.0000              0.0000      6.0239 f    (hierarchical)    h
  fe_mab[15] (net)                                         3.5749
  mem_backbone_0/fe_mab[14] (omsp_mem_backbone)                        0.0544      1.0000              0.0000      6.0239 f    (hierarchical)    h
  mem_backbone_0/fe_mab[14] (net)                          3.5749
  mem_backbone_0/U24/A3 (AND4X1_RVT)                                   0.0544      1.0000              0.0000      6.0239 f    (88.27,82.83)
  mem_backbone_0/U24/Y (AND4X1_RVT)                                    0.0472      1.0000              0.1121      6.1360 f    (87.45,83.06)
  mem_backbone_0/fe_pmem_sel (net)                  1      1.6471
  mem_backbone_0/U179/A1 (NAND2X2_RVT)                                 0.0472      1.0000              0.0000      6.1360 f    (86.28,74.78)
  mem_backbone_0/U179/Y (NAND2X2_RVT)                                  0.0550      1.0000              0.1089      6.2449 r    (87.10,74.70)
  mem_backbone_0/n11 (net)                          3      9.0342
  mem_backbone_0/U174/A2 (NAND4X0_RVT)                                 0.0550      1.0000              0.0003      6.2452 r    (94.57,113.23)
  mem_backbone_0/U174/Y (NAND4X0_RVT)                                  0.2045      1.0000              0.1558      6.4010 f    (94.56,113.16)
  mem_backbone_0/n14 (net)                          3      4.9953
  mem_backbone_0/U39/A1 (AND2X2_RVT)                                   0.2045      1.0000              0.0000      6.4010 f    (96.24,113.08)
  mem_backbone_0/U39/Y (AND2X2_RVT)                                    0.0955      1.0000              0.1761      6.5771 f    (96.75,113.15)
  mem_backbone_0/n10 (net)                         12     14.5522
  mem_backbone_0/U34/A4 (AO222X2_RVT)                                  0.0955      1.0000              0.0010      6.5781 f    (112.50,82.97)
  mem_backbone_0/U34/Y (AO222X2_RVT)                                   0.0640      1.0000              0.1475      6.7255 f    (113.54,83.07)
  mem_backbone_0/pmem_addr[3] (net)                 1      8.7668
  mem_backbone_0/pmem_addr[3] (omsp_mem_backbone)                      0.0640      1.0000              0.0000      6.7255 f    (hierarchical)    h
  pmem_addr[3] (net)                                       8.7668
  pmem_addr[3] (out)                                                   0.0640      1.0000              0.0009      6.7264 f    (211.88,88.00)
  data arrival time                                                                                                6.7264

  clock dco_clk (rise edge)                                                                           40.0000     40.0000
  clock network delay (ideal)                                                                          0.3065     40.3065
  output external delay                                                                               -0.6400     39.6665
  data required time                                                                                              39.6665
  ----------------------------------------------------------------------------------------------------------------------------------------------------------------
  data required time                                                                                              39.6665
  data arrival time                                                                                               -6.7264
  ----------------------------------------------------------------------------------------------------------------------------------------------------------------
  slack (MET)                                                                                                     32.9401



  Startpoint: frontend_0/inst_so_reg[5] (rising edge-triggered flip-flop clocked by dco_clk)
  Endpoint: clock_module_0/sync_cell_dco_wkup/data_sync_reg[1] (recovery check against rising-edge clock clocked by dco_clk')
  Mode: func
  Corner: slow
  Scenario: func_slow
  Path Group: dco_clk
  Path Type: max


Attributes
    b - black-box (unknown)
    s - size_only
    d - dont_touch
    u - dont_use
    g - generic
    h - hierarchical
    i - ideal
    n - noncombinational
    E - extracted timing model
    Q - Quick timing model


  Point                                          Fanout     Cap        Trans      Derate    Delta       Incr        Path           Location       Attributes
  ----------------------------------------------------------------------------------------------------------------------------------------------------------------
  clock dco_clk (rise edge)                                                                            0.0000      0.0000
  source latency                                                                                       0.0000      0.0000
  dco_clk (in)                                                         0.0000      1.0000              0.0000      0.0000 r    (157.77,211.12)
  dco_clk (net)                                     4     26.6433                                                                                d
  clock_module_0/p_abuf15 (omsp_clock_module)                          0.0000      1.0000              0.0000      0.0000 r    (hierarchical)    h
  clock_module_0/p_abuf15 (net)                     4     26.6433                                                                                d
  clock_module_0/clock_gate_mclk/clk (omsp_clock_gate_0)               0.0000      1.0000              0.0000      0.0000 r    (hierarchical)    h
  clock_module_0/clock_gate_mclk/clk (net)          4     26.6433                                                                                d
  clock_module_0/clock_gate_mclk/U3/A2 (AND2X4_RVT)                    0.0064      1.0000              0.0043      0.0043 r    (71.46,64.59)     s
  clock_module_0/clock_gate_mclk/U3/Y (AND2X4_RVT)                     0.0558      1.0000              0.0899      0.0943 r    (72.28,64.67)     s
  clock_module_0/clock_gate_mclk/gclk (net)         1     11.0387                                                                                d
  clock_module_0/clock_gate_mclk/cts_inv_8313204/A (INVX16_RVT)        0.0558      1.0000              0.0002      0.0944 r    (73.83,69.78)
  clock_module_0/clock_gate_mclk/cts_inv_8313204/Y (INVX16_RVT)        0.0285      1.0000              0.0191      0.1136 f    (73.96,69.68)
  clock_module_0/clock_gate_mclk/ctsbuf_net_1335 (net)
                                                    1     11.1653                                                                                d
  clock_module_0/clock_gate_mclk/cts_inv_8263199/A (INVX16_RVT)        0.0285      1.0000              0.0002      0.1137 f    (73.83,67.91)
  clock_module_0/clock_gate_mclk/cts_inv_8263199/Y (INVX16_RVT)        0.0259      1.0000              0.0253      0.1391 r    (73.96,68.02)
  clock_module_0/clock_gate_mclk/p_abuf5 (net)      3     27.4533                                                                                d
  clock_module_0/clock_gate_mclk/p_abuf5 (omsp_clock_gate_0)           0.0259      1.0000              0.0000      0.1391 r    (hierarchical)    h
  clock_module_0/p_abuf12 (net)                     3     27.4533                                                                                d
  clock_module_0/p_abuf12 (omsp_clock_module)                          0.0259      1.0000              0.0000      0.1391 r    (hierarchical)    h
  p_abuf9 (net)                                     3     27.4533                                                                                d
  frontend_0/p_abuf5 (omsp_frontend)                                   0.0259      1.0000              0.0000      0.1391 r    (hierarchical)    h
  frontend_0/p_abuf5 (net)                          3     27.4533                                                                                d
  frontend_0/clock_gate_decode/clk (omsp_clock_gate_25)                0.0259      1.0000              0.0000      0.1391 r    (hierarchical)    h
  frontend_0/clock_gate_decode/clk (net)            3     27.4533                                                                                d
  frontend_0/clock_gate_decode/U3/A2 (AND2X1_RVT)                      0.0259      1.0000              0.0006      0.1397 r    (64.47,37.84)     s
  frontend_0/clock_gate_decode/U3/Y (AND2X1_RVT)                       0.0428      1.0000              0.0679      0.2076 r    (65.14,37.92)     s
  frontend_0/clock_gate_decode/ctsbuf_net_426 (net)
                                                    1      3.2488                                                                                d
  frontend_0/clock_gate_decode/cts_inv_7443117/A (INVX4_RVT)           0.0428      1.0000              0.0000      0.2077 r    (65.92,43.03)
  frontend_0/clock_gate_decode/cts_inv_7443117/Y (INVX4_RVT)           0.0394      1.0000              0.0356      0.2433 f    (66.05,42.93)
  frontend_0/clock_gate_decode/ctsbuf_net_527 (net)
                                                    1     10.9913                                                                                d
  frontend_0/clock_gate_decode/cts_inv_7393112/A (INVX16_RVT)          0.0394      1.0000              0.0001      0.2434 f    (63.79,41.16)
  frontend_0/clock_gate_decode/cts_inv_7393112/Y (INVX16_RVT)          0.0429      1.0000              0.0394      0.2829 r    (63.92,41.26)
  frontend_0/clock_gate_decode/gclk (net)          49     56.9504                                                                                d
  frontend_0/clock_gate_decode/gclk (omsp_clock_gate_25)               0.0429      1.0000              0.0000      0.2829 r    (hierarchical)    h
  frontend_0/mclk_decode (net)                     49     56.9504                                                                                d
  frontend_0/inst_so_reg[5]/CLK (DFFARX1_RVT)                          0.0435      1.0000              0.0049      0.2878 r    (42.89,25.55)     s, n

  frontend_0/inst_so_reg[5]/CLK (DFFARX1_RVT)                          0.0435      1.0000              0.0000      0.2878 r    (42.89,25.55)     s, n
  frontend_0/inst_so_reg[5]/QN (DFFARX1_RVT)                           0.0688      1.0000              0.1612      0.4490 r    (46.28,26.20)     s, n
  frontend_0/n381 (net)                             2      4.1679
  frontend_0/U203/A3 (NAND3X0_RVT)                                     0.0688      1.0000              0.0001      0.4491 r    (67.66,24.62)
  frontend_0/U203/Y (NAND3X0_RVT)                                      0.1551      1.0000              0.1299      0.5790 f    (68.03,24.53)
  frontend_0/n142 (net)                             2      4.1651
  frontend_0/U200/A1 (NOR3X0_RVT)                                      0.1551      1.0000              0.0001      0.5791 f    (94.11,24.43)
  frontend_0/U200/Y (NOR3X0_RVT)                                       0.0443      1.0000              0.1623      0.7415 r    (95.24,24.54)
  frontend_0/n138 (net)                             4      3.5726
  frontend_0/U199/A3 (AND3X1_RVT)                                      0.0443      1.0000              0.0000      0.7415 r    (97.30,22.94)
  frontend_0/U199/Y (AND3X1_RVT)                                       0.0577      1.0000              0.0967      0.8382 r    (98.12,22.87)
  frontend_0/n139 (net)                             4      4.2174
  frontend_0/U191/A1 (AO222X1_RVT)                                     0.0577      1.0000              0.0000      0.8382 r    (98.46,27.96)
  frontend_0/U191/Y (AO222X1_RVT)                                      0.0884      1.0000              0.1788      1.0170 r    (97.11,27.89)
  frontend_0/inst_dest[0] (net)                     2      5.7976
  frontend_0/inst_dest[0] (omsp_frontend)                              0.0884      1.0000              0.0000      1.0170 r    (hierarchical)    h
  inst_dest[0] (net)                                       5.7976
  execution_unit_0/inst_dest[0] (omsp_execution_unit)                  0.0884      1.0000              0.0000      1.0170 r    (hierarchical)    h
  execution_unit_0/inst_dest[0] (net)                      5.7976
  execution_unit_0/register_file_0/inst_dest[0] (omsp_register_file)   0.0884      1.0000              0.0000      1.0170 r    (hierarchical)    h
  execution_unit_0/register_file_0/inst_dest[0] (net)      5.7976
  execution_unit_0/register_file_0/placeHFSINV_797_165/A (INVX4_RVT)   0.0884      1.0000              0.0001      1.0171 r    (103.16,33.00)
  execution_unit_0/register_file_0/placeHFSINV_797_165/Y (INVX4_RVT)   0.0820      1.0000              0.0687      1.0858 f    (103.29,32.90)
  execution_unit_0/register_file_0/placeHFSNET_129 (net)
                                                   16     24.2325
  execution_unit_0/register_file_0/U363/A2 (OA22X1_RVT)                0.0818      1.0000              0.0009      1.0867 f    (139.26,31.91)
  execution_unit_0/register_file_0/U363/Y (OA22X1_RVT)                 0.0383      1.0000              0.0969      1.1836 f    (140.09,31.20)
  execution_unit_0/register_file_0/n578 (net)       1      1.2802
  execution_unit_0/register_file_0/U362/A5 (OA221X1_RVT)               0.0383      1.0000              0.0000      1.1836 f    (144.82,29.72)
  execution_unit_0/register_file_0/U362/Y (OA221X1_RVT)                0.0421      1.0000              0.0738      1.2574 f    (144.29,29.58)
  execution_unit_0/register_file_0/n577 (net)       1      1.0398
  execution_unit_0/register_file_0/U361/A4 (NAND4X0_RVT)               0.0421      1.0000              0.0000      1.2574 f    (140.56,29.63)
  execution_unit_0/register_file_0/U361/Y (NAND4X0_RVT)                0.0546      1.0000              0.0566      1.3140 r    (140.27,29.56)
  execution_unit_0/register_file_0/reg_dest[0] (net)
                                                    1      1.0379
  execution_unit_0/register_file_0/reg_dest[0] (omsp_register_file)    0.0546      1.0000              0.0000      1.3140 r    (hierarchical)    h
  execution_unit_0/dbg_reg_din[0] (net)                    1.0379
  execution_unit_0/dbg_reg_din[0] (omsp_execution_unit)                0.0546      1.0000              0.0000      1.3140 r    (hierarchical)    h
  dbg_reg_din[0] (net)                                     1.0379
  placeZBUF_inst_490/A (NBUFFX4_RVT)                                   0.0546      1.0000              0.0000      1.3140 r    (138.50,29.66)
  placeZBUF_inst_490/Y (NBUFFX4_RVT)                                   0.0620      1.0000              0.0839      1.3980 r    (139.16,29.55)
  placeZBUF_97 (net)                                3     20.3476
  execution_unit_0/placeZBUF_48 (omsp_execution_unit)                  0.0620      1.0000              0.0000      1.3980 r    (hierarchical)    h
  execution_unit_0/placeZBUF_48 (net)                     20.3476
  execution_unit_0/U87/A1 (AO222X1_RVT)                                0.0623      1.0000              0.0031      1.4010 r    (52.01,52.89)
  execution_unit_0/U87/Y (AO222X1_RVT)                                 0.0565      1.0000              0.1482      1.5493 r    (53.35,52.95)
  execution_unit_0/n79 (net)                        1      1.8177
  execution_unit_0/U86/A2 (OR2X1_RVT)                                  0.0565      1.0000              0.0000      1.5493 r    (55.14,61.22)
  execution_unit_0/U86/Y (OR2X1_RVT)                                   0.0802      1.0000              0.1008      1.6501 r    (55.56,61.36)
  execution_unit_0/op_src[0] (net)                  3      7.6132
  execution_unit_0/alu_0/op_src[0] (omsp_alu)                          0.0802      1.0000              0.0000      1.6501 r    (hierarchical)    h
  execution_unit_0/alu_0/op_src[0] (net)                   7.6132
  execution_unit_0/alu_0/U26/A1 (XOR2X2_RVT)                           0.0802      1.0000              0.0000      1.6502 r    (58.40,61.12)
  execution_unit_0/alu_0/U26/Y (XOR2X2_RVT)                            0.0641      1.0000              0.1385      1.7887 f    (59.67,61.33)
  execution_unit_0/alu_0/op_src_inv[0] (net)        6      8.7151
  execution_unit_0/alu_0/add_1_root_add_100_2_C185/U1_0/A (FADDX1_RVT)
                                                                       0.0641      1.0000              0.0002      1.7889 f    (74.48,64.88)
  execution_unit_0/alu_0/add_1_root_add_100_2_C185/U1_0/CO (FADDX1_RVT)
                                                                       0.0467      1.0000              0.1128      1.9017 f    (73.01,64.56)
  execution_unit_0/alu_0/add_1_root_add_100_2_C185/carry[1] (net)
                                                    1      2.4280
  execution_unit_0/alu_0/add_1_root_add_100_2_C185/U1_1/CI (FADDX1_RVT)
                                                                       0.0467      1.0000              0.0000      1.9017 f    (67.49,67.78)
  execution_unit_0/alu_0/add_1_root_add_100_2_C185/U1_1/CO (FADDX1_RVT)
                                                                       0.0456      1.0000              0.0908      1.9925 f    (68.94,67.90)
  execution_unit_0/alu_0/add_1_root_add_100_2_C185/carry[2] (net)
                                                    1      1.9672
  execution_unit_0/alu_0/add_1_root_add_100_2_C185/U1_2/CI (FADDX1_RVT)
                                                                       0.0456      1.0000              0.0000      1.9926 f    (68.40,71.13)
  execution_unit_0/alu_0/add_1_root_add_100_2_C185/U1_2/CO (FADDX1_RVT)
                                                                       0.0481      1.0000              0.0928      2.0854 f    (69.85,71.24)
  execution_unit_0/alu_0/add_1_root_add_100_2_C185/carry[3] (net)
                                                    1      2.2663
  execution_unit_0/alu_0/add_1_root_add_100_2_C185/U1_3/CI (FADDX1_RVT)
                                                                       0.0481      1.0000              0.0000      2.0854 f    (70.99,76.60)
  execution_unit_0/alu_0/add_1_root_add_100_2_C185/U1_3/S (FADDX1_RVT)
                                                                       0.0588      1.0000              0.1678      2.2532 r    (72.12,76.41)
  execution_unit_0/alu_0/N13 (net)                  3      3.5074
  execution_unit_0/alu_0/U143/A3 (OA21X1_RVT)                          0.0588      1.0000              0.0000      2.2532 r    (74.80,72.97)
  execution_unit_0/alu_0/U143/Y (OA21X1_RVT)                           0.0322      1.0000              0.0724      2.3256 r    (75.33,73.06)
  execution_unit_0/alu_0/n9 (net)                   1      1.0106
  execution_unit_0/alu_0/U7/A2 (OR2X1_RVT)                             0.0322      1.0000              0.0000      2.3256 r    (75.51,74.59)
  execution_unit_0/alu_0/U7/Y (OR2X1_RVT)                              0.0601      1.0000              0.0789      2.4046 r    (75.93,74.74)
  execution_unit_0/alu_0/n4 (net)                   3      5.1469
  execution_unit_0/alu_0/U106/A1 (AND2X1_RVT)                          0.0601      1.0000              0.0000      2.4046 r    (75.87,69.61)
  execution_unit_0/alu_0/U106/Y (AND2X1_RVT)                           0.0344      1.0000              0.0645      2.4692 r    (76.39,69.68)
  execution_unit_0/alu_0/add_102_C185_aco/carry[2] (net)
                                                    1      1.8399
  execution_unit_0/alu_0/add_102_C185_aco/U1_2/CI (FADDX1_RVT)         0.0344      1.0000              0.0000      2.4692 r    (77.52,71.13)
  execution_unit_0/alu_0/add_102_C185_aco/U1_2/CO (FADDX1_RVT)         0.0573      1.0000              0.1041      2.5733 r    (78.97,71.24)
  execution_unit_0/alu_0/add_102_C185_aco/carry[3] (net)
                                                    2      2.7435
  execution_unit_0/alu_0/U104/A1 (AND2X1_RVT)                          0.0573      1.0000              0.0000      2.5733 r    (77.33,76.30)
  execution_unit_0/alu_0/U104/Y (AND2X1_RVT)                           0.0308      1.0000              0.0606      2.6339 r    (76.81,76.37)
  execution_unit_0/alu_0/add_102_C185_aco/carry[4] (net)
                                                    1      1.3782
  execution_unit_0/alu_0/U103/A2 (XOR2X1_RVT)                          0.0308      1.0000              0.0000      2.6339 r    (76.41,77.98)
  execution_unit_0/alu_0/U103/Y (XOR2X1_RVT)                           0.0498      1.0000              0.1317      2.7656 f    (75.14,78.06)
  execution_unit_0/alu_0/alu_dadd0[4]1 (net)        1      2.1297
  execution_unit_0/alu_0/add_1_root_add_100_2_C186/U1_0/CI (FADDX1_RVT)
                                                                       0.0498      1.0000              0.0000      2.7656 f    (71.29,79.94)
  execution_unit_0/alu_0/add_1_root_add_100_2_C186/U1_0/S (FADDX1_RVT)
                                                                       0.0444      1.0000              0.1542      2.9199 r    (72.42,79.75)
  execution_unit_0/alu_0/alu_dadd1[0] (net)         1      1.6318
  execution_unit_0/alu_0/U17/A1 (AO222X2_RVT)                          0.0444      1.0000              0.0000      2.9199 r    (80.27,81.39)
  execution_unit_0/alu_0/U17/Y (AO222X2_RVT)                           0.0894      1.0000              0.1779      3.0977 r    (81.62,81.38)
  execution_unit_0/alu_0/alu_out[4] (net)           5      9.9983
  execution_unit_0/alu_0/alu_out[4] (omsp_alu)                         0.0894      1.0000              0.0000      3.0977 r    (hierarchical)    h
  execution_unit_0/placeHFSNET_68 (net)                    9.9983
  execution_unit_0/register_file_0/placeHFSNET_68 (omsp_register_file)
                                                                       0.0894      1.0000              0.0000      3.0977 r    (hierarchical)    h
  execution_unit_0/register_file_0/placeHFSNET_68 (net)    9.9983
  execution_unit_0/register_file_0/U399/A1 (AO21X2_RVT)                0.0894      1.0000              0.0005      3.0982 r    (99.58,49.54)
  execution_unit_0/register_file_0/U399/Y (AO21X2_RVT)                 0.0817      1.0000              0.1458      3.2440 r    (98.94,49.60)
  execution_unit_0/register_file_0/cpuoff (net)     5     10.6325
  execution_unit_0/register_file_0/cpuoff (omsp_register_file)         0.0817      1.0000              0.0000      3.2440 r    (hierarchical)    h
  execution_unit_0/cpuoff (net)                           10.6325
  execution_unit_0/cpuoff (omsp_execution_unit)                        0.0817      1.0000              0.0000      3.2440 r    (hierarchical)    h
  cpuoff (net)                                            10.6325
  frontend_0/cpuoff (omsp_frontend)                                    0.0817      1.0000              0.0000      3.2440 r    (hierarchical)    h
  frontend_0/cpuoff (net)                                 10.6325
  frontend_0/U69/A2 (NAND2X0_RVT)                                      0.0817      1.0000              0.0007      3.2447 r    (66.45,26.29)
  frontend_0/U69/Y (NAND2X0_RVT)                                       0.0646      1.0000              0.0570      3.3017 f    (66.59,26.22)
  frontend_0/n74 (net)                              1      1.1766
  frontend_0/U68/A4 (AO22X2_RVT)                                       0.0646      1.0000              0.0000      3.3017 f    (66.59,31.00)
  frontend_0/U68/Y (AO22X2_RVT)                                        0.0502      1.0000              0.0968      3.3985 f    (67.18,31.21)
  frontend_0/mclk_enable (net)                      2      5.9462
  frontend_0/mclk_enable (omsp_frontend)                               0.0502      1.0000              0.0000      3.3985 f    (hierarchical)    h
  placeHFSNET_62 (net)                                     5.9462
  clock_module_0/placeHFSNET_62 (omsp_clock_module)                    0.0502      1.0000              0.0000      3.3985 f    (hierarchical)    h
  clock_module_0/placeHFSNET_62 (net)                      5.9462
  clock_module_0/and_cpuoff_mclk_en/b (omsp_and_gate_0)                0.0502      1.0000              0.0000      3.3985 f    (hierarchical)    h
  clock_module_0/and_cpuoff_mclk_en/b (net)                5.9462
  clock_module_0/and_cpuoff_mclk_en/U1/A1 (AND2X1_RVT)                 0.0502      1.0000              0.0003      3.3988 f    (85.75,58.06)
  clock_module_0/and_cpuoff_mclk_en/U1/Y (AND2X1_RVT)                  0.0836      1.0000              0.1053      3.5041 f    (86.27,57.98)
  clock_module_0/and_cpuoff_mclk_en/y (net)         1      7.9961
  clock_module_0/and_cpuoff_mclk_en/y (omsp_and_gate_0)                0.0836      1.0000              0.0000      3.5041 f    (hierarchical)    h
  clock_module_0/cpuoff_and_mclk_enable (net)              7.9961
  clock_module_0/and_dco_dis1/b (omsp_and_gate_21)                     0.0836      1.0000              0.0000      3.5041 f    (hierarchical)    h
  clock_module_0/and_dco_dis1/b (net)                      7.9961
  clock_module_0/and_dco_dis1/U1/A1 (AND2X1_RVT)                       0.0836      1.0000              0.0005      3.5047 f    (85.75,123.11)
  clock_module_0/and_dco_dis1/U1/Y (AND2X1_RVT)                        0.0297      1.0000              0.0746      3.5792 f    (86.27,123.19)
  clock_module_0/and_dco_dis1/y (net)               1      0.9080
  clock_module_0/and_dco_dis1/y (omsp_and_gate_21)                     0.0297      1.0000              0.0000      3.5792 f    (hierarchical)    h
  clock_module_0/cpu_enabled_with_dco (net)                0.9080
  clock_module_0/U55/A2 (NOR2X0_RVT)                                   0.0297      1.0000              0.0000      3.5792 f    (87.06,123.38)
  clock_module_0/U55/Y (NOR2X0_RVT)                                    0.0222      1.0000              0.0718      3.6510 r    (87.79,123.18)
  clock_module_0/n117 (net)                         1      0.9266
  clock_module_0/and_dco_dis2/b (omsp_and_gate_20)                     0.0222      1.0000              0.0000      3.6510 r    (hierarchical)    h
  clock_module_0/and_dco_dis2/b (net)                      0.9266
  clock_module_0/and_dco_dis2/U1/A1 (AND2X1_RVT)                       0.0222      1.0000              0.0000      3.6510 r    (88.18,121.59)
  clock_module_0/and_dco_dis2/U1/Y (AND2X1_RVT)                        0.0270      1.0000              0.0499      3.7009 r    (88.70,121.52)
  clock_module_0/and_dco_dis2/y (net)               1      1.0477
  clock_module_0/and_dco_dis2/y (omsp_and_gate_20)                     0.0270      1.0000              0.0000      3.7009 r    (hierarchical)    h
  clock_module_0/dco_not_enabled_by_dbg (net)              1.0477
  clock_module_0/and_dco_dis3/b (omsp_and_gate_19)                     0.0270      1.0000              0.0000      3.7009 r    (hierarchical)    h
  clock_module_0/and_dco_dis3/b (net)                      1.0477
  clock_module_0/and_dco_dis3/U1/A1 (AND2X1_RVT)                       0.0270      1.0000              0.0000      3.7009 r    (90.25,119.77)
  clock_module_0/and_dco_dis3/U1/Y (AND2X1_RVT)                        0.0290      1.0000              0.0531      3.7540 r    (89.73,119.84)
  clock_module_0/and_dco_dis3/y (net)               1      1.3053
  clock_module_0/and_dco_dis3/y (omsp_and_gate_19)                     0.0290      1.0000              0.0000      3.7540 r    (hierarchical)    h
  clock_module_0/dco_disable_by_scg0 (net)                 1.3053
  clock_module_0/U45/A (INVX1_RVT)                                     0.0290      1.0000              0.0000      3.7540 r    (89.18,123.29)
  clock_module_0/U45/Y (INVX1_RVT)                                     0.0225      1.0000              0.0213      3.7753 f    (89.05,123.18)
  clock_module_0/n23 (net)                          1      0.9147
  clock_module_0/and_dco_dis5/a (omsp_and_gate_17)                     0.0225      1.0000              0.0000      3.7753 f    (hierarchical)    h
  clock_module_0/and_dco_dis5/a (net)                      0.9147
  clock_module_0/and_dco_dis5/U1/A2 (AND2X1_RVT)                       0.0225      1.0000              0.0000      3.7753 f    (88.03,124.78)
  clock_module_0/and_dco_dis5/U1/Y (AND2X1_RVT)                        0.0299      1.0000              0.0580      3.8333 f    (88.70,124.86)
  clock_module_0/and_dco_dis5/y (net)               2      1.7132
  clock_module_0/and_dco_dis5/y (omsp_and_gate_17)                     0.0299      1.0000              0.0000      3.8333 f    (hierarchical)    h
  clock_module_0/dco_enable_nxt (net)                      1.7132
  clock_module_0/and_dco_en_wkup/b (omsp_and_gate_15)                  0.0299      1.0000              0.0000      3.8333 f    (hierarchical)    h
  clock_module_0/and_dco_en_wkup/b (net)                   1.7132
  clock_module_0/and_dco_en_wkup/U1/A1 (AND2X1_RVT)                    0.0299      1.0000              0.0000      3.8334 f    (90.40,126.46)
  clock_module_0/and_dco_en_wkup/U1/Y (AND2X1_RVT)                     0.0265      1.0000              0.0539      3.8873 f    (89.89,126.53)
  clock_module_0/and_dco_en_wkup/y (net)            1      1.0899
  clock_module_0/and_dco_en_wkup/y (omsp_and_gate_15)                  0.0265      1.0000              0.0000      3.8873 f    (hierarchical)    h
  clock_module_0/dco_en_wkup (net)                         1.0899
  clock_module_0/U120/A3 (OR3X1_RVT)                                   0.0265      1.0000              0.0000      3.8873 f    (88.17,128.01)
  clock_module_0/U120/Y (OR3X1_RVT)                                    0.0401      1.0000              0.0710      3.9582 f    (87.76,128.20)
  clock_module_0/N169 (net)                         2      2.3939
  clock_module_0/U112/A1 (OR2X1_RVT)                                   0.0401      1.0000              0.0000      3.9582 f    (80.07,128.17)
  clock_module_0/U112/Y (OR2X1_RVT)                                    0.0293      1.0000              0.0629      4.0212 f    (79.40,128.24)
  clock_module_0/_9_net_ (net)                      1      0.8347
  clock_module_0/scan_mux_dco_wkup/data_in_func (omsp_scan_mux_1)      0.0293      1.0000              0.0000      4.0212 f    (hierarchical)    h
  clock_module_0/scan_mux_dco_wkup/data_in_func (net)      0.8347
  clock_module_0/scan_mux_dco_wkup/U2/A3 (AO22X1_RVT)                  0.0293      1.0000              0.0000      4.0212 f    (78.75,127.22)
  clock_module_0/scan_mux_dco_wkup/U2/Y (AO22X1_RVT)                   0.0329      1.0000              0.0581      4.0793 f    (79.19,126.51)
  clock_module_0/scan_mux_dco_wkup/data_out (net)
                                                    1      1.5644
  clock_module_0/scan_mux_dco_wkup/data_out (omsp_scan_mux_1)          0.0329      1.0000              0.0000      4.0793 f    (hierarchical)    h
  clock_module_0/dco_wkup_set_scan (net)                   1.5644
  clock_module_0/sync_cell_dco_wkup/rst (omsp_sync_cell_0)             0.0329      1.0000              0.0000      4.0793 f    (hierarchical)    h
  clock_module_0/sync_cell_dco_wkup/rst (net)              1.5644
  clock_module_0/sync_cell_dco_wkup/U3/A (INVX1_RVT)                   0.0329      1.0000              0.0000      4.0793 f    (84.54,124.76)
  clock_module_0/sync_cell_dco_wkup/U3/Y (INVX1_RVT)                   0.0399      1.0000              0.0403      4.1196 r    (84.67,124.86)
  clock_module_0/sync_cell_dco_wkup/n1 (net)        2      3.2980
  clock_module_0/sync_cell_dco_wkup/data_sync_reg[1]/RSTB (DFFARX1_RVT)
                                                                       0.0399      1.0000              0.0001      4.1196 r    (96.98,123.87)    s, n
  data arrival time                                                                                                4.1196

  clock dco_clk' (rise edge)                                                                          20.0000     20.0000
  source latency                                                                                       0.0000     20.0000
  dco_clk (in)                                                         0.0000      1.0000              0.0000     20.0000 f    (157.77,211.12)
  dco_clk (net)                                     4     26.0536                                                                                d
  cts_inv_8993272/A (IBUFFX2_RVT)                                      0.0003      1.0000              0.0001     20.0001 f    (155.37,196.85)
  cts_inv_8993272/Y (IBUFFX2_RVT)                                      0.0079      1.0000              0.0187     20.0187 r    (156.19,196.75)
  ctsbuf_net_1941 (net)                             1      0.7749                                                                                d
  cts_inv_8943267/A (IBUFFX4_RVT)                                      0.0079      1.0000              0.0000     20.0187 r    (155.07,198.33)
  cts_inv_8943267/Y (IBUFFX4_RVT)                                      0.0355      1.0000              0.0368     20.0556 f    (156.04,198.43)
  ctsbuf_net_1840 (net)                            17     29.4891                                                                                d
  clock_module_0/dco_clk (omsp_clock_module)                           0.0355      1.0000              0.0000     20.0556 f    (hierarchical)    h
  clock_module_0/dco_clk (net)                     17     29.4891                                                                                d
  clock_module_0/clock_gate_smclk/p_abuf1 (omsp_clock_gate_31)         0.0355      1.0000              0.0000     20.0556 f    (hierarchical)    h
  clock_module_0/clock_gate_smclk/p_abuf1 (net)    17     29.4891                                                                                d
  clock_module_0/clock_gate_smclk/U2/A (INVX2_RVT)                     0.0362      1.0000              0.0036     20.0592 f    (115.47,134.79)
  clock_module_0/clock_gate_smclk/U2/Y (INVX2_RVT)                     0.0294      1.0000              0.0222     20.0814 r    (115.60,134.90)
  clock_module_0/clock_gate_smclk/n2 (net)          6     10.5093                                                                                d
  clock_module_0/clock_gate_smclk/n2 (omsp_clock_gate_31)              0.0294      1.0000              0.0000     20.0814 r    (hierarchical)    h
  clock_module_0/cts0 (net)                         6     10.5093                                                                                d
  clock_module_0/sync_cell_dco_wkup/clk (omsp_sync_cell_0)             0.0294      1.0000              0.0000     20.0814 r    (hierarchical)    h
  clock_module_0/sync_cell_dco_wkup/clk (net)       6     10.5093                                                                                d
  clock_module_0/sync_cell_dco_wkup/data_sync_reg[1]/CLK (DFFARX1_RVT)
                                                                       0.0294      1.0000              0.0003     20.0817 r    (95.33,122.52)    s, n

  clock uncertainty                                                                                   -0.2000     19.8817
  library setup time                                                               1.0000              0.0419     19.9236
  data required time                                                                                              19.9236
  ----------------------------------------------------------------------------------------------------------------------------------------------------------------
  data required time                                                                                              19.9236
  data arrival time                                                                                               -4.1196
  ----------------------------------------------------------------------------------------------------------------------------------------------------------------
  slack (MET)                                                                                                     15.8040



  Startpoint: frontend_0/inst_so_reg[5] (rising edge-triggered flip-flop clocked by dco_clk)
  Endpoint: clock_module_0/sync_cell_lfxt_wkup/data_sync_reg[1] (recovery check against rising-edge clock clocked by lfxt_clk')
  Mode: func
  Corner: slow
  Scenario: func_slow
  Path Group: lfxt_clk
  Path Type: max


Attributes
    b - black-box (unknown)
    s - size_only
    d - dont_touch
    u - dont_use
    g - generic
    h - hierarchical
    i - ideal
    n - noncombinational
    E - extracted timing model
    Q - Quick timing model


  Point                                          Fanout     Cap        Trans      Derate    Delta       Incr        Path           Location       Attributes
  ----------------------------------------------------------------------------------------------------------------------------------------------------------------
  clock dco_clk (rise edge)                                                                            0.0000      0.0000
  source latency                                                                                       0.0000      0.0000
  dco_clk (in)                                                         0.0000      1.0000              0.0000      0.0000 r    (157.77,211.12)
  dco_clk (net)                                     4     26.6433                                                                                d
  clock_module_0/p_abuf15 (omsp_clock_module)                          0.0000      1.0000              0.0000      0.0000 r    (hierarchical)    h
  clock_module_0/p_abuf15 (net)                     4     26.6433                                                                                d
  clock_module_0/clock_gate_mclk/clk (omsp_clock_gate_0)               0.0000      1.0000              0.0000      0.0000 r    (hierarchical)    h
  clock_module_0/clock_gate_mclk/clk (net)          4     26.6433                                                                                d
  clock_module_0/clock_gate_mclk/U3/A2 (AND2X4_RVT)                    0.0064      1.0000              0.0043      0.0043 r    (71.46,64.59)     s
  clock_module_0/clock_gate_mclk/U3/Y (AND2X4_RVT)                     0.0558      1.0000              0.0899      0.0943 r    (72.28,64.67)     s
  clock_module_0/clock_gate_mclk/gclk (net)         1     11.0387                                                                                d
  clock_module_0/clock_gate_mclk/cts_inv_8313204/A (INVX16_RVT)        0.0558      1.0000              0.0002      0.0944 r    (73.83,69.78)
  clock_module_0/clock_gate_mclk/cts_inv_8313204/Y (INVX16_RVT)        0.0285      1.0000              0.0191      0.1136 f    (73.96,69.68)
  clock_module_0/clock_gate_mclk/ctsbuf_net_1335 (net)
                                                    1     11.1653                                                                                d
  clock_module_0/clock_gate_mclk/cts_inv_8263199/A (INVX16_RVT)        0.0285      1.0000              0.0002      0.1137 f    (73.83,67.91)
  clock_module_0/clock_gate_mclk/cts_inv_8263199/Y (INVX16_RVT)        0.0259      1.0000              0.0253      0.1391 r    (73.96,68.02)
  clock_module_0/clock_gate_mclk/p_abuf5 (net)      3     27.4533                                                                                d
  clock_module_0/clock_gate_mclk/p_abuf5 (omsp_clock_gate_0)           0.0259      1.0000              0.0000      0.1391 r    (hierarchical)    h
  clock_module_0/p_abuf12 (net)                     3     27.4533                                                                                d
  clock_module_0/p_abuf12 (omsp_clock_module)                          0.0259      1.0000              0.0000      0.1391 r    (hierarchical)    h
  p_abuf9 (net)                                     3     27.4533                                                                                d
  frontend_0/p_abuf5 (omsp_frontend)                                   0.0259      1.0000              0.0000      0.1391 r    (hierarchical)    h
  frontend_0/p_abuf5 (net)                          3     27.4533                                                                                d
  frontend_0/clock_gate_decode/clk (omsp_clock_gate_25)                0.0259      1.0000              0.0000      0.1391 r    (hierarchical)    h
  frontend_0/clock_gate_decode/clk (net)            3     27.4533                                                                                d
  frontend_0/clock_gate_decode/U3/A2 (AND2X1_RVT)                      0.0259      1.0000              0.0006      0.1397 r    (64.47,37.84)     s
  frontend_0/clock_gate_decode/U3/Y (AND2X1_RVT)                       0.0428      1.0000              0.0679      0.2076 r    (65.14,37.92)     s
  frontend_0/clock_gate_decode/ctsbuf_net_426 (net)
                                                    1      3.2488                                                                                d
  frontend_0/clock_gate_decode/cts_inv_7443117/A (INVX4_RVT)           0.0428      1.0000              0.0000      0.2077 r    (65.92,43.03)
  frontend_0/clock_gate_decode/cts_inv_7443117/Y (INVX4_RVT)           0.0394      1.0000              0.0356      0.2433 f    (66.05,42.93)
  frontend_0/clock_gate_decode/ctsbuf_net_527 (net)
                                                    1     10.9913                                                                                d
  frontend_0/clock_gate_decode/cts_inv_7393112/A (INVX16_RVT)          0.0394      1.0000              0.0001      0.2434 f    (63.79,41.16)
  frontend_0/clock_gate_decode/cts_inv_7393112/Y (INVX16_RVT)          0.0429      1.0000              0.0394      0.2829 r    (63.92,41.26)
  frontend_0/clock_gate_decode/gclk (net)          49     56.9504                                                                                d
  frontend_0/clock_gate_decode/gclk (omsp_clock_gate_25)               0.0429      1.0000              0.0000      0.2829 r    (hierarchical)    h
  frontend_0/mclk_decode (net)                     49     56.9504                                                                                d
  frontend_0/inst_so_reg[5]/CLK (DFFARX1_RVT)                          0.0435      1.0000              0.0049      0.2878 r    (42.89,25.55)     s, n

  frontend_0/inst_so_reg[5]/CLK (DFFARX1_RVT)                          0.0435      1.0000              0.0000      0.2878 r    (42.89,25.55)     s, n
  frontend_0/inst_so_reg[5]/QN (DFFARX1_RVT)                           0.0688      1.0000              0.1612      0.4490 r    (46.28,26.20)     s, n
  frontend_0/n381 (net)                             2      4.1679
  frontend_0/U203/A3 (NAND3X0_RVT)                                     0.0688      1.0000              0.0001      0.4491 r    (67.66,24.62)
  frontend_0/U203/Y (NAND3X0_RVT)                                      0.1551      1.0000              0.1299      0.5790 f    (68.03,24.53)
  frontend_0/n142 (net)                             2      4.1651
  frontend_0/U200/A1 (NOR3X0_RVT)                                      0.1551      1.0000              0.0001      0.5791 f    (94.11,24.43)
  frontend_0/U200/Y (NOR3X0_RVT)                                       0.0443      1.0000              0.1623      0.7415 r    (95.24,24.54)
  frontend_0/n138 (net)                             4      3.5726
  frontend_0/U199/A3 (AND3X1_RVT)                                      0.0443      1.0000              0.0000      0.7415 r    (97.30,22.94)
  frontend_0/U199/Y (AND3X1_RVT)                                       0.0577      1.0000              0.0967      0.8382 r    (98.12,22.87)
  frontend_0/n139 (net)                             4      4.2174
  frontend_0/U191/A1 (AO222X1_RVT)                                     0.0577      1.0000              0.0000      0.8382 r    (98.46,27.96)
  frontend_0/U191/Y (AO222X1_RVT)                                      0.0884      1.0000              0.1788      1.0170 r    (97.11,27.89)
  frontend_0/inst_dest[0] (net)                     2      5.7976
  frontend_0/inst_dest[0] (omsp_frontend)                              0.0884      1.0000              0.0000      1.0170 r    (hierarchical)    h
  inst_dest[0] (net)                                       5.7976
  execution_unit_0/inst_dest[0] (omsp_execution_unit)                  0.0884      1.0000              0.0000      1.0170 r    (hierarchical)    h
  execution_unit_0/inst_dest[0] (net)                      5.7976
  execution_unit_0/register_file_0/inst_dest[0] (omsp_register_file)   0.0884      1.0000              0.0000      1.0170 r    (hierarchical)    h
  execution_unit_0/register_file_0/inst_dest[0] (net)      5.7976
  execution_unit_0/register_file_0/placeHFSINV_797_165/A (INVX4_RVT)   0.0884      1.0000              0.0001      1.0171 r    (103.16,33.00)
  execution_unit_0/register_file_0/placeHFSINV_797_165/Y (INVX4_RVT)   0.0820      1.0000              0.0687      1.0858 f    (103.29,32.90)
  execution_unit_0/register_file_0/placeHFSNET_129 (net)
                                                   16     24.2325
  execution_unit_0/register_file_0/U363/A2 (OA22X1_RVT)                0.0818      1.0000              0.0009      1.0867 f    (139.26,31.91)
  execution_unit_0/register_file_0/U363/Y (OA22X1_RVT)                 0.0383      1.0000              0.0969      1.1836 f    (140.09,31.20)
  execution_unit_0/register_file_0/n578 (net)       1      1.2802
  execution_unit_0/register_file_0/U362/A5 (OA221X1_RVT)               0.0383      1.0000              0.0000      1.1836 f    (144.82,29.72)
  execution_unit_0/register_file_0/U362/Y (OA221X1_RVT)                0.0421      1.0000              0.0738      1.2574 f    (144.29,29.58)
  execution_unit_0/register_file_0/n577 (net)       1      1.0398
  execution_unit_0/register_file_0/U361/A4 (NAND4X0_RVT)               0.0421      1.0000              0.0000      1.2574 f    (140.56,29.63)
  execution_unit_0/register_file_0/U361/Y (NAND4X0_RVT)                0.0546      1.0000              0.0566      1.3140 r    (140.27,29.56)
  execution_unit_0/register_file_0/reg_dest[0] (net)
                                                    1      1.0379
  execution_unit_0/register_file_0/reg_dest[0] (omsp_register_file)    0.0546      1.0000              0.0000      1.3140 r    (hierarchical)    h
  execution_unit_0/dbg_reg_din[0] (net)                    1.0379
  execution_unit_0/dbg_reg_din[0] (omsp_execution_unit)                0.0546      1.0000              0.0000      1.3140 r    (hierarchical)    h
  dbg_reg_din[0] (net)                                     1.0379
  placeZBUF_inst_490/A (NBUFFX4_RVT)                                   0.0546      1.0000              0.0000      1.3140 r    (138.50,29.66)
  placeZBUF_inst_490/Y (NBUFFX4_RVT)                                   0.0620      1.0000              0.0839      1.3980 r    (139.16,29.55)
  placeZBUF_97 (net)                                3     20.3476
  execution_unit_0/placeZBUF_48 (omsp_execution_unit)                  0.0620      1.0000              0.0000      1.3980 r    (hierarchical)    h
  execution_unit_0/placeZBUF_48 (net)                     20.3476
  execution_unit_0/U87/A1 (AO222X1_RVT)                                0.0623      1.0000              0.0031      1.4010 r    (52.01,52.89)
  execution_unit_0/U87/Y (AO222X1_RVT)                                 0.0565      1.0000              0.1482      1.5493 r    (53.35,52.95)
  execution_unit_0/n79 (net)                        1      1.8177
  execution_unit_0/U86/A2 (OR2X1_RVT)                                  0.0565      1.0000              0.0000      1.5493 r    (55.14,61.22)
  execution_unit_0/U86/Y (OR2X1_RVT)                                   0.0802      1.0000              0.1008      1.6501 r    (55.56,61.36)
  execution_unit_0/op_src[0] (net)                  3      7.6132
  execution_unit_0/alu_0/op_src[0] (omsp_alu)                          0.0802      1.0000              0.0000      1.6501 r    (hierarchical)    h
  execution_unit_0/alu_0/op_src[0] (net)                   7.6132
  execution_unit_0/alu_0/U26/A1 (XOR2X2_RVT)                           0.0802      1.0000              0.0000      1.6502 r    (58.40,61.12)
  execution_unit_0/alu_0/U26/Y (XOR2X2_RVT)                            0.0641      1.0000              0.1385      1.7887 f    (59.67,61.33)
  execution_unit_0/alu_0/op_src_inv[0] (net)        6      8.7151
  execution_unit_0/alu_0/add_1_root_add_100_2_C185/U1_0/A (FADDX1_RVT)
                                                                       0.0641      1.0000              0.0002      1.7889 f    (74.48,64.88)
  execution_unit_0/alu_0/add_1_root_add_100_2_C185/U1_0/CO (FADDX1_RVT)
                                                                       0.0467      1.0000              0.1128      1.9017 f    (73.01,64.56)
  execution_unit_0/alu_0/add_1_root_add_100_2_C185/carry[1] (net)
                                                    1      2.4280
  execution_unit_0/alu_0/add_1_root_add_100_2_C185/U1_1/CI (FADDX1_RVT)
                                                                       0.0467      1.0000              0.0000      1.9017 f    (67.49,67.78)
  execution_unit_0/alu_0/add_1_root_add_100_2_C185/U1_1/CO (FADDX1_RVT)
                                                                       0.0456      1.0000              0.0908      1.9925 f    (68.94,67.90)
  execution_unit_0/alu_0/add_1_root_add_100_2_C185/carry[2] (net)
                                                    1      1.9672
  execution_unit_0/alu_0/add_1_root_add_100_2_C185/U1_2/CI (FADDX1_RVT)
                                                                       0.0456      1.0000              0.0000      1.9926 f    (68.40,71.13)
  execution_unit_0/alu_0/add_1_root_add_100_2_C185/U1_2/CO (FADDX1_RVT)
                                                                       0.0481      1.0000              0.0928      2.0854 f    (69.85,71.24)
  execution_unit_0/alu_0/add_1_root_add_100_2_C185/carry[3] (net)
                                                    1      2.2663
  execution_unit_0/alu_0/add_1_root_add_100_2_C185/U1_3/CI (FADDX1_RVT)
                                                                       0.0481      1.0000              0.0000      2.0854 f    (70.99,76.60)
  execution_unit_0/alu_0/add_1_root_add_100_2_C185/U1_3/S (FADDX1_RVT)
                                                                       0.0588      1.0000              0.1678      2.2532 r    (72.12,76.41)
  execution_unit_0/alu_0/N13 (net)                  3      3.5074
  execution_unit_0/alu_0/U143/A3 (OA21X1_RVT)                          0.0588      1.0000              0.0000      2.2532 r    (74.80,72.97)
  execution_unit_0/alu_0/U143/Y (OA21X1_RVT)                           0.0322      1.0000              0.0724      2.3256 r    (75.33,73.06)
  execution_unit_0/alu_0/n9 (net)                   1      1.0106
  execution_unit_0/alu_0/U7/A2 (OR2X1_RVT)                             0.0322      1.0000              0.0000      2.3256 r    (75.51,74.59)
  execution_unit_0/alu_0/U7/Y (OR2X1_RVT)                              0.0601      1.0000              0.0789      2.4046 r    (75.93,74.74)
  execution_unit_0/alu_0/n4 (net)                   3      5.1469
  execution_unit_0/alu_0/U106/A1 (AND2X1_RVT)                          0.0601      1.0000              0.0000      2.4046 r    (75.87,69.61)
  execution_unit_0/alu_0/U106/Y (AND2X1_RVT)                           0.0344      1.0000              0.0645      2.4692 r    (76.39,69.68)
  execution_unit_0/alu_0/add_102_C185_aco/carry[2] (net)
                                                    1      1.8399
  execution_unit_0/alu_0/add_102_C185_aco/U1_2/CI (FADDX1_RVT)         0.0344      1.0000              0.0000      2.4692 r    (77.52,71.13)
  execution_unit_0/alu_0/add_102_C185_aco/U1_2/CO (FADDX1_RVT)         0.0573      1.0000              0.1041      2.5733 r    (78.97,71.24)
  execution_unit_0/alu_0/add_102_C185_aco/carry[3] (net)
                                                    2      2.7435
  execution_unit_0/alu_0/U104/A1 (AND2X1_RVT)                          0.0573      1.0000              0.0000      2.5733 r    (77.33,76.30)
  execution_unit_0/alu_0/U104/Y (AND2X1_RVT)                           0.0308      1.0000              0.0606      2.6339 r    (76.81,76.37)
  execution_unit_0/alu_0/add_102_C185_aco/carry[4] (net)
                                                    1      1.3782
  execution_unit_0/alu_0/U103/A2 (XOR2X1_RVT)                          0.0308      1.0000              0.0000      2.6339 r    (76.41,77.98)
  execution_unit_0/alu_0/U103/Y (XOR2X1_RVT)                           0.0498      1.0000              0.1317      2.7656 f    (75.14,78.06)
  execution_unit_0/alu_0/alu_dadd0[4]1 (net)        1      2.1297
  execution_unit_0/alu_0/add_1_root_add_100_2_C186/U1_0/CI (FADDX1_RVT)
                                                                       0.0498      1.0000              0.0000      2.7656 f    (71.29,79.94)
  execution_unit_0/alu_0/add_1_root_add_100_2_C186/U1_0/S (FADDX1_RVT)
                                                                       0.0444      1.0000              0.1542      2.9199 r    (72.42,79.75)
  execution_unit_0/alu_0/alu_dadd1[0] (net)         1      1.6318
  execution_unit_0/alu_0/U17/A1 (AO222X2_RVT)                          0.0444      1.0000              0.0000      2.9199 r    (80.27,81.39)
  execution_unit_0/alu_0/U17/Y (AO222X2_RVT)                           0.0894      1.0000              0.1779      3.0977 r    (81.62,81.38)
  execution_unit_0/alu_0/alu_out[4] (net)           5      9.9983
  execution_unit_0/alu_0/alu_out[4] (omsp_alu)                         0.0894      1.0000              0.0000      3.0977 r    (hierarchical)    h
  execution_unit_0/placeHFSNET_68 (net)                    9.9983
  execution_unit_0/register_file_0/placeHFSNET_68 (omsp_register_file)
                                                                       0.0894      1.0000              0.0000      3.0977 r    (hierarchical)    h
  execution_unit_0/register_file_0/placeHFSNET_68 (net)    9.9983
  execution_unit_0/register_file_0/U399/A1 (AO21X2_RVT)                0.0894      1.0000              0.0005      3.0982 r    (99.58,49.54)
  execution_unit_0/register_file_0/U399/Y (AO21X2_RVT)                 0.0817      1.0000              0.1458      3.2440 r    (98.94,49.60)
  execution_unit_0/register_file_0/cpuoff (net)     5     10.6325
  execution_unit_0/register_file_0/cpuoff (omsp_register_file)         0.0817      1.0000              0.0000      3.2440 r    (hierarchical)    h
  execution_unit_0/cpuoff (net)                           10.6325
  execution_unit_0/cpuoff (omsp_execution_unit)                        0.0817      1.0000              0.0000      3.2440 r    (hierarchical)    h
  cpuoff (net)                                            10.6325
  frontend_0/cpuoff (omsp_frontend)                                    0.0817      1.0000              0.0000      3.2440 r    (hierarchical)    h
  frontend_0/cpuoff (net)                                 10.6325
  frontend_0/U69/A2 (NAND2X0_RVT)                                      0.0817      1.0000              0.0007      3.2447 r    (66.45,26.29)
  frontend_0/U69/Y (NAND2X0_RVT)                                       0.0646      1.0000              0.0570      3.3017 f    (66.59,26.22)
  frontend_0/n74 (net)                              1      1.1766
  frontend_0/U68/A4 (AO22X2_RVT)                                       0.0646      1.0000              0.0000      3.3017 f    (66.59,31.00)
  frontend_0/U68/Y (AO22X2_RVT)                                        0.0502      1.0000              0.0968      3.3985 f    (67.18,31.21)
  frontend_0/mclk_enable (net)                      2      5.9462
  frontend_0/mclk_enable (omsp_frontend)                               0.0502      1.0000              0.0000      3.3985 f    (hierarchical)    h
  placeHFSNET_62 (net)                                     5.9462
  clock_module_0/placeHFSNET_62 (omsp_clock_module)                    0.0502      1.0000              0.0000      3.3985 f    (hierarchical)    h
  clock_module_0/placeHFSNET_62 (net)                      5.9462
  clock_module_0/clockZBUF_inst_2188/A (NBUFFX2_RVT)                   0.0502      1.0000              0.0003      3.3988 f    (84.38,57.89)
  clock_module_0/clockZBUF_inst_2188/Y (NBUFFX2_RVT)                   0.0625      1.0000              0.0859      3.4847 f    (84.90,57.98)
  clock_module_0/clockZBUF_0 (net)                  3     11.1216
  clock_module_0/and_lfxt_dis4/placeHFSNET_62 (omsp_and_gate_10)       0.0625      1.0000              0.0000      3.4847 f    (hierarchical)    h
  clock_module_0/and_lfxt_dis4/placeHFSNET_62 (net)       11.1216
  clock_module_0/and_lfxt_dis4/placeHFSINV_8_76/A (INVX1_RVT)          0.0625      1.0000              0.0009      3.4857 f    (87.36,131.45)
  clock_module_0/and_lfxt_dis4/placeHFSINV_8_76/Y (INVX1_RVT)          0.0372      1.0000              0.0363      3.5220 r    (87.22,131.55)
  clock_module_0/and_lfxt_dis4/placeHFSNET_61 (net)
                                                    1      1.1377
  clock_module_0/and_lfxt_dis4/U1/A1 (AND2X1_RVT)                      0.0372      1.0000              0.0000      3.5220 r    (86.60,134.97)
  clock_module_0/and_lfxt_dis4/U1/Y (AND2X1_RVT)                       0.0269      1.0000              0.0535      3.5755 r    (86.08,134.89)
  clock_module_0/and_lfxt_dis4/y (net)              1      0.9984
  clock_module_0/and_lfxt_dis4/y (omsp_and_gate_10)                    0.0269      1.0000              0.0000      3.5755 r    (hierarchical)    h
  clock_module_0/lfxt_disable_by_cpu_en (net)              0.9984
  clock_module_0/U48/A (INVX1_RVT)                                     0.0269      1.0000              0.0000      3.5755 r    (85.08,134.79)
  clock_module_0/U48/Y (INVX1_RVT)                                     0.0215      1.0000              0.0206      3.5960 f    (84.94,134.90)
  clock_module_0/n29 (net)                          1      0.8849
  clock_module_0/and_lfxt_dis5/b (omsp_and_gate_9)                     0.0215      1.0000              0.0000      3.5960 f    (hierarchical)    h
  clock_module_0/and_lfxt_dis5/b (net)                     0.8849
  clock_module_0/and_lfxt_dis5/U1/A1 (AND2X1_RVT)                      0.0215      1.0000              0.0000      3.5960 f    (83.26,134.97)
  clock_module_0/and_lfxt_dis5/U1/Y (AND2X1_RVT)                       0.0357      1.0000              0.0588      3.6549 f    (82.74,134.89)
  clock_module_0/and_lfxt_dis5/y (net)              2      2.4469
  clock_module_0/and_lfxt_dis5/y (omsp_and_gate_9)                     0.0357      1.0000              0.0000      3.6549 f    (hierarchical)    h
  clock_module_0/lfxt_enable_nxt (net)                     2.4469
  clock_module_0/and_lfxt_en_wkup/b (omsp_and_gate_7)                  0.0357      1.0000              0.0000      3.6549 f    (hierarchical)    h
  clock_module_0/and_lfxt_en_wkup/b (net)                  2.4469
  clock_module_0/and_lfxt_en_wkup/U1/A1 (AND2X1_RVT)                   0.0357      1.0000              0.0000      3.6549 f    (72.83,134.97)
  clock_module_0/and_lfxt_en_wkup/U1/Y (AND2X1_RVT)                    0.0267      1.0000              0.0578      3.7127 f    (73.35,134.89)
  clock_module_0/and_lfxt_en_wkup/y (net)           1      1.2608
  clock_module_0/and_lfxt_en_wkup/y (omsp_and_gate_7)                  0.0267      1.0000              0.0000      3.7127 f    (hierarchical)    h
  clock_module_0/lfxt_en_wkup (net)                        1.2608
  clock_module_0/U119/A3 (OR3X1_RVT)                                   0.0267      1.0000              0.0000      3.7128 f    (76.47,136.76)
  clock_module_0/U119/Y (OR3X1_RVT)                                    0.0398      1.0000              0.0707      3.7835 f    (76.05,136.57)
  clock_module_0/N173 (net)                         2      2.3554
  clock_module_0/U114/A1 (OR2X1_RVT)                                   0.0398      1.0000              0.0000      3.7835 f    (78.10,136.60)
  clock_module_0/U114/Y (OR2X1_RVT)                                    0.0302      1.0000              0.0639      3.8474 f    (77.42,136.53)
  clock_module_0/_21_net_ (net)                     1      0.9760
  clock_module_0/scan_mux_lfxt_wkup/data_in_func (omsp_scan_mux_11)    0.0302      1.0000              0.0000      3.8474 f    (hierarchical)    h
  clock_module_0/scan_mux_lfxt_wkup/data_in_func (net)     0.9760
  clock_module_0/scan_mux_lfxt_wkup/U2/A3 (AO22X1_RVT)                 0.0302      1.0000              0.0000      3.8474 f    (74.90,137.25)
  clock_module_0/scan_mux_lfxt_wkup/U2/Y (AO22X1_RVT)                  0.0311      1.0000              0.0566      3.9040 f    (74.47,136.54)
  clock_module_0/scan_mux_lfxt_wkup/data_out (net)
                                                    1      1.2979
  clock_module_0/scan_mux_lfxt_wkup/data_out (omsp_scan_mux_11)        0.0311      1.0000              0.0000      3.9040 f    (hierarchical)    h
  clock_module_0/lfxt_wkup_set_scan (net)                  1.2979
  clock_module_0/sync_cell_lfxt_wkup/rst (omsp_sync_cell_14)           0.0311      1.0000              0.0000      3.9040 f    (hierarchical)    h
  clock_module_0/sync_cell_lfxt_wkup/rst (net)             1.2979
  clock_module_0/sync_cell_lfxt_wkup/U3/A (INVX1_RVT)                  0.0311      1.0000              0.0000      3.9040 f    (72.01,134.79)
  clock_module_0/sync_cell_lfxt_wkup/U3/Y (INVX1_RVT)                  0.0356      1.0000              0.0367      3.9407 r    (71.87,134.90)
  clock_module_0/sync_cell_lfxt_wkup/n1 (net)       2      2.7927
  clock_module_0/sync_cell_lfxt_wkup/data_sync_reg[1]/RSTB (DFFARX1_RVT)
                                                                       0.0356      1.0000              0.0000      3.9408 r    (66.58,137.24)    s, n
  data arrival time                                                                                                3.9408

  clock lfxt_clk' (rise edge)                                                                         20.0000     20.0000
  source latency                                                                                       0.0000     20.0000
  lfxt_clk (in)                                                        0.0098      1.0000              0.0035     20.0035 f    (57.60,211.12)
  lfxt_clk (net)                                    1      2.3965                                                                                d
  cto_buf_drc_3447/A (NBUFFX8_RVT)                                     0.0098      1.0000              0.0001     20.0036 f    (59.23,198.33)
  cto_buf_drc_3447/Y (NBUFFX8_RVT)                                     0.0131      1.0000              0.0188     20.0223 f    (60.28,198.43)
  cts4 (net)                                        2     17.6577                                                                                d
  cts_inv_9453318/A (INVX32_RVT)                                       0.0131      1.0000              0.0004     20.0227 f    (57.11,194.99)
  cts_inv_9453318/Y (INVX32_RVT)                                       0.0081      1.0000              0.0051     20.0279 r    (57.24,195.09)
  ctsbuf_net_2143 (net)                             1     16.6755                                                                                d
  cts_inv_9403313/A (INVX32_RVT)                                       0.0081      1.0000              0.0002     20.0281 r    (57.11,196.85)
  cts_inv_9403313/Y (INVX32_RVT)                                       0.0103      1.0000              0.0056     20.0337 f    (57.24,196.75)
  ctsbuf_net_2042 (net)                            16     37.6851                                                                                d
  clock_module_0/lfxt_clk (omsp_clock_module)                          0.0103      1.0000              0.0000     20.0337 f    (hierarchical)    h
  clock_module_0/lfxt_clk (net)                    16     37.6851                                                                                d
  clock_module_0/clock_gate_aclk/p_abuf0 (omsp_clock_gate_32)          0.0103      1.0000              0.0000     20.0337 f    (hierarchical)    h
  clock_module_0/clock_gate_aclk/p_abuf0 (net)     16     37.6851                                                                                d
  clock_module_0/clock_gate_aclk/U2/A (INVX32_RVT)                     0.0128      1.0000              0.0040     20.0377 f    (85.38,144.83)
  clock_module_0/clock_gate_aclk/U2/Y (INVX32_RVT)                     0.0074      1.0000              0.0042     20.0419 r    (85.51,144.93)
  clock_module_0/clock_gate_aclk/n2 (net)           5      7.4861                                                                                d
  clock_module_0/clock_gate_aclk/n2 (omsp_clock_gate_32)               0.0074      1.0000              0.0000     20.0419 r    (hierarchical)    h
  clock_module_0/cts2 (net)                         5      7.4861                                                                                d
  clock_module_0/sync_cell_lfxt_wkup/clk (omsp_sync_cell_14)           0.0074      1.0000              0.0000     20.0419 r    (hierarchical)    h
  clock_module_0/sync_cell_lfxt_wkup/clk (net)      5      7.4861                                                                                d
  clock_module_0/sync_cell_lfxt_wkup/data_sync_reg[1]/CLK (DFFARX1_RVT)
                                                                       0.0074      1.0000              0.0002     20.0421 r    (64.93,135.90)    s, n

  clock uncertainty                                                                                   -0.2000     19.8421
  library setup time                                                               1.0000              0.0371     19.8792
  data required time                                                                                              19.8792
  ----------------------------------------------------------------------------------------------------------------------------------------------------------------
  data required time                                                                                              19.8792
  data arrival time                                                                                               -3.9408
  ----------------------------------------------------------------------------------------------------------------------------------------------------------------
  slack (MET)                                                                                                     15.9384



  Startpoint: dmem_dout[8] (input port clocked by dco_clk)
  Endpoint: pmem_addr[3] (output port clocked by dco_clk)
  Mode: func
  Corner: slow
  Scenario: func_slow
  Path Group: FEEDTHROUGH
  Path Type: max


Attributes
    b - black-box (unknown)
    s - size_only
    d - dont_touch
    u - dont_use
    g - generic
    h - hierarchical
    i - ideal
    n - noncombinational
    E - extracted timing model
    Q - Quick timing model


  Point                                          Fanout     Cap        Trans      Derate    Delta       Incr        Path           Location       Attributes
  ----------------------------------------------------------------------------------------------------------------------------------------------------------------
  clock dco_clk (rise edge)                                                                            0.0000      0.0000
  clock network delay (ideal)                                                                          0.3128      0.3128
  input external delay                                                                                 2.2500      2.5628

  dmem_dout[8] (in)                                                    0.0252      1.0000              0.0078      2.5706 r    (131.93,211.12)
  dmem_dout[8] (net)                                1      1.9470
  mem_backbone_0/dmem_dout[8] (omsp_mem_backbone)                      0.0252      1.0000              0.0078      2.5706 r    (hierarchical)    h
  mem_backbone_0/dmem_dout[8] (net)                        1.9470
  mem_backbone_0/placeZBUF_inst_193/A (NBUFFX4_RVT)                    0.0252      1.0000              0.0000      2.5706 r    (131.66,198.33)
  mem_backbone_0/placeZBUF_inst_193/Y (NBUFFX4_RVT)                    0.0578      1.0000              0.0723      2.6429 r    (132.32,198.43)
  mem_backbone_0/placeZBUF_1 (net)                  2     18.9828
  mem_backbone_0/U101/A3 (AO222X1_RVT)                                 0.0582      1.0000              0.0037      2.6466 r    (28.29,110.80)
  mem_backbone_0/U101/Y (AO222X1_RVT)                                  0.0971      1.0000              0.1638      2.8104 r    (29.18,111.49)
  mem_backbone_0/eu_mdb_in[8] (net)                 4      6.8989
  mem_backbone_0/eu_mdb_in[8] (omsp_mem_backbone)                      0.0971      1.0000              0.0000      2.8104 r    (hierarchical)    h
  eu_mdb_in[8] (net)                                       6.8989
  execution_unit_0/mdb_in[8] (omsp_execution_unit)                     0.0971      1.0000              0.0000      2.8104 r    (hierarchical)    h
  execution_unit_0/mdb_in[8] (net)                         6.8989
  execution_unit_0/U177/A2 (AO22X1_RVT)                                0.0971      1.0000              0.0003      2.8106 r    (39.53,96.24)
  execution_unit_0/U177/Y (AO22X1_RVT)                                 0.0826      1.0000              0.1452      2.9558 r    (40.28,96.42)
  execution_unit_0/mdb_in_bw[0] (net)               3      6.9166
  execution_unit_0/U90/A4 (AO222X1_RVT)                                0.0826      1.0000              0.0003      2.9562 r    (47.45,62.85)
  execution_unit_0/U90/Y (AO222X1_RVT)                                 0.0535      1.0000              0.1352      3.0914 r    (48.49,62.99)
  execution_unit_0/n78 (net)                        1      1.4666
  execution_unit_0/U86/A1 (OR2X1_RVT)                                  0.0535      1.0000              0.0000      3.0914 r    (54.89,61.29)
  execution_unit_0/U86/Y (OR2X1_RVT)                                   0.0802      1.0000              0.1074      3.1988 r    (55.56,61.36)
  execution_unit_0/op_src[0] (net)                  3      7.6132
  execution_unit_0/alu_0/op_src[0] (omsp_alu)                          0.0802      1.0000              0.0000      3.1988 r    (hierarchical)    h
  execution_unit_0/alu_0/op_src[0] (net)                   7.6132
  execution_unit_0/alu_0/U26/A1 (XOR2X2_RVT)                           0.0802      1.0000              0.0000      3.1988 r    (58.40,61.12)
  execution_unit_0/alu_0/U26/Y (XOR2X2_RVT)                            0.0662      1.0000              0.1065      3.3053 r    (59.67,61.33)
  execution_unit_0/alu_0/op_src_inv[0] (net)        6      8.7421
  execution_unit_0/alu_0/add_1_root_add_100_2_C185/U1_0/A (FADDX1_RVT)
                                                                       0.0662      1.0000              0.0002      3.3056 r    (74.48,64.88)
  execution_unit_0/alu_0/add_1_root_add_100_2_C185/U1_0/CO (FADDX1_RVT)
                                                                       0.0551      1.0000              0.1229      3.4284 r    (73.01,64.56)
  execution_unit_0/alu_0/add_1_root_add_100_2_C185/carry[1] (net)
                                                    1      2.4325
  execution_unit_0/alu_0/add_1_root_add_100_2_C185/U1_1/CI (FADDX1_RVT)
                                                                       0.0551      1.0000              0.0000      3.4285 r    (67.49,67.78)
  execution_unit_0/alu_0/add_1_root_add_100_2_C185/U1_1/CO (FADDX1_RVT)
                                                                       0.0522      1.0000              0.1041      3.5325 r    (68.94,67.90)
  execution_unit_0/alu_0/add_1_root_add_100_2_C185/carry[2] (net)
                                                    1      1.9718
  execution_unit_0/alu_0/add_1_root_add_100_2_C185/U1_2/CI (FADDX1_RVT)
                                                                       0.0522      1.0000              0.0000      3.5326 r    (68.40,71.13)
  execution_unit_0/alu_0/add_1_root_add_100_2_C185/U1_2/CO (FADDX1_RVT)
                                                                       0.0548      1.0000              0.1057      3.6383 r    (69.85,71.24)
  execution_unit_0/alu_0/add_1_root_add_100_2_C185/carry[3] (net)
                                                    1      2.2708
  execution_unit_0/alu_0/add_1_root_add_100_2_C185/U1_3/CI (FADDX1_RVT)
                                                                       0.0548      1.0000              0.0000      3.6383 r    (70.99,76.60)
  execution_unit_0/alu_0/add_1_root_add_100_2_C185/U1_3/S (FADDX1_RVT)
                                                                       0.0594      1.0000              0.1664      3.8047 f    (72.12,76.41)
  execution_unit_0/alu_0/N13 (net)                  3      3.4965
  execution_unit_0/alu_0/U143/A3 (OA21X1_RVT)                          0.0594      1.0000              0.0000      3.8047 f    (74.80,72.97)
  execution_unit_0/alu_0/U143/Y (OA21X1_RVT)                           0.0306      1.0000              0.0765      3.8812 f    (75.33,73.06)
  execution_unit_0/alu_0/n9 (net)                   1      1.0037
  execution_unit_0/alu_0/U7/A2 (OR2X1_RVT)                             0.0306      1.0000              0.0000      3.8812 f    (75.51,74.59)
  execution_unit_0/alu_0/U7/Y (OR2X1_RVT)                              0.0578      1.0000              0.0776      3.9588 f    (75.93,74.74)
  execution_unit_0/alu_0/n4 (net)                   3      5.1343
  execution_unit_0/alu_0/U106/A1 (AND2X1_RVT)                          0.0578      1.0000              0.0000      3.9588 f    (75.87,69.61)
  execution_unit_0/alu_0/U106/Y (AND2X1_RVT)                           0.0330      1.0000              0.0722      4.0310 f    (76.39,69.68)
  execution_unit_0/alu_0/add_102_C185_aco/carry[2] (net)
                                                    1      1.8354
  execution_unit_0/alu_0/add_102_C185_aco/U1_2/CI (FADDX1_RVT)         0.0330      1.0000              0.0000      4.0310 f    (77.52,71.13)
  execution_unit_0/alu_0/add_102_C185_aco/U1_2/CO (FADDX1_RVT)         0.0485      1.0000              0.0920      4.1230 f    (78.97,71.24)
  execution_unit_0/alu_0/add_102_C185_aco/carry[3] (net)
                                                    2      2.7418
  execution_unit_0/alu_0/U104/A1 (AND2X1_RVT)                          0.0485      1.0000              0.0000      4.1230 f    (77.33,76.30)
  execution_unit_0/alu_0/U104/Y (AND2X1_RVT)                           0.0296      1.0000              0.0646      4.1877 f    (76.81,76.37)
  execution_unit_0/alu_0/add_102_C185_aco/carry[4] (net)
                                                    1      1.3776
  execution_unit_0/alu_0/U103/A2 (XOR2X1_RVT)                          0.0296      1.0000              0.0000      4.1877 f    (76.41,77.98)
  execution_unit_0/alu_0/U103/Y (XOR2X1_RVT)                           0.0513      1.0000              0.1311      4.3187 r    (75.14,78.06)
  execution_unit_0/alu_0/alu_dadd0[4]1 (net)        1      2.1342
  execution_unit_0/alu_0/add_1_root_add_100_2_C186/U1_0/CI (FADDX1_RVT)
                                                                       0.0513      1.0000              0.0000      4.3188 r    (71.29,79.94)
  execution_unit_0/alu_0/add_1_root_add_100_2_C186/U1_0/CO (FADDX1_RVT)
                                                                       0.0536      1.0000              0.1041      4.4229 r    (72.74,79.83)
  execution_unit_0/alu_0/add_1_root_add_100_2_C186/carry[1] (net)
                                                    1      2.1188
  execution_unit_0/alu_0/add_1_root_add_100_2_C186/U1_1/CI (FADDX1_RVT)
                                                                       0.0536      1.0000              0.0000      4.4229 r    (72.35,84.50)
  execution_unit_0/alu_0/add_1_root_add_100_2_C186/U1_1/CO (FADDX1_RVT)
                                                                       0.0549      1.0000              0.1066      4.5296 r    (73.80,84.62)
  execution_unit_0/alu_0/add_1_root_add_100_2_C186/carry[2] (net)
                                                    1      2.3277
  execution_unit_0/alu_0/add_1_root_add_100_2_C186/U1_2/CI (FADDX1_RVT)
                                                                       0.0549      1.0000              0.0000      4.5296 r    (72.05,89.98)
  execution_unit_0/alu_0/add_1_root_add_100_2_C186/U1_2/CO (FADDX1_RVT)
                                                                       0.0520      1.0000              0.1040      4.6336 r    (73.50,89.86)
  execution_unit_0/alu_0/add_1_root_add_100_2_C186/carry[3] (net)
                                                    1      1.9709
  execution_unit_0/alu_0/add_1_root_add_100_2_C186/U1_3/CI (FADDX1_RVT)
                                                                       0.0520      1.0000              0.0000      4.6336 r    (76.15,91.19)
  execution_unit_0/alu_0/add_1_root_add_100_2_C186/U1_3/S (FADDX1_RVT)
                                                                       0.0628      1.0000              0.1687      4.8023 f    (77.29,91.38)
  execution_unit_0/alu_0/N26 (net)                  3      3.9298
  execution_unit_0/alu_0/U162/A3 (OA21X1_RVT)                          0.0628      1.0000              0.0000      4.8023 f    (77.08,86.34)
  execution_unit_0/alu_0/U162/Y (OA21X1_RVT)                           0.0297      1.0000              0.0772      4.8795 f    (77.61,86.43)
  execution_unit_0/alu_0/n10 (net)                  1      0.8989
  execution_unit_0/alu_0/U6/A2 (OR2X1_RVT)                             0.0297      1.0000              0.0000      4.8795 f    (78.40,86.51)
  execution_unit_0/alu_0/U6/Y (OR2X1_RVT)                              0.0550      1.0000              0.0755      4.9550 f    (78.82,86.37)
  execution_unit_0/alu_0/n3 (net)                   3      4.8142
  execution_unit_0/alu_0/U91/A1 (AND2X1_RVT)                           0.0550      1.0000              0.0000      4.9550 f    (78.30,82.98)
  execution_unit_0/alu_0/U91/Y (AND2X1_RVT)                            0.0346      1.0000              0.0726      5.0277 f    (78.82,83.06)
  execution_unit_0/alu_0/add_102_C186_aco/carry[2] (net)
                                                    1      2.0958
  execution_unit_0/alu_0/add_102_C186_aco/U1_2/CI (FADDX1_RVT)         0.0346      1.0000              0.0000      5.0277 f    (80.26,86.63)
  execution_unit_0/alu_0/add_102_C186_aco/U1_2/CO (FADDX1_RVT)         0.0477      1.0000              0.0918      5.1195 f    (81.71,86.52)
  execution_unit_0/alu_0/add_102_C186_aco/carry[3] (net)
                                                    2      2.6463
  execution_unit_0/alu_0/U89/A1 (AND2X1_RVT)                           0.0477      1.0000              0.0000      5.1195 f    (80.67,88.15)
  execution_unit_0/alu_0/U89/Y (AND2X1_RVT)                            0.0314      1.0000              0.0659      5.1854 f    (80.16,88.08)
  execution_unit_0/alu_0/add_102_C186_aco/carry[4] (net)
                                                    1      1.6084
  execution_unit_0/alu_0/U88/A2 (XOR2X1_RVT)                           0.0314      1.0000              0.0000      5.1854 f    (79.30,91.35)
  execution_unit_0/alu_0/U88/Y (XOR2X1_RVT)                            0.0621      1.0000              0.1423      5.3277 r    (78.03,91.43)
  execution_unit_0/alu_0/alu_dadd1[4]1 (net)        1      3.4253
  execution_unit_0/alu_0/add_1_root_add_100_2_C187/U1_0/CI (FADDX1_RVT)
                                                                       0.0621      1.0000              0.0001      5.3277 r    (72.49,103.35)
  execution_unit_0/alu_0/add_1_root_add_100_2_C187/U1_0/CO (FADDX1_RVT)
                                                                       0.0529      1.0000              0.1079      5.4356 r    (71.04,103.24)
  execution_unit_0/alu_0/add_1_root_add_100_2_C187/carry[1] (net)
                                                    1      2.1579
  execution_unit_0/alu_0/add_1_root_add_100_2_C187/U1_1/CI (FADDX1_RVT)
                                                                       0.0529      1.0000              0.0000      5.4356 r    (70.36,107.91)
  execution_unit_0/alu_0/add_1_root_add_100_2_C187/U1_1/CO (FADDX1_RVT)
                                                                       0.0607      1.0000              0.1129      5.5486 r    (68.91,108.03)
  execution_unit_0/alu_0/add_1_root_add_100_2_C187/carry[2] (net)
                                                    1      3.0972
  execution_unit_0/alu_0/add_1_root_add_100_2_C187/U1_2/CI (FADDX1_RVT)
                                                                       0.0607      1.0000              0.0001      5.5486 r    (66.58,120.07)
  execution_unit_0/alu_0/add_1_root_add_100_2_C187/U1_2/CO (FADDX1_RVT)
                                                                       0.0515      1.0000              0.1056      5.6543 r    (68.03,119.96)
  execution_unit_0/alu_0/add_1_root_add_100_2_C187/carry[3] (net)
                                                    1      1.9519
  execution_unit_0/alu_0/add_1_root_add_100_2_C187/U1_3/CI (FADDX1_RVT)
                                                                       0.0515      1.0000              0.0000      5.6543 r    (68.25,123.42)
  execution_unit_0/alu_0/add_1_root_add_100_2_C187/U1_3/S (FADDX1_RVT)
                                                                       0.0604      1.0000              0.1661      5.8204 f    (69.38,123.22)
  execution_unit_0/alu_0/N39 (net)                  3      3.5940
  execution_unit_0/alu_0/U168/A3 (OA21X1_RVT)                          0.0604      1.0000              0.0000      5.8204 f    (70.39,121.58)
  execution_unit_0/alu_0/U168/Y (OA21X1_RVT)                           0.0307      1.0000              0.0761      5.8966 f    (70.92,121.49)
  execution_unit_0/alu_0/n11 (net)                  1      0.9070
  execution_unit_0/alu_0/U5/A2 (OR2X1_RVT)                             0.0307      1.0000              0.0000      5.8966 f    (71.86,121.41)
  execution_unit_0/alu_0/U5/Y (OR2X1_RVT)                              0.0546      1.0000              0.0756      5.9721 f    (72.28,121.55)
  execution_unit_0/alu_0/n2 (net)                   3      4.7665
  execution_unit_0/alu_0/U86/A1 (AND2X1_RVT)                           0.0546      1.0000              0.0000      5.9721 f    (72.38,119.77)
  execution_unit_0/alu_0/U86/Y (AND2X1_RVT)                            0.0337      1.0000              0.0705      6.0426 f    (72.89,119.84)
  execution_unit_0/alu_0/add_102_C187_aco/carry[2] (net)
                                                    1      1.8099
  execution_unit_0/alu_0/add_102_C187_aco/U1_2/CI (FADDX1_RVT)         0.0337      1.0000              0.0000      6.0426 f    (73.87,121.29)
  execution_unit_0/alu_0/add_102_C187_aco/U1_2/CO (FADDX1_RVT)         0.0473      1.0000              0.0910      6.1337 f    (75.32,121.40)
  execution_unit_0/alu_0/add_102_C187_aco/carry[3] (net)
                                                    2      2.5904
  execution_unit_0/alu_0/U84/A1 (AND2X1_RVT)                           0.0473      1.0000              0.0000      6.1337 f    (74.59,124.94)
  execution_unit_0/alu_0/U84/Y (AND2X1_RVT)                            0.0303      1.0000              0.0646      6.1983 f    (74.08,124.86)
  execution_unit_0/alu_0/add_102_C187_aco/carry[4] (net)
                                                    1      1.4646
  execution_unit_0/alu_0/U83/A2 (XOR2X1_RVT)                           0.0303      1.0000              0.0000      6.1983 f    (72.76,126.60)
  execution_unit_0/alu_0/U83/Y (XOR2X1_RVT)                            0.0553      1.0000              0.1352      6.3336 r    (71.49,126.52)
  execution_unit_0/alu_0/alu_dadd2[4]1 (net)        1      2.6126
  execution_unit_0/alu_0/add_1_root_add_100_2_C188/U1_0/CI (FADDX1_RVT)
                                                                       0.0553      1.0000              0.0000      6.3336 r    (71.44,116.73)
  execution_unit_0/alu_0/add_1_root_add_100_2_C188/U1_0/CO (FADDX1_RVT)
                                                                       0.0492      1.0000              0.1015      6.4351 r    (72.89,116.61)
  execution_unit_0/alu_0/add_1_root_add_100_2_C188/carry[1] (net)
                                                    1      1.7187
  execution_unit_0/alu_0/add_1_root_add_100_2_C188/U1_1/CI (FADDX1_RVT)
                                                                       0.0492      1.0000              0.0000      6.4351 r    (74.33,116.73)
  execution_unit_0/alu_0/add_1_root_add_100_2_C188/U1_1/CO (FADDX1_RVT)
                                                                       0.0493      1.0000              0.0996      6.5347 r    (75.78,116.61)
  execution_unit_0/alu_0/add_1_root_add_100_2_C188/carry[2] (net)
                                                    1      1.7175
  execution_unit_0/alu_0/add_1_root_add_100_2_C188/U1_2/CI (FADDX1_RVT)
                                                                       0.0493      1.0000              0.0000      6.5347 r    (77.22,116.73)
  execution_unit_0/alu_0/add_1_root_add_100_2_C188/U1_2/CO (FADDX1_RVT)
                                                                       0.0523      1.0000              0.1035      6.6382 r    (78.67,116.61)
  execution_unit_0/alu_0/add_1_root_add_100_2_C188/carry[3] (net)
                                                    1      2.1190
  execution_unit_0/alu_0/add_1_root_add_100_2_C188/U1_3/CI (FADDX1_RVT)
                                                                       0.0523      1.0000              0.0000      6.6383 r    (82.23,114.60)
  execution_unit_0/alu_0/add_1_root_add_100_2_C188/U1_3/S (FADDX1_RVT)
                                                                       0.0603      1.0000              0.1657      6.8040 f    (83.37,114.79)
  execution_unit_0/alu_0/N52 (net)                  3      3.5169
  execution_unit_0/alu_0/U173/A3 (OA21X1_RVT)                          0.0603      1.0000              0.0000      6.8040 f    (81.03,118.23)
  execution_unit_0/alu_0/U173/Y (OA21X1_RVT)                           0.0304      1.0000              0.0769      6.8809 f    (81.56,118.14)
  execution_unit_0/alu_0/n12 (net)                  1      0.9998
  execution_unit_0/alu_0/U4/A2 (OR2X1_RVT)                             0.0304      1.0000              0.0000      6.8809 f    (81.79,116.61)
  execution_unit_0/alu_0/U4/Y (OR2X1_RVT)                              0.0569      1.0000              0.0770      6.9579 f    (81.37,116.46)
  execution_unit_0/alu_0/n1 (net)                   3      5.0306
  execution_unit_0/alu_0/U81/A1 (AND2X1_RVT)                           0.0569      1.0000              0.0000      6.9580 f    (80.89,119.77)
  execution_unit_0/alu_0/U81/Y (AND2X1_RVT)                            0.0329      1.0000              0.0719      7.0298 f    (81.40,119.84)
  execution_unit_0/alu_0/add_102_C188_aco/carry[2] (net)
                                                    1      1.8515
  execution_unit_0/alu_0/add_102_C188_aco/U1_2/CI (FADDX1_RVT)         0.0329      1.0000              0.0000      7.0298 f    (84.21,120.07)
  execution_unit_0/alu_0/add_102_C188_aco/U1_2/CO (FADDX1_RVT)         0.0465      1.0000              0.0900      7.1198 f    (85.66,119.96)
  execution_unit_0/alu_0/add_102_C188_aco/carry[3] (net)
                                                    2      2.4904
  execution_unit_0/alu_0/U62/A2 (XOR2X1_RVT)                           0.0465      1.0000              0.0000      7.1199 f    (86.14,116.57)
  execution_unit_0/alu_0/U62/Y (XOR2X1_RVT)                            0.0520      1.0000              0.1237      7.2435 f    (84.87,116.49)
  execution_unit_0/alu_0/alu_dadd3[3] (net)         1      2.4119
  execution_unit_0/alu_0/U198/A1 (AO222X1_RVT)                         0.0520      1.0000              0.0000      7.2435 f    (83.87,101.53)
  execution_unit_0/alu_0/U198/Y (AO222X1_RVT)                          0.0850      1.0000              0.1541      7.3977 f    (82.52,101.46)
  execution_unit_0/alu_0/alu_out[15] (net)          6      7.5221
  execution_unit_0/alu_0/alu_out[15] (omsp_alu)                        0.0850      1.0000              0.0000      7.3977 f    (hierarchical)    h
  execution_unit_0/alu_out[15] (net)                       7.5221
  execution_unit_0/register_file_0/reg_dest_val[15] (omsp_register_file)
                                                                       0.0850      1.0000              0.0000      7.3977 f    (hierarchical)    h
  execution_unit_0/register_file_0/reg_dest_val[15] (net)
                                                           7.5221
  execution_unit_0/register_file_0/U56/A1 (AND2X4_RVT)                 0.0850      1.0000              0.0002      7.3978 f    (90.31,89.82)
  execution_unit_0/register_file_0/U56/Y (AND2X4_RVT)                  0.0881      1.0000              0.1472      7.5450 f    (89.73,89.75)
  execution_unit_0/register_file_0/pc_sw[15] (net)
                                                   15     26.5188
  execution_unit_0/register_file_0/pc_sw[15] (omsp_register_file)      0.0881      1.0000              0.0000      7.5450 f    (hierarchical)    h
  execution_unit_0/pc_sw[15] (net)                        26.5188
  execution_unit_0/pc_sw[15] (omsp_execution_unit)                     0.0881      1.0000              0.0000      7.5450 f    (hierarchical)    h
  pc_sw[15] (net)                                         26.5188
  frontend_0/pc_sw[15] (omsp_frontend)                                 0.0881      1.0000              0.0000      7.5450 f    (hierarchical)    h
  frontend_0/pc_sw[15] (net)                              26.5188
  frontend_0/U23/A3 (AO221X1_RVT)                                      0.0881      1.0000              0.0000      7.5450 f    (86.81,80.40)
  frontend_0/U23/Y (AO221X1_RVT)                                       0.0566      1.0000              0.1325      7.6775 f    (87.55,79.70)
  frontend_0/mab[15] (net)                          3      3.8566
  frontend_0/mab[15] (omsp_frontend)                                   0.0566      1.0000              0.0000      7.6775 f    (hierarchical)    h
  fe_mab[15] (net)                                         3.8566
  mem_backbone_0/fe_mab[14] (omsp_mem_backbone)                        0.0566      1.0000              0.0000      7.6775 f    (hierarchical)    h
  mem_backbone_0/fe_mab[14] (net)                          3.8566
  mem_backbone_0/U24/A3 (AND4X1_RVT)                                   0.0566      1.0000              0.0000      7.6776 f    (88.27,82.83)
  mem_backbone_0/U24/Y (AND4X1_RVT)                                    0.0484      1.0000              0.1146      7.7921 f    (87.45,83.06)
  mem_backbone_0/fe_pmem_sel (net)                  1      1.7867
  mem_backbone_0/U179/A1 (NAND2X2_RVT)                                 0.0484      1.0000              0.0000      7.7922 f    (86.28,74.78)
  mem_backbone_0/U179/Y (NAND2X2_RVT)                                  0.0589      1.0000              0.1118      7.9040 r    (87.10,74.70)
  mem_backbone_0/n11 (net)                          3      9.9194
  mem_backbone_0/U174/A2 (NAND4X0_RVT)                                 0.0589      1.0000              0.0003      7.9043 r    (94.57,113.23)
  mem_backbone_0/U174/Y (NAND4X0_RVT)                                  0.2104      1.0000              0.1601      8.0644 f    (94.56,113.16)
  mem_backbone_0/n14 (net)                          3      5.1489
  mem_backbone_0/U39/A1 (AND2X2_RVT)                                   0.2104      1.0000              0.0000      8.0644 f    (96.24,113.08)
  mem_backbone_0/U39/Y (AND2X2_RVT)                                    0.0993      1.0000              0.1812      8.2456 f    (96.75,113.15)
  mem_backbone_0/n10 (net)                         12     15.4909
  mem_backbone_0/U34/A4 (AO222X2_RVT)                                  0.0993      1.0000              0.0010      8.2466 f    (112.50,82.97)
  mem_backbone_0/U34/Y (AO222X2_RVT)                                   0.0690      1.0000              0.1528      8.3994 f    (113.54,83.07)
  mem_backbone_0/pmem_addr[3] (net)                 1      9.9272
  mem_backbone_0/pmem_addr[3] (omsp_mem_backbone)                      0.0690      1.0000              0.0000      8.3994 f    (hierarchical)    h
  pmem_addr[3] (net)                                       9.9272
  pmem_addr[3] (out)                                                   0.0690      1.0000              0.0010      8.4004 f    (211.88,88.00)
  data arrival time                                                                                                8.4004

  clock dco_clk (rise edge)                                                                           40.0000     40.0000
  clock network delay (ideal)                                                                          0.3128     40.3128
  clock uncertainty                                                                                   -0.2000     40.1128
  output external delay                                                                               -0.6400     39.4728
  data required time                                                                                              39.4728
  ----------------------------------------------------------------------------------------------------------------------------------------------------------------
  data required time                                                                                              39.4728
  data arrival time                                                                                               -8.4004
  ----------------------------------------------------------------------------------------------------------------------------------------------------------------
  slack (MET)                                                                                                     31.0724



  Startpoint: dmem_dout[8] (input port clocked by dco_clk)
  Endpoint: clock_module_0/sync_cell_dco_wkup/data_sync_reg[1] (recovery check against rising-edge clock clocked by dco_clk')
  Mode: func
  Corner: slow
  Scenario: func_slow
  Path Group: REGIN
  Path Type: max


Attributes
    b - black-box (unknown)
    s - size_only
    d - dont_touch
    u - dont_use
    g - generic
    h - hierarchical
    i - ideal
    n - noncombinational
    E - extracted timing model
    Q - Quick timing model


  Point                                          Fanout     Cap        Trans      Derate    Delta       Incr        Path           Location       Attributes
  ----------------------------------------------------------------------------------------------------------------------------------------------------------------
  clock dco_clk (rise edge)                                                                            0.0000      0.0000
  clock network delay (ideal)                                                                          0.3128      0.3128
  input external delay                                                                                 2.2500      2.5628

  dmem_dout[8] (in)                                                    0.0252      1.0000              0.0078      2.5706 r    (131.93,211.12)
  dmem_dout[8] (net)                                1      1.9470
  mem_backbone_0/dmem_dout[8] (omsp_mem_backbone)                      0.0252      1.0000              0.0078      2.5706 r    (hierarchical)    h
  mem_backbone_0/dmem_dout[8] (net)                        1.9470
  mem_backbone_0/placeZBUF_inst_193/A (NBUFFX4_RVT)                    0.0252      1.0000              0.0000      2.5706 r    (131.66,198.33)
  mem_backbone_0/placeZBUF_inst_193/Y (NBUFFX4_RVT)                    0.0578      1.0000              0.0723      2.6429 r    (132.32,198.43)
  mem_backbone_0/placeZBUF_1 (net)                  2     18.9828
  mem_backbone_0/U101/A3 (AO222X1_RVT)                                 0.0582      1.0000              0.0037      2.6466 r    (28.29,110.80)
  mem_backbone_0/U101/Y (AO222X1_RVT)                                  0.0971      1.0000              0.1638      2.8104 r    (29.18,111.49)
  mem_backbone_0/eu_mdb_in[8] (net)                 4      6.8989
  mem_backbone_0/eu_mdb_in[8] (omsp_mem_backbone)                      0.0971      1.0000              0.0000      2.8104 r    (hierarchical)    h
  eu_mdb_in[8] (net)                                       6.8989
  execution_unit_0/mdb_in[8] (omsp_execution_unit)                     0.0971      1.0000              0.0000      2.8104 r    (hierarchical)    h
  execution_unit_0/mdb_in[8] (net)                         6.8989
  execution_unit_0/U177/A2 (AO22X1_RVT)                                0.0971      1.0000              0.0003      2.8106 r    (39.53,96.24)
  execution_unit_0/U177/Y (AO22X1_RVT)                                 0.0826      1.0000              0.1452      2.9558 r    (40.28,96.42)
  execution_unit_0/mdb_in_bw[0] (net)               3      6.9166
  execution_unit_0/U90/A4 (AO222X1_RVT)                                0.0826      1.0000              0.0003      2.9562 r    (47.45,62.85)
  execution_unit_0/U90/Y (AO222X1_RVT)                                 0.0535      1.0000              0.1352      3.0914 r    (48.49,62.99)
  execution_unit_0/n78 (net)                        1      1.4666
  execution_unit_0/U86/A1 (OR2X1_RVT)                                  0.0535      1.0000              0.0000      3.0914 r    (54.89,61.29)
  execution_unit_0/U86/Y (OR2X1_RVT)                                   0.0802      1.0000              0.1074      3.1988 r    (55.56,61.36)
  execution_unit_0/op_src[0] (net)                  3      7.6132
  execution_unit_0/alu_0/op_src[0] (omsp_alu)                          0.0802      1.0000              0.0000      3.1988 r    (hierarchical)    h
  execution_unit_0/alu_0/op_src[0] (net)                   7.6132
  execution_unit_0/alu_0/U26/A1 (XOR2X2_RVT)                           0.0802      1.0000              0.0000      3.1988 r    (58.40,61.12)
  execution_unit_0/alu_0/U26/Y (XOR2X2_RVT)                            0.0641      1.0000              0.1385      3.3373 f    (59.67,61.33)
  execution_unit_0/alu_0/op_src_inv[0] (net)        6      8.7151
  execution_unit_0/alu_0/add_1_root_add_100_2_C185/U1_0/A (FADDX1_RVT)
                                                                       0.0641      1.0000              0.0002      3.3375 f    (74.48,64.88)
  execution_unit_0/alu_0/add_1_root_add_100_2_C185/U1_0/CO (FADDX1_RVT)
                                                                       0.0467      1.0000              0.1128      3.4503 f    (73.01,64.56)
  execution_unit_0/alu_0/add_1_root_add_100_2_C185/carry[1] (net)
                                                    1      2.4280
  execution_unit_0/alu_0/add_1_root_add_100_2_C185/U1_1/CI (FADDX1_RVT)
                                                                       0.0467      1.0000              0.0000      3.4503 f    (67.49,67.78)
  execution_unit_0/alu_0/add_1_root_add_100_2_C185/U1_1/CO (FADDX1_RVT)
                                                                       0.0456      1.0000              0.0908      3.5412 f    (68.94,67.90)
  execution_unit_0/alu_0/add_1_root_add_100_2_C185/carry[2] (net)
                                                    1      1.9672
  execution_unit_0/alu_0/add_1_root_add_100_2_C185/U1_2/CI (FADDX1_RVT)
                                                                       0.0456      1.0000              0.0000      3.5412 f    (68.40,71.13)
  execution_unit_0/alu_0/add_1_root_add_100_2_C185/U1_2/CO (FADDX1_RVT)
                                                                       0.0481      1.0000              0.0928      3.6341 f    (69.85,71.24)
  execution_unit_0/alu_0/add_1_root_add_100_2_C185/carry[3] (net)
                                                    1      2.2663
  execution_unit_0/alu_0/add_1_root_add_100_2_C185/U1_3/CI (FADDX1_RVT)
                                                                       0.0481      1.0000              0.0000      3.6341 f    (70.99,76.60)
  execution_unit_0/alu_0/add_1_root_add_100_2_C185/U1_3/S (FADDX1_RVT)
                                                                       0.0588      1.0000              0.1678      3.8018 r    (72.12,76.41)
  execution_unit_0/alu_0/N13 (net)                  3      3.5074
  execution_unit_0/alu_0/U143/A3 (OA21X1_RVT)                          0.0588      1.0000              0.0000      3.8019 r    (74.80,72.97)
  execution_unit_0/alu_0/U143/Y (OA21X1_RVT)                           0.0322      1.0000              0.0724      3.8743 r    (75.33,73.06)
  execution_unit_0/alu_0/n9 (net)                   1      1.0106
  execution_unit_0/alu_0/U7/A2 (OR2X1_RVT)                             0.0322      1.0000              0.0000      3.8743 r    (75.51,74.59)
  execution_unit_0/alu_0/U7/Y (OR2X1_RVT)                              0.0601      1.0000              0.0789      3.9532 r    (75.93,74.74)
  execution_unit_0/alu_0/n4 (net)                   3      5.1469
  execution_unit_0/alu_0/U106/A1 (AND2X1_RVT)                          0.0601      1.0000              0.0000      3.9533 r    (75.87,69.61)
  execution_unit_0/alu_0/U106/Y (AND2X1_RVT)                           0.0344      1.0000              0.0645      4.0178 r    (76.39,69.68)
  execution_unit_0/alu_0/add_102_C185_aco/carry[2] (net)
                                                    1      1.8399
  execution_unit_0/alu_0/add_102_C185_aco/U1_2/CI (FADDX1_RVT)         0.0344      1.0000              0.0000      4.0178 r    (77.52,71.13)
  execution_unit_0/alu_0/add_102_C185_aco/U1_2/CO (FADDX1_RVT)         0.0573      1.0000              0.1041      4.1219 r    (78.97,71.24)
  execution_unit_0/alu_0/add_102_C185_aco/carry[3] (net)
                                                    2      2.7435
  execution_unit_0/alu_0/U104/A1 (AND2X1_RVT)                          0.0573      1.0000              0.0000      4.1219 r    (77.33,76.30)
  execution_unit_0/alu_0/U104/Y (AND2X1_RVT)                           0.0308      1.0000              0.0606      4.1825 r    (76.81,76.37)
  execution_unit_0/alu_0/add_102_C185_aco/carry[4] (net)
                                                    1      1.3782
  execution_unit_0/alu_0/U103/A2 (XOR2X1_RVT)                          0.0308      1.0000              0.0000      4.1825 r    (76.41,77.98)
  execution_unit_0/alu_0/U103/Y (XOR2X1_RVT)                           0.0498      1.0000              0.1317      4.3142 f    (75.14,78.06)
  execution_unit_0/alu_0/alu_dadd0[4]1 (net)        1      2.1297
  execution_unit_0/alu_0/add_1_root_add_100_2_C186/U1_0/CI (FADDX1_RVT)
                                                                       0.0498      1.0000              0.0000      4.3143 f    (71.29,79.94)
  execution_unit_0/alu_0/add_1_root_add_100_2_C186/U1_0/S (FADDX1_RVT)
                                                                       0.0444      1.0000              0.1542      4.4685 r    (72.42,79.75)
  execution_unit_0/alu_0/alu_dadd1[0] (net)         1      1.6318
  execution_unit_0/alu_0/U17/A1 (AO222X2_RVT)                          0.0444      1.0000              0.0000      4.4685 r    (80.27,81.39)
  execution_unit_0/alu_0/U17/Y (AO222X2_RVT)                           0.0894      1.0000              0.1779      4.6464 r    (81.62,81.38)
  execution_unit_0/alu_0/alu_out[4] (net)           5      9.9983
  execution_unit_0/alu_0/alu_out[4] (omsp_alu)                         0.0894      1.0000              0.0000      4.6464 r    (hierarchical)    h
  execution_unit_0/placeHFSNET_68 (net)                    9.9983
  execution_unit_0/register_file_0/placeHFSNET_68 (omsp_register_file)
                                                                       0.0894      1.0000              0.0000      4.6464 r    (hierarchical)    h
  execution_unit_0/register_file_0/placeHFSNET_68 (net)    9.9983
  execution_unit_0/register_file_0/U399/A1 (AO21X2_RVT)                0.0894      1.0000              0.0005      4.6468 r    (99.58,49.54)
  execution_unit_0/register_file_0/U399/Y (AO21X2_RVT)                 0.0817      1.0000              0.1458      4.7926 r    (98.94,49.60)
  execution_unit_0/register_file_0/cpuoff (net)     5     10.6325
  execution_unit_0/register_file_0/cpuoff (omsp_register_file)         0.0817      1.0000              0.0000      4.7926 r    (hierarchical)    h
  execution_unit_0/cpuoff (net)                           10.6325
  execution_unit_0/cpuoff (omsp_execution_unit)                        0.0817      1.0000              0.0000      4.7926 r    (hierarchical)    h
  cpuoff (net)                                            10.6325
  frontend_0/cpuoff (omsp_frontend)                                    0.0817      1.0000              0.0000      4.7926 r    (hierarchical)    h
  frontend_0/cpuoff (net)                                 10.6325
  frontend_0/U69/A2 (NAND2X0_RVT)                                      0.0817      1.0000              0.0007      4.7933 r    (66.45,26.29)
  frontend_0/U69/Y (NAND2X0_RVT)                                       0.0646      1.0000              0.0570      4.8504 f    (66.59,26.22)
  frontend_0/n74 (net)                              1      1.1766
  frontend_0/U68/A4 (AO22X2_RVT)                                       0.0646      1.0000              0.0000      4.8504 f    (66.59,31.00)
  frontend_0/U68/Y (AO22X2_RVT)                                        0.0502      1.0000              0.0968      4.9471 f    (67.18,31.21)
  frontend_0/mclk_enable (net)                      2      5.9462
  frontend_0/mclk_enable (omsp_frontend)                               0.0502      1.0000              0.0000      4.9471 f    (hierarchical)    h
  placeHFSNET_62 (net)                                     5.9462
  clock_module_0/placeHFSNET_62 (omsp_clock_module)                    0.0502      1.0000              0.0000      4.9471 f    (hierarchical)    h
  clock_module_0/placeHFSNET_62 (net)                      5.9462
  clock_module_0/and_cpuoff_mclk_en/b (omsp_and_gate_0)                0.0502      1.0000              0.0000      4.9471 f    (hierarchical)    h
  clock_module_0/and_cpuoff_mclk_en/b (net)                5.9462
  clock_module_0/and_cpuoff_mclk_en/U1/A1 (AND2X1_RVT)                 0.0502      1.0000              0.0003      4.9474 f    (85.75,58.06)
  clock_module_0/and_cpuoff_mclk_en/U1/Y (AND2X1_RVT)                  0.0836      1.0000              0.1053      5.0528 f    (86.27,57.98)
  clock_module_0/and_cpuoff_mclk_en/y (net)         1      7.9961
  clock_module_0/and_cpuoff_mclk_en/y (omsp_and_gate_0)                0.0836      1.0000              0.0000      5.0528 f    (hierarchical)    h
  clock_module_0/cpuoff_and_mclk_enable (net)              7.9961
  clock_module_0/and_dco_dis1/b (omsp_and_gate_21)                     0.0836      1.0000              0.0000      5.0528 f    (hierarchical)    h
  clock_module_0/and_dco_dis1/b (net)                      7.9961
  clock_module_0/and_dco_dis1/U1/A1 (AND2X1_RVT)                       0.0836      1.0000              0.0005      5.0533 f    (85.75,123.11)
  clock_module_0/and_dco_dis1/U1/Y (AND2X1_RVT)                        0.0297      1.0000              0.0746      5.1279 f    (86.27,123.19)
  clock_module_0/and_dco_dis1/y (net)               1      0.9080
  clock_module_0/and_dco_dis1/y (omsp_and_gate_21)                     0.0297      1.0000              0.0000      5.1279 f    (hierarchical)    h
  clock_module_0/cpu_enabled_with_dco (net)                0.9080
  clock_module_0/U55/A2 (NOR2X0_RVT)                                   0.0297      1.0000              0.0000      5.1279 f    (87.06,123.38)
  clock_module_0/U55/Y (NOR2X0_RVT)                                    0.0222      1.0000              0.0718      5.1997 r    (87.79,123.18)
  clock_module_0/n117 (net)                         1      0.9266
  clock_module_0/and_dco_dis2/b (omsp_and_gate_20)                     0.0222      1.0000              0.0000      5.1997 r    (hierarchical)    h
  clock_module_0/and_dco_dis2/b (net)                      0.9266
  clock_module_0/and_dco_dis2/U1/A1 (AND2X1_RVT)                       0.0222      1.0000              0.0000      5.1997 r    (88.18,121.59)
  clock_module_0/and_dco_dis2/U1/Y (AND2X1_RVT)                        0.0270      1.0000              0.0499      5.2496 r    (88.70,121.52)
  clock_module_0/and_dco_dis2/y (net)               1      1.0477
  clock_module_0/and_dco_dis2/y (omsp_and_gate_20)                     0.0270      1.0000              0.0000      5.2496 r    (hierarchical)    h
  clock_module_0/dco_not_enabled_by_dbg (net)              1.0477
  clock_module_0/and_dco_dis3/b (omsp_and_gate_19)                     0.0270      1.0000              0.0000      5.2496 r    (hierarchical)    h
  clock_module_0/and_dco_dis3/b (net)                      1.0477
  clock_module_0/and_dco_dis3/U1/A1 (AND2X1_RVT)                       0.0270      1.0000              0.0000      5.2496 r    (90.25,119.77)
  clock_module_0/and_dco_dis3/U1/Y (AND2X1_RVT)                        0.0290      1.0000              0.0531      5.3026 r    (89.73,119.84)
  clock_module_0/and_dco_dis3/y (net)               1      1.3053
  clock_module_0/and_dco_dis3/y (omsp_and_gate_19)                     0.0290      1.0000              0.0000      5.3026 r    (hierarchical)    h
  clock_module_0/dco_disable_by_scg0 (net)                 1.3053
  clock_module_0/U45/A (INVX1_RVT)                                     0.0290      1.0000              0.0000      5.3026 r    (89.18,123.29)
  clock_module_0/U45/Y (INVX1_RVT)                                     0.0225      1.0000              0.0213      5.3240 f    (89.05,123.18)
  clock_module_0/n23 (net)                          1      0.9147
  clock_module_0/and_dco_dis5/a (omsp_and_gate_17)                     0.0225      1.0000              0.0000      5.3240 f    (hierarchical)    h
  clock_module_0/and_dco_dis5/a (net)                      0.9147
  clock_module_0/and_dco_dis5/U1/A2 (AND2X1_RVT)                       0.0225      1.0000              0.0000      5.3240 f    (88.03,124.78)
  clock_module_0/and_dco_dis5/U1/Y (AND2X1_RVT)                        0.0299      1.0000              0.0580      5.3820 f    (88.70,124.86)
  clock_module_0/and_dco_dis5/y (net)               2      1.7132
  clock_module_0/and_dco_dis5/y (omsp_and_gate_17)                     0.0299      1.0000              0.0000      5.3820 f    (hierarchical)    h
  clock_module_0/dco_enable_nxt (net)                      1.7132
  clock_module_0/and_dco_en_wkup/b (omsp_and_gate_15)                  0.0299      1.0000              0.0000      5.3820 f    (hierarchical)    h
  clock_module_0/and_dco_en_wkup/b (net)                   1.7132
  clock_module_0/and_dco_en_wkup/U1/A1 (AND2X1_RVT)                    0.0299      1.0000              0.0000      5.3820 f    (90.40,126.46)
  clock_module_0/and_dco_en_wkup/U1/Y (AND2X1_RVT)                     0.0265      1.0000              0.0539      5.4359 f    (89.89,126.53)
  clock_module_0/and_dco_en_wkup/y (net)            1      1.0899
  clock_module_0/and_dco_en_wkup/y (omsp_and_gate_15)                  0.0265      1.0000              0.0000      5.4359 f    (hierarchical)    h
  clock_module_0/dco_en_wkup (net)                         1.0899
  clock_module_0/U120/A3 (OR3X1_RVT)                                   0.0265      1.0000              0.0000      5.4359 f    (88.17,128.01)
  clock_module_0/U120/Y (OR3X1_RVT)                                    0.0401      1.0000              0.0710      5.5069 f    (87.76,128.20)
  clock_module_0/N169 (net)                         2      2.3939
  clock_module_0/U112/A1 (OR2X1_RVT)                                   0.0401      1.0000              0.0000      5.5069 f    (80.07,128.17)
  clock_module_0/U112/Y (OR2X1_RVT)                                    0.0293      1.0000              0.0629      5.5698 f    (79.40,128.24)
  clock_module_0/_9_net_ (net)                      1      0.8347
  clock_module_0/scan_mux_dco_wkup/data_in_func (omsp_scan_mux_1)      0.0293      1.0000              0.0000      5.5698 f    (hierarchical)    h
  clock_module_0/scan_mux_dco_wkup/data_in_func (net)      0.8347
  clock_module_0/scan_mux_dco_wkup/U2/A3 (AO22X1_RVT)                  0.0293      1.0000              0.0000      5.5698 f    (78.75,127.22)
  clock_module_0/scan_mux_dco_wkup/U2/Y (AO22X1_RVT)                   0.0329      1.0000              0.0581      5.6279 f    (79.19,126.51)
  clock_module_0/scan_mux_dco_wkup/data_out (net)
                                                    1      1.5644
  clock_module_0/scan_mux_dco_wkup/data_out (omsp_scan_mux_1)          0.0329      1.0000              0.0000      5.6279 f    (hierarchical)    h
  clock_module_0/dco_wkup_set_scan (net)                   1.5644
  clock_module_0/sync_cell_dco_wkup/rst (omsp_sync_cell_0)             0.0329      1.0000              0.0000      5.6279 f    (hierarchical)    h
  clock_module_0/sync_cell_dco_wkup/rst (net)              1.5644
  clock_module_0/sync_cell_dco_wkup/U3/A (INVX1_RVT)                   0.0329      1.0000              0.0000      5.6279 f    (84.54,124.76)
  clock_module_0/sync_cell_dco_wkup/U3/Y (INVX1_RVT)                   0.0399      1.0000              0.0403      5.6682 r    (84.67,124.86)
  clock_module_0/sync_cell_dco_wkup/n1 (net)        2      3.2980
  clock_module_0/sync_cell_dco_wkup/data_sync_reg[1]/RSTB (DFFARX1_RVT)
                                                                       0.0399      1.0000              0.0001      5.6683 r    (96.98,123.87)    s, n
  data arrival time                                                                                                5.6683

  clock dco_clk' (rise edge)                                                                          20.0000     20.0000
  source latency                                                                                       0.0000     20.0000
  dco_clk (in)                                                         0.0000      1.0000              0.0000     20.0000 f    (157.77,211.12)
  dco_clk (net)                                     4     26.0536                                                                                d
  cts_inv_8993272/A (IBUFFX2_RVT)                                      0.0003      1.0000              0.0001     20.0001 f    (155.37,196.85)
  cts_inv_8993272/Y (IBUFFX2_RVT)                                      0.0079      1.0000              0.0187     20.0187 r    (156.19,196.75)
  ctsbuf_net_1941 (net)                             1      0.7749                                                                                d
  cts_inv_8943267/A (IBUFFX4_RVT)                                      0.0079      1.0000              0.0000     20.0187 r    (155.07,198.33)
  cts_inv_8943267/Y (IBUFFX4_RVT)                                      0.0355      1.0000              0.0368     20.0556 f    (156.04,198.43)
  ctsbuf_net_1840 (net)                            17     29.4891                                                                                d
  clock_module_0/dco_clk (omsp_clock_module)                           0.0355      1.0000              0.0000     20.0556 f    (hierarchical)    h
  clock_module_0/dco_clk (net)                     17     29.4891                                                                                d
  clock_module_0/clock_gate_smclk/p_abuf1 (omsp_clock_gate_31)         0.0355      1.0000              0.0000     20.0556 f    (hierarchical)    h
  clock_module_0/clock_gate_smclk/p_abuf1 (net)    17     29.4891                                                                                d
  clock_module_0/clock_gate_smclk/U2/A (INVX2_RVT)                     0.0362      1.0000              0.0036     20.0592 f    (115.47,134.79)
  clock_module_0/clock_gate_smclk/U2/Y (INVX2_RVT)                     0.0294      1.0000              0.0222     20.0814 r    (115.60,134.90)
  clock_module_0/clock_gate_smclk/n2 (net)          6     10.5093                                                                                d
  clock_module_0/clock_gate_smclk/n2 (omsp_clock_gate_31)              0.0294      1.0000              0.0000     20.0814 r    (hierarchical)    h
  clock_module_0/cts0 (net)                         6     10.5093                                                                                d
  clock_module_0/sync_cell_dco_wkup/clk (omsp_sync_cell_0)             0.0294      1.0000              0.0000     20.0814 r    (hierarchical)    h
  clock_module_0/sync_cell_dco_wkup/clk (net)       6     10.5093                                                                                d
  clock_module_0/sync_cell_dco_wkup/data_sync_reg[1]/CLK (DFFARX1_RVT)
                                                                       0.0294      1.0000              0.0003     20.0817 r    (95.33,122.52)    s, n

  clock uncertainty                                                                                   -0.2000     19.8817
  library setup time                                                               1.0000              0.0419     19.9236
  data required time                                                                                              19.9236
  ----------------------------------------------------------------------------------------------------------------------------------------------------------------
  data required time                                                                                              19.9236
  data arrival time                                                                                               -5.6683
  ----------------------------------------------------------------------------------------------------------------------------------------------------------------
  slack (MET)                                                                                                     14.2553



  Startpoint: frontend_0/inst_so_reg[5] (rising edge-triggered flip-flop clocked by dco_clk)
  Endpoint: pmem_addr[3] (output port clocked by dco_clk)
  Mode: func
  Corner: slow
  Scenario: func_slow
  Path Group: REGOUT
  Path Type: max


Attributes
    b - black-box (unknown)
    s - size_only
    d - dont_touch
    u - dont_use
    g - generic
    h - hierarchical
    i - ideal
    n - noncombinational
    E - extracted timing model
    Q - Quick timing model


  Point                                          Fanout     Cap        Trans      Derate    Delta       Incr        Path           Location       Attributes
  ----------------------------------------------------------------------------------------------------------------------------------------------------------------
  clock dco_clk (rise edge)                                                                            0.0000      0.0000
  source latency                                                                                       0.0000      0.0000
  dco_clk (in)                                                         0.0000      1.0000              0.0000      0.0000 r    (157.77,211.12)
  dco_clk (net)                                     4     26.6433                                                                                d
  clock_module_0/p_abuf15 (omsp_clock_module)                          0.0000      1.0000              0.0000      0.0000 r    (hierarchical)    h
  clock_module_0/p_abuf15 (net)                     4     26.6433                                                                                d
  clock_module_0/clock_gate_mclk/clk (omsp_clock_gate_0)               0.0000      1.0000              0.0000      0.0000 r    (hierarchical)    h
  clock_module_0/clock_gate_mclk/clk (net)          4     26.6433                                                                                d
  clock_module_0/clock_gate_mclk/U3/A2 (AND2X4_RVT)                    0.0064      1.0000              0.0043      0.0043 r    (71.46,64.59)     s
  clock_module_0/clock_gate_mclk/U3/Y (AND2X4_RVT)                     0.0558      1.0000              0.0899      0.0943 r    (72.28,64.67)     s
  clock_module_0/clock_gate_mclk/gclk (net)         1     11.0387                                                                                d
  clock_module_0/clock_gate_mclk/cts_inv_8313204/A (INVX16_RVT)        0.0558      1.0000              0.0002      0.0944 r    (73.83,69.78)
  clock_module_0/clock_gate_mclk/cts_inv_8313204/Y (INVX16_RVT)        0.0285      1.0000              0.0191      0.1136 f    (73.96,69.68)
  clock_module_0/clock_gate_mclk/ctsbuf_net_1335 (net)
                                                    1     11.1653                                                                                d
  clock_module_0/clock_gate_mclk/cts_inv_8263199/A (INVX16_RVT)        0.0285      1.0000              0.0002      0.1137 f    (73.83,67.91)
  clock_module_0/clock_gate_mclk/cts_inv_8263199/Y (INVX16_RVT)        0.0259      1.0000              0.0253      0.1391 r    (73.96,68.02)
  clock_module_0/clock_gate_mclk/p_abuf5 (net)      3     27.4533                                                                                d
  clock_module_0/clock_gate_mclk/p_abuf5 (omsp_clock_gate_0)           0.0259      1.0000              0.0000      0.1391 r    (hierarchical)    h
  clock_module_0/p_abuf12 (net)                     3     27.4533                                                                                d
  clock_module_0/p_abuf12 (omsp_clock_module)                          0.0259      1.0000              0.0000      0.1391 r    (hierarchical)    h
  p_abuf9 (net)                                     3     27.4533                                                                                d
  frontend_0/p_abuf5 (omsp_frontend)                                   0.0259      1.0000              0.0000      0.1391 r    (hierarchical)    h
  frontend_0/p_abuf5 (net)                          3     27.4533                                                                                d
  frontend_0/clock_gate_decode/clk (omsp_clock_gate_25)                0.0259      1.0000              0.0000      0.1391 r    (hierarchical)    h
  frontend_0/clock_gate_decode/clk (net)            3     27.4533                                                                                d
  frontend_0/clock_gate_decode/U3/A2 (AND2X1_RVT)                      0.0259      1.0000              0.0006      0.1397 r    (64.47,37.84)     s
  frontend_0/clock_gate_decode/U3/Y (AND2X1_RVT)                       0.0428      1.0000              0.0679      0.2076 r    (65.14,37.92)     s
  frontend_0/clock_gate_decode/ctsbuf_net_426 (net)
                                                    1      3.2488                                                                                d
  frontend_0/clock_gate_decode/cts_inv_7443117/A (INVX4_RVT)           0.0428      1.0000              0.0000      0.2077 r    (65.92,43.03)
  frontend_0/clock_gate_decode/cts_inv_7443117/Y (INVX4_RVT)           0.0394      1.0000              0.0356      0.2433 f    (66.05,42.93)
  frontend_0/clock_gate_decode/ctsbuf_net_527 (net)
                                                    1     10.9913                                                                                d
  frontend_0/clock_gate_decode/cts_inv_7393112/A (INVX16_RVT)          0.0394      1.0000              0.0001      0.2434 f    (63.79,41.16)
  frontend_0/clock_gate_decode/cts_inv_7393112/Y (INVX16_RVT)          0.0429      1.0000              0.0394      0.2829 r    (63.92,41.26)
  frontend_0/clock_gate_decode/gclk (net)          49     56.9504                                                                                d
  frontend_0/clock_gate_decode/gclk (omsp_clock_gate_25)               0.0429      1.0000              0.0000      0.2829 r    (hierarchical)    h
  frontend_0/mclk_decode (net)                     49     56.9504                                                                                d
  frontend_0/inst_so_reg[5]/CLK (DFFARX1_RVT)                          0.0435      1.0000              0.0049      0.2878 r    (42.89,25.55)     s, n

  frontend_0/inst_so_reg[5]/CLK (DFFARX1_RVT)                          0.0435      1.0000              0.0000      0.2878 r    (42.89,25.55)     s, n
  frontend_0/inst_so_reg[5]/QN (DFFARX1_RVT)                           0.0688      1.0000              0.1612      0.4490 r    (46.28,26.20)     s, n
  frontend_0/n381 (net)                             2      4.1679
  frontend_0/U203/A3 (NAND3X0_RVT)                                     0.0688      1.0000              0.0001      0.4491 r    (67.66,24.62)
  frontend_0/U203/Y (NAND3X0_RVT)                                      0.1551      1.0000              0.1299      0.5790 f    (68.03,24.53)
  frontend_0/n142 (net)                             2      4.1651
  frontend_0/U200/A1 (NOR3X0_RVT)                                      0.1551      1.0000              0.0001      0.5791 f    (94.11,24.43)
  frontend_0/U200/Y (NOR3X0_RVT)                                       0.0443      1.0000              0.1623      0.7415 r    (95.24,24.54)
  frontend_0/n138 (net)                             4      3.5726
  frontend_0/U199/A3 (AND3X1_RVT)                                      0.0443      1.0000              0.0000      0.7415 r    (97.30,22.94)
  frontend_0/U199/Y (AND3X1_RVT)                                       0.0577      1.0000              0.0967      0.8382 r    (98.12,22.87)
  frontend_0/n139 (net)                             4      4.2174
  frontend_0/U191/A1 (AO222X1_RVT)                                     0.0577      1.0000              0.0000      0.8382 r    (98.46,27.96)
  frontend_0/U191/Y (AO222X1_RVT)                                      0.0884      1.0000              0.1788      1.0170 r    (97.11,27.89)
  frontend_0/inst_dest[0] (net)                     2      5.7976
  frontend_0/inst_dest[0] (omsp_frontend)                              0.0884      1.0000              0.0000      1.0170 r    (hierarchical)    h
  inst_dest[0] (net)                                       5.7976
  execution_unit_0/inst_dest[0] (omsp_execution_unit)                  0.0884      1.0000              0.0000      1.0170 r    (hierarchical)    h
  execution_unit_0/inst_dest[0] (net)                      5.7976
  execution_unit_0/register_file_0/inst_dest[0] (omsp_register_file)   0.0884      1.0000              0.0000      1.0170 r    (hierarchical)    h
  execution_unit_0/register_file_0/inst_dest[0] (net)      5.7976
  execution_unit_0/register_file_0/placeHFSINV_797_165/A (INVX4_RVT)   0.0884      1.0000              0.0001      1.0171 r    (103.16,33.00)
  execution_unit_0/register_file_0/placeHFSINV_797_165/Y (INVX4_RVT)   0.0820      1.0000              0.0687      1.0858 f    (103.29,32.90)
  execution_unit_0/register_file_0/placeHFSNET_129 (net)
                                                   16     24.2325
  execution_unit_0/register_file_0/U363/A2 (OA22X1_RVT)                0.0818      1.0000              0.0009      1.0867 f    (139.26,31.91)
  execution_unit_0/register_file_0/U363/Y (OA22X1_RVT)                 0.0383      1.0000              0.0969      1.1836 f    (140.09,31.20)
  execution_unit_0/register_file_0/n578 (net)       1      1.2802
  execution_unit_0/register_file_0/U362/A5 (OA221X1_RVT)               0.0383      1.0000              0.0000      1.1836 f    (144.82,29.72)
  execution_unit_0/register_file_0/U362/Y (OA221X1_RVT)                0.0421      1.0000              0.0738      1.2574 f    (144.29,29.58)
  execution_unit_0/register_file_0/n577 (net)       1      1.0398
  execution_unit_0/register_file_0/U361/A4 (NAND4X0_RVT)               0.0421      1.0000              0.0000      1.2574 f    (140.56,29.63)
  execution_unit_0/register_file_0/U361/Y (NAND4X0_RVT)                0.0546      1.0000              0.0566      1.3140 r    (140.27,29.56)
  execution_unit_0/register_file_0/reg_dest[0] (net)
                                                    1      1.0379
  execution_unit_0/register_file_0/reg_dest[0] (omsp_register_file)    0.0546      1.0000              0.0000      1.3140 r    (hierarchical)    h
  execution_unit_0/dbg_reg_din[0] (net)                    1.0379
  execution_unit_0/dbg_reg_din[0] (omsp_execution_unit)                0.0546      1.0000              0.0000      1.3140 r    (hierarchical)    h
  dbg_reg_din[0] (net)                                     1.0379
  placeZBUF_inst_490/A (NBUFFX4_RVT)                                   0.0546      1.0000              0.0000      1.3140 r    (138.50,29.66)
  placeZBUF_inst_490/Y (NBUFFX4_RVT)                                   0.0620      1.0000              0.0839      1.3980 r    (139.16,29.55)
  placeZBUF_97 (net)                                3     20.3476
  execution_unit_0/placeZBUF_48 (omsp_execution_unit)                  0.0620      1.0000              0.0000      1.3980 r    (hierarchical)    h
  execution_unit_0/placeZBUF_48 (net)                     20.3476
  execution_unit_0/U87/A1 (AO222X1_RVT)                                0.0623      1.0000              0.0031      1.4010 r    (52.01,52.89)
  execution_unit_0/U87/Y (AO222X1_RVT)                                 0.0565      1.0000              0.1482      1.5493 r    (53.35,52.95)
  execution_unit_0/n79 (net)                        1      1.8177
  execution_unit_0/U86/A2 (OR2X1_RVT)                                  0.0565      1.0000              0.0000      1.5493 r    (55.14,61.22)
  execution_unit_0/U86/Y (OR2X1_RVT)                                   0.0802      1.0000              0.1008      1.6501 r    (55.56,61.36)
  execution_unit_0/op_src[0] (net)                  3      7.6132
  execution_unit_0/alu_0/op_src[0] (omsp_alu)                          0.0802      1.0000              0.0000      1.6501 r    (hierarchical)    h
  execution_unit_0/alu_0/op_src[0] (net)                   7.6132
  execution_unit_0/alu_0/U26/A1 (XOR2X2_RVT)                           0.0802      1.0000              0.0000      1.6502 r    (58.40,61.12)
  execution_unit_0/alu_0/U26/Y (XOR2X2_RVT)                            0.0662      1.0000              0.1065      1.7567 r    (59.67,61.33)
  execution_unit_0/alu_0/op_src_inv[0] (net)        6      8.7421
  execution_unit_0/alu_0/add_1_root_add_100_2_C185/U1_0/A (FADDX1_RVT)
                                                                       0.0662      1.0000              0.0002      1.7569 r    (74.48,64.88)
  execution_unit_0/alu_0/add_1_root_add_100_2_C185/U1_0/CO (FADDX1_RVT)
                                                                       0.0551      1.0000              0.1229      1.8798 r    (73.01,64.56)
  execution_unit_0/alu_0/add_1_root_add_100_2_C185/carry[1] (net)
                                                    1      2.4325
  execution_unit_0/alu_0/add_1_root_add_100_2_C185/U1_1/CI (FADDX1_RVT)
                                                                       0.0551      1.0000              0.0000      1.8798 r    (67.49,67.78)
  execution_unit_0/alu_0/add_1_root_add_100_2_C185/U1_1/CO (FADDX1_RVT)
                                                                       0.0522      1.0000              0.1041      1.9839 r    (68.94,67.90)
  execution_unit_0/alu_0/add_1_root_add_100_2_C185/carry[2] (net)
                                                    1      1.9718
  execution_unit_0/alu_0/add_1_root_add_100_2_C185/U1_2/CI (FADDX1_RVT)
                                                                       0.0522      1.0000              0.0000      1.9839 r    (68.40,71.13)
  execution_unit_0/alu_0/add_1_root_add_100_2_C185/U1_2/CO (FADDX1_RVT)
                                                                       0.0548      1.0000              0.1057      2.0896 r    (69.85,71.24)
  execution_unit_0/alu_0/add_1_root_add_100_2_C185/carry[3] (net)
                                                    1      2.2708
  execution_unit_0/alu_0/add_1_root_add_100_2_C185/U1_3/CI (FADDX1_RVT)
                                                                       0.0548      1.0000              0.0000      2.0897 r    (70.99,76.60)
  execution_unit_0/alu_0/add_1_root_add_100_2_C185/U1_3/S (FADDX1_RVT)
                                                                       0.0594      1.0000              0.1664      2.2560 f    (72.12,76.41)
  execution_unit_0/alu_0/N13 (net)                  3      3.4965
  execution_unit_0/alu_0/U143/A3 (OA21X1_RVT)                          0.0594      1.0000              0.0000      2.2560 f    (74.80,72.97)
  execution_unit_0/alu_0/U143/Y (OA21X1_RVT)                           0.0306      1.0000              0.0765      2.3325 f    (75.33,73.06)
  execution_unit_0/alu_0/n9 (net)                   1      1.0037
  execution_unit_0/alu_0/U7/A2 (OR2X1_RVT)                             0.0306      1.0000              0.0000      2.3325 f    (75.51,74.59)
  execution_unit_0/alu_0/U7/Y (OR2X1_RVT)                              0.0578      1.0000              0.0776      2.4102 f    (75.93,74.74)
  execution_unit_0/alu_0/n4 (net)                   3      5.1343
  execution_unit_0/alu_0/U106/A1 (AND2X1_RVT)                          0.0578      1.0000              0.0000      2.4102 f    (75.87,69.61)
  execution_unit_0/alu_0/U106/Y (AND2X1_RVT)                           0.0330      1.0000              0.0722      2.4824 f    (76.39,69.68)
  execution_unit_0/alu_0/add_102_C185_aco/carry[2] (net)
                                                    1      1.8354
  execution_unit_0/alu_0/add_102_C185_aco/U1_2/CI (FADDX1_RVT)         0.0330      1.0000              0.0000      2.4824 f    (77.52,71.13)
  execution_unit_0/alu_0/add_102_C185_aco/U1_2/CO (FADDX1_RVT)         0.0485      1.0000              0.0920      2.5744 f    (78.97,71.24)
  execution_unit_0/alu_0/add_102_C185_aco/carry[3] (net)
                                                    2      2.7418
  execution_unit_0/alu_0/U104/A1 (AND2X1_RVT)                          0.0485      1.0000              0.0000      2.5744 f    (77.33,76.30)
  execution_unit_0/alu_0/U104/Y (AND2X1_RVT)                           0.0296      1.0000              0.0646      2.6390 f    (76.81,76.37)
  execution_unit_0/alu_0/add_102_C185_aco/carry[4] (net)
                                                    1      1.3776
  execution_unit_0/alu_0/U103/A2 (XOR2X1_RVT)                          0.0296      1.0000              0.0000      2.6390 f    (76.41,77.98)
  execution_unit_0/alu_0/U103/Y (XOR2X1_RVT)                           0.0513      1.0000              0.1311      2.7701 r    (75.14,78.06)
  execution_unit_0/alu_0/alu_dadd0[4]1 (net)        1      2.1342
  execution_unit_0/alu_0/add_1_root_add_100_2_C186/U1_0/CI (FADDX1_RVT)
                                                                       0.0513      1.0000              0.0000      2.7701 r    (71.29,79.94)
  execution_unit_0/alu_0/add_1_root_add_100_2_C186/U1_0/CO (FADDX1_RVT)
                                                                       0.0536      1.0000              0.1041      2.8743 r    (72.74,79.83)
  execution_unit_0/alu_0/add_1_root_add_100_2_C186/carry[1] (net)
                                                    1      2.1188
  execution_unit_0/alu_0/add_1_root_add_100_2_C186/U1_1/CI (FADDX1_RVT)
                                                                       0.0536      1.0000              0.0000      2.8743 r    (72.35,84.50)
  execution_unit_0/alu_0/add_1_root_add_100_2_C186/U1_1/CO (FADDX1_RVT)
                                                                       0.0549      1.0000              0.1066      2.9809 r    (73.80,84.62)
  execution_unit_0/alu_0/add_1_root_add_100_2_C186/carry[2] (net)
                                                    1      2.3277
  execution_unit_0/alu_0/add_1_root_add_100_2_C186/U1_2/CI (FADDX1_RVT)
                                                                       0.0549      1.0000              0.0000      2.9809 r    (72.05,89.98)
  execution_unit_0/alu_0/add_1_root_add_100_2_C186/U1_2/CO (FADDX1_RVT)
                                                                       0.0520      1.0000              0.1040      3.0849 r    (73.50,89.86)
  execution_unit_0/alu_0/add_1_root_add_100_2_C186/carry[3] (net)
                                                    1      1.9709
  execution_unit_0/alu_0/add_1_root_add_100_2_C186/U1_3/CI (FADDX1_RVT)
                                                                       0.0520      1.0000              0.0000      3.0849 r    (76.15,91.19)
  execution_unit_0/alu_0/add_1_root_add_100_2_C186/U1_3/S (FADDX1_RVT)
                                                                       0.0628      1.0000              0.1687      3.2536 f    (77.29,91.38)
  execution_unit_0/alu_0/N26 (net)                  3      3.9298
  execution_unit_0/alu_0/U162/A3 (OA21X1_RVT)                          0.0628      1.0000              0.0000      3.2536 f    (77.08,86.34)
  execution_unit_0/alu_0/U162/Y (OA21X1_RVT)                           0.0297      1.0000              0.0772      3.3309 f    (77.61,86.43)
  execution_unit_0/alu_0/n10 (net)                  1      0.8989
  execution_unit_0/alu_0/U6/A2 (OR2X1_RVT)                             0.0297      1.0000              0.0000      3.3309 f    (78.40,86.51)
  execution_unit_0/alu_0/U6/Y (OR2X1_RVT)                              0.0550      1.0000              0.0755      3.4064 f    (78.82,86.37)
  execution_unit_0/alu_0/n3 (net)                   3      4.8142
  execution_unit_0/alu_0/U91/A1 (AND2X1_RVT)                           0.0550      1.0000              0.0000      3.4064 f    (78.30,82.98)
  execution_unit_0/alu_0/U91/Y (AND2X1_RVT)                            0.0346      1.0000              0.0726      3.4790 f    (78.82,83.06)
  execution_unit_0/alu_0/add_102_C186_aco/carry[2] (net)
                                                    1      2.0958
  execution_unit_0/alu_0/add_102_C186_aco/U1_2/CI (FADDX1_RVT)         0.0346      1.0000              0.0000      3.4790 f    (80.26,86.63)
  execution_unit_0/alu_0/add_102_C186_aco/U1_2/CO (FADDX1_RVT)         0.0477      1.0000              0.0918      3.5709 f    (81.71,86.52)
  execution_unit_0/alu_0/add_102_C186_aco/carry[3] (net)
                                                    2      2.6463
  execution_unit_0/alu_0/U89/A1 (AND2X1_RVT)                           0.0477      1.0000              0.0000      3.5709 f    (80.67,88.15)
  execution_unit_0/alu_0/U89/Y (AND2X1_RVT)                            0.0314      1.0000              0.0659      3.6367 f    (80.16,88.08)
  execution_unit_0/alu_0/add_102_C186_aco/carry[4] (net)
                                                    1      1.6084
  execution_unit_0/alu_0/U88/A2 (XOR2X1_RVT)                           0.0314      1.0000              0.0000      3.6368 f    (79.30,91.35)
  execution_unit_0/alu_0/U88/Y (XOR2X1_RVT)                            0.0621      1.0000              0.1423      3.7790 r    (78.03,91.43)
  execution_unit_0/alu_0/alu_dadd1[4]1 (net)        1      3.4253
  execution_unit_0/alu_0/add_1_root_add_100_2_C187/U1_0/CI (FADDX1_RVT)
                                                                       0.0621      1.0000              0.0001      3.7791 r    (72.49,103.35)
  execution_unit_0/alu_0/add_1_root_add_100_2_C187/U1_0/CO (FADDX1_RVT)
                                                                       0.0529      1.0000              0.1079      3.8870 r    (71.04,103.24)
  execution_unit_0/alu_0/add_1_root_add_100_2_C187/carry[1] (net)
                                                    1      2.1579
  execution_unit_0/alu_0/add_1_root_add_100_2_C187/U1_1/CI (FADDX1_RVT)
                                                                       0.0529      1.0000              0.0000      3.8870 r    (70.36,107.91)
  execution_unit_0/alu_0/add_1_root_add_100_2_C187/U1_1/CO (FADDX1_RVT)
                                                                       0.0607      1.0000              0.1129      3.9999 r    (68.91,108.03)
  execution_unit_0/alu_0/add_1_root_add_100_2_C187/carry[2] (net)
                                                    1      3.0972
  execution_unit_0/alu_0/add_1_root_add_100_2_C187/U1_2/CI (FADDX1_RVT)
                                                                       0.0607      1.0000              0.0001      4.0000 r    (66.58,120.07)
  execution_unit_0/alu_0/add_1_root_add_100_2_C187/U1_2/CO (FADDX1_RVT)
                                                                       0.0515      1.0000              0.1056      4.1056 r    (68.03,119.96)
  execution_unit_0/alu_0/add_1_root_add_100_2_C187/carry[3] (net)
                                                    1      1.9519
  execution_unit_0/alu_0/add_1_root_add_100_2_C187/U1_3/CI (FADDX1_RVT)
                                                                       0.0515      1.0000              0.0000      4.1056 r    (68.25,123.42)
  execution_unit_0/alu_0/add_1_root_add_100_2_C187/U1_3/S (FADDX1_RVT)
                                                                       0.0604      1.0000              0.1661      4.2718 f    (69.38,123.22)
  execution_unit_0/alu_0/N39 (net)                  3      3.5940
  execution_unit_0/alu_0/U168/A3 (OA21X1_RVT)                          0.0604      1.0000              0.0000      4.2718 f    (70.39,121.58)
  execution_unit_0/alu_0/U168/Y (OA21X1_RVT)                           0.0307      1.0000              0.0761      4.3479 f    (70.92,121.49)
  execution_unit_0/alu_0/n11 (net)                  1      0.9070
  execution_unit_0/alu_0/U5/A2 (OR2X1_RVT)                             0.0307      1.0000              0.0000      4.3479 f    (71.86,121.41)
  execution_unit_0/alu_0/U5/Y (OR2X1_RVT)                              0.0546      1.0000              0.0756      4.4235 f    (72.28,121.55)
  execution_unit_0/alu_0/n2 (net)                   3      4.7665
  execution_unit_0/alu_0/U86/A1 (AND2X1_RVT)                           0.0546      1.0000              0.0000      4.4235 f    (72.38,119.77)
  execution_unit_0/alu_0/U86/Y (AND2X1_RVT)                            0.0337      1.0000              0.0705      4.4940 f    (72.89,119.84)
  execution_unit_0/alu_0/add_102_C187_aco/carry[2] (net)
                                                    1      1.8099
  execution_unit_0/alu_0/add_102_C187_aco/U1_2/CI (FADDX1_RVT)         0.0337      1.0000              0.0000      4.4940 f    (73.87,121.29)
  execution_unit_0/alu_0/add_102_C187_aco/U1_2/CO (FADDX1_RVT)         0.0473      1.0000              0.0910      4.5850 f    (75.32,121.40)
  execution_unit_0/alu_0/add_102_C187_aco/carry[3] (net)
                                                    2      2.5904
  execution_unit_0/alu_0/U84/A1 (AND2X1_RVT)                           0.0473      1.0000              0.0000      4.5851 f    (74.59,124.94)
  execution_unit_0/alu_0/U84/Y (AND2X1_RVT)                            0.0303      1.0000              0.0646      4.6497 f    (74.08,124.86)
  execution_unit_0/alu_0/add_102_C187_aco/carry[4] (net)
                                                    1      1.4646
  execution_unit_0/alu_0/U83/A2 (XOR2X1_RVT)                           0.0303      1.0000              0.0000      4.6497 f    (72.76,126.60)
  execution_unit_0/alu_0/U83/Y (XOR2X1_RVT)                            0.0553      1.0000              0.1352      4.7849 r    (71.49,126.52)
  execution_unit_0/alu_0/alu_dadd2[4]1 (net)        1      2.6126
  execution_unit_0/alu_0/add_1_root_add_100_2_C188/U1_0/CI (FADDX1_RVT)
                                                                       0.0553      1.0000              0.0000      4.7850 r    (71.44,116.73)
  execution_unit_0/alu_0/add_1_root_add_100_2_C188/U1_0/CO (FADDX1_RVT)
                                                                       0.0492      1.0000              0.1015      4.8865 r    (72.89,116.61)
  execution_unit_0/alu_0/add_1_root_add_100_2_C188/carry[1] (net)
                                                    1      1.7187
  execution_unit_0/alu_0/add_1_root_add_100_2_C188/U1_1/CI (FADDX1_RVT)
                                                                       0.0492      1.0000              0.0000      4.8865 r    (74.33,116.73)
  execution_unit_0/alu_0/add_1_root_add_100_2_C188/U1_1/CO (FADDX1_RVT)
                                                                       0.0493      1.0000              0.0996      4.9861 r    (75.78,116.61)
  execution_unit_0/alu_0/add_1_root_add_100_2_C188/carry[2] (net)
                                                    1      1.7175
  execution_unit_0/alu_0/add_1_root_add_100_2_C188/U1_2/CI (FADDX1_RVT)
                                                                       0.0493      1.0000              0.0000      4.9861 r    (77.22,116.73)
  execution_unit_0/alu_0/add_1_root_add_100_2_C188/U1_2/CO (FADDX1_RVT)
                                                                       0.0523      1.0000              0.1035      5.0896 r    (78.67,116.61)
  execution_unit_0/alu_0/add_1_root_add_100_2_C188/carry[3] (net)
                                                    1      2.1190
  execution_unit_0/alu_0/add_1_root_add_100_2_C188/U1_3/CI (FADDX1_RVT)
                                                                       0.0523      1.0000              0.0000      5.0896 r    (82.23,114.60)
  execution_unit_0/alu_0/add_1_root_add_100_2_C188/U1_3/S (FADDX1_RVT)
                                                                       0.0603      1.0000              0.1657      5.2554 f    (83.37,114.79)
  execution_unit_0/alu_0/N52 (net)                  3      3.5169
  execution_unit_0/alu_0/U173/A3 (OA21X1_RVT)                          0.0603      1.0000              0.0000      5.2554 f    (81.03,118.23)
  execution_unit_0/alu_0/U173/Y (OA21X1_RVT)                           0.0304      1.0000              0.0769      5.3323 f    (81.56,118.14)
  execution_unit_0/alu_0/n12 (net)                  1      0.9998
  execution_unit_0/alu_0/U4/A2 (OR2X1_RVT)                             0.0304      1.0000              0.0000      5.3323 f    (81.79,116.61)
  execution_unit_0/alu_0/U4/Y (OR2X1_RVT)                              0.0569      1.0000              0.0770      5.4093 f    (81.37,116.46)
  execution_unit_0/alu_0/n1 (net)                   3      5.0306
  execution_unit_0/alu_0/U81/A1 (AND2X1_RVT)                           0.0569      1.0000              0.0000      5.4093 f    (80.89,119.77)
  execution_unit_0/alu_0/U81/Y (AND2X1_RVT)                            0.0329      1.0000              0.0719      5.4812 f    (81.40,119.84)
  execution_unit_0/alu_0/add_102_C188_aco/carry[2] (net)
                                                    1      1.8515
  execution_unit_0/alu_0/add_102_C188_aco/U1_2/CI (FADDX1_RVT)         0.0329      1.0000              0.0000      5.4812 f    (84.21,120.07)
  execution_unit_0/alu_0/add_102_C188_aco/U1_2/CO (FADDX1_RVT)         0.0465      1.0000              0.0900      5.5712 f    (85.66,119.96)
  execution_unit_0/alu_0/add_102_C188_aco/carry[3] (net)
                                                    2      2.4904
  execution_unit_0/alu_0/U62/A2 (XOR2X1_RVT)                           0.0465      1.0000              0.0000      5.5712 f    (86.14,116.57)
  execution_unit_0/alu_0/U62/Y (XOR2X1_RVT)                            0.0520      1.0000              0.1237      5.6949 f    (84.87,116.49)
  execution_unit_0/alu_0/alu_dadd3[3] (net)         1      2.4119
  execution_unit_0/alu_0/U198/A1 (AO222X1_RVT)                         0.0520      1.0000              0.0000      5.6949 f    (83.87,101.53)
  execution_unit_0/alu_0/U198/Y (AO222X1_RVT)                          0.0850      1.0000              0.1541      5.8490 f    (82.52,101.46)
  execution_unit_0/alu_0/alu_out[15] (net)          6      7.5221
  execution_unit_0/alu_0/alu_out[15] (omsp_alu)                        0.0850      1.0000              0.0000      5.8490 f    (hierarchical)    h
  execution_unit_0/alu_out[15] (net)                       7.5221
  execution_unit_0/register_file_0/reg_dest_val[15] (omsp_register_file)
                                                                       0.0850      1.0000              0.0000      5.8490 f    (hierarchical)    h
  execution_unit_0/register_file_0/reg_dest_val[15] (net)
                                                           7.5221
  execution_unit_0/register_file_0/U56/A1 (AND2X4_RVT)                 0.0850      1.0000              0.0002      5.8492 f    (90.31,89.82)
  execution_unit_0/register_file_0/U56/Y (AND2X4_RVT)                  0.0881      1.0000              0.1472      5.9963 f    (89.73,89.75)
  execution_unit_0/register_file_0/pc_sw[15] (net)
                                                   15     26.5188
  execution_unit_0/register_file_0/pc_sw[15] (omsp_register_file)      0.0881      1.0000              0.0000      5.9963 f    (hierarchical)    h
  execution_unit_0/pc_sw[15] (net)                        26.5188
  execution_unit_0/pc_sw[15] (omsp_execution_unit)                     0.0881      1.0000              0.0000      5.9963 f    (hierarchical)    h
  pc_sw[15] (net)                                         26.5188
  frontend_0/pc_sw[15] (omsp_frontend)                                 0.0881      1.0000              0.0000      5.9963 f    (hierarchical)    h
  frontend_0/pc_sw[15] (net)                              26.5188
  frontend_0/U23/A3 (AO221X1_RVT)                                      0.0881      1.0000              0.0000      5.9963 f    (86.81,80.40)
  frontend_0/U23/Y (AO221X1_RVT)                                       0.0566      1.0000              0.1325      6.1289 f    (87.55,79.70)
  frontend_0/mab[15] (net)                          3      3.8566
  frontend_0/mab[15] (omsp_frontend)                                   0.0566      1.0000              0.0000      6.1289 f    (hierarchical)    h
  fe_mab[15] (net)                                         3.8566
  mem_backbone_0/fe_mab[14] (omsp_mem_backbone)                        0.0566      1.0000              0.0000      6.1289 f    (hierarchical)    h
  mem_backbone_0/fe_mab[14] (net)                          3.8566
  mem_backbone_0/U24/A3 (AND4X1_RVT)                                   0.0566      1.0000              0.0000      6.1289 f    (88.27,82.83)
  mem_backbone_0/U24/Y (AND4X1_RVT)                                    0.0484      1.0000              0.1146      6.2435 f    (87.45,83.06)
  mem_backbone_0/fe_pmem_sel (net)                  1      1.7867
  mem_backbone_0/U179/A1 (NAND2X2_RVT)                                 0.0484      1.0000              0.0000      6.2435 f    (86.28,74.78)
  mem_backbone_0/U179/Y (NAND2X2_RVT)                                  0.0589      1.0000              0.1118      6.3554 r    (87.10,74.70)
  mem_backbone_0/n11 (net)                          3      9.9194
  mem_backbone_0/U174/A2 (NAND4X0_RVT)                                 0.0589      1.0000              0.0003      6.3557 r    (94.57,113.23)
  mem_backbone_0/U174/Y (NAND4X0_RVT)                                  0.2104      1.0000              0.1601      6.5158 f    (94.56,113.16)
  mem_backbone_0/n14 (net)                          3      5.1489
  mem_backbone_0/U39/A1 (AND2X2_RVT)                                   0.2104      1.0000              0.0000      6.5158 f    (96.24,113.08)
  mem_backbone_0/U39/Y (AND2X2_RVT)                                    0.0993      1.0000              0.1812      6.6969 f    (96.75,113.15)
  mem_backbone_0/n10 (net)                         12     15.4909
  mem_backbone_0/U34/A4 (AO222X2_RVT)                                  0.0993      1.0000              0.0010      6.6979 f    (112.50,82.97)
  mem_backbone_0/U34/Y (AO222X2_RVT)                                   0.0690      1.0000              0.1528      6.8508 f    (113.54,83.07)
  mem_backbone_0/pmem_addr[3] (net)                 1      9.9272
  mem_backbone_0/pmem_addr[3] (omsp_mem_backbone)                      0.0690      1.0000              0.0000      6.8508 f    (hierarchical)    h
  pmem_addr[3] (net)                                       9.9272
  pmem_addr[3] (out)                                                   0.0690      1.0000              0.0010      6.8517 f    (211.88,88.00)
  data arrival time                                                                                                6.8517

  clock dco_clk (rise edge)                                                                           40.0000     40.0000
  clock network delay (ideal)                                                                          0.3128     40.3128
  clock uncertainty                                                                                   -0.2000     40.1128
  output external delay                                                                               -0.6400     39.4728
  data required time                                                                                              39.4728
  ----------------------------------------------------------------------------------------------------------------------------------------------------------------
  data required time                                                                                              39.4728
  data arrival time                                                                                               -6.8517
  ----------------------------------------------------------------------------------------------------------------------------------------------------------------
  slack (MET)                                                                                                     32.6211


1
